D_loss,bcx_down_loss,bcx_up_loss,bcy_down_loss,bcy_up_loss,epoch,initial_loss,step,train_loss
0.005653272848576307,0.0,0.0,0.0,0.0,0,0.25287163257598877,0,0.25852489471435547
0.004592007026076317,0.0,0.0,0.0,0.0,1,0.25257375836372375,1,0.2571657598018646
0.0036560851149260998,0.0,0.0,0.0,0.0,2,0.2522766888141632,2,0.2559327781200409
0.0028483548667281866,0.0,0.0,0.0,0.0,3,0.25198137760162354,3,0.2548297345638275
0.0021652579307556152,0.0,0.0,0.0,0.0,4,0.2516893148422241,4,0.25385457277297974
0.0015959108714014292,0.0,0.0,0.0,0.0,5,0.2514024078845978,5,0.25299832224845886
0.000594471232034266,0.0,0.0,0.0,0.0,6,0.250563383102417,6,0.25115785002708435
0.0005717530730180442,0.0,0.0,0.0,0.0,7,0.24977129697799683,7,0.25034305453300476
0.0013101542135700583,0.0,0.0,0.0,0.0,8,0.249052494764328,8,0.2503626346588135
0.0024412379134446383,0.0,0.0,0.0,0.0,9,0.2484375387430191,9,0.25087878108024597
0.003598086768761277,0.0,0.0,0.0,0.0,10,0.2479470670223236,10,0.25154513120651245
0.004489674232900143,0.0,0.0,0.0,0.0,11,0.247590571641922,11,0.2520802319049835
0.004997543524950743,0.0,0.0,0.0,0.0,12,0.24736444652080536,12,0.2523619830608368
0.005107264965772629,0.0,0.0,0.0,0.0,13,0.2472556084394455,13,0.2523628771305084
0.004850076977163553,0.0,0.0,0.0,0.0,14,0.2472461313009262,14,0.2520962059497833
0.00431999983265996,0.0,0.0,0.0,0.0,15,0.24731633067131042,15,0.2516363263130188
0.0036286304239183664,0.0,0.0,0.0,0.0,16,0.2474478930234909,16,0.25107651948928833
0.002866065129637718,0.0,0.0,0.0,0.0,17,0.24762198328971863,17,0.2504880428314209
0.0021368355955928564,0.0,0.0,0.0,0.0,18,0.24782229959964752,18,0.24995914101600647
0.001501728198491037,0.0,0.0,0.0,0.0,19,0.24803128838539124,19,0.2495330274105072
0.000982419354841113,0.0,0.0,0.0,0.0,20,0.2482348382472992,20,0.24921727180480957
0.0006019486463628709,0.0,0.0,0.0,0.0,21,0.24841950833797455,21,0.2490214705467224
0.00035235402174293995,0.0,0.0,0.0,0.0,22,0.24857428669929504,22,0.24892663955688477
0.0002050773036899045,0.0,0.0,0.0,0.0,23,0.24868978559970856,23,0.24889487028121948
0.00013667541497852653,0.0,0.0,0.0,0.0,24,0.24875815212726593,24,0.2488948404788971
0.00011506993905641139,0.0,0.0,0.0,0.0,25,0.24877354502677917,25,0.24888859689235687
0.00011608989734668285,0.0,0.0,0.0,0.0,26,0.24873292446136475,26,0.2488490343093872
0.00012438818521331996,0.0,0.0,0.0,0.0,27,0.24863800406455994,27,0.24876238405704498
0.00013070432760287076,0.0,0.0,0.0,0.0,28,0.24849356710910797,28,0.2486242651939392
0.00013905596279073507,0.0,0.0,0.0,0.0,29,0.24830426275730133,29,0.24844332039356232
0.00016001096810214221,0.0,0.0,0.0,0.0,30,0.24807654321193695,30,0.2482365369796753
0.00020572789071593434,0.0,0.0,0.0,0.0,31,0.24781881272792816,31,0.24802453815937042
0.0002905658329837024,0.0,0.0,0.0,0.0,32,0.24754075706005096,32,0.2478313148021698
0.0004207835590932518,0.0,0.0,0.0,0.0,33,0.2472536861896515,33,0.24767446517944336
0.0005950643098913133,0.0,0.0,0.0,0.0,34,0.2469700574874878,34,0.2475651204586029
0.0007943036034703255,0.0,0.0,0.0,0.0,35,0.24670328199863434,35,0.24749760329723358
0.000991680077277124,0.0,0.0,0.0,0.0,36,0.24646607041358948,36,0.24745775759220123
0.0011496294755488634,0.0,0.0,0.0,0.0,37,0.24626845121383667,37,0.24741807579994202
0.0012498886790126562,0.0,0.0,0.0,0.0,38,0.24611617624759674,38,0.2473660707473755
0.001284304540604353,0.0,0.0,0.0,0.0,39,0.2460106611251831,39,0.24729496240615845
0.0012493525864556432,0.0,0.0,0.0,0.0,40,0.24594925343990326,40,0.24719861149787903
0.0011610572692006826,0.0,0.0,0.0,0.0,41,0.24592538177967072,41,0.24708642065525055
0.0010499556083232164,0.0,0.0,0.0,0.0,42,0.24592970311641693,42,0.24697965383529663
0.0009339270764030516,0.0,0.0,0.0,0.0,43,0.24595119059085846,43,0.24688510596752167
0.0008335583843290806,0.0,0.0,0.0,0.0,44,0.24597762525081635,44,0.246811181306839
0.0007565384730696678,0.0,0.0,0.0,0.0,45,0.24599772691726685,45,0.2467542588710785
0.0007122335373423994,0.0,0.0,0.0,0.0,46,0.24600106477737427,46,0.2467132955789566
0.0006946366047486663,0.0,0.0,0.0,0.0,47,0.245979905128479,47,0.2466745376586914
0.0007034498266875744,0.0,0.0,0.0,0.0,48,0.24592919647693634,48,0.2466326504945755
0.0007332293898798525,0.0,0.0,0.0,0.0,49,0.2458474189043045,49,0.24658063054084778
0.0007826481596566737,0.0,0.0,0.0,0.0,50,0.24573563039302826,50,0.24651828408241272
0.0008540037670172751,0.0,0.0,0.0,0.0,51,0.24559816718101501,51,0.24645216763019562
0.0009425259195268154,0.0,0.0,0.0,0.0,52,0.24544161558151245,52,0.2463841289281845
0.0010471054119989276,0.0,0.0,0.0,0.0,53,0.24527424573898315,53,0.24632136523723602
0.0011624579783529043,0.0,0.0,0.0,0.0,54,0.24510525166988373,54,0.24626770615577698
0.001280320342630148,0.0,0.0,0.0,0.0,55,0.2449432909488678,55,0.24622361361980438
0.001384151168167591,0.0,0.0,0.0,0.0,56,0.24479618668556213,56,0.24618034064769745
0.0014691055985167623,0.0,0.0,0.0,0.0,57,0.24466979503631592,57,0.24613890051841736
0.0015317343641072512,0.0,0.0,0.0,0.0,58,0.24456718564033508,58,0.24609889090061188
0.0015686815604567528,0.0,0.0,0.0,0.0,59,0.24448874592781067,59,0.2460574209690094
0.0015770618338137865,0.0,0.0,0.0,0.0,60,0.24443219602108002,60,0.24600926041603088
0.0015745054697617888,0.0,0.0,0.0,0.0,61,0.24439260363578796,61,0.2459671050310135
0.001566080143675208,0.0,0.0,0.0,0.0,62,0.2443637251853943,62,0.2459298074245453
0.0015573035925626755,0.0,0.0,0.0,0.0,63,0.2443385273218155,63,0.24589583277702332
0.0015509059885516763,0.0,0.0,0.0,0.0,64,0.24431054294109344,64,0.2458614557981491
0.0015584382927045226,0.0,0.0,0.0,0.0,65,0.2442736178636551,65,0.24583205580711365
0.0015770398313179612,0.0,0.0,0.0,0.0,66,0.2442236989736557,66,0.24580073356628418
0.0016045741504058242,0.0,0.0,0.0,0.0,67,0.24415871500968933,67,0.24576328694820404
0.0016541266813874245,0.0,0.0,0.0,0.0,68,0.2440788596868515,68,0.24573299288749695
0.001714007812552154,0.0,0.0,0.0,0.0,69,0.24398626387119293,69,0.24570026993751526
0.001777669065631926,0.0,0.0,0.0,0.0,70,0.24388521909713745,70,0.2456628680229187
0.0018433351069688797,0.0,0.0,0.0,0.0,71,0.24378074705600739,71,0.24562408030033112
0.0019148391438648105,0.0,0.0,0.0,0.0,72,0.24367880821228027,72,0.24559365212917328
0.001974837388843298,0.0,0.0,0.0,0.0,73,0.24358481168746948,73,0.24555964767932892
0.002021923428401351,0.0,0.0,0.0,0.0,74,0.2435029298067093,74,0.24552486836910248
0.0020555933006107807,0.0,0.0,0.0,0.0,75,0.2434355616569519,75,0.2454911768436432
0.00207709614187479,0.0,0.0,0.0,0.0,76,0.2433827519416809,76,0.24545985460281372
0.0020779964979737997,0.0,0.0,0.0,0.0,77,0.24334369599819183,77,0.24542169272899628
0.002068408066406846,0.0,0.0,0.0,0.0,78,0.2433164119720459,78,0.2453848123550415
0.002042795065790415,0.0,0.0,0.0,0.0,79,0.24329720437526703,79,0.2453400045633316
0.002017931779846549,0.0,0.0,0.0,0.0,80,0.24328278005123138,80,0.24530072510242462
0.0019930447451770306,0.0,0.0,0.0,0.0,81,0.24326929450035095,81,0.24526235461235046
0.001967415679246187,0.0,0.0,0.0,0.0,82,0.24325357377529144,82,0.24522100389003754
0.0019384067272767425,0.0,0.0,0.0,0.0,83,0.24323254823684692,83,0.2451709657907486
0.0019186350982636213,0.0,0.0,0.0,0.0,84,0.24320481717586517,84,0.2451234608888626
0.001908704754896462,0.0,0.0,0.0,0.0,85,0.2431701123714447,85,0.24507881700992584
0.0019061359344050288,0.0,0.0,0.0,0.0,86,0.24312923848628998,86,0.24503536522388458
0.0018984100315719843,0.0,0.0,0.0,0.0,87,0.24308480322360992,87,0.24498321115970612
0.0018926516640931368,0.0,0.0,0.0,0.0,88,0.24303893744945526,88,0.24493159353733063
0.0018880636198446155,0.0,0.0,0.0,0.0,89,0.242994025349617,89,0.24488207697868347
0.0018889550119638443,0.0,0.0,0.0,0.0,90,0.2429521083831787,90,0.244841068983078
0.00187864585313946,0.0,0.0,0.0,0.0,91,0.24291492998600006,91,0.2447935938835144
0.0018652615835890174,0.0,0.0,0.0,0.0,92,0.24288150668144226,92,0.24474675953388214
0.001853100024163723,0.0,0.0,0.0,0.0,93,0.2428509145975113,93,0.2447039932012558
0.0018471638904884458,0.0,0.0,0.0,0.0,94,0.24282217025756836,94,0.2446693331003189
0.0018357395892962813,0.0,0.0,0.0,0.0,95,0.24279430508613586,95,0.24463003873825073
0.0018251709407195449,0.0,0.0,0.0,0.0,96,0.24276627600193024,96,0.24459144473075867
0.0018131845863536,0.0,0.0,0.0,0.0,97,0.2427365779876709,97,0.2445497363805771
0.001809219946153462,0.0,0.0,0.0,0.0,98,0.24270275235176086,98,0.24451197683811188
0.0018106651259586215,0.0,0.0,0.0,0.0,99,0.24266308546066284,99,0.24447375535964966
0.0018157046288251877,0.0,0.0,0.0,0.0,100,0.24261601269245148,100,0.24443171918392181
0.001829115441069007,0.0,0.0,0.0,0.0,101,0.24256007373332977,101,0.24438920617103577
0.0018430897034704685,0.0,0.0,0.0,0.0,102,0.24249525368213654,102,0.24433836340904236
0.0018730993615463376,0.0,0.0,0.0,0.0,103,0.24242191016674042,103,0.24429503083229065
0.0019131372682750225,0.0,0.0,0.0,0.0,104,0.2423401027917862,104,0.2442532479763031
0.0019529573619365692,0.0,0.0,0.0,0.0,105,0.2422521412372589,105,0.2442050725221634
0.0020004913676530123,0.0,0.0,0.0,0.0,106,0.24215853214263916,106,0.2441590428352356
0.002047420246526599,0.0,0.0,0.0,0.0,107,0.2420615702867508,107,0.24410897493362427
0.0020936576183885336,0.0,0.0,0.0,0.0,108,0.24196356534957886,108,0.24405722320079803
0.0021473425440490246,0.0,0.0,0.0,0.0,109,0.24186596274375916,109,0.24401330947875977
0.002188640646636486,0.0,0.0,0.0,0.0,110,0.24177029728889465,110,0.2439589500427246
0.0022425861097872257,0.0,0.0,0.0,0.0,111,0.24167679250240326,111,0.24391938745975494
0.0022908977698534727,0.0,0.0,0.0,0.0,112,0.24158598482608795,112,0.2438768744468689
0.0023315290454775095,0.0,0.0,0.0,0.0,113,0.24149766564369202,113,0.2438291758298874
0.0023722739424556494,0.0,0.0,0.0,0.0,114,0.24141135811805725,114,0.2437836229801178
0.002416781848296523,0.0,0.0,0.0,0.0,115,0.2413267195224762,115,0.24374349415302277
0.002462331671267748,0.0,0.0,0.0,0.0,116,0.24124333262443542,116,0.2437056452035904
0.0024992874823510647,0.0,0.0,0.0,0.0,117,0.24116204679012299,117,0.2436613291501999
0.002535030012950301,0.0,0.0,0.0,0.0,118,0.24108333885669708,118,0.24361835420131683
0.0025661601684987545,0.0,0.0,0.0,0.0,119,0.24100810289382935,119,0.24357423186302185
0.0025988800916820765,0.0,0.0,0.0,0.0,120,0.24093633890151978,120,0.24353522062301636
0.0026134466752409935,0.0,0.0,0.0,0.0,121,0.2408684343099594,121,0.24348187446594238
0.002630064729601145,0.0,0.0,0.0,0.0,122,0.2408033311367035,122,0.24343341588974
0.002653843490406871,0.0,0.0,0.0,0.0,123,0.2407393455505371,123,0.2433931827545166
0.0026846942491829395,0.0,0.0,0.0,0.0,124,0.24067606031894684,124,0.24336077272891998
0.002703855512663722,0.0,0.0,0.0,0.0,125,0.2406141608953476,125,0.24331800639629364
0.0027175082359462976,0.0,0.0,0.0,0.0,126,0.2405536025762558,126,0.2432711124420166
0.0027274470776319504,0.0,0.0,0.0,0.0,127,0.24049343168735504,127,0.24322088062763214
0.0027548300568014383,0.0,0.0,0.0,0.0,128,0.2404320240020752,128,0.24318687617778778
0.00277927378192544,0.0,0.0,0.0,0.0,129,0.24036896228790283,129,0.24314823746681213
0.002801646012812853,0.0,0.0,0.0,0.0,130,0.2403041422367096,130,0.24310576915740967
0.002829813864082098,0.0,0.0,0.0,0.0,131,0.24023675918579102,131,0.24306656420230865
0.0028558841440826654,0.0,0.0,0.0,0.0,132,0.2401677817106247,132,0.24302366375923157
0.002884469460695982,0.0,0.0,0.0,0.0,133,0.24009770154953003,133,0.2429821640253067
0.0029176995158195496,0.0,0.0,0.0,0.0,134,0.2400268316268921,134,0.24294453859329224
0.002954362193122506,0.0,0.0,0.0,0.0,135,0.2399550825357437,135,0.24290944635868073
0.0029848702251911163,0.0,0.0,0.0,0.0,136,0.2398824393749237,136,0.2428673356771469
0.0030291054863482714,0.0,0.0,0.0,0.0,137,0.23980917036533356,137,0.2428382784128189
0.00306781567633152,0.0,0.0,0.0,0.0,138,0.2397375851869583,138,0.24280540645122528
0.003102598711848259,0.0,0.0,0.0,0.0,139,0.2396690398454666,139,0.24277164041996002
0.0031346327159553766,0.0,0.0,0.0,0.0,140,0.23960396647453308,140,0.24273860454559326
0.003182009793817997,0.0,0.0,0.0,0.0,141,0.2395412176847458,141,0.2427232265472412
0.0032081855461001396,0.0,0.0,0.0,0.0,142,0.23948194086551666,142,0.24269013106822968
0.0032459425274282694,0.0,0.0,0.0,0.0,143,0.23942287266254425,143,0.24266882240772247
0.003278518095612526,0.0,0.0,0.0,0.0,144,0.23936395347118378,144,0.24264247715473175
0.003302216762676835,0.0,0.0,0.0,0.0,145,0.2393054962158203,145,0.2426077276468277
0.0033520765136927366,0.0,0.0,0.0,0.0,146,0.23924723267555237,146,0.24259930849075317
0.003374346299096942,0.0,0.0,0.0,0.0,147,0.23918981850147247,147,0.24256417155265808
0.003396454732865095,0.0,0.0,0.0,0.0,148,0.2391340583562851,148,0.24253049492835999
0.0034162995871156454,0.0,0.0,0.0,0.0,149,0.23908090591430664,149,0.24249720573425293
0.0034299236722290516,0.0,0.0,0.0,0.0,150,0.2390315979719162,150,0.24246153235435486
0.0034506863448768854,0.0,0.0,0.0,0.0,151,0.23898570239543915,151,0.24243639409542084
0.00346906459890306,0.0,0.0,0.0,0.0,152,0.23894500732421875,152,0.24241405725479126
0.003484216285869479,0.0,0.0,0.0,0.0,153,0.23890753090381622,153,0.24239175021648407
0.0034844577312469482,0.0,0.0,0.0,0.0,154,0.23887312412261963,154,0.24235758185386658
0.0034891755785793066,0.0,0.0,0.0,0.0,155,0.23883764445781708,155,0.24232682585716248
0.0035112479235976934,0.0,0.0,0.0,0.0,156,0.23879852890968323,156,0.2423097789287567
0.0035159883555024862,0.0,0.0,0.0,0.0,157,0.23875939846038818,157,0.2422753870487213
0.0035294771660119295,0.0,0.0,0.0,0.0,158,0.23872129619121552,158,0.24225077033042908
0.0035310802049934864,0.0,0.0,0.0,0.0,159,0.23868200182914734,159,0.24221310019493103
0.0035371086560189724,0.0,0.0,0.0,0.0,160,0.23863938450813293,160,0.24217648804187775
0.003573118941858411,0.0,0.0,0.0,0.0,161,0.23859116435050964,161,0.24216428399085999
0.0035878941416740417,0.0,0.0,0.0,0.0,162,0.23854024708271027,162,0.2421281337738037
0.0036239835899323225,0.0,0.0,0.0,0.0,163,0.23848825693130493,163,0.24211224913597107
0.0036355950869619846,0.0,0.0,0.0,0.0,164,0.2384384125471115,164,0.24207401275634766
0.0036575000267475843,0.0,0.0,0.0,0.0,165,0.23838919401168823,165,0.24204671382904053
0.0036756033077836037,0.0,0.0,0.0,0.0,166,0.23834221065044403,166,0.24201782047748566
0.003690225537866354,0.0,0.0,0.0,0.0,167,0.23829734325408936,167,0.24198757112026215
0.0036925633903592825,0.0,0.0,0.0,0.0,168,0.23825407028198242,168,0.24194663763046265
0.0036847293376922607,0.0,0.0,0.0,0.0,169,0.23821048438549042,169,0.24189522862434387
0.0037039483431726694,0.0,0.0,0.0,0.0,170,0.2381635159254074,170,0.24186746776103973
0.003716997103765607,0.0,0.0,0.0,0.0,171,0.23811370134353638,171,0.24183069169521332
0.00375088001601398,0.0,0.0,0.0,0.0,172,0.2380639910697937,172,0.24181486666202545
0.0037530914414674044,0.0,0.0,0.0,0.0,173,0.23801830410957336,173,0.241771399974823
0.0037805635947734118,0.0,0.0,0.0,0.0,174,0.2379717379808426,174,0.24175229668617249
0.0037957332096993923,0.0,0.0,0.0,0.0,175,0.23793479800224304,175,0.24173052608966827
0.0037890709936618805,0.0,0.0,0.0,0.0,176,0.23790937662124634,176,0.2416984587907791
0.00376816070638597,0.0,0.0,0.0,0.0,177,0.23788408935070038,177,0.2416522353887558
0.003765199100598693,0.0,0.0,0.0,0.0,178,0.23784898221492767,178,0.2416141778230667
0.00378420390188694,0.0,0.0,0.0,0.0,179,0.2377912998199463,179,0.24157549440860748
0.003806384513154626,0.0,0.0,0.0,0.0,180,0.23771710693836212,180,0.24152350425720215
0.0038365975487977266,0.0,0.0,0.0,0.0,181,0.23762927949428558,181,0.24146588146686554
0.0039023999124765396,0.0,0.0,0.0,0.0,182,0.23752948641777039,182,0.24143189191818237
0.003961385227739811,0.0,0.0,0.0,0.0,183,0.2374320924282074,183,0.24139347672462463
0.003986473195254803,0.0,0.0,0.0,0.0,184,0.23735986649990082,184,0.2413463592529297
0.003976460080593824,0.0,0.0,0.0,0.0,185,0.23731811344623566,185,0.24129457771778107
0.003960606176406145,0.0,0.0,0.0,0.0,186,0.2372969090938568,186,0.24125753343105316
0.003933003172278404,0.0,0.0,0.0,0.0,187,0.23728308081626892,187,0.24121607840061188
0.003895148867741227,0.0,0.0,0.0,0.0,188,0.23726719617843628,188,0.24116235971450806
0.0038894712924957275,0.0,0.0,0.0,0.0,189,0.23723383247852325,189,0.2411232888698578
0.0038894216995686293,0.0,0.0,0.0,0.0,190,0.23717686533927917,190,0.24106627702713013
0.003916353918612003,0.0,0.0,0.0,0.0,191,0.2370968759059906,191,0.24101324379444122
0.003956697415560484,0.0,0.0,0.0,0.0,192,0.23700079321861267,192,0.24095748364925385
0.00400962121784687,0.0,0.0,0.0,0.0,193,0.2369018793106079,193,0.24091149866580963
0.004062059335410595,0.0,0.0,0.0,0.0,194,0.236815944314003,194,0.24087798595428467
0.004062180407345295,0.0,0.0,0.0,0.0,195,0.2367565780878067,195,0.24081873893737793
0.004056388046592474,0.0,0.0,0.0,0.0,196,0.23672381043434143,196,0.24078021943569183
0.004000702872872353,0.0,0.0,0.0,0.0,197,0.23671038448810577,197,0.24071109294891357
0.003946746699512005,0.0,0.0,0.0,0.0,198,0.2366981953382492,198,0.24064496159553528
0.003931013401597738,0.0,0.0,0.0,0.0,199,0.23667265474796295,199,0.24060368537902832
0.003936577122658491,0.0,0.0,0.0,0.0,200,0.2366306632757187,200,0.24056722223758698
0.003922388423234224,0.0,0.0,0.0,0.0,201,0.23657189309597015,201,0.24049429595470428
0.003953216597437859,0.0,0.0,0.0,0.0,202,0.2364925891160965,202,0.2404458075761795
0.003996529616415501,0.0,0.0,0.0,0.0,203,0.23639889061450958,203,0.2403954118490219
0.004029385279864073,0.0,0.0,0.0,0.0,204,0.23630230128765106,204,0.24033167958259583
0.0040639969520270824,0.0,0.0,0.0,0.0,205,0.23620915412902832,205,0.2402731329202652
0.004084067884832621,0.0,0.0,0.0,0.0,206,0.23612964153289795,206,0.24021370708942413
0.004103835206478834,0.0,0.0,0.0,0.0,207,0.23605886101722717,207,0.2401627004146576
0.004108586348593235,0.0,0.0,0.0,0.0,208,0.2359943985939026,208,0.24010299146175385
0.004106140695512295,0.0,0.0,0.0,0.0,209,0.235931858420372,209,0.2400379776954651
0.0041350326500833035,0.0,0.0,0.0,0.0,210,0.23586095869541168,210,0.23999598622322083
0.004159858450293541,0.0,0.0,0.0,0.0,211,0.2357824146747589,211,0.239942267537117
0.004153280984610319,0.0,0.0,0.0,0.0,212,0.23570047318935394,212,0.23985375463962555
0.004153956193476915,0.0,0.0,0.0,0.0,213,0.23561537265777588,213,0.2397693246603012
0.004186498466879129,0.0,0.0,0.0,0.0,214,0.2355242371559143,214,0.239710733294487
0.004191226791590452,0.0,0.0,0.0,0.0,215,0.23544000089168549,215,0.23963122069835663
0.004221586976200342,0.0,0.0,0.0,0.0,216,0.23536215722560883,216,0.23958374559879303
0.004220765084028244,0.0,0.0,0.0,0.0,217,0.235295832157135,217,0.23951660096645355
0.004232107661664486,0.0,0.0,0.0,0.0,218,0.23523342609405518,218,0.23946551978588104
0.004234402906149626,0.0,0.0,0.0,0.0,219,0.23516958951950073,219,0.23940399289131165
0.004220861475914717,0.0,0.0,0.0,0.0,220,0.23509541153907776,220,0.23931628465652466
0.004233481362462044,0.0,0.0,0.0,0.0,221,0.23499837517738342,221,0.23923185467720032
0.004260345362126827,0.0,0.0,0.0,0.0,222,0.23487426340579987,222,0.23913460969924927
0.004323416855186224,0.0,0.0,0.0,0.0,223,0.23472894728183746,223,0.23905237019062042
0.004377652890980244,0.0,0.0,0.0,0.0,224,0.23457741737365723,224,0.2389550507068634
0.00442172447219491,0.0,0.0,0.0,0.0,225,0.23443852365016937,225,0.23886024951934814
0.004453935660421848,0.0,0.0,0.0,0.0,226,0.2343323826789856,226,0.23878630995750427
0.004447121173143387,0.0,0.0,0.0,0.0,227,0.23425202071666718,227,0.23869912326335907
0.004444335121661425,0.0,0.0,0.0,0.0,228,0.23418258130550385,228,0.2386268973350525
0.0044323597103357315,0.0,0.0,0.0,0.0,229,0.23410847783088684,229,0.2385408580303192
0.004437836352735758,0.0,0.0,0.0,0.0,230,0.23401309549808502,230,0.23845094442367554
0.004478522576391697,0.0,0.0,0.0,0.0,231,0.2338949739933014,231,0.23837348818778992
0.004518742673099041,0.0,0.0,0.0,0.0,232,0.2337643802165985,232,0.23828312754631042
0.004562391899526119,0.0,0.0,0.0,0.0,233,0.23362813889980316,233,0.23819053173065186
0.0046216887421905994,0.0,0.0,0.0,0.0,234,0.23349222540855408,234,0.2381139099597931
0.004665113985538483,0.0,0.0,0.0,0.0,235,0.2333659529685974,235,0.2380310595035553
0.00470659090206027,0.0,0.0,0.0,0.0,236,0.2332526445388794,236,0.23795923590660095
0.004729438107460737,0.0,0.0,0.0,0.0,237,0.2331453114748001,237,0.23787473142147064
0.004760350100696087,0.0,0.0,0.0,0.0,238,0.2330285906791687,238,0.23778894543647766
0.004809179343283176,0.0,0.0,0.0,0.0,239,0.23289625346660614,239,0.23770543932914734
0.004901994951069355,0.0,0.0,0.0,0.0,240,0.23275507986545563,240,0.2376570850610733
0.0049351779744029045,0.0,0.0,0.0,0.0,241,0.2326318323612213,241,0.2375670224428177
0.004953368566930294,0.0,0.0,0.0,0.0,242,0.23253585398197174,242,0.2374892234802246
0.004956031683832407,0.0,0.0,0.0,0.0,243,0.23245583474636078,243,0.23741187155246735
0.004958357661962509,0.0,0.0,0.0,0.0,244,0.23237726092338562,244,0.23733563721179962
0.0050059291534125805,0.0,0.0,0.0,0.0,245,0.2322869449853897,245,0.23729287087917328
0.005032116547226906,0.0,0.0,0.0,0.0,246,0.2321794182062149,246,0.23721155524253845
0.005080969072878361,0.0,0.0,0.0,0.0,247,0.23205293715000153,247,0.2371339052915573
0.005137987434864044,0.0,0.0,0.0,0.0,248,0.2319120615720749,248,0.23705004155635834
0.005235574208199978,0.0,0.0,0.0,0.0,249,0.23176831007003784,249,0.237003892660141
0.005335026886314154,0.0,0.0,0.0,0.0,250,0.23165039718151093,250,0.23698541522026062
0.005326759535819292,0.0,0.0,0.0,0.0,251,0.23156508803367615,251,0.23689185082912445
0.0053179883398115635,0.0,0.0,0.0,0.0,252,0.2314818799495697,252,0.23679986596107483
0.005340362433344126,0.0,0.0,0.0,0.0,253,0.2313719242811203,253,0.23671230673789978
0.005380225367844105,0.0,0.0,0.0,0.0,254,0.23123224079608917,254,0.236612468957901
0.005439288914203644,0.0,0.0,0.0,0.0,255,0.23108334839344025,255,0.2365226447582245
0.005489615257829428,0.0,0.0,0.0,0.0,256,0.23093922436237335,256,0.2364288568496704
0.00561404787003994,0.0,0.0,0.0,0.0,257,0.23080751299858093,257,0.23642155528068542
0.005629454739391804,0.0,0.0,0.0,0.0,258,0.2307286560535431,258,0.23635812103748322
0.005560471676290035,0.0,0.0,0.0,0.0,259,0.23067747056484222,259,0.23623792827129364
0.005544183310121298,0.0,0.0,0.0,0.0,260,0.23059871792793274,260,0.23614290356636047
0.005605614278465509,0.0,0.0,0.0,0.0,261,0.23045901954174042,261,0.23606464266777039
0.0059263380244374275,0.0,0.0,0.0,0.0,262,0.2302858829498291,262,0.23621222376823425
0.005949004553258419,0.0,0.0,0.0,0.0,263,0.23016491532325745,263,0.23611390590667725
0.0059088533744215965,0.0,0.0,0.0,0.0,264,0.2300935834646225,264,0.23600241541862488
0.005892161279916763,0.0,0.0,0.0,0.0,265,0.2300209105014801,265,0.23591306805610657
0.005891755223274231,0.0,0.0,0.0,0.0,266,0.22991082072257996,266,0.2358025759458542
0.005946089513599873,0.0,0.0,0.0,0.0,267,0.22974996268749237,267,0.23569604754447937
0.006115825846791267,0.0,0.0,0.0,0.0,268,0.2295403629541397,268,0.23565618693828583
0.006229689810425043,0.0,0.0,0.0,0.0,269,0.22934287786483765,269,0.23557257652282715
0.006278852000832558,0.0,0.0,0.0,0.0,270,0.2291954606771469,270,0.23547431826591492
0.006266716867685318,0.0,0.0,0.0,0.0,271,0.22911201417446136,271,0.23537874221801758
0.006230846978724003,0.0,0.0,0.0,0.0,272,0.22904632985591888,272,0.2352771759033203
0.006311334203928709,0.0,0.0,0.0,0.0,273,0.2289431095123291,273,0.2352544367313385
0.006367838010191917,0.0,0.0,0.0,0.0,274,0.2288188338279724,274,0.2351866513490677
0.006471633445471525,0.0,0.0,0.0,0.0,275,0.2286943942308426,275,0.2351660430431366
0.006463050376623869,0.0,0.0,0.0,0.0,276,0.2286132574081421,276,0.23507630825042725
0.006462297402322292,0.0,0.0,0.0,0.0,277,0.22855310142040253,277,0.235015407204628
0.00642250245437026,0.0,0.0,0.0,0.0,278,0.22847816348075867,278,0.23490066826343536
0.0064666676335036755,0.0,0.0,0.0,0.0,279,0.22835306823253632,279,0.23481974005699158
0.00653115613386035,0.0,0.0,0.0,0.0,280,0.2281970977783203,280,0.23472827672958374
0.006653913296759129,0.0,0.0,0.0,0.0,281,0.228027805685997,281,0.23468174040317535
0.006845388561487198,0.0,0.0,0.0,0.0,282,0.22787201404571533,282,0.23471741378307343
0.006856382824480534,0.0,0.0,0.0,0.0,283,0.2277839332818985,283,0.23464031517505646
0.006840623915195465,0.0,0.0,0.0,0.0,284,0.22774037718772888,284,0.23458099365234375
0.006932825781404972,0.0,0.0,0.0,0.0,285,0.22770221531391144,285,0.23463502526283264
0.006877922918647528,0.0,0.0,0.0,0.0,286,0.22766172885894775,286,0.23453965783119202
0.006884061731398106,0.0,0.0,0.0,0.0,287,0.22757366299629211,287,0.23445771634578705
0.006936994381248951,0.0,0.0,0.0,0.0,288,0.22742031514644623,288,0.2343573272228241
0.007051612716168165,0.0,0.0,0.0,0.0,289,0.22722209990024567,289,0.23427371680736542
0.007248448673635721,0.0,0.0,0.0,0.0,290,0.22701938450336456,290,0.23426781594753265
0.007293424569070339,0.0,0.0,0.0,0.0,291,0.22687534987926483,291,0.23416876792907715
0.007356779184192419,0.0,0.0,0.0,0.0,292,0.2267674207687378,292,0.23412418365478516
0.0074331313371658325,0.0,0.0,0.0,0.0,293,0.22668775916099548,293,0.23412089049816132
0.007346016354858875,0.0,0.0,0.0,0.0,294,0.2266521155834198,294,0.2339981347322464
0.007224495057016611,0.0,0.0,0.0,0.0,295,0.2266574501991272,295,0.23388196527957916
0.0071876137517392635,0.0,0.0,0.0,0.0,296,0.22664688527584076,296,0.23383451998233795
0.00710916705429554,0.0,0.0,0.0,0.0,297,0.2265917956829071,297,0.2337009757757187
0.007192171178758144,0.0,0.0,0.0,0.0,298,0.22646181285381317,298,0.2336539775133133
0.007256665732711554,0.0,0.0,0.0,0.0,299,0.22629709541797638,299,0.23355376720428467
0.007308917585760355,0.0,0.0,0.0,0.0,300,0.22613593935966492,300,0.23344486951828003
0.007347376085817814,0.0,0.0,0.0,0.0,301,0.22601400315761566,301,0.2333613634109497
0.007357646711170673,0.0,0.0,0.0,0.0,302,0.22595931589603424,302,0.23331695795059204
0.007246831431984901,0.0,0.0,0.0,0.0,303,0.2259604036808014,303,0.23320724070072174
0.007146972231566906,0.0,0.0,0.0,0.0,304,0.2259279042482376,304,0.2330748438835144
0.007173120975494385,0.0,0.0,0.0,0.0,305,0.22580848634243011,305,0.2329816222190857
0.007237726356834173,0.0,0.0,0.0,0.0,306,0.2256266474723816,306,0.2328643798828125
0.007328552193939686,0.0,0.0,0.0,0.0,307,0.22542843222618103,307,0.23275697231292725
0.00736574549227953,0.0,0.0,0.0,0.0,308,0.2252637892961502,308,0.23262953758239746
0.0074073560535907745,0.0,0.0,0.0,0.0,309,0.22513632476329803,309,0.2325436770915985
0.007386190351098776,0.0,0.0,0.0,0.0,310,0.22504301369190216,310,0.23242920637130737
0.007368185091763735,0.0,0.0,0.0,0.0,311,0.22494256496429443,311,0.23231075704097748
0.007379685528576374,0.0,0.0,0.0,0.0,312,0.22482426464557648,312,0.23220394551753998
0.007452403195202351,0.0,0.0,0.0,0.0,313,0.2246570885181427,313,0.23210950195789337
0.007562481332570314,0.0,0.0,0.0,0.0,314,0.22443298995494843,314,0.23199546337127686
0.00782707054167986,0.0,0.0,0.0,0.0,315,0.22421038150787354,315,0.23203745484352112
0.007874797098338604,0.0,0.0,0.0,0.0,316,0.22407610714435577,316,0.23195090889930725
0.007838892750442028,0.0,0.0,0.0,0.0,317,0.2240028828382492,317,0.2318418025970459
0.007812673225998878,0.0,0.0,0.0,0.0,318,0.2239098846912384,318,0.23172254860401154
0.00783253088593483,0.0,0.0,0.0,0.0,319,0.22376583516597748,319,0.231598362326622
0.007904528640210629,0.0,0.0,0.0,0.0,320,0.2235783487558365,320,0.2314828634262085
0.007982981391251087,0.0,0.0,0.0,0.0,321,0.22338734567165375,321,0.23137031495571136
0.008045759052038193,0.0,0.0,0.0,0.0,322,0.22321279346942902,322,0.2312585711479187
0.008071274496614933,0.0,0.0,0.0,0.0,323,0.22306257486343384,323,0.2311338484287262
0.00813085027039051,0.0,0.0,0.0,0.0,324,0.22291293740272522,324,0.23104378581047058
0.008152094669640064,0.0,0.0,0.0,0.0,325,0.2227756530046463,325,0.2309277504682541
0.00818257313221693,0.0,0.0,0.0,0.0,326,0.2226603627204895,326,0.2308429330587387
0.008157484233379364,0.0,0.0,0.0,0.0,327,0.22256186604499817,327,0.23071935772895813
0.008190568536520004,0.0,0.0,0.0,0.0,328,0.2224157750606537,328,0.230606347322464
0.008311718702316284,0.0,0.0,0.0,0.0,329,0.22218775749206543,329,0.2304994910955429
0.008474046364426613,0.0,0.0,0.0,0.0,330,0.22193023562431335,330,0.2304043024778366
0.008561299182474613,0.0,0.0,0.0,0.0,331,0.221726194024086,331,0.23028749227523804
0.008617536164820194,0.0,0.0,0.0,0.0,332,0.2215862274169922,332,0.2302037626504898
0.008684580214321613,0.0,0.0,0.0,0.0,333,0.2215036004781723,333,0.23018817603588104
0.008642289787530899,0.0,0.0,0.0,0.0,334,0.22143208980560303,334,0.23007437586784363
0.008652793243527412,0.0,0.0,0.0,0.0,335,0.2213124781847,335,0.22996526956558228
0.008821911178529263,0.0,0.0,0.0,0.0,336,0.22113314270973206,336,0.2299550324678421
0.008822973817586899,0.0,0.0,0.0,0.0,337,0.22100026905536652,337,0.2298232465982437
0.0088455555960536,0.0,0.0,0.0,0.0,338,0.22088409960269928,338,0.22972963750362396
0.008851278573274612,0.0,0.0,0.0,0.0,339,0.22077229619026184,339,0.22962357103824615
0.00901196151971817,0.0,0.0,0.0,0.0,340,0.22061306238174438,340,0.22962501645088196
0.009071904234588146,0.0,0.0,0.0,0.0,341,0.22045248746871948,341,0.2295243889093399
0.009187700226902962,0.0,0.0,0.0,0.0,342,0.22031712532043457,342,0.2295048087835312
0.009183982387185097,0.0,0.0,0.0,0.0,343,0.22022242844104767,343,0.2294064164161682
0.009206533432006836,0.0,0.0,0.0,0.0,344,0.2200910896062851,344,0.22929760813713074
0.009394172579050064,0.0,0.0,0.0,0.0,345,0.2198827862739563,345,0.22927695512771606
0.009477369487285614,0.0,0.0,0.0,0.0,346,0.2196968048810959,346,0.2291741669178009
0.009537515230476856,0.0,0.0,0.0,0.0,347,0.21961861848831177,347,0.22915612161159515
0.009471802040934563,0.0,0.0,0.0,0.0,348,0.21962158381938934,348,0.22909338772296906
0.009619195014238358,0.0,0.0,0.0,0.0,349,0.2195878028869629,349,0.22920700907707214
0.009571635164320469,0.0,0.0,0.0,0.0,350,0.21954597532749176,350,0.22911761701107025
0.009519768878817558,0.0,0.0,0.0,0.0,351,0.2195100635290146,351,0.2290298193693161
0.009444610215723515,0.0,0.0,0.0,0.0,352,0.21945592761039734,352,0.22890055179595947
0.009537136182188988,0.0,0.0,0.0,0.0,353,0.2193155586719513,353,0.22885267436504364
0.009659091010689735,0.0,0.0,0.0,0.0,354,0.21910814940929413,354,0.2287672460079193
0.009752726182341576,0.0,0.0,0.0,0.0,355,0.2189210206270218,355,0.22867374122142792
0.009696239605545998,0.0,0.0,0.0,0.0,356,0.218837708234787,356,0.22853395342826843
0.00959002785384655,0.0,0.0,0.0,0.0,357,0.21884630620479584,357,0.22843633592128754
0.009527958929538727,0.0,0.0,0.0,0.0,358,0.21878376603126526,358,0.22831174731254578
0.009586991742253304,0.0,0.0,0.0,0.0,359,0.21863578259944916,359,0.2282227724790573
0.009657344780862331,0.0,0.0,0.0,0.0,360,0.2184685319662094,360,0.22812585532665253
0.009915348142385483,0.0,0.0,0.0,0.0,361,0.2182690054178238,361,0.22818437218666077
0.009899193421006203,0.0,0.0,0.0,0.0,362,0.2181919813156128,362,0.22809118032455444
0.009748155251145363,0.0,0.0,0.0,0.0,363,0.21814316511154175,363,0.22789131104946136
0.009723657742142677,0.0,0.0,0.0,0.0,364,0.21807770431041718,364,0.2278013676404953
0.00969610270112753,0.0,0.0,0.0,0.0,365,0.21797239780426025,365,0.22766847908496857
0.009756392799317837,0.0,0.0,0.0,0.0,366,0.21780048310756683,366,0.22755686938762665
0.009872850961983204,0.0,0.0,0.0,0.0,367,0.21759289503097534,367,0.22746573388576508
0.009886788204312325,0.0,0.0,0.0,0.0,368,0.21749109029769897,368,0.22737786173820496
0.009797614999115467,0.0,0.0,0.0,0.0,369,0.21746395528316498,369,0.22726157307624817
0.009813426062464714,0.0,0.0,0.0,0.0,370,0.21733690798282623,370,0.2271503359079361
0.010073968209326267,0.0,0.0,0.0,0.0,371,0.21710048615932465,371,0.22717446088790894
0.0101544838398695,0.0,0.0,0.0,0.0,372,0.2169034779071808,372,0.22705797851085663
0.010592919774353504,0.0,0.0,0.0,0.0,373,0.21675783395767212,373,0.22735074162483215
0.010300373658537865,0.0,0.0,0.0,0.0,374,0.2168060541152954,374,0.22710642218589783
0.010208138264715672,0.0,0.0,0.0,0.0,375,0.2169310301542282,375,0.2271391749382019
0.010079926811158657,0.0,0.0,0.0,0.0,376,0.21694415807724,376,0.22702406346797943
0.01004248671233654,0.0,0.0,0.0,0.0,377,0.216872438788414,377,0.22691494226455688
0.01040381845086813,0.0,0.0,0.0,0.0,378,0.21663856506347656,378,0.22704237699508667
0.010520527139306068,0.0,0.0,0.0,0.0,379,0.2164178192615509,379,0.22693835198879242
0.010581733658909798,0.0,0.0,0.0,0.0,380,0.21634936332702637,380,0.22693109512329102
0.010392899625003338,0.0,0.0,0.0,0.0,381,0.21641719341278076,381,0.22681009769439697
0.01031234860420227,0.0,0.0,0.0,0.0,382,0.21638602018356323,382,0.2266983836889267
0.010397992096841335,0.0,0.0,0.0,0.0,383,0.2161926031112671,383,0.2265906035900116
0.010577045381069183,0.0,0.0,0.0,0.0,384,0.21592193841934204,384,0.22649897634983063
0.010702231898903847,0.0,0.0,0.0,0.0,385,0.21570011973381042,385,0.22640235722064972
0.010730892419815063,0.0,0.0,0.0,0.0,386,0.21557968854904175,386,0.2263105809688568
0.010627689771354198,0.0,0.0,0.0,0.0,387,0.21557651460170746,387,0.22620420157909393
0.010596556589007378,0.0,0.0,0.0,0.0,388,0.21550236642360687,388,0.2260989248752594
0.010688526555895805,0.0,0.0,0.0,0.0,389,0.21530914306640625,389,0.2259976863861084
0.010785030201077461,0.0,0.0,0.0,0.0,390,0.2150949239730835,390,0.225879967212677
0.010807264596223831,0.0,0.0,0.0,0.0,391,0.21497204899787903,391,0.22577930986881256
0.010787048377096653,0.0,0.0,0.0,0.0,392,0.21488842368125916,392,0.22567547857761383
0.010704981163144112,0.0,0.0,0.0,0.0,393,0.21481776237487793,393,0.22552277147769928
0.010681232437491417,0.0,0.0,0.0,0.0,394,0.21473278105258942,394,0.22541402280330658
0.010793251916766167,0.0,0.0,0.0,0.0,395,0.2145186960697174,395,0.22531194984912872
0.010929140262305737,0.0,0.0,0.0,0.0,396,0.21427303552627563,396,0.22520214319229126
0.010951518081128597,0.0,0.0,0.0,0.0,397,0.21415218710899353,397,0.2251037061214447
0.010814232751727104,0.0,0.0,0.0,0.0,398,0.2141578644514084,398,0.22497211396694183
0.01072054821997881,0.0,0.0,0.0,0.0,399,0.2141522467136383,399,0.22487279772758484
0.010674914345145226,0.0,0.0,0.0,0.0,400,0.21402332186698914,400,0.22469821572303772
0.010818134061992168,0.0,0.0,0.0,0.0,401,0.21376731991767883,401,0.22458544373512268
0.01097863633185625,0.0,0.0,0.0,0.0,402,0.2134956270456314,402,0.22447426617145538
0.010959668084979057,0.0,0.0,0.0,0.0,403,0.21340158581733704,403,0.22436127066612244
0.010848216712474823,0.0,0.0,0.0,0.0,404,0.21340639889240265,404,0.22425459325313568
0.01061162631958723,0.0,0.0,0.0,0.0,405,0.21333125233650208,405,0.22394287586212158
0.010892209596931934,0.0,0.0,0.0,0.0,406,0.2129994034767151,406,0.22389161586761475
0.01117991004139185,0.0,0.0,0.0,0.0,407,0.2126057893037796,407,0.22378569841384888
0.011346833780407906,0.0,0.0,0.0,0.0,408,0.21232183277606964,408,0.2236686646938324
0.011342033743858337,0.0,0.0,0.0,0.0,409,0.21221156418323517,409,0.2235535830259323
0.011310267262160778,0.0,0.0,0.0,0.0,410,0.21213476359844208,410,0.22344502806663513
0.011487237177789211,0.0,0.0,0.0,0.0,411,0.21184377372264862,411,0.223331019282341
0.011739491485059261,0.0,0.0,0.0,0.0,412,0.2114865779876709,412,0.22322607040405273
0.011884127743542194,0.0,0.0,0.0,0.0,413,0.2112242877483368,413,0.2231084257364273
0.01188576128333807,0.0,0.0,0.0,0.0,414,0.21111135184764862,414,0.22299711406230927
0.011765173636376858,0.0,0.0,0.0,0.0,415,0.21112415194511414,415,0.22288930416107178
0.011761179193854332,0.0,0.0,0.0,0.0,416,0.21101133525371552,416,0.2227725088596344
0.011984727345407009,0.0,0.0,0.0,0.0,417,0.21069492399692535,417,0.22267964482307434
0.012050888501107693,0.0,0.0,0.0,0.0,418,0.21052052080631256,418,0.22257141768932343
0.011992690153419971,0.0,0.0,0.0,0.0,419,0.21049894392490387,419,0.22249163687229156
0.011918563395738602,0.0,0.0,0.0,0.0,420,0.21045474708080292,420,0.22237330675125122
0.011891013942658901,0.0,0.0,0.0,0.0,421,0.2103639394044876,421,0.2222549170255661
0.01202134694904089,0.0,0.0,0.0,0.0,422,0.21011337637901306,422,0.22213472425937653
0.012167694978415966,0.0,0.0,0.0,0.0,423,0.20987173914909363,423,0.22203943133354187
0.01209216471761465,0.0,0.0,0.0,0.0,424,0.2098240703344345,424,0.22191621363162994
0.011924509890377522,0.0,0.0,0.0,0.0,425,0.20975902676582336,425,0.2216835469007492
0.011842855252325535,0.0,0.0,0.0,0.0,426,0.20971271395683289,426,0.22155556082725525
0.011871885508298874,0.0,0.0,0.0,0.0,427,0.2095615714788437,427,0.22143344581127167
0.012033317238092422,0.0,0.0,0.0,0.0,428,0.20929265022277832,428,0.22132594883441925
0.012262986041605473,0.0,0.0,0.0,0.0,429,0.2090766876935959,429,0.2213396579027176
0.012413430958986282,0.0,0.0,0.0,0.0,430,0.2088235467672348,430,0.2212369740009308
0.012428891845047474,0.0,0.0,0.0,0.0,431,0.20864278078079224,431,0.22107167541980743
0.012442043051123619,0.0,0.0,0.0,0.0,432,0.20850607752799988,432,0.22094811499118805
0.012747485190629959,0.0,0.0,0.0,0.0,433,0.2082483172416687,433,0.22099578380584717
0.012798285111784935,0.0,0.0,0.0,0.0,434,0.20808297395706177,434,0.22088123857975006
0.01291242428123951,0.0,0.0,0.0,0.0,435,0.20785661041736603,435,0.22076904773712158
0.013042948208749294,0.0,0.0,0.0,0.0,436,0.2076272815465927,436,0.22067022323608398
0.01319788210093975,0.0,0.0,0.0,0.0,437,0.20742084085941315,437,0.22061873972415924
0.013323396444320679,0.0,0.0,0.0,0.0,438,0.20717892050743103,438,0.2205023169517517
0.013416597619652748,0.0,0.0,0.0,0.0,439,0.2070666253566742,439,0.2204832285642624
0.013406770303845406,0.0,0.0,0.0,0.0,440,0.20690065622329712,440,0.22030743956565857
0.01353374868631363,0.0,0.0,0.0,0.0,441,0.20671138167381287,441,0.2202451229095459
0.013550928793847561,0.0,0.0,0.0,0.0,442,0.20655785501003265,442,0.2201087921857834
0.013847247697412968,0.0,0.0,0.0,0.0,443,0.2063470035791397,443,0.2201942503452301
0.01395879965275526,0.0,0.0,0.0,0.0,444,0.20612768828868866,444,0.2200864851474762
0.014033558778464794,0.0,0.0,0.0,0.0,445,0.20593859255313873,445,0.219972163438797
0.01399711612612009,0.0,0.0,0.0,0.0,446,0.20582754909992218,446,0.2198246866464615
0.014138318598270416,0.0,0.0,0.0,0.0,447,0.20556770265102386,447,0.21970602869987488
0.01428891159594059,0.0,0.0,0.0,0.0,448,0.20531831681728363,448,0.21960723400115967
0.0144484369084239,0.0,0.0,0.0,0.0,449,0.2049715518951416,449,0.21942000091075897
0.014400283806025982,0.0,0.0,0.0,0.0,450,0.20473428070545197,450,0.21913456916809082
0.014520161785185337,0.0,0.0,0.0,0.0,451,0.2044893205165863,451,0.21900947391986847
0.014333896338939667,0.0,0.0,0.0,0.0,452,0.20455414056777954,452,0.2188880443572998
0.014059130102396011,0.0,0.0,0.0,0.0,453,0.2046670764684677,453,0.21872620284557343
0.014143530279397964,0.0,0.0,0.0,0.0,454,0.2044794261455536,454,0.21862293779850006
0.014334026724100113,0.0,0.0,0.0,0.0,455,0.2041729986667633,455,0.21850702166557312
0.014949033036828041,0.0,0.0,0.0,0.0,456,0.20395493507385254,456,0.21890397369861603
0.014292987994849682,0.0,0.0,0.0,0.0,457,0.20449142158031464,457,0.2187844067811966
0.013976793736219406,0.0,0.0,0.0,0.0,458,0.20470552146434784,458,0.21868231892585754
0.014284439384937286,0.0,0.0,0.0,0.0,459,0.20426733791828156,459,0.21855178475379944
0.01462652999907732,0.0,0.0,0.0,0.0,460,0.20386061072349548,460,0.21848715841770172
0.014651024714112282,0.0,0.0,0.0,0.0,461,0.2037438303232193,461,0.21839487552642822
0.01425846852362156,0.0,0.0,0.0,0.0,462,0.20400457084178925,462,0.21826304495334625
0.014032721519470215,0.0,0.0,0.0,0.0,463,0.20403538644313812,463,0.21806809306144714
0.014411643147468567,0.0,0.0,0.0,0.0,464,0.20355983078479767,464,0.21797147393226624
0.0148416543379426,0.0,0.0,0.0,0.0,465,0.20305688679218292,465,0.21789853274822235
0.015162927098572254,0.0,0.0,0.0,0.0,466,0.20264841616153717,466,0.21781134605407715
0.015228604897856712,0.0,0.0,0.0,0.0,467,0.2026432901620865,467,0.21787188947200775
0.015005319379270077,0.0,0.0,0.0,0.0,468,0.20271973311901093,468,0.21772503852844238
0.015018869191408157,0.0,0.0,0.0,0.0,469,0.2025996446609497,469,0.21761852502822876
0.01519748941063881,0.0,0.0,0.0,0.0,470,0.20235009491443634,470,0.21754758059978485
0.01563524268567562,0.0,0.0,0.0,0.0,471,0.20207037031650543,471,0.2177056074142456
0.015764204785227776,0.0,0.0,0.0,0.0,472,0.20184776186943054,472,0.21761195361614227
0.015730760991573334,0.0,0.0,0.0,0.0,473,0.20178669691085815,473,0.2175174504518509
0.015871448442339897,0.0,0.0,0.0,0.0,474,0.2015496790409088,474,0.21742112934589386
0.016062486916780472,0.0,0.0,0.0,0.0,475,0.2012614607810974,475,0.2173239290714264
0.01623074896633625,0.0,0.0,0.0,0.0,476,0.201004758477211,476,0.2172355204820633
0.015985209494829178,0.0,0.0,0.0,0.0,477,0.20078399777412415,477,0.21676920354366302
0.01557144895195961,0.0,0.0,0.0,0.0,478,0.2010524868965149,478,0.2166239470243454
0.015325985848903656,0.0,0.0,0.0,0.0,479,0.20119287073612213,479,0.216518834233284
0.015590304508805275,0.0,0.0,0.0,0.0,480,0.20082269608974457,480,0.2164130061864853
0.01584833301603794,0.0,0.0,0.0,0.0,481,0.20045709609985352,481,0.2163054347038269
0.015744466334581375,0.0,0.0,0.0,0.0,482,0.20045046508312225,482,0.21619491279125214
0.015200142748653889,0.0,0.0,0.0,0.0,483,0.20096608996391296,483,0.21616621315479279
0.014721693471074104,0.0,0.0,0.0,0.0,484,0.20132486522197723,484,0.2160465568304062
0.01491583976894617,0.0,0.0,0.0,0.0,485,0.2010270655155182,485,0.21594290435314178
0.015262387692928314,0.0,0.0,0.0,0.0,486,0.20051522552967072,486,0.21577760577201843
0.015441779047250748,0.0,0.0,0.0,0.0,487,0.20023751258850098,487,0.21567928791046143
0.015189683064818382,0.0,0.0,0.0,0.0,488,0.20039090514183044,488,0.21558058261871338
0.014571108855307102,0.0,0.0,0.0,0.0,489,0.20086359977722168,489,0.215434730052948
0.014372898265719414,0.0,0.0,0.0,0.0,490,0.20093423128128052,490,0.21530713140964508
0.01477918028831482,0.0,0.0,0.0,0.0,491,0.2004152238368988,491,0.21519440412521362
0.015281540341675282,0.0,0.0,0.0,0.0,492,0.19981390237808228,492,0.21509544551372528
0.015346940606832504,0.0,0.0,0.0,0.0,493,0.1995563507080078,493,0.21490329504013062
0.014885340817272663,0.0,0.0,0.0,0.0,494,0.19991463422775269,494,0.21479997038841248
0.014726596884429455,0.0,0.0,0.0,0.0,495,0.19996720552444458,495,0.2146937996149063
0.01495909970253706,0.0,0.0,0.0,0.0,496,0.1995069831609726,496,0.21446608006954193
0.015310105867683887,0.0,0.0,0.0,0.0,497,0.19904571771621704,497,0.21435584127902985
0.015260967426002026,0.0,0.0,0.0,0.0,498,0.19901970028877258,498,0.21428066492080688
0.014774377457797527,0.0,0.0,0.0,0.0,499,0.19939495623111725,499,0.21416933834552765
0.014624763280153275,0.0,0.0,0.0,0.0,500,0.19943101704120636,500,0.21405579149723053
0.015157211571931839,0.0,0.0,0.0,0.0,501,0.19877000153064728,501,0.21392720937728882
0.015555779449641705,0.0,0.0,0.0,0.0,502,0.19815878570079803,502,0.2137145847082138
0.01572948507964611,0.0,0.0,0.0,0.0,503,0.19796998798847198,503,0.21369948983192444
0.015562902204692364,0.0,0.0,0.0,0.0,504,0.198020339012146,504,0.21358324587345123
0.015518296509981155,0.0,0.0,0.0,0.0,505,0.1979558914899826,505,0.21347418427467346
0.015991946682333946,0.0,0.0,0.0,0.0,506,0.1973666250705719,506,0.2133585661649704
0.0164080448448658,0.0,0.0,0.0,0.0,507,0.19684411585330963,507,0.21325215697288513
0.016450630500912666,0.0,0.0,0.0,0.0,508,0.19670556485652924,508,0.21315619349479675
0.016288524493575096,0.0,0.0,0.0,0.0,509,0.19676491618156433,509,0.21305342018604279
0.016176216304302216,0.0,0.0,0.0,0.0,510,0.19676446914672852,510,0.21294069290161133
0.016523726284503937,0.0,0.0,0.0,0.0,511,0.19630567729473114,511,0.21282941102981567
0.016747739166021347,0.0,0.0,0.0,0.0,512,0.19596976041793823,512,0.21271750330924988
0.0166328065097332,0.0,0.0,0.0,0.0,513,0.19599676132202148,513,0.21262957155704498
0.016291938722133636,0.0,0.0,0.0,0.0,514,0.19615675508975983,514,0.21244868636131287
0.015666581690311432,0.0,0.0,0.0,0.0,515,0.19649136066436768,515,0.2121579349040985
0.01580946147441864,0.0,0.0,0.0,0.0,516,0.19622288644313812,516,0.21203234791755676
0.01616976037621498,0.0,0.0,0.0,0.0,517,0.19573642313480377,517,0.21190619468688965
0.01621883362531662,0.0,0.0,0.0,0.0,518,0.19556854665279388,518,0.2117873728275299
0.01588311605155468,0.0,0.0,0.0,0.0,519,0.19576066732406616,519,0.211643785238266
0.015526742674410343,0.0,0.0,0.0,0.0,520,0.19599483907222748,520,0.21152156591415405
0.015702400356531143,0.0,0.0,0.0,0.0,521,0.1957339495420456,521,0.21143634617328644
0.01595127210021019,0.0,0.0,0.0,0.0,522,0.19538117945194244,522,0.21133248507976532
0.016020216047763824,0.0,0.0,0.0,0.0,523,0.1951887160539627,523,0.21120893955230713
0.015994857996702194,0.0,0.0,0.0,0.0,524,0.19512924551963806,524,0.21112410724163055
0.015974178910255432,0.0,0.0,0.0,0.0,525,0.19508157670497894,525,0.21105574071407318
0.016228003427386284,0.0,0.0,0.0,0.0,526,0.19495746493339539,526,0.21118547022342682
0.01650780253112316,0.0,0.0,0.0,0.0,527,0.1944822520017624,527,0.2109900712966919
0.01680254191160202,0.0,0.0,0.0,0.0,528,0.19406911730766296,528,0.2108716368675232
0.016917075961828232,0.0,0.0,0.0,0.0,529,0.19382824003696442,529,0.21074531972408295
0.017040619626641273,0.0,0.0,0.0,0.0,530,0.19370844960212708,530,0.210749089717865
0.01758185587823391,0.0,0.0,0.0,0.0,531,0.1935127228498459,531,0.21109455823898315
0.017474735155701637,0.0,0.0,0.0,0.0,532,0.19359871745109558,532,0.21107347309589386
0.01732046715915203,0.0,0.0,0.0,0.0,533,0.19368146359920502,533,0.211001917719841
0.017539633437991142,0.0,0.0,0.0,0.0,534,0.1933918595314026,534,0.21093152463436127
0.017559926956892014,0.0,0.0,0.0,0.0,535,0.19323918223381042,535,0.21079911291599274
0.017740601673722267,0.0,0.0,0.0,0.0,536,0.19331037998199463,536,0.21105098724365234
0.01676934026181698,0.0,0.0,0.0,0.0,537,0.19418984651565552,537,0.21095916628837585
0.01654028706252575,0.0,0.0,0.0,0.0,538,0.19427965581417084,538,0.21081994473934174
0.01702846959233284,0.0,0.0,0.0,0.0,539,0.19356970489025116,539,0.2105981707572937
0.017475470900535583,0.0,0.0,0.0,0.0,540,0.19307497143745422,540,0.2105504423379898
0.017106449231505394,0.0,0.0,0.0,0.0,541,0.1933577060699463,541,0.21046414971351624
0.016662921756505966,0.0,0.0,0.0,0.0,542,0.19360177218914032,542,0.2102646827697754
0.0170866958796978,0.0,0.0,0.0,0.0,543,0.193060502409935,543,0.2101472020149231
0.017589226365089417,0.0,0.0,0.0,0.0,544,0.19232790172100067,544,0.2099171280860901
0.01751023903489113,0.0,0.0,0.0,0.0,545,0.19229069352149963,545,0.20980092883110046
0.017059046775102615,0.0,0.0,0.0,0.0,546,0.19262824952602386,546,0.20968729257583618
0.017065303400158882,0.0,0.0,0.0,0.0,547,0.19282226264476776,547,0.2098875790834427
0.01748077943921089,0.0,0.0,0.0,0.0,548,0.1922975331544876,548,0.209778293967247
0.017876602709293365,0.0,0.0,0.0,0.0,549,0.19185394048690796,549,0.20973053574562073
0.017323816195130348,0.0,0.0,0.0,0.0,550,0.19196118414402008,550,0.20928502082824707
0.01694856770336628,0.0,0.0,0.0,0.0,551,0.19202332198619843,551,0.20897188782691956
0.01705385185778141,0.0,0.0,0.0,0.0,552,0.19182626903057098,552,0.20888012647628784
0.017322629690170288,0.0,0.0,0.0,0.0,553,0.19137853384017944,553,0.20870117843151093
0.017233092337846756,0.0,0.0,0.0,0.0,554,0.1912512481212616,554,0.20848430693149567
0.017027059569954872,0.0,0.0,0.0,0.0,555,0.19133859872817993,555,0.20836566388607025
0.017076527699828148,0.0,0.0,0.0,0.0,556,0.19122163951396942,556,0.20829816162586212
0.01717076078057289,0.0,0.0,0.0,0.0,557,0.19093722105026245,557,0.20810797810554504
0.017765488475561142,0.0,0.0,0.0,0.0,558,0.19044622778892517,558,0.20821170508861542
0.0176216010004282,0.0,0.0,0.0,0.0,559,0.1904953271150589,559,0.20811691880226135
0.017618713900446892,0.0,0.0,0.0,0.0,560,0.19051741063594818,560,0.2081361562013626
0.018194550648331642,0.0,0.0,0.0,0.0,561,0.19028092920780182,561,0.20847547054290771
0.018588416278362274,0.0,0.0,0.0,0.0,562,0.18973097205162048,562,0.20831939578056335
0.018936917185783386,0.0,0.0,0.0,0.0,563,0.18917059898376465,563,0.20810751616954803
0.01834988035261631,0.0,0.0,0.0,0.0,564,0.18912632763385773,564,0.2074761986732483
0.018171021714806557,0.0,0.0,0.0,0.0,565,0.18943172693252563,565,0.20760273933410645
0.01795913465321064,0.0,0.0,0.0,0.0,566,0.18940940499305725,566,0.20736852288246155
0.018233120441436768,0.0,0.0,0.0,0.0,567,0.1890019327402115,567,0.20723505318164825
0.018411865457892418,0.0,0.0,0.0,0.0,568,0.1888059824705124,568,0.20721785724163055
0.017802970483899117,0.0,0.0,0.0,0.0,569,0.18929032981395721,569,0.20709329843521118
0.017314784228801727,0.0,0.0,0.0,0.0,570,0.18966539204120636,570,0.2069801688194275
0.01748707890510559,0.0,0.0,0.0,0.0,571,0.18937614560127258,571,0.2068631947040558
0.017894087359309196,0.0,0.0,0.0,0.0,572,0.18883241713047028,572,0.20672650635242462
0.017889725044369698,0.0,0.0,0.0,0.0,573,0.18864817917346954,573,0.2065378874540329
0.017591163516044617,0.0,0.0,0.0,0.0,574,0.1887950450181961,574,0.20638620853424072
0.01774105243384838,0.0,0.0,0.0,0.0,575,0.18848875164985657,575,0.2062297910451889
0.018151404336094856,0.0,0.0,0.0,0.0,576,0.1879645437002182,576,0.2061159461736679
0.018240198493003845,0.0,0.0,0.0,0.0,577,0.1876288503408432,577,0.20586903393268585
0.01824919320642948,0.0,0.0,0.0,0.0,578,0.18751737475395203,578,0.20576658844947815
0.018231071531772614,0.0,0.0,0.0,0.0,579,0.18741446733474731,579,0.20564553141593933
0.018542444333434105,0.0,0.0,0.0,0.0,580,0.18709874153137207,580,0.20564118027687073
0.01851736754179001,0.0,0.0,0.0,0.0,581,0.18698807060718536,581,0.20550543069839478
0.0185739453881979,0.0,0.0,0.0,0.0,582,0.18685850501060486,582,0.20543242990970612
0.018823059275746346,0.0,0.0,0.0,0.0,583,0.1868751496076584,583,0.20569820702075958
0.01816287450492382,0.0,0.0,0.0,0.0,584,0.18732139468193054,584,0.2054842710494995
0.017866529524326324,0.0,0.0,0.0,0.0,585,0.18754266202449799,585,0.2054091989994049
0.017949018627405167,0.0,0.0,0.0,0.0,586,0.18731985986232758,586,0.20526887476444244
0.018457166850566864,0.0,0.0,0.0,0.0,587,0.1866905242204666,587,0.20514768362045288
0.018512889742851257,0.0,0.0,0.0,0.0,588,0.18652422726154327,588,0.20503710210323334
0.01835203357040882,0.0,0.0,0.0,0.0,589,0.18657521903514862,589,0.2049272507429123
0.01813763938844204,0.0,0.0,0.0,0.0,590,0.1866750419139862,590,0.2048126757144928
0.01880745217204094,0.0,0.0,0.0,0.0,591,0.18623417615890503,591,0.20504163205623627
0.018835552036762238,0.0,0.0,0.0,0.0,592,0.18607838451862335,592,0.2049139440059662
0.018674783408641815,0.0,0.0,0.0,0.0,593,0.18605129420757294,593,0.20472607016563416
0.01805642619729042,0.0,0.0,0.0,0.0,594,0.18630604445934296,594,0.20436246693134308
0.018069971352815628,0.0,0.0,0.0,0.0,595,0.18610382080078125,595,0.20417378842830658
0.01883166842162609,0.0,0.0,0.0,0.0,596,0.18566375970840454,596,0.2044954150915146
0.01998906396329403,0.0,0.0,0.0,0.0,597,0.185145765542984,597,0.20513485372066498
0.02024710550904274,0.0,0.0,0.0,0.0,598,0.1846892088651657,598,0.20493632555007935
0.019122755154967308,0.0,0.0,0.0,0.0,599,0.18484283983707428,599,0.20396558940410614
0.0181563813239336,0.0,0.0,0.0,0.0,600,0.18542852997779846,600,0.20358489453792572
0.018245309591293335,0.0,0.0,0.0,0.0,601,0.18524543941020966,601,0.203490749001503
0.01915629580616951,0.0,0.0,0.0,0.0,602,0.1843465119600296,602,0.2035028040409088
0.019441800191998482,0.0,0.0,0.0,0.0,603,0.18392866849899292,603,0.20337046682834625
0.01839780993759632,0.0,0.0,0.0,0.0,604,0.18461202085018158,604,0.20300982892513275
0.017372000962495804,0.0,0.0,0.0,0.0,605,0.18558670580387115,605,0.20295870304107666
0.017222706228494644,0.0,0.0,0.0,0.0,606,0.18550489842891693,606,0.20272760093212128
0.018220430240035057,0.0,0.0,0.0,0.0,607,0.18426306545734406,607,0.20248350501060486
0.01904457062482834,0.0,0.0,0.0,0.0,608,0.18330878019332886,608,0.2023533582687378
0.0182555690407753,0.0,0.0,0.0,0.0,609,0.1839073747396469,609,0.20216292142868042
0.017150504514575005,0.0,0.0,0.0,0.0,610,0.18490304052829742,610,0.20205353200435638
0.01747494749724865,0.0,0.0,0.0,0.0,611,0.1844143122434616,611,0.2018892616033554
0.01871984824538231,0.0,0.0,0.0,0.0,612,0.18303507566452026,612,0.20175492763519287
0.019165586680173874,0.0,0.0,0.0,0.0,613,0.18245717883110046,613,0.20162276923656464
0.01841452345252037,0.0,0.0,0.0,0.0,614,0.18306441605091095,614,0.20147894322872162
0.01813565008342266,0.0,0.0,0.0,0.0,615,0.18321658670902252,615,0.20135225355625153
0.018983252346515656,0.0,0.0,0.0,0.0,616,0.18224681913852692,616,0.20123007893562317
0.019832292571663857,0.0,0.0,0.0,0.0,617,0.1812981218099594,617,0.20113040506839752
0.019717374816536903,0.0,0.0,0.0,0.0,618,0.18128693103790283,618,0.20100431144237518
0.01923654042184353,0.0,0.0,0.0,0.0,619,0.18162836134433746,619,0.20086488127708435
0.019059795886278152,0.0,0.0,0.0,0.0,620,0.18165765702724457,620,0.20071744918823242
0.019762570038437843,0.0,0.0,0.0,0.0,621,0.18083545565605164,621,0.20059801638126373
0.01979857310652733,0.0,0.0,0.0,0.0,622,0.18068952858448029,622,0.2004881054162979
0.019492492079734802,0.0,0.0,0.0,0.0,623,0.18086370825767517,623,0.20035620033740997
0.018895259127020836,0.0,0.0,0.0,0.0,624,0.18129436671733856,624,0.20018963515758514
0.018660759553313255,0.0,0.0,0.0,0.0,625,0.181392103433609,625,0.20005285739898682
0.018967151641845703,0.0,0.0,0.0,0.0,626,0.18087224662303925,626,0.19983939826488495
0.01940147951245308,0.0,0.0,0.0,0.0,627,0.18037143349647522,627,0.199772909283638
0.019817156717181206,0.0,0.0,0.0,0.0,628,0.17980240285396576,628,0.19961956143379211
0.019749585539102554,0.0,0.0,0.0,0.0,629,0.179952472448349,629,0.19970203936100006
0.01896270178258419,0.0,0.0,0.0,0.0,630,0.18061240017414093,630,0.19957511126995087
0.01867038384079933,0.0,0.0,0.0,0.0,631,0.18084785342216492,631,0.19951823353767395
0.018909640610218048,0.0,0.0,0.0,0.0,632,0.1805216521024704,632,0.19943130016326904
0.01932700350880623,0.0,0.0,0.0,0.0,633,0.18006283044815063,633,0.19938983023166656
0.019174451008439064,0.0,0.0,0.0,0.0,634,0.1800873577594757,634,0.19926181435585022
0.018833525478839874,0.0,0.0,0.0,0.0,635,0.1803363710641861,635,0.19916987419128418
0.019096005707979202,0.0,0.0,0.0,0.0,636,0.17993663251399994,636,0.19903263449668884
0.01970624178647995,0.0,0.0,0.0,0.0,637,0.17949463427066803,637,0.19920086860656738
0.019824499264359474,0.0,0.0,0.0,0.0,638,0.17928142845630646,638,0.19910593330860138
0.019779197871685028,0.0,0.0,0.0,0.0,639,0.17922869324684143,639,0.19900789856910706
0.019475236535072327,0.0,0.0,0.0,0.0,640,0.17934931814670563,640,0.19882456958293915
0.019757352769374847,0.0,0.0,0.0,0.0,641,0.17894400656223297,641,0.19870135188102722
0.01994118094444275,0.0,0.0,0.0,0.0,642,0.1786719113588333,642,0.19861309230327606
0.019479865208268166,0.0,0.0,0.0,0.0,643,0.17870759963989258,643,0.19818748533725739
0.018824823200702667,0.0,0.0,0.0,0.0,644,0.17924392223358154,644,0.1980687528848648
0.018347004428505898,0.0,0.0,0.0,0.0,645,0.17957095801830292,645,0.19791798293590546
0.018575375899672508,0.0,0.0,0.0,0.0,646,0.1791488081216812,646,0.19772417843341827
0.01918864995241165,0.0,0.0,0.0,0.0,647,0.17823617160320282,647,0.19742479920387268
0.01958519220352173,0.0,0.0,0.0,0.0,648,0.17771567404270172,648,0.19730086624622345
0.019150497391819954,0.0,0.0,0.0,0.0,649,0.17801742255687714,649,0.19716790318489075
0.018558166921138763,0.0,0.0,0.0,0.0,650,0.17849546670913696,650,0.19705365598201752
0.01882673054933548,0.0,0.0,0.0,0.0,651,0.17808403074741364,651,0.19691073894500732
0.019697006791830063,0.0,0.0,0.0,0.0,652,0.1770760715007782,652,0.19677309691905975
0.020005153492093086,0.0,0.0,0.0,0.0,653,0.17662328481674194,653,0.19662843644618988
0.019493568688631058,0.0,0.0,0.0,0.0,654,0.1769925057888031,654,0.19648608565330505
0.01940292865037918,0.0,0.0,0.0,0.0,655,0.17694836854934692,655,0.1963513046503067
0.020188651978969574,0.0,0.0,0.0,0.0,656,0.17602483928203583,656,0.1962134838104248
0.020867928862571716,0.0,0.0,0.0,0.0,657,0.17522788047790527,657,0.196095809340477
0.020571954548358917,0.0,0.0,0.0,0.0,658,0.17539848387241364,658,0.19597041606903076
0.020000500604510307,0.0,0.0,0.0,0.0,659,0.175832137465477,659,0.19583263993263245
0.02040082775056362,0.0,0.0,0.0,0.0,660,0.17536771297454834,660,0.1957685351371765
0.021336629986763,0.0,0.0,0.0,0.0,661,0.17462420463562012,661,0.19596083462238312
0.02145722135901451,0.0,0.0,0.0,0.0,662,0.1743536740541458,662,0.19581089913845062
0.02038497105240822,0.0,0.0,0.0,0.0,663,0.17487071454524994,663,0.19525568187236786
0.02007126249372959,0.0,0.0,0.0,0.0,664,0.17505326867103577,664,0.1951245367527008
0.02069181576371193,0.0,0.0,0.0,0.0,665,0.17435818910598755,665,0.19505000114440918
0.02053450606763363,0.0,0.0,0.0,0.0,666,0.17439241707324982,666,0.194926917552948
0.020014187321066856,0.0,0.0,0.0,0.0,667,0.17479537427425385,667,0.19480955600738525
0.019650980830192566,0.0,0.0,0.0,0.0,668,0.17506618797779083,668,0.1947171688079834
0.01978432759642601,0.0,0.0,0.0,0.0,669,0.17479254305362701,669,0.19457688927650452
0.02043653093278408,0.0,0.0,0.0,0.0,670,0.1743353009223938,670,0.19477182626724243
0.02024642564356327,0.0,0.0,0.0,0.0,671,0.17438672482967377,671,0.19463315606117249
0.020132767036557198,0.0,0.0,0.0,0.0,672,0.17455755174160004,672,0.1946903020143509
0.020170317962765694,0.0,0.0,0.0,0.0,673,0.17442534863948822,673,0.19459566473960876
0.019894840195775032,0.0,0.0,0.0,0.0,674,0.17422839999198914,674,0.19412322342395782
0.01994827762246132,0.0,0.0,0.0,0.0,675,0.1740388721227646,675,0.1939871460199356
0.021729419007897377,0.0,0.0,0.0,0.0,676,0.17396363615989685,676,0.19569307565689087
0.02026752382516861,0.0,0.0,0.0,0.0,677,0.17537818849086761,677,0.19564570486545563
0.01997079700231552,0.0,0.0,0.0,0.0,678,0.17570166289806366,678,0.1956724375486374
0.020509831607341766,0.0,0.0,0.0,0.0,679,0.17473578453063965,679,0.195245623588562
0.021810399368405342,0.0,0.0,0.0,0.0,680,0.17329594492912292,680,0.19510634243488312
0.02187112160027027,0.0,0.0,0.0,0.0,681,0.17389830946922302,681,0.19576942920684814
0.020178742706775665,0.0,0.0,0.0,0.0,682,0.17546990513801575,682,0.19564864039421082
0.02008170448243618,0.0,0.0,0.0,0.0,683,0.1754029095172882,683,0.19548459351062775
0.021506058052182198,0.0,0.0,0.0,0.0,684,0.17367221415042877,684,0.19517828524112701
0.021453270688652992,0.0,0.0,0.0,0.0,685,0.17355498671531677,685,0.1950082629919052
0.021867750212550163,0.0,0.0,0.0,0.0,686,0.1747199445962906,686,0.1965877115726471
0.019883479923009872,0.0,0.0,0.0,0.0,687,0.1768602877855301,687,0.19674377143383026
0.019874535501003265,0.0,0.0,0.0,0.0,688,0.1769116371870041,688,0.19678618013858795
0.02078990638256073,0.0,0.0,0.0,0.0,689,0.17550452053546906,689,0.19629442691802979
0.021475978195667267,0.0,0.0,0.0,0.0,690,0.1741546243429184,690,0.19563059508800507
0.021088043227791786,0.0,0.0,0.0,0.0,691,0.17395149171352386,691,0.1950395554304123
0.02041887491941452,0.0,0.0,0.0,0.0,692,0.1747101992368698,692,0.19512906670570374
0.02018277905881405,0.0,0.0,0.0,0.0,693,0.17475561797618866,693,0.19493839144706726
0.02106976881623268,0.0,0.0,0.0,0.0,694,0.1736888885498047,694,0.19475865364074707
0.023980572819709778,0.0,0.0,0.0,0.0,695,0.17219416797161102,695,0.1961747705936432
0.023345626890659332,0.0,0.0,0.0,0.0,696,0.17338867485523224,696,0.19673430919647217
0.021635575219988823,0.0,0.0,0.0,0.0,697,0.17520156502723694,697,0.1968371421098709
0.02007933333516121,0.0,0.0,0.0,0.0,698,0.17606332898139954,698,0.19614267349243164
0.020545121282339096,0.0,0.0,0.0,0.0,699,0.17508481442928314,699,0.19562993943691254
0.022180020809173584,0.0,0.0,0.0,0.0,700,0.17360331118106842,700,0.195783331990242
0.021322200074791908,0.0,0.0,0.0,0.0,701,0.17339858412742615,701,0.1947207897901535
0.020937219262123108,0.0,0.0,0.0,0.0,702,0.17478497326374054,702,0.19572219252586365
0.018998557701706886,0.0,0.0,0.0,0.0,703,0.17615456879138947,703,0.1951531171798706
0.01906621642410755,0.0,0.0,0.0,0.0,704,0.17581284046173096,704,0.19487906992435455
0.020342933014035225,0.0,0.0,0.0,0.0,705,0.17372538149356842,705,0.1940683126449585
0.021333901211619377,0.0,0.0,0.0,0.0,706,0.17229899764060974,706,0.19363290071487427
0.019985612481832504,0.0,0.0,0.0,0.0,707,0.17305180430412292,707,0.19303742051124573
0.019061651080846786,0.0,0.0,0.0,0.0,708,0.17409466207027435,708,0.19315631687641144
0.020556360483169556,0.0,0.0,0.0,0.0,709,0.17348502576351166,709,0.1940413862466812
0.021066728979349136,0.0,0.0,0.0,0.0,710,0.17249447107315063,710,0.19356118142604828
0.022136693820357323,0.0,0.0,0.0,0.0,711,0.17182528972625732,711,0.1939619928598404
0.020942389965057373,0.0,0.0,0.0,0.0,712,0.1724192351102829,712,0.19336163997650146
0.019695186987519264,0.0,0.0,0.0,0.0,713,0.17264586687088013,713,0.19234105944633484
0.01993369869887829,0.0,0.0,0.0,0.0,714,0.17200610041618347,714,0.1919398009777069
0.020426882430911064,0.0,0.0,0.0,0.0,715,0.1706194281578064,715,0.1910463124513626
0.021002259105443954,0.0,0.0,0.0,0.0,716,0.1698620468378067,716,0.19086432456970215
0.020452558994293213,0.0,0.0,0.0,0.0,717,0.1702042818069458,717,0.190656840801239
0.020171139389276505,0.0,0.0,0.0,0.0,718,0.17086777091026306,718,0.19103890657424927
0.021786604076623917,0.0,0.0,0.0,0.0,719,0.17122052609920502,719,0.19300712645053864
0.021528037264943123,0.0,0.0,0.0,0.0,720,0.1716466099023819,720,0.19317464530467987
0.020717430859804153,0.0,0.0,0.0,0.0,721,0.1719151884317398,721,0.19263261556625366
0.020433180034160614,0.0,0.0,0.0,0.0,722,0.17181368172168732,722,0.19224683940410614
0.02038435824215412,0.0,0.0,0.0,0.0,723,0.1718529313802719,723,0.1922372579574585
0.019559603184461594,0.0,0.0,0.0,0.0,724,0.17201049625873566,724,0.19157010316848755
0.019089307636022568,0.0,0.0,0.0,0.0,725,0.17201189696788788,725,0.19110122323036194
0.019210046157240868,0.0,0.0,0.0,0.0,726,0.17156778275966644,726,0.19077783823013306
0.019862458109855652,0.0,0.0,0.0,0.0,727,0.17080920934677124,727,0.1906716525554657
0.0197588037699461,0.0,0.0,0.0,0.0,728,0.1709449738264084,728,0.19070377945899963
0.01915759965777397,0.0,0.0,0.0,0.0,729,0.17124536633491516,729,0.19040296971797943
0.019229808822274208,0.0,0.0,0.0,0.0,730,0.1710018366575241,730,0.19023165106773376
0.019638925790786743,0.0,0.0,0.0,0.0,731,0.17031925916671753,731,0.18995818495750427
0.020551471039652824,0.0,0.0,0.0,0.0,732,0.16909009218215942,732,0.1896415650844574
0.021136928349733353,0.0,0.0,0.0,0.0,733,0.16843019425868988,733,0.18956711888313293
0.020350074395537376,0.0,0.0,0.0,0.0,734,0.16896124184131622,734,0.18931132555007935
0.019371092319488525,0.0,0.0,0.0,0.0,735,0.1698596030473709,735,0.18923069536685944
0.019625835120677948,0.0,0.0,0.0,0.0,736,0.16948609054088593,736,0.18911191821098328
0.02072668820619583,0.0,0.0,0.0,0.0,737,0.16847418248653412,737,0.18920089304447174
0.022028569132089615,0.0,0.0,0.0,0.0,738,0.16708746552467346,738,0.18911603093147278
0.021722089499235153,0.0,0.0,0.0,0.0,739,0.16720890998840332,739,0.18893100321292877
0.020325908437371254,0.0,0.0,0.0,0.0,740,0.16819366812705994,740,0.18851959705352783
0.020174484699964523,0.0,0.0,0.0,0.0,741,0.16826802492141724,741,0.18844249844551086
0.020025670528411865,0.0,0.0,0.0,0.0,742,0.168055459856987,742,0.18808113038539886
0.019574275240302086,0.0,0.0,0.0,0.0,743,0.16778960824012756,743,0.1873638778924942
0.019168011844158173,0.0,0.0,0.0,0.0,744,0.1679069548845291,744,0.1870749443769455
0.01899316906929016,0.0,0.0,0.0,0.0,745,0.16809536516666412,745,0.18708853423595428
0.01835945062339306,0.0,0.0,0.0,0.0,746,0.16840693354606628,746,0.1867663711309433
0.01855098083615303,0.0,0.0,0.0,0.0,747,0.16807131469249725,747,0.18662229180335999
0.019038982689380646,0.0,0.0,0.0,0.0,748,0.16741469502449036,748,0.1864536702632904
0.01894187182188034,0.0,0.0,0.0,0.0,749,0.16715054214000702,749,0.18609240651130676
0.01926676742732525,0.0,0.0,0.0,0.0,750,0.1666669398546219,750,0.18593370914459229
0.019336732104420662,0.0,0.0,0.0,0.0,751,0.1663583219051361,751,0.18569505214691162
0.019624929875135422,0.0,0.0,0.0,0.0,752,0.1658542901277542,752,0.18547922372817993
0.01981816627085209,0.0,0.0,0.0,0.0,753,0.16544507443904877,753,0.1852632462978363
0.020301613956689835,0.0,0.0,0.0,0.0,754,0.16484509408473969,754,0.18514670431613922
0.019988520070910454,0.0,0.0,0.0,0.0,755,0.16491885483264923,755,0.18490736186504364
0.02000834234058857,0.0,0.0,0.0,0.0,756,0.16467934846878052,756,0.18468768894672394
0.020088715478777885,0.0,0.0,0.0,0.0,757,0.16435211896896362,757,0.18444083631038666
0.02077927440404892,0.0,0.0,0.0,0.0,758,0.16348959505558014,758,0.18426886200904846
0.020952027291059494,0.0,0.0,0.0,0.0,759,0.16350017488002777,759,0.18445220589637756
0.02053307369351387,0.0,0.0,0.0,0.0,760,0.16408348083496094,760,0.1846165508031845
0.01987006887793541,0.0,0.0,0.0,0.0,761,0.16444307565689087,761,0.18431314826011658
0.021107662469148636,0.0,0.0,0.0,0.0,762,0.16315899789333344,762,0.18426665663719177
0.022027790546417236,0.0,0.0,0.0,0.0,763,0.16223110258579254,763,0.18425889313220978
0.020405355840921402,0.0,0.0,0.0,0.0,764,0.16313624382019043,764,0.18354161083698273
0.019672757014632225,0.0,0.0,0.0,0.0,765,0.16366931796073914,765,0.18334205448627472
0.0204828642308712,0.0,0.0,0.0,0.0,766,0.1625629961490631,766,0.1830458641052246
0.022076644003391266,0.0,0.0,0.0,0.0,767,0.1609605848789215,767,0.18303723633289337
0.021349066868424416,0.0,0.0,0.0,0.0,768,0.16135171055793762,768,0.18270078301429749
0.020374685525894165,0.0,0.0,0.0,0.0,769,0.1623699814081192,769,0.18274466693401337
0.020118268206715584,0.0,0.0,0.0,0.0,770,0.16327087581157684,770,0.18338914215564728
0.02011733502149582,0.0,0.0,0.0,0.0,771,0.16283965110778809,771,0.1829569935798645
0.02132020890712738,0.0,0.0,0.0,0.0,772,0.16158418357372284,772,0.18290439248085022
0.021227741613984108,0.0,0.0,0.0,0.0,773,0.16104674339294434,773,0.1822744905948639
0.02059028670191765,0.0,0.0,0.0,0.0,774,0.1614776849746704,774,0.18206797540187836
0.02049964852631092,0.0,0.0,0.0,0.0,775,0.1616698056459427,775,0.18216945230960846
0.02105129510164261,0.0,0.0,0.0,0.0,776,0.16103330254554749,776,0.1820845901966095
0.02156669646501541,0.0,0.0,0.0,0.0,777,0.16057154536247253,777,0.18213821947574615
0.021560991182923317,0.0,0.0,0.0,0.0,778,0.16088061034679413,778,0.1824416071176529
0.020468272268772125,0.0,0.0,0.0,0.0,779,0.1618036925792694,779,0.18227195739746094
0.020231235772371292,0.0,0.0,0.0,0.0,780,0.16180267930030823,780,0.18203391134738922
0.020840782672166824,0.0,0.0,0.0,0.0,781,0.16065649688243866,781,0.18149727582931519
0.021434886381030083,0.0,0.0,0.0,0.0,782,0.1593932807445526,782,0.18082816898822784
0.02069700136780739,0.0,0.0,0.0,0.0,783,0.15985748171806335,783,0.18055447936058044
0.020779568701982498,0.0,0.0,0.0,0.0,784,0.16046005487442017,784,0.18123961985111237
0.020159291103482246,0.0,0.0,0.0,0.0,785,0.16096536815166473,785,0.18112465739250183
0.020670125260949135,0.0,0.0,0.0,0.0,786,0.1602121740579605,786,0.1808823049068451
0.020763317123055458,0.0,0.0,0.0,0.0,787,0.15937446057796478,787,0.1801377832889557
0.02120942436158657,0.0,0.0,0.0,0.0,788,0.1587330847978592,788,0.17994250357151031
0.021177783608436584,0.0,0.0,0.0,0.0,789,0.1591949164867401,789,0.1803727000951767
0.020365331321954727,0.0,0.0,0.0,0.0,790,0.15980423986911774,790,0.18016958236694336
0.020632769912481308,0.0,0.0,0.0,0.0,791,0.1592903584241867,791,0.1799231320619583
0.02164660580456257,0.0,0.0,0.0,0.0,792,0.15849778056144714,792,0.18014438450336456
0.022314265370368958,0.0,0.0,0.0,0.0,793,0.157420352101326,793,0.17973461747169495
0.02217371203005314,0.0,0.0,0.0,0.0,794,0.15761283040046692,794,0.1797865331172943
0.020725931972265244,0.0,0.0,0.0,0.0,795,0.15893128514289856,795,0.1796572208404541
0.01976809650659561,0.0,0.0,0.0,0.0,796,0.15925894677639008,796,0.17902706563472748
0.02233331836760044,0.0,0.0,0.0,0.0,797,0.15776576101779938,797,0.18009908497333527
0.023952143266797066,0.0,0.0,0.0,0.0,798,0.15555211901664734,798,0.17950424551963806
0.023251719772815704,0.0,0.0,0.0,0.0,799,0.15597589313983917,799,0.17922762036323547
0.02202066034078598,0.0,0.0,0.0,0.0,800,0.15748688578605652,800,0.1795075535774231
0.021687116473913193,0.0,0.0,0.0,0.0,801,0.15761448442935944,801,0.17930158972740173
0.023111147806048393,0.0,0.0,0.0,0.0,802,0.1558932214975357,802,0.17900437116622925
0.023209014907479286,0.0,0.0,0.0,0.0,803,0.15527231991291046,803,0.1784813404083252
0.021922502666711807,0.0,0.0,0.0,0.0,804,0.1563008427619934,804,0.17822334170341492
0.020977947860956192,0.0,0.0,0.0,0.0,805,0.15694516897201538,805,0.17792311310768127
0.021738503128290176,0.0,0.0,0.0,0.0,806,0.15595081448554993,806,0.1776893138885498
0.021762235090136528,0.0,0.0,0.0,0.0,807,0.15554209053516388,807,0.17730432748794556
0.02022741362452507,0.0,0.0,0.0,0.0,808,0.15676049888134003,808,0.1769879162311554
0.019826235249638557,0.0,0.0,0.0,0.0,809,0.1570097804069519,809,0.1768360137939453
0.020280158147215843,0.0,0.0,0.0,0.0,810,0.15644170343875885,810,0.17672185599803925
0.02093254216015339,0.0,0.0,0.0,0.0,811,0.15576006472110748,811,0.17669260501861572
0.02061259187757969,0.0,0.0,0.0,0.0,812,0.1559469848871231,812,0.17655959725379944
0.019865991547703743,0.0,0.0,0.0,0.0,813,0.1565101593732834,813,0.1763761341571808
0.020114922896027565,0.0,0.0,0.0,0.0,814,0.15594781935214996,814,0.17606274783611298
0.021139197051525116,0.0,0.0,0.0,0.0,815,0.1545630842447281,815,0.1757022738456726
0.022008901461958885,0.0,0.0,0.0,0.0,816,0.15307104587554932,816,0.17507994174957275
0.02174355834722519,0.0,0.0,0.0,0.0,817,0.15314796566963196,817,0.17489154636859894
0.021174922585487366,0.0,0.0,0.0,0.0,818,0.15386690199375153,818,0.1750418245792389
0.021595023572444916,0.0,0.0,0.0,0.0,819,0.1531173288822174,819,0.17471235990524292
0.023028135299682617,0.0,0.0,0.0,0.0,820,0.1516364961862564,820,0.17466463148593903
0.023348316550254822,0.0,0.0,0.0,0.0,821,0.15158945322036743,821,0.17493776977062225
0.020479969680309296,0.0,0.0,0.0,0.0,822,0.15392401814460754,822,0.17440399527549744
0.020077399909496307,0.0,0.0,0.0,0.0,823,0.15417054295539856,823,0.17424795031547546
0.022017672657966614,0.0,0.0,0.0,0.0,824,0.15217652916908264,824,0.17419418692588806
0.022816820070147514,0.0,0.0,0.0,0.0,825,0.15117107331752777,825,0.17398789525032043
0.021551238372921944,0.0,0.0,0.0,0.0,826,0.15231841802597046,826,0.17386965453624725
0.01996484212577343,0.0,0.0,0.0,0.0,827,0.15382501482963562,827,0.1737898588180542
0.01953602209687233,0.0,0.0,0.0,0.0,828,0.15406370162963867,828,0.1735997051000595
0.0207666028290987,0.0,0.0,0.0,0.0,829,0.15267184376716614,829,0.1734384298324585
0.0219170730561018,0.0,0.0,0.0,0.0,830,0.1513126939535141,830,0.17322978377342224
0.022015897557139397,0.0,0.0,0.0,0.0,831,0.15118354558944702,831,0.17319944500923157
0.020403066650032997,0.0,0.0,0.0,0.0,832,0.152374267578125,832,0.17277733981609344
0.02006595954298973,0.0,0.0,0.0,0.0,833,0.15249715745449066,833,0.17256313562393188
0.02123327925801277,0.0,0.0,0.0,0.0,834,0.15115796029567719,834,0.17239123582839966
0.02246568538248539,0.0,0.0,0.0,0.0,835,0.1501362919807434,835,0.17260198295116425
0.020759105682373047,0.0,0.0,0.0,0.0,836,0.15126629173755646,836,0.1720253974199295
0.02040720358490944,0.0,0.0,0.0,0.0,837,0.15145324170589447,837,0.17186042666435242
0.021623961627483368,0.0,0.0,0.0,0.0,838,0.15038740634918213,838,0.1720113754272461
0.022015362977981567,0.0,0.0,0.0,0.0,839,0.1498226672410965,839,0.17183803021907806
0.021304115653038025,0.0,0.0,0.0,0.0,840,0.15030905604362488,840,0.1716131865978241
0.020498154684901237,0.0,0.0,0.0,0.0,841,0.15062658488750458,841,0.17112474143505096
0.021284518763422966,0.0,0.0,0.0,0.0,842,0.1496322602033615,842,0.17091679573059082
0.022176148369908333,0.0,0.0,0.0,0.0,843,0.1486610621213913,843,0.1708371937274933
0.021398959681391716,0.0,0.0,0.0,0.0,844,0.14884619414806366,844,0.17024515569210052
0.02015915885567665,0.0,0.0,0.0,0.0,845,0.1496470421552658,845,0.16980619728565216
0.020935669541358948,0.0,0.0,0.0,0.0,846,0.1490832269191742,846,0.17001889646053314
0.021170953288674355,0.0,0.0,0.0,0.0,847,0.1489275097846985,847,0.1700984686613083
0.020892662927508354,0.0,0.0,0.0,0.0,848,0.14959636330604553,848,0.17048902809619904
0.02056356519460678,0.0,0.0,0.0,0.0,849,0.14987298846244812,849,0.1704365611076355
0.0211638156324625,0.0,0.0,0.0,0.0,850,0.14867281913757324,850,0.1698366403579712
0.022020243108272552,0.0,0.0,0.0,0.0,851,0.14782559871673584,851,0.169845849275589
0.022373730316758156,0.0,0.0,0.0,0.0,852,0.14736364781856537,852,0.16973738372325897
0.022323446348309517,0.0,0.0,0.0,0.0,853,0.14753073453903198,853,0.16985417902469635
0.021283680573105812,0.0,0.0,0.0,0.0,854,0.14797741174697876,854,0.16926109790802002
0.021466504782438278,0.0,0.0,0.0,0.0,855,0.14741361141204834,855,0.16888011991977692
0.022218232974410057,0.0,0.0,0.0,0.0,856,0.14621210098266602,856,0.16843032836914062
0.022834325209259987,0.0,0.0,0.0,0.0,857,0.1454310417175293,857,0.16826537251472473
0.022504188120365143,0.0,0.0,0.0,0.0,858,0.146187886595726,858,0.16869208216667175
0.02198215201497078,0.0,0.0,0.0,0.0,859,0.14674776792526245,859,0.16872991621494293
0.021346038207411766,0.0,0.0,0.0,0.0,860,0.14755144715309143,860,0.16889747977256775
0.02114105224609375,0.0,0.0,0.0,0.0,861,0.14758948981761932,861,0.16873054206371307
0.022484540939331055,0.0,0.0,0.0,0.0,862,0.14690594375133514,862,0.1693904846906662
0.022884445264935493,0.0,0.0,0.0,0.0,863,0.146256685256958,863,0.16914112865924835
0.022266848012804985,0.0,0.0,0.0,0.0,864,0.1461586207151413,864,0.16842547059059143
0.022709475830197334,0.0,0.0,0.0,0.0,865,0.14554663002490997,865,0.16825610399246216
0.02286151796579361,0.0,0.0,0.0,0.0,866,0.1451132893562317,866,0.1679747998714447
0.02204812318086624,0.0,0.0,0.0,0.0,867,0.14499451220035553,867,0.16704264283180237
0.02177807316184044,0.0,0.0,0.0,0.0,868,0.14488820731639862,868,0.16666628420352936
0.021776122972369194,0.0,0.0,0.0,0.0,869,0.14482077956199646,869,0.1665969043970108
0.021698903292417526,0.0,0.0,0.0,0.0,870,0.14461758732795715,870,0.16631649434566498
0.02158830314874649,0.0,0.0,0.0,0.0,871,0.14454197883605957,871,0.16613027453422546
0.02139265462756157,0.0,0.0,0.0,0.0,872,0.14452652633190155,872,0.16591918468475342
0.02164439670741558,0.0,0.0,0.0,0.0,873,0.1446777880191803,873,0.16632218658924103
0.02228635922074318,0.0,0.0,0.0,0.0,874,0.14370819926261902,874,0.1659945547580719
0.023174738511443138,0.0,0.0,0.0,0.0,875,0.14285358786582947,875,0.16602832078933716
0.022954197600483894,0.0,0.0,0.0,0.0,876,0.14359420537948608,876,0.16654840111732483
0.02093900926411152,0.0,0.0,0.0,0.0,877,0.14462730288505554,877,0.1655663102865219
0.021487129852175713,0.0,0.0,0.0,0.0,878,0.14416272938251495,878,0.16564986109733582
0.022074295207858086,0.0,0.0,0.0,0.0,879,0.14284302294254303,879,0.16491732001304626
0.021947775036096573,0.0,0.0,0.0,0.0,880,0.1427590698003769,880,0.16470684111118317
0.02148503065109253,0.0,0.0,0.0,0.0,881,0.14332129061222076,881,0.1648063212633133
0.021125683560967445,0.0,0.0,0.0,0.0,882,0.14380760490894318,882,0.16493329405784607
0.021320903673768044,0.0,0.0,0.0,0.0,883,0.14315848052501678,883,0.16447938978672028
0.021851448342204094,0.0,0.0,0.0,0.0,884,0.14231273531913757,884,0.16416418552398682
0.021676162257790565,0.0,0.0,0.0,0.0,885,0.14176441729068756,885,0.16344058513641357
0.022643856704235077,0.0,0.0,0.0,0.0,886,0.1415024846792221,886,0.16414634883403778
0.022464850917458534,0.0,0.0,0.0,0.0,887,0.14161932468414307,887,0.16408418118953705
0.022606322541832924,0.0,0.0,0.0,0.0,888,0.14166757464408875,888,0.16427390277385712
0.02323000319302082,0.0,0.0,0.0,0.0,889,0.14076930284500122,889,0.1639993041753769
0.022947991266846657,0.0,0.0,0.0,0.0,890,0.13993410766124725,890,0.16288208961486816
0.02382608875632286,0.0,0.0,0.0,0.0,891,0.13961774110794067,891,0.16344383358955383
0.022091621533036232,0.0,0.0,0.0,0.0,892,0.14056311547756195,892,0.16265474259853363
0.02371971681714058,0.0,0.0,0.0,0.0,893,0.13978928327560425,893,0.16350899636745453
0.02445909194648266,0.0,0.0,0.0,0.0,894,0.13874442875385284,894,0.16320352256298065
0.02403692714869976,0.0,0.0,0.0,0.0,895,0.13902005553245544,895,0.16305698454380035
0.02271815575659275,0.0,0.0,0.0,0.0,896,0.13945378363132477,896,0.16217194497585297
0.023132409900426865,0.0,0.0,0.0,0.0,897,0.1393335908651352,897,0.16246600449085236
0.02274666540324688,0.0,0.0,0.0,0.0,898,0.1395818442106247,898,0.16232851147651672
0.021967312321066856,0.0,0.0,0.0,0.0,899,0.13981664180755615,899,0.16178394854068756
0.02228732779622078,0.0,0.0,0.0,0.0,900,0.13971814513206482,900,0.1620054692029953
0.02166934125125408,0.0,0.0,0.0,0.0,901,0.14031878113746643,901,0.16198812425136566
0.02101714164018631,0.0,0.0,0.0,0.0,902,0.14044634997844696,902,0.16146349906921387
0.021649694070219994,0.0,0.0,0.0,0.0,903,0.13988672196865082,903,0.16153641045093536
0.022014813497662544,0.0,0.0,0.0,0.0,904,0.13865844905376434,904,0.16067326068878174
0.021269939839839935,0.0,0.0,0.0,0.0,905,0.13892978429794312,905,0.16019973158836365
0.021637313067913055,0.0,0.0,0.0,0.0,906,0.13879255950450897,906,0.16042986512184143
0.021737148985266685,0.0,0.0,0.0,0.0,907,0.1383667290210724,907,0.16010387241840363
0.022395925596356392,0.0,0.0,0.0,0.0,908,0.1376144140958786,908,0.16001033782958984
0.022123314440250397,0.0,0.0,0.0,0.0,909,0.13763417303562164,909,0.15975749492645264
0.022019384428858757,0.0,0.0,0.0,0.0,910,0.13707689940929413,910,0.15909628570079803
0.022959474474191666,0.0,0.0,0.0,0.0,911,0.13631106913089752,911,0.1592705398797989
0.022130999714136124,0.0,0.0,0.0,0.0,912,0.13745465874671936,912,0.15958565473556519
0.02137928456068039,0.0,0.0,0.0,0.0,913,0.13746891915798187,913,0.15884819626808167
0.0238010473549366,0.0,0.0,0.0,0.0,914,0.13578327000141144,914,0.15958431363105774
0.023438459262251854,0.0,0.0,0.0,0.0,915,0.13570988178253174,915,0.15914833545684814
0.02215413749217987,0.0,0.0,0.0,0.0,916,0.13640546798706055,916,0.15855960547924042
0.022063670679926872,0.0,0.0,0.0,0.0,917,0.13638751208782196,917,0.15845118463039398
0.022045033052563667,0.0,0.0,0.0,0.0,918,0.13599857687950134,918,0.15804360806941986
0.021492568776011467,0.0,0.0,0.0,0.0,919,0.1360558718442917,919,0.1575484424829483
0.022968493402004242,0.0,0.0,0.0,0.0,920,0.13524603843688965,920,0.1582145392894745
0.023044446483254433,0.0,0.0,0.0,0.0,921,0.13471096754074097,921,0.15775541961193085
0.023242078721523285,0.0,0.0,0.0,0.0,922,0.13454678654670715,922,0.15778887271881104
0.024088818579912186,0.0,0.0,0.0,0.0,923,0.1346009373664856,923,0.15868975222110748
0.023976752534508705,0.0,0.0,0.0,0.0,924,0.134330153465271,924,0.15830691158771515
0.02463517338037491,0.0,0.0,0.0,0.0,925,0.13409528136253357,925,0.15873044729232788
0.022451629862189293,0.0,0.0,0.0,0.0,926,0.13554984331130981,926,0.15800146758556366
0.021925579756498337,0.0,0.0,0.0,0.0,927,0.13666945695877075,927,0.1585950404405594
0.021209856495261192,0.0,0.0,0.0,0.0,928,0.13640044629573822,928,0.15761029720306396
0.023164253681898117,0.0,0.0,0.0,0.0,929,0.13446159660816193,929,0.15762585401535034
0.02489214576780796,0.0,0.0,0.0,0.0,930,0.133684441447258,930,0.1585765928030014
0.02312805876135826,0.0,0.0,0.0,0.0,931,0.13322657346725464,931,0.1563546359539032
0.022032475098967552,0.0,0.0,0.0,0.0,932,0.1334346979856491,932,0.1554671823978424
0.02361294999718666,0.0,0.0,0.0,0.0,933,0.1318940818309784,933,0.15550702810287476
0.023559976369142532,0.0,0.0,0.0,0.0,934,0.13164156675338745,934,0.15520153939723969
0.026409238576889038,0.0,0.0,0.0,0.0,935,0.1323927491903305,935,0.15880198776721954
0.023394081741571426,0.0,0.0,0.0,0.0,936,0.13498862087726593,936,0.15838269889354706
0.022367283701896667,0.0,0.0,0.0,0.0,937,0.1356469988822937,937,0.15801428258419037
0.022194067016243935,0.0,0.0,0.0,0.0,938,0.1340230405330658,938,0.15621711313724518
0.023459115996956825,0.0,0.0,0.0,0.0,939,0.13138297200202942,939,0.1548420935869217
0.023975618183612823,0.0,0.0,0.0,0.0,940,0.13075187802314758,940,0.1547274887561798
0.020265892148017883,0.0,0.0,0.0,0.0,941,0.1334417313337326,941,0.1537076234817505
0.019193431362509727,0.0,0.0,0.0,0.0,942,0.13435550034046173,942,0.153548926115036
0.022339962422847748,0.0,0.0,0.0,0.0,943,0.13210491836071014,943,0.1544448733329773
0.023868991062045097,0.0,0.0,0.0,0.0,944,0.1302841454744339,944,0.15415313839912415
0.02640465460717678,0.0,0.0,0.0,0.0,945,0.13051791489124298,945,0.15692256391048431
0.023077944293618202,0.0,0.0,0.0,0.0,946,0.13078953325748444,946,0.15386748313903809
0.023490970954298973,0.0,0.0,0.0,0.0,947,0.13056039810180664,947,0.15405136346817017
0.02422958053648472,0.0,0.0,0.0,0.0,948,0.12976090610027313,948,0.1539904922246933
0.02548464946448803,0.0,0.0,0.0,0.0,949,0.12911555171012878,949,0.15460020303726196
0.024267366155982018,0.0,0.0,0.0,0.0,950,0.1301300823688507,950,0.15439745783805847
0.023368481546640396,0.0,0.0,0.0,0.0,951,0.13141724467277527,951,0.15478572249412537
0.023557918146252632,0.0,0.0,0.0,0.0,952,0.13179481029510498,952,0.15535272657871246
0.024124417454004288,0.0,0.0,0.0,0.0,953,0.13143359124660492,953,0.1555580049753189
0.02376451902091503,0.0,0.0,0.0,0.0,954,0.1310117244720459,954,0.15477624535560608
0.02384095825254917,0.0,0.0,0.0,0.0,955,0.13046249747276306,955,0.15430346131324768
0.02195829339325428,0.0,0.0,0.0,0.0,956,0.13007742166519165,956,0.15203571319580078
0.021953269839286804,0.0,0.0,0.0,0.0,957,0.1292116940021515,957,0.1511649638414383
0.02395784668624401,0.0,0.0,0.0,0.0,958,0.1283312290906906,958,0.15228907763957977
0.023574799299240112,0.0,0.0,0.0,0.0,959,0.1291588693857193,959,0.1527336686849594
0.021738722920417786,0.0,0.0,0.0,0.0,960,0.1300317645072937,960,0.1517704874277115
0.023468952625989914,0.0,0.0,0.0,0.0,961,0.12917488813400269,961,0.1526438444852829
0.02576179802417755,0.0,0.0,0.0,0.0,962,0.12592019140720367,962,0.15168198943138123
0.027917228639125824,0.0,0.0,0.0,0.0,963,0.12358970195055008,963,0.1515069305896759
0.025824572890996933,0.0,0.0,0.0,0.0,964,0.12534967064857483,964,0.15117424726486206
0.024666201323270798,0.0,0.0,0.0,0.0,965,0.12782776355743408,965,0.15249396860599518
0.022564224898815155,0.0,0.0,0.0,0.0,966,0.1289542317390442,966,0.15151846408843994
0.023698223754763603,0.0,0.0,0.0,0.0,967,0.12800626456737518,967,0.15170449018478394
0.023762637749314308,0.0,0.0,0.0,0.0,968,0.12669169902801514,968,0.1504543423652649
0.02453579381108284,0.0,0.0,0.0,0.0,969,0.1257975548505783,969,0.15033334493637085
0.02447107620537281,0.0,0.0,0.0,0.0,970,0.1269170492887497,970,0.15138812363147736
0.0240769162774086,0.0,0.0,0.0,0.0,971,0.12902382016181946,971,0.15310072898864746
0.02247503586113453,0.0,0.0,0.0,0.0,972,0.12996730208396912,972,0.1524423360824585
0.023209761828184128,0.0,0.0,0.0,0.0,973,0.12750601768493652,973,0.15071578323841095
0.02460152469575405,0.0,0.0,0.0,0.0,974,0.12478369474411011,974,0.1493852138519287
0.024213027209043503,0.0,0.0,0.0,0.0,975,0.1241874098777771,975,0.1484004408121109
0.022790906950831413,0.0,0.0,0.0,0.0,976,0.12564969062805176,976,0.14844059944152832
0.021860016509890556,0.0,0.0,0.0,0.0,977,0.1262211799621582,977,0.1480811983346939
0.023035816848278046,0.0,0.0,0.0,0.0,978,0.12487465143203735,978,0.147910475730896
0.024656815454363823,0.0,0.0,0.0,0.0,979,0.12350691854953766,979,0.14816373586654663
0.023884056136012077,0.0,0.0,0.0,0.0,980,0.12393293529748917,980,0.1478169858455658
0.02253209613263607,0.0,0.0,0.0,0.0,981,0.12510009109973907,981,0.1476321816444397
0.022375276312232018,0.0,0.0,0.0,0.0,982,0.12485240399837494,982,0.1472276747226715
0.024404456838965416,0.0,0.0,0.0,0.0,983,0.12320701777935028,983,0.14761148393154144
0.025776339694857597,0.0,0.0,0.0,0.0,984,0.12246246635913849,984,0.14823880791664124
0.02361823245882988,0.0,0.0,0.0,0.0,985,0.12373977899551392,985,0.1473580151796341
0.022110966965556145,0.0,0.0,0.0,0.0,986,0.12480764091014862,986,0.14691859483718872
0.022575920447707176,0.0,0.0,0.0,0.0,987,0.12439179420471191,987,0.14696770906448364
0.023450728505849838,0.0,0.0,0.0,0.0,988,0.12437736988067627,988,0.1478281021118164
0.02238743007183075,0.0,0.0,0.0,0.0,989,0.1251722276210785,989,0.14755965769290924
0.022313160821795464,0.0,0.0,0.0,0.0,990,0.12556040287017822,990,0.14787356555461884
0.023313134908676147,0.0,0.0,0.0,0.0,991,0.12431081384420395,991,0.1476239562034607
0.02327500842511654,0.0,0.0,0.0,0.0,992,0.1228097602725029,992,0.14608478546142578
0.024836841970682144,0.0,0.0,0.0,0.0,993,0.12119663506746292,993,0.14603348076343536
0.025866178795695305,0.0,0.0,0.0,0.0,994,0.12077963352203369,994,0.14664581418037415
0.02366899698972702,0.0,0.0,0.0,0.0,995,0.12183906137943268,995,0.1455080509185791
0.021532142534852028,0.0,0.0,0.0,0.0,996,0.12324229627847672,996,0.1447744369506836
0.025012226775288582,0.0,0.0,0.0,0.0,997,0.12186937779188156,997,0.1468815952539444
0.023849450051784515,0.0,0.0,0.0,0.0,998,0.12152322381734848,998,0.145372673869133
0.024857526645064354,0.0,0.0,0.0,0.0,999,0.12003534287214279,999,0.1448928713798523
0.02553902380168438,0.0,0.0,0.0,0.0,1000,0.1194227933883667,1000,0.14496181905269623
0.02565564028918743,0.0,0.0,0.0,0.0,1001,0.11947125941514969,1001,0.14512690901756287
0.02449975535273552,0.0,0.0,0.0,0.0,1002,0.12160322070121765,1002,0.14610297977924347
0.023067347705364227,0.0,0.0,0.0,0.0,1003,0.12389714270830154,1003,0.14696449041366577
0.023560769855976105,0.0,0.0,0.0,0.0,1004,0.12435991317033768,1004,0.14792068302631378
0.024527600035071373,0.0,0.0,0.0,0.0,1005,0.1227821633219719,1005,0.14730976521968842
0.024663951247930527,0.0,0.0,0.0,0.0,1006,0.12055684626102448,1006,0.1452208012342453
0.023583468049764633,0.0,0.0,0.0,0.0,1007,0.1188076063990593,1007,0.14239107072353363
0.024762719869613647,0.0,0.0,0.0,0.0,1008,0.11810595542192459,1008,0.14286868274211884
0.023150624707341194,0.0,0.0,0.0,0.0,1009,0.11947110295295715,1009,0.1426217257976532
0.021562157198786736,0.0,0.0,0.0,0.0,1010,0.12095306068658829,1010,0.14251521229743958
0.022210130468010902,0.0,0.0,0.0,0.0,1011,0.1211666390299797,1011,0.14337676763534546
0.02523045428097248,0.0,0.0,0.0,0.0,1012,0.12028054147958755,1012,0.14551100134849548
0.02637845277786255,0.0,0.0,0.0,0.0,1013,0.11798650771379471,1013,0.14436496794223785
0.02756381407380104,0.0,0.0,0.0,0.0,1014,0.11636116355657578,1014,0.14392498135566711
0.02387170121073723,0.0,0.0,0.0,0.0,1015,0.11709332466125488,1015,0.1409650295972824
0.022828172892332077,0.0,0.0,0.0,0.0,1016,0.11911377310752869,1016,0.14194194972515106
0.02184414491057396,0.0,0.0,0.0,0.0,1017,0.12032226473093033,1017,0.142166405916214
0.022656751796603203,0.0,0.0,0.0,0.0,1018,0.11939738690853119,1018,0.14205414056777954
0.02431308664381504,0.0,0.0,0.0,0.0,1019,0.11792512238025665,1019,0.14223821461200714
0.026352504268288612,0.0,0.0,0.0,0.0,1020,0.11825935542583466,1020,0.14461186528205872
0.02342875488102436,0.0,0.0,0.0,0.0,1021,0.12091279774904251,1021,0.14434155821800232
0.022025346755981445,0.0,0.0,0.0,0.0,1022,0.12185310572385788,1022,0.14387845993041992
0.023769129067659378,0.0,0.0,0.0,0.0,1023,0.11904177814722061,1023,0.1428109109401703
0.026409568265080452,0.0,0.0,0.0,0.0,1024,0.11595694720745087,1024,0.14236652851104736
0.02525019831955433,0.0,0.0,0.0,0.0,1025,0.11608035117387772,1025,0.1413305550813675
0.02276814728975296,0.0,0.0,0.0,0.0,1026,0.11779391765594482,1026,0.1405620574951172
0.021317455917596817,0.0,0.0,0.0,0.0,1027,0.11822596937417984,1027,0.13954342901706696
0.022268468514084816,0.0,0.0,0.0,0.0,1028,0.11619812250137329,1028,0.13846659660339355
0.025340130552649498,0.0,0.0,0.0,0.0,1029,0.11316195875406265,1029,0.1385020911693573
0.0265713632106781,0.0,0.0,0.0,0.0,1030,0.11251266300678253,1030,0.13908402621746063
0.02368275262415409,0.0,0.0,0.0,0.0,1031,0.11483119428157806,1031,0.1385139524936676
0.02257826179265976,0.0,0.0,0.0,0.0,1032,0.11678611487150192,1032,0.1393643617630005
0.024159474298357964,0.0,0.0,0.0,0.0,1033,0.116985023021698,1033,0.1411444991827011
0.023752978071570396,0.0,0.0,0.0,0.0,1034,0.11746232211589813,1034,0.14121529459953308
0.02385411411523819,0.0,0.0,0.0,0.0,1035,0.11805225908756256,1035,0.14190638065338135
0.023211108520627022,0.0,0.0,0.0,0.0,1036,0.11821632087230682,1036,0.1414274275302887
0.02333027683198452,0.0,0.0,0.0,0.0,1037,0.1176573783159256,1037,0.14098764955997467
0.02253207564353943,0.0,0.0,0.0,0.0,1038,0.11706923693418503,1038,0.13960130512714386
0.02635631524026394,0.0,0.0,0.0,0.0,1039,0.11608864367008209,1039,0.14244495332241058
0.025715289637446404,0.0,0.0,0.0,0.0,1040,0.1169612854719162,1040,0.14267657697200775
0.021828381344676018,0.0,0.0,0.0,0.0,1041,0.11870413273572922,1041,0.1405325084924698
0.02030899189412594,0.0,0.0,0.0,0.0,1042,0.11887839436531067,1042,0.13918738067150116
0.021541239693760872,0.0,0.0,0.0,0.0,1043,0.11629871279001236,1043,0.13783995807170868
0.024419449269771576,0.0,0.0,0.0,0.0,1044,0.11248870193958282,1044,0.1369081437587738
0.026411114260554314,0.0,0.0,0.0,0.0,1045,0.11100293695926666,1045,0.13741406798362732
0.024433128535747528,0.0,0.0,0.0,0.0,1046,0.11229777336120605,1046,0.13673090934753418
0.021731127053499222,0.0,0.0,0.0,0.0,1047,0.11441774666309357,1047,0.1361488699913025
0.021784452721476555,0.0,0.0,0.0,0.0,1048,0.11566885560750961,1048,0.13745330274105072
0.022008145228028297,0.0,0.0,0.0,0.0,1049,0.11551208794116974,1049,0.1375202238559723
0.02221236750483513,0.0,0.0,0.0,0.0,1050,0.11329101771116257,1050,0.1355033814907074
0.02640652284026146,0.0,0.0,0.0,0.0,1051,0.1104820966720581,1051,0.13688862323760986
0.027799880132079124,0.0,0.0,0.0,0.0,1052,0.10938464105129242,1052,0.1371845155954361
0.02903255634009838,0.0,0.0,0.0,0.0,1053,0.11045027524232864,1053,0.13948282599449158
0.025939738377928734,0.0,0.0,0.0,0.0,1054,0.11541929095983505,1054,0.14135903120040894
0.02250995859503746,0.0,0.0,0.0,0.0,1055,0.12007692456245422,1055,0.14258688688278198
0.021977895870804787,0.0,0.0,0.0,0.0,1056,0.12031955271959305,1056,0.14229744672775269
0.022712813690304756,0.0,0.0,0.0,0.0,1057,0.11600720137357712,1057,0.13872002065181732
0.029595352709293365,0.0,0.0,0.0,0.0,1058,0.11057883501052856,1058,0.14017418026924133
0.028625335544347763,0.0,0.0,0.0,0.0,1059,0.10947641730308533,1059,0.1381017565727234
0.02436334826052189,0.0,0.0,0.0,0.0,1060,0.11209060996770859,1060,0.13645395636558533
0.023024747148156166,0.0,0.0,0.0,0.0,1061,0.11394929140806198,1061,0.136974036693573
0.02268204838037491,0.0,0.0,0.0,0.0,1062,0.11320057511329651,1062,0.13588261604309082
0.02604830078780651,0.0,0.0,0.0,0.0,1063,0.11039943248033524,1063,0.1364477276802063
0.02646482177078724,0.0,0.0,0.0,0.0,1064,0.1084694042801857,1064,0.1349342316389084
0.02389685809612274,0.0,0.0,0.0,0.0,1065,0.109604112803936,1065,0.13350097835063934
0.02287626825273037,0.0,0.0,0.0,0.0,1066,0.11164713650941849,1066,0.134523406624794
0.021220305934548378,0.0,0.0,0.0,0.0,1067,0.1142326146364212,1067,0.13545292615890503
0.020287612453103065,0.0,0.0,0.0,0.0,1068,0.11565710604190826,1068,0.13594472408294678
0.020071102306246758,0.0,0.0,0.0,0.0,1069,0.11532138288021088,1069,0.13539248704910278
0.021645111963152885,0.0,0.0,0.0,0.0,1070,0.11271946877241135,1070,0.13436457514762878
0.024559199810028076,0.0,0.0,0.0,0.0,1071,0.11023927479982376,1071,0.13479846715927124
0.02391376718878746,0.0,0.0,0.0,0.0,1072,0.10925112664699554,1072,0.1331648975610733
0.02407160773873329,0.0,0.0,0.0,0.0,1073,0.10941922664642334,1073,0.13349083065986633
0.023864371702075005,0.0,0.0,0.0,0.0,1074,0.110288105905056,1074,0.13415247201919556
0.02337789721786976,0.0,0.0,0.0,0.0,1075,0.11065642535686493,1075,0.13403432071208954
0.024388592690229416,0.0,0.0,0.0,0.0,1076,0.11000558733940125,1076,0.13439418375492096
0.024968057870864868,0.0,0.0,0.0,0.0,1077,0.109175905585289,1077,0.13414396345615387
0.02474488504230976,0.0,0.0,0.0,0.0,1078,0.10867304354906082,1078,0.13341793417930603
0.025124860927462578,0.0,0.0,0.0,0.0,1079,0.10772136598825455,1079,0.13284622132778168
0.02573339082300663,0.0,0.0,0.0,0.0,1080,0.10694406181573868,1080,0.13267745077610016
0.027560386806726456,0.0,0.0,0.0,0.0,1081,0.10649086534976959,1081,0.13405124843120575
0.02624368853867054,0.0,0.0,0.0,0.0,1082,0.10630563646554947,1082,0.13254931569099426
0.026255661621689796,0.0,0.0,0.0,0.0,1083,0.10581230372190475,1083,0.1320679634809494
0.027326205745339394,0.0,0.0,0.0,0.0,1084,0.10468339174985886,1084,0.1320095956325531
0.027495145797729492,0.0,0.0,0.0,0.0,1085,0.1041252464056015,1085,0.131620392203331
0.02855827286839485,0.0,0.0,0.0,0.0,1086,0.10474038869142532,1086,0.13329866528511047
0.02700607292354107,0.0,0.0,0.0,0.0,1087,0.10742077976465225,1087,0.13442684710025787
0.024920500814914703,0.0,0.0,0.0,0.0,1088,0.11130067706108093,1088,0.13622117042541504
0.02361508086323738,0.0,0.0,0.0,0.0,1089,0.1142762079834938,1089,0.13789129257202148
0.02209363877773285,0.0,0.0,0.0,0.0,1090,0.11472520232200623,1090,0.13681882619857788
0.022587474435567856,0.0,0.0,0.0,0.0,1091,0.1121760681271553,1091,0.13476353883743286
0.02214667573571205,0.0,0.0,0.0,0.0,1092,0.10822100937366486,1092,0.1303676813840866
0.023733772337436676,0.0,0.0,0.0,0.0,1093,0.10392292588949203,1093,0.1276566982269287
0.02610377036035061,0.0,0.0,0.0,0.0,1094,0.10175646841526031,1094,0.12786023318767548
0.024218345060944557,0.0,0.0,0.0,0.0,1095,0.10347956418991089,1095,0.1276979148387909
0.02030540257692337,0.0,0.0,0.0,0.0,1096,0.10747895389795303,1096,0.1277843564748764
0.020335327833890915,0.0,0.0,0.0,0.0,1097,0.10959465801715851,1097,0.12992998957633972
0.019357725977897644,0.0,0.0,0.0,0.0,1098,0.10925894230604172,1098,0.12861666083335876
0.021830568090081215,0.0,0.0,0.0,0.0,1099,0.10648271441459656,1099,0.12831328809261322
0.022988228127360344,0.0,0.0,0.0,0.0,1100,0.10473236441612244,1100,0.12772059440612793
0.02299191989004612,0.0,0.0,0.0,0.0,1101,0.10504776239395142,1101,0.12803968787193298
0.02007330395281315,0.0,0.0,0.0,0.0,1102,0.10742462426424026,1102,0.12749792635440826
0.01910123974084854,0.0,0.0,0.0,0.0,1103,0.10898405313491821,1103,0.12808528542518616
0.018949000164866447,0.0,0.0,0.0,0.0,1104,0.10891538858413696,1104,0.12786439061164856
0.02038680948317051,0.0,0.0,0.0,0.0,1105,0.10719290375709534,1105,0.1275797188282013
0.022011790424585342,0.0,0.0,0.0,0.0,1106,0.10532914102077484,1106,0.12734092772006989
0.021959958598017693,0.0,0.0,0.0,0.0,1107,0.10507393628358841,1107,0.12703388929367065
0.020920230075716972,0.0,0.0,0.0,0.0,1108,0.10578125715255737,1108,0.1267014890909195
0.02216203883290291,0.0,0.0,0.0,0.0,1109,0.10654689371585846,1109,0.12870892882347107
0.022014567628502846,0.0,0.0,0.0,0.0,1110,0.10743425786495209,1110,0.1294488161802292
0.021513627842068672,0.0,0.0,0.0,0.0,1111,0.10769294947385788,1111,0.129206582903862
0.023733096197247505,0.0,0.0,0.0,0.0,1112,0.10661722719669342,1112,0.13035032153129578
0.020753176882863045,0.0,0.0,0.0,0.0,1113,0.10572251677513123,1113,0.12647569179534912
0.02226921357214451,0.0,0.0,0.0,0.0,1114,0.10413054376840591,1114,0.12639975547790527
0.02309528924524784,0.0,0.0,0.0,0.0,1115,0.10274017602205276,1115,0.12583546340465546
0.024217436090111732,0.0,0.0,0.0,0.0,1116,0.10131891071796417,1116,0.12553635239601135
0.023618074133992195,0.0,0.0,0.0,0.0,1117,0.10108627378940582,1117,0.12470434606075287
0.022684600204229355,0.0,0.0,0.0,0.0,1118,0.10067639499902725,1118,0.12336099147796631
0.02355693094432354,0.0,0.0,0.0,0.0,1119,0.09993204474449158,1119,0.12348898500204086
0.023669129237532616,0.0,0.0,0.0,0.0,1120,0.09950286895036697,1120,0.12317200005054474
0.023686744272708893,0.0,0.0,0.0,0.0,1121,0.09966485947370529,1121,0.12335159629583359
0.02277172915637493,0.0,0.0,0.0,0.0,1122,0.10007988661527634,1122,0.12285161018371582
0.023313162848353386,0.0,0.0,0.0,0.0,1123,0.10033193975687027,1123,0.1236451044678688
0.023572182282805443,0.0,0.0,0.0,0.0,1124,0.10079865157604218,1124,0.12437083572149277
0.023700127378106117,0.0,0.0,0.0,0.0,1125,0.10171347111463547,1125,0.12541359663009644
0.022139646112918854,0.0,0.0,0.0,0.0,1126,0.10275766253471375,1126,0.124897301197052
0.022233212366700172,0.0,0.0,0.0,0.0,1127,0.1028725653886795,1127,0.12510578334331512
0.022447191178798676,0.0,0.0,0.0,0.0,1128,0.10234493017196655,1128,0.12479212135076523
0.023180995136499405,0.0,0.0,0.0,0.0,1129,0.10116329044103622,1129,0.12434428930282593
0.025137504562735558,0.0,0.0,0.0,0.0,1130,0.09988901019096375,1130,0.12502650916576385
0.024964401498436928,0.0,0.0,0.0,0.0,1131,0.0999034196138382,1131,0.12486782670021057
0.02405714988708496,0.0,0.0,0.0,0.0,1132,0.1013524979352951,1132,0.12540964782238007
0.02091537043452263,0.0,0.0,0.0,0.0,1133,0.10363779962062836,1133,0.12455317378044128
0.021044693887233734,0.0,0.0,0.0,0.0,1134,0.10403069853782654,1134,0.12507539987564087
0.02061840519309044,0.0,0.0,0.0,0.0,1135,0.10306137800216675,1135,0.12367978692054749
0.02456519566476345,0.0,0.0,0.0,0.0,1136,0.0998222678899765,1136,0.1243874579668045
0.025173373520374298,0.0,0.0,0.0,0.0,1137,0.0987059623003006,1137,0.1238793358206749
0.023899272084236145,0.0,0.0,0.0,0.0,1138,0.09986335039138794,1138,0.12376262247562408
0.02062039263546467,0.0,0.0,0.0,0.0,1139,0.10233738273382187,1139,0.12295777350664139
0.02085636556148529,0.0,0.0,0.0,0.0,1140,0.10281313955783844,1140,0.12366950511932373
0.020086782053112984,0.0,0.0,0.0,0.0,1141,0.10208288580179214,1141,0.12216966599225998
0.01973775215446949,0.0,0.0,0.0,0.0,1142,0.10012926906347275,1142,0.11986701190471649
0.02217455580830574,0.0,0.0,0.0,0.0,1143,0.09813835471868515,1143,0.12031291425228119
0.021711740642786026,0.0,0.0,0.0,0.0,1144,0.0984819233417511,1144,0.12019366770982742
0.02119940146803856,0.0,0.0,0.0,0.0,1145,0.10020855814218521,1145,0.12140795588493347
0.020772403106093407,0.0,0.0,0.0,0.0,1146,0.10252845287322998,1146,0.12330086529254913
0.019586613401770592,0.0,0.0,0.0,0.0,1147,0.103437639772892,1147,0.12302424758672714
0.020204730331897736,0.0,0.0,0.0,0.0,1148,0.10249050706624985,1148,0.12269524484872818
0.019766857847571373,0.0,0.0,0.0,0.0,1149,0.10024604201316833,1149,0.12001290172338486
0.022546842694282532,0.0,0.0,0.0,0.0,1150,0.09762974083423615,1150,0.12017658352851868
0.023165112361311913,0.0,0.0,0.0,0.0,1151,0.09712333232164383,1151,0.1202884390950203
0.02117827907204628,0.0,0.0,0.0,0.0,1152,0.09833794087171555,1152,0.11951622366905212
0.020046941936016083,0.0,0.0,0.0,0.0,1153,0.09977413713932037,1153,0.11982107907533646
0.02033083327114582,0.0,0.0,0.0,0.0,1154,0.09857475012540817,1154,0.11890558153390884
0.022302256897091866,0.0,0.0,0.0,0.0,1155,0.09601593762636185,1155,0.11831820011138916
0.027127692475914955,0.0,0.0,0.0,0.0,1156,0.09447275102138519,1156,0.1216004341840744
0.024861907586455345,0.0,0.0,0.0,0.0,1157,0.09582051634788513,1157,0.12068242579698563
0.024648144841194153,0.0,0.0,0.0,0.0,1158,0.09809821844100952,1158,0.12274635583162308
0.023307515308260918,0.0,0.0,0.0,0.0,1159,0.10042063146829605,1159,0.12372815608978271
0.021678181365132332,0.0,0.0,0.0,0.0,1160,0.10199650377035141,1160,0.12367468327283859
0.021133484318852425,0.0,0.0,0.0,0.0,1161,0.10189362615346909,1161,0.12302710860967636
0.01928267627954483,0.0,0.0,0.0,0.0,1162,0.09956777095794678,1162,0.11885044723749161
0.023841802030801773,0.0,0.0,0.0,0.0,1163,0.09511828422546387,1163,0.11896008253097534
0.024824680760502815,0.0,0.0,0.0,0.0,1164,0.09258127957582474,1164,0.1174059584736824
0.023702310398221016,0.0,0.0,0.0,0.0,1165,0.09339060634374619,1165,0.11709292232990265
0.021956339478492737,0.0,0.0,0.0,0.0,1166,0.09627793729305267,1166,0.11823427677154541
0.020480113103985786,0.0,0.0,0.0,0.0,1167,0.09876510500907898,1167,0.11924521625041962
0.020195292308926582,0.0,0.0,0.0,0.0,1168,0.09888182580471039,1168,0.11907711625099182
0.022245269268751144,0.0,0.0,0.0,0.0,1169,0.0966423824429512,1169,0.11888764798641205
0.023996731266379356,0.0,0.0,0.0,0.0,1170,0.09422319382429123,1170,0.11821992695331573
0.022330619394779205,0.0,0.0,0.0,0.0,1171,0.09319160878658295,1171,0.11552222818136215
0.022470775991678238,0.0,0.0,0.0,0.0,1172,0.09313731640577316,1172,0.1156080961227417
0.02600552700459957,0.0,0.0,0.0,0.0,1173,0.09421836584806442,1173,0.12022388726472855
0.023707512766122818,0.0,0.0,0.0,0.0,1174,0.09712088853120804,1174,0.12082841247320175
0.023179084062576294,0.0,0.0,0.0,0.0,1175,0.09963671118021011,1175,0.12281578779220581
0.02392689697444439,0.0,0.0,0.0,0.0,1176,0.10144251585006714,1176,0.12536941468715668
0.021001989021897316,0.0,0.0,0.0,0.0,1177,0.10155094414949417,1177,0.12255293130874634
0.021574249491095543,0.0,0.0,0.0,0.0,1178,0.09883381426334381,1178,0.1204080581665039
0.02526867762207985,0.0,0.0,0.0,0.0,1179,0.09377451241016388,1179,0.11904320120811462
0.024557139724493027,0.0,0.0,0.0,0.0,1180,0.09072491526603699,1180,0.11528206616640091
0.025024080649018288,0.0,0.0,0.0,0.0,1181,0.08982209116220474,1181,0.11484616994857788
0.02170179970562458,0.0,0.0,0.0,0.0,1182,0.09170538187026978,1182,0.11340717226266861
0.019983692094683647,0.0,0.0,0.0,0.0,1183,0.09337913244962692,1183,0.11336282640695572
0.020662380382418633,0.0,0.0,0.0,0.0,1184,0.09383949637413025,1184,0.11450187861919403
0.023067817091941833,0.0,0.0,0.0,0.0,1185,0.09317587316036224,1185,0.11624369025230408
0.023491235449910164,0.0,0.0,0.0,0.0,1186,0.09323094040155411,1186,0.11672218143939972
0.023860160261392593,0.0,0.0,0.0,0.0,1187,0.09446198493242264,1187,0.11832215636968613
0.02268727868795395,0.0,0.0,0.0,0.0,1188,0.09683261066675186,1188,0.11951988935470581
0.021669326350092888,0.0,0.0,0.0,0.0,1189,0.09861535578966141,1189,0.12028469145298004
0.021493805572390556,0.0,0.0,0.0,0.0,1190,0.09848425537347794,1190,0.11997805535793304
0.01883833482861519,0.0,0.0,0.0,0.0,1191,0.09639895707368851,1191,0.115237295627594
0.022032788023352623,0.0,0.0,0.0,0.0,1192,0.0917728915810585,1192,0.11380567401647568
0.025677917525172234,0.0,0.0,0.0,0.0,1193,0.08838758617639542,1193,0.1140654981136322
0.02486751228570938,0.0,0.0,0.0,0.0,1194,0.08907359093427658,1194,0.11394110321998596
0.021089797839522362,0.0,0.0,0.0,0.0,1195,0.09251682460308075,1195,0.11360663175582886
0.021286102011799812,0.0,0.0,0.0,0.0,1196,0.0946219190955162,1196,0.11590801924467087
0.02099042944610119,0.0,0.0,0.0,0.0,1197,0.0947384163737297,1197,0.11572884768247604
0.023978251963853836,0.0,0.0,0.0,0.0,1198,0.09265744686126709,1198,0.11663571000099182
0.024352874606847763,0.0,0.0,0.0,0.0,1199,0.09106086939573288,1199,0.11541375517845154
0.024841751903295517,0.0,0.0,0.0,0.0,1200,0.09038560092449188,1200,0.1152273565530777
0.019882932305336,0.0,0.0,0.0,0.0,1201,0.09129545837640762,1201,0.11117839813232422
0.020202472805976868,0.0,0.0,0.0,0.0,1202,0.09079651534557343,1202,0.11099899560213089
0.021133730188012123,0.0,0.0,0.0,0.0,1203,0.08965925127267838,1203,0.11079297959804535
0.02076549082994461,0.0,0.0,0.0,0.0,1204,0.08871273696422577,1204,0.10947822779417038
0.02125445567071438,0.0,0.0,0.0,0.0,1205,0.0885784700512886,1205,0.10983292758464813
0.02690082974731922,0.0,0.0,0.0,0.0,1206,0.08966626226902008,1206,0.11656707525253296
0.024223731830716133,0.0,0.0,0.0,0.0,1207,0.09367570281028748,1207,0.11789942532777786
0.022906113415956497,0.0,0.0,0.0,0.0,1208,0.09784267842769623,1208,0.12074880301952362
0.0225669015198946,0.0,0.0,0.0,0.0,1209,0.09952734410762787,1209,0.12209425121545792
0.02327330783009529,0.0,0.0,0.0,0.0,1210,0.09771549701690674,1210,0.12098880112171173
0.02050190418958664,0.0,0.0,0.0,0.0,1211,0.09368487447500229,1211,0.11418677866458893
0.0241340771317482,0.0,0.0,0.0,0.0,1212,0.08728470653295517,1212,0.11141878366470337
0.027976203709840775,0.0,0.0,0.0,0.0,1213,0.08295678347349167,1213,0.11093299090862274
0.030203232541680336,0.0,0.0,0.0,0.0,1214,0.083450548350811,1214,0.11365377902984619
0.022652296349406242,0.0,0.0,0.0,0.0,1215,0.08718687295913696,1215,0.10983914881944656
0.020042991265654564,0.0,0.0,0.0,0.0,1216,0.08960802853107452,1216,0.10965102165937424
0.020514287054538727,0.0,0.0,0.0,0.0,1217,0.08870626986026764,1217,0.10922056436538696
0.02368040382862091,0.0,0.0,0.0,0.0,1218,0.08579050004482269,1218,0.1094709038734436
0.02650720253586769,0.0,0.0,0.0,0.0,1219,0.08401377499103546,1219,0.11052097380161285
0.02737443707883358,0.0,0.0,0.0,0.0,1220,0.08435997366905212,1220,0.11173441261053085
0.02506474032998085,0.0,0.0,0.0,0.0,1221,0.08794310688972473,1221,0.11300784349441528
0.021303892135620117,0.0,0.0,0.0,0.0,1222,0.09288951754570007,1222,0.11419340968132019
0.02301129326224327,0.0,0.0,0.0,0.0,1223,0.09621289372444153,1223,0.1192241907119751
0.02273750491440296,0.0,0.0,0.0,0.0,1224,0.09728067368268967,1224,0.12001819163560867
0.023880457505583763,0.0,0.0,0.0,0.0,1225,0.09565192461013794,1225,0.11953237652778625
0.019834673032164574,0.0,0.0,0.0,0.0,1226,0.09239700436592102,1226,0.11223167926073074
0.020305626094341278,0.0,0.0,0.0,0.0,1227,0.08716421574354172,1227,0.107469841837883
0.026082754135131836,0.0,0.0,0.0,0.0,1228,0.08195389062166214,1228,0.10803664475679398
0.027811294421553612,0.0,0.0,0.0,0.0,1229,0.08032382279634476,1229,0.10813511908054352
0.02520768716931343,0.0,0.0,0.0,0.0,1230,0.08268130570650101,1230,0.10788899660110474
0.020217539742588997,0.0,0.0,0.0,0.0,1231,0.08646301180124283,1231,0.10668054968118668
0.020877301692962646,0.0,0.0,0.0,0.0,1232,0.0887078270316124,1232,0.10958512127399445
0.020496325567364693,0.0,0.0,0.0,0.0,1233,0.0890808030962944,1233,0.10957711935043335
0.02177857980132103,0.0,0.0,0.0,0.0,1234,0.08760589361190796,1234,0.10938447713851929
0.023135337978601456,0.0,0.0,0.0,0.0,1235,0.08571431785821915,1235,0.10884963721036911
0.023527763783931732,0.0,0.0,0.0,0.0,1236,0.08495662361383438,1236,0.10848438739776611
0.023274360224604607,0.0,0.0,0.0,0.0,1237,0.08576446771621704,1237,0.1090388149023056
0.019601890817284584,0.0,0.0,0.0,0.0,1238,0.08777954429388046,1238,0.1073814257979393
0.019290149211883545,0.0,0.0,0.0,0.0,1239,0.08795963227748871,1239,0.10724978893995285
0.01948542706668377,0.0,0.0,0.0,0.0,1240,0.08601494133472443,1240,0.10550036281347275
0.022358691319823265,0.0,0.0,0.0,0.0,1241,0.08301645517349243,1241,0.10537515580654144
0.023716500028967857,0.0,0.0,0.0,0.0,1242,0.08151759207248688,1242,0.10523408651351929
0.022612493485212326,0.0,0.0,0.0,0.0,1243,0.0827166959643364,1243,0.10532918572425842
0.022566821426153183,0.0,0.0,0.0,0.0,1244,0.08530671894550323,1244,0.10787353664636612
0.022055283188819885,0.0,0.0,0.0,0.0,1245,0.08787205815315247,1245,0.10992734134197235
0.025160090997815132,0.0,0.0,0.0,0.0,1246,0.08955805748701096,1246,0.11471814662218094
0.02355782501399517,0.0,0.0,0.0,0.0,1247,0.09103573858737946,1247,0.11459356546401978
0.02320576272904873,0.0,0.0,0.0,0.0,1248,0.0909707099199295,1248,0.11417647451162338
0.019604554399847984,0.0,0.0,0.0,0.0,1249,0.08942635357379913,1249,0.10903090238571167
0.019105659797787666,0.0,0.0,0.0,0.0,1250,0.08417107909917831,1250,0.10327673703432083
0.02336234599351883,0.0,0.0,0.0,0.0,1251,0.07822622358798981,1251,0.10158856958150864
0.030124053359031677,0.0,0.0,0.0,0.0,1252,0.07386651635169983,1252,0.1039905697107315
0.02653958834707737,0.0,0.0,0.0,0.0,1253,0.07652896642684937,1253,0.10306855291128159
0.019603293389081955,0.0,0.0,0.0,0.0,1254,0.08209627121686935,1254,0.10169956833124161
0.023037107661366463,0.0,0.0,0.0,0.0,1255,0.08522802591323853,1255,0.10826513916254044
0.021551217883825302,0.0,0.0,0.0,0.0,1256,0.0880855917930603,1256,0.1096368134021759
0.021364398300647736,0.0,0.0,0.0,0.0,1257,0.08884599804878235,1257,0.11021039634943008
0.021865999326109886,0.0,0.0,0.0,0.0,1258,0.08748048543930054,1258,0.10934649407863617
0.01823507249355316,0.0,0.0,0.0,0.0,1259,0.08470960706472397,1259,0.10294467955827713
0.02207825519144535,0.0,0.0,0.0,0.0,1260,0.08093731850385666,1260,0.10301557183265686
0.021417368203401566,0.0,0.0,0.0,0.0,1261,0.07908707857131958,1261,0.10050444304943085
0.022450564429163933,0.0,0.0,0.0,0.0,1262,0.07834477722644806,1262,0.10079533606767654
0.025158504024147987,0.0,0.0,0.0,0.0,1263,0.07997902482748032,1263,0.10513751953840256
0.022575484588742256,0.0,0.0,0.0,0.0,1264,0.08379186689853668,1264,0.10636734962463379
0.023006195202469826,0.0,0.0,0.0,0.0,1265,0.08714094758033752,1265,0.1101471483707428
0.025648504495620728,0.0,0.0,0.0,0.0,1266,0.08941245824098587,1266,0.1150609627366066
0.02472708560526371,0.0,0.0,0.0,0.0,1267,0.08974675834178925,1267,0.1144738495349884
0.022400004789233208,0.0,0.0,0.0,0.0,1268,0.08844873309135437,1268,0.11084874719381332
0.022475076839327812,0.0,0.0,0.0,0.0,1269,0.08545057475566864,1269,0.107925646007061
0.022241907194256783,0.0,0.0,0.0,0.0,1270,0.08019611984491348,1270,0.10243803262710571
0.027573687955737114,0.0,0.0,0.0,0.0,1271,0.074916772544384,1271,0.10249045491218567
0.030539609491825104,0.0,0.0,0.0,0.0,1272,0.07201394438743591,1272,0.10255356132984161
0.027342097833752632,0.0,0.0,0.0,0.0,1273,0.07417815178632736,1273,0.10152024030685425
0.022757001221179962,0.0,0.0,0.0,0.0,1274,0.07891904562711716,1274,0.10167604684829712
0.022668329998850822,0.0,0.0,0.0,0.0,1275,0.08297523856163025,1275,0.10564357787370682
0.020642612129449844,0.0,0.0,0.0,0.0,1276,0.08584859222173691,1276,0.10649120807647705
0.01990722119808197,0.0,0.0,0.0,0.0,1277,0.08652390539646149,1277,0.10643111914396286
0.021160941570997238,0.0,0.0,0.0,0.0,1278,0.08480817079544067,1278,0.10596911609172821
0.018485920503735542,0.0,0.0,0.0,0.0,1279,0.08248765766620636,1279,0.10097356885671616
0.0201887134462595,0.0,0.0,0.0,0.0,1280,0.07936963438987732,1280,0.09955834597349167
0.02263062261044979,0.0,0.0,0.0,0.0,1281,0.07654523104429245,1281,0.09917585551738739
0.023881306871771812,0.0,0.0,0.0,0.0,1282,0.0762491449713707,1282,0.10013045370578766
0.020309899002313614,0.0,0.0,0.0,0.0,1283,0.07865861803293228,1283,0.0989685133099556
0.021712305024266243,0.0,0.0,0.0,0.0,1284,0.08143817633390427,1284,0.10315047949552536
0.0263126939535141,0.0,0.0,0.0,0.0,1285,0.08374057710170746,1285,0.11005327105522156
0.024495679885149002,0.0,0.0,0.0,0.0,1286,0.08668585866689682,1286,0.11118154227733612
0.023005332797765732,0.0,0.0,0.0,0.0,1287,0.0885079950094223,1287,0.11151333898305893
0.02201239764690399,0.0,0.0,0.0,0.0,1288,0.08848415315151215,1288,0.11049655079841614
0.021263519302010536,0.0,0.0,0.0,0.0,1289,0.08606244623661041,1289,0.1073259711265564
0.02333468571305275,0.0,0.0,0.0,0.0,1290,0.08175060153007507,1290,0.10508528351783752
0.028075408190488815,0.0,0.0,0.0,0.0,1291,0.07666078209877014,1291,0.10473619401454926
0.032215531915426254,0.0,0.0,0.0,0.0,1292,0.073993019759655,1292,0.10620854794979095
0.03172963857650757,0.0,0.0,0.0,0.0,1293,0.07324454933404922,1293,0.10497419536113739
0.023205483332276344,0.0,0.0,0.0,0.0,1294,0.07448793947696686,1294,0.09769342094659805
0.02132166363298893,0.0,0.0,0.0,0.0,1295,0.07436570525169373,1295,0.0956873670220375
0.021508775651454926,0.0,0.0,0.0,0.0,1296,0.07333843410015106,1296,0.09484720975160599
0.02266935259103775,0.0,0.0,0.0,0.0,1297,0.07240907847881317,1297,0.09507843106985092
0.022393489256501198,0.0,0.0,0.0,0.0,1298,0.07283742725849152,1298,0.09523091465234756
0.020949916914105415,0.0,0.0,0.0,0.0,1299,0.0747932717204094,1299,0.09574318677186966
0.024946875870227814,0.0,0.0,0.0,0.0,1300,0.07765038311481476,1300,0.10259725898504257
0.023014185950160027,0.0,0.0,0.0,0.0,1301,0.08182256668806076,1301,0.10483675450086594
0.024117950350046158,0.0,0.0,0.0,0.0,1302,0.0855695828795433,1302,0.10968752205371857
0.022940589115023613,0.0,0.0,0.0,0.0,1303,0.0884401872754097,1303,0.11138077825307846
0.022632287815213203,0.0,0.0,0.0,0.0,1304,0.08842116594314575,1304,0.1110534593462944
0.022985108196735382,0.0,0.0,0.0,0.0,1305,0.08566762506961823,1305,0.10865273326635361
0.016573425382375717,0.0,0.0,0.0,0.0,1306,0.08202198147773743,1306,0.09859541058540344
0.018625866621732712,0.0,0.0,0.0,0.0,1307,0.07549834996461868,1307,0.0941242203116417
0.02474740520119667,0.0,0.0,0.0,0.0,1308,0.0697895884513855,1308,0.09453698992729187
0.027234604582190514,0.0,0.0,0.0,0.0,1309,0.068875752389431,1309,0.09611035883426666
0.024001451209187508,0.0,0.0,0.0,0.0,1310,0.07321488857269287,1310,0.09721633791923523
0.020012950524687767,0.0,0.0,0.0,0.0,1311,0.07900835573673248,1311,0.0990213081240654
0.021799374371767044,0.0,0.0,0.0,0.0,1312,0.08402351289987564,1312,0.10582288354635239
0.020584790036082268,0.0,0.0,0.0,0.0,1313,0.08722802996635437,1313,0.10781282186508179
0.020496711134910583,0.0,0.0,0.0,0.0,1314,0.08742333948612213,1314,0.10792005062103271
0.019921928644180298,0.0,0.0,0.0,0.0,1315,0.08494718372821808,1315,0.10486911237239838
0.019209790974855423,0.0,0.0,0.0,0.0,1316,0.080197274684906,1316,0.09940706193447113
0.023799309507012367,0.0,0.0,0.0,0.0,1317,0.07379820942878723,1317,0.09759751707315445
0.02515551820397377,0.0,0.0,0.0,0.0,1318,0.06947195529937744,1318,0.09462746977806091
0.02980988658964634,0.0,0.0,0.0,0.0,1319,0.06701990216970444,1319,0.09682977944612503
0.02539314329624176,0.0,0.0,0.0,0.0,1320,0.06865907460451126,1320,0.09405221790075302
0.019666774198412895,0.0,0.0,0.0,0.0,1321,0.07233583182096481,1321,0.09200260788202286
0.021195897832512856,0.0,0.0,0.0,0.0,1322,0.07432515919208527,1322,0.09552105516195297
0.021198604255914688,0.0,0.0,0.0,0.0,1323,0.07424124330282211,1323,0.0954398512840271
0.02269311435520649,0.0,0.0,0.0,0.0,1324,0.07253336906433105,1324,0.0952264815568924
0.019642582163214684,0.0,0.0,0.0,0.0,1325,0.0708908811211586,1325,0.09053346514701843
0.02140006422996521,0.0,0.0,0.0,0.0,1326,0.0694565698504448,1326,0.0908566415309906
0.020496470853686333,0.0,0.0,0.0,0.0,1327,0.07052351534366608,1327,0.09101998805999756
0.02456316538155079,0.0,0.0,0.0,0.0,1328,0.07336288690567017,1328,0.09792604297399521
0.025565579533576965,0.0,0.0,0.0,0.0,1329,0.07848276197910309,1329,0.10404834151268005
0.02285996824502945,0.0,0.0,0.0,0.0,1330,0.08436021208763123,1330,0.10722018778324127
0.02025049738585949,0.0,0.0,0.0,0.0,1331,0.08810632675886154,1331,0.10835681855678558
0.01969202607870102,0.0,0.0,0.0,0.0,1332,0.08825165778398514,1332,0.10794368386268616
0.020467422902584076,0.0,0.0,0.0,0.0,1333,0.08497180044651031,1333,0.1054392158985138
0.022110145539045334,0.0,0.0,0.0,0.0,1334,0.07984955608844757,1334,0.1019597053527832
0.021170638501644135,0.0,0.0,0.0,0.0,1335,0.07546700537204742,1335,0.09663764387369156
0.024165112525224686,0.0,0.0,0.0,0.0,1336,0.07174544036388397,1336,0.09591055661439896
0.02188475988805294,0.0,0.0,0.0,0.0,1337,0.07056688517332077,1337,0.09245164692401886
0.021146057173609734,0.0,0.0,0.0,0.0,1338,0.07072729617357254,1338,0.09187335520982742
0.019831130281090736,0.0,0.0,0.0,0.0,1339,0.0717707946896553,1339,0.0916019156575203
0.021671699360013008,0.0,0.0,0.0,0.0,1340,0.07194797694683075,1340,0.09361966699361801
0.020737864077091217,0.0,0.0,0.0,0.0,1341,0.07246951013803482,1341,0.09320737421512604
0.02117055095732212,0.0,0.0,0.0,0.0,1342,0.07168712466955185,1342,0.09285767376422882
0.017481567338109016,0.0,0.0,0.0,0.0,1343,0.0703200250864029,1343,0.08780159801244736
0.020151980221271515,0.0,0.0,0.0,0.0,1344,0.06728068739175797,1344,0.08743266761302948
0.021804209798574448,0.0,0.0,0.0,0.0,1345,0.0656355693936348,1345,0.08743977546691895
0.020577091723680496,0.0,0.0,0.0,0.0,1346,0.06637654453516006,1346,0.08695364743471146
0.023332858458161354,0.0,0.0,0.0,0.0,1347,0.06875738501548767,1347,0.09209024161100388
0.021952621638774872,0.0,0.0,0.0,0.0,1348,0.07271456718444824,1348,0.09466718882322311
0.020482132211327553,0.0,0.0,0.0,0.0,1349,0.07772661000490189,1349,0.09820874035358429
0.02291128970682621,0.0,0.0,0.0,0.0,1350,0.08173932135105133,1350,0.1046506017446518
0.020651420578360558,0.0,0.0,0.0,0.0,1351,0.08392602205276489,1351,0.1045774444937706
0.020831488072872162,0.0,0.0,0.0,0.0,1352,0.08335685729980469,1352,0.10418834537267685
0.02100048027932644,0.0,0.0,0.0,0.0,1353,0.0804722011089325,1353,0.10147268325090408
0.019824551418423653,0.0,0.0,0.0,0.0,1354,0.07662087678909302,1354,0.09644542634487152
0.015859849750995636,0.0,0.0,0.0,0.0,1355,0.07275700569152832,1355,0.08861685544252396
0.02000831626355648,0.0,0.0,0.0,0.0,1356,0.06718585640192032,1356,0.08719417452812195
0.02662157453596592,0.0,0.0,0.0,0.0,1357,0.06297630816698074,1357,0.08959788084030151
0.025232676416635513,0.0,0.0,0.0,0.0,1358,0.0636720284819603,1358,0.08890470117330551
0.022404396906495094,0.0,0.0,0.0,0.0,1359,0.06811068207025528,1359,0.09051507711410522
0.0188163872808218,0.0,0.0,0.0,0.0,1360,0.07407275587320328,1360,0.09288915246725082
0.022602364420890808,0.0,0.0,0.0,0.0,1361,0.07878296077251434,1361,0.10138532519340515
0.018490370362997055,0.0,0.0,0.0,0.0,1362,0.08263729512691498,1362,0.10112766176462173
0.01723025180399418,0.0,0.0,0.0,0.0,1363,0.08392344415187836,1363,0.10115369409322739
0.0183038841933012,0.0,0.0,0.0,0.0,1364,0.08225926011800766,1364,0.1005631536245346
0.016819465905427933,0.0,0.0,0.0,0.0,1365,0.07852720469236374,1365,0.09534666687250137
0.016409382224082947,0.0,0.0,0.0,0.0,1366,0.07294125109910965,1366,0.0893506333231926
0.022357646375894547,0.0,0.0,0.0,0.0,1367,0.06475872546434402,1367,0.08711637556552887
0.03491960093379021,0.0,0.0,0.0,0.0,1368,0.05777646228671074,1368,0.09269607812166214
0.031295035034418106,0.0,0.0,0.0,0.0,1369,0.05844450742006302,1369,0.08973954617977142
0.020688915625214577,0.0,0.0,0.0,0.0,1370,0.06454381346702576,1370,0.08523272722959518
0.013947660103440285,0.0,0.0,0.0,0.0,1371,0.07048134505748749,1371,0.08442900329828262
0.016810664907097816,0.0,0.0,0.0,0.0,1372,0.07241136580705643,1372,0.0892220288515091
0.019126903265714645,0.0,0.0,0.0,0.0,1373,0.0725998803973198,1373,0.09172677248716354
0.01966516487300396,0.0,0.0,0.0,0.0,1374,0.07283414900302887,1374,0.09249931573867798
0.01958257146179676,0.0,0.0,0.0,0.0,1375,0.07310082018375397,1375,0.09268338978290558
0.019129248335957527,0.0,0.0,0.0,0.0,1376,0.07343553751707077,1376,0.09256479144096375
0.01914568617939949,0.0,0.0,0.0,0.0,1377,0.07356622070074081,1377,0.0927119106054306
0.02001657895743847,0.0,0.0,0.0,0.0,1378,0.0724862590432167,1378,0.09250283986330032
0.015759550034999847,0.0,0.0,0.0,0.0,1379,0.07086270302534103,1379,0.08662225306034088
0.01588781736791134,0.0,0.0,0.0,0.0,1380,0.06768921762704849,1380,0.08357703685760498
0.01813366450369358,0.0,0.0,0.0,0.0,1381,0.06389114260673523,1381,0.08202480524778366
0.02654229663312435,0.0,0.0,0.0,0.0,1382,0.060512710362672806,1382,0.0870550125837326
0.02470306120812893,0.0,0.0,0.0,0.0,1383,0.06183172017335892,1383,0.086534783244133
0.021002147346735,0.0,0.0,0.0,0.0,1384,0.06590987741947174,1384,0.08691202104091644
0.021064942702651024,0.0,0.0,0.0,0.0,1385,0.07159189879894257,1385,0.09265684336423874
0.019597064703702927,0.0,0.0,0.0,0.0,1386,0.07775898277759552,1386,0.09735605120658875
0.01734304614365101,0.0,0.0,0.0,0.0,1387,0.08197811245918274,1387,0.0993211567401886
0.0162175465375185,0.0,0.0,0.0,0.0,1388,0.08317725360393524,1388,0.0993947982788086
0.01761169545352459,0.0,0.0,0.0,0.0,1389,0.08086396753787994,1389,0.09847566485404968
0.01739913411438465,0.0,0.0,0.0,0.0,1390,0.0768706277012825,1390,0.0942697525024414
0.019977279007434845,0.0,0.0,0.0,0.0,1391,0.07154189795255661,1391,0.09151917695999146
0.015455137006938457,0.0,0.0,0.0,0.0,1392,0.06708197295665741,1392,0.08253710716962814
0.020744524896144867,0.0,0.0,0.0,0.0,1393,0.06140167638659477,1393,0.08214619755744934
0.027572859078645706,0.0,0.0,0.0,0.0,1394,0.05746961385011673,1394,0.08504246920347214
0.026419857516884804,0.0,0.0,0.0,0.0,1395,0.05806690827012062,1395,0.08448676764965057
0.018789447844028473,0.0,0.0,0.0,0.0,1396,0.062121566385030746,1396,0.08091101050376892
0.01998453214764595,0.0,0.0,0.0,0.0,1397,0.06623253971338272,1397,0.08621706813573837
0.017836887389421463,0.0,0.0,0.0,0.0,1398,0.0702873021364212,1398,0.08812418580055237
0.01718788966536522,0.0,0.0,0.0,0.0,1399,0.07403092086315155,1399,0.09121881425380707
0.018246473744511604,0.0,0.0,0.0,0.0,1400,0.07657142728567123,1400,0.09481789916753769
0.016951974481344223,0.0,0.0,0.0,0.0,1401,0.07760456949472427,1401,0.0945565402507782
0.017356783151626587,0.0,0.0,0.0,0.0,1402,0.07677469402551651,1402,0.0941314771771431
0.01621897891163826,0.0,0.0,0.0,0.0,1403,0.07452370226383209,1403,0.09074267745018005
0.011828558519482613,0.0,0.0,0.0,0.0,1404,0.07070957124233246,1404,0.08253812789916992
0.015734374523162842,0.0,0.0,0.0,0.0,1405,0.06398955732584,1405,0.07972393184900284
0.02441536635160446,0.0,0.0,0.0,0.0,1406,0.05628166347742081,1406,0.08069702982902527
0.028895141556859016,0.0,0.0,0.0,0.0,1407,0.05378681421279907,1407,0.08268195390701294
0.022343937307596207,0.0,0.0,0.0,0.0,1408,0.057537395507097244,1408,0.07988132536411285
0.015723520889878273,0.0,0.0,0.0,0.0,1409,0.06400447338819504,1409,0.07972799241542816
0.016451166942715645,0.0,0.0,0.0,0.0,1410,0.06794244796037674,1410,0.08439361304044724
0.019363705068826675,0.0,0.0,0.0,0.0,1411,0.07088411599397659,1411,0.09024782478809357
0.018207304179668427,0.0,0.0,0.0,0.0,1412,0.07350164651870728,1412,0.0917089506983757
0.017795532941818237,0.0,0.0,0.0,0.0,1413,0.07534655928611755,1413,0.09314209222793579
0.017199527472257614,0.0,0.0,0.0,0.0,1414,0.07619543373584747,1414,0.09339497238397598
0.01738843135535717,0.0,0.0,0.0,0.0,1415,0.07559662312269211,1415,0.09298505634069443
0.018566491082310677,0.0,0.0,0.0,0.0,1416,0.07406767457723618,1416,0.0926341637969017
0.014856922440230846,0.0,0.0,0.0,0.0,1417,0.07214789092540741,1417,0.08700481057167053
0.014635668136179447,0.0,0.0,0.0,0.0,1418,0.06855155527591705,1418,0.08318722248077393
0.01563047431409359,0.0,0.0,0.0,0.0,1419,0.06278907507658005,1419,0.07841955125331879
0.023028163239359856,0.0,0.0,0.0,0.0,1420,0.056244801729917526,1420,0.07927296310663223
0.029532218351960182,0.0,0.0,0.0,0.0,1421,0.05323316529393196,1421,0.08276538550853729
0.024156078696250916,0.0,0.0,0.0,0.0,1422,0.055426329374313354,1422,0.07958240807056427
0.017134038731455803,0.0,0.0,0.0,0.0,1423,0.060599252581596375,1423,0.07773329317569733
0.016375865787267685,0.0,0.0,0.0,0.0,1424,0.06534548103809357,1424,0.08172135055065155
0.01526830904185772,0.0,0.0,0.0,0.0,1425,0.06848394125699997,1425,0.08375225216150284
0.015979304909706116,0.0,0.0,0.0,0.0,1426,0.06929901242256165,1426,0.08527831733226776
0.017283042892813683,0.0,0.0,0.0,0.0,1427,0.06876806914806366,1427,0.08605111390352249
0.017910415306687355,0.0,0.0,0.0,0.0,1428,0.06822681427001953,1428,0.08613722771406174
0.01855054870247841,0.0,0.0,0.0,0.0,1429,0.06745202094316483,1429,0.08600257337093353
0.021058280020952225,0.0,0.0,0.0,0.0,1430,0.06703808158636093,1430,0.08809636533260345
0.014821031130850315,0.0,0.0,0.0,0.0,1431,0.06749419867992401,1431,0.08231522887945175
0.012174339033663273,0.0,0.0,0.0,0.0,1432,0.06644049286842346,1432,0.07861483097076416
0.014352693222463131,0.0,0.0,0.0,0.0,1433,0.06258462369441986,1433,0.07693731784820557
0.01829984039068222,0.0,0.0,0.0,0.0,1434,0.058289770036935806,1434,0.07658961415290833
0.022800486534833908,0.0,0.0,0.0,0.0,1435,0.055097583681344986,1435,0.0778980702161789
0.022717854008078575,0.0,0.0,0.0,0.0,1436,0.054959747940301895,1436,0.07767760008573532
0.022932326421141624,0.0,0.0,0.0,0.0,1437,0.05759240686893463,1437,0.0805247351527214
0.020920205861330032,0.0,0.0,0.0,0.0,1438,0.062177643179893494,1438,0.08309784531593323
0.019488845020532608,0.0,0.0,0.0,0.0,1439,0.06849963217973709,1439,0.0879884883761406
0.01555250957608223,0.0,0.0,0.0,0.0,1440,0.07516549527645111,1440,0.09071799367666245
0.016850899904966354,0.0,0.0,0.0,0.0,1441,0.07865681499242783,1441,0.09550771117210388
0.013529153540730476,0.0,0.0,0.0,0.0,1442,0.07897266745567322,1442,0.09250181913375854
0.015944819897413254,0.0,0.0,0.0,0.0,1443,0.07481519132852554,1443,0.0907600075006485
0.017437651753425598,0.0,0.0,0.0,0.0,1444,0.06921420246362686,1444,0.08665185421705246
0.016699587926268578,0.0,0.0,0.0,0.0,1445,0.06358623504638672,1445,0.08028582483530045
0.016137875616550446,0.0,0.0,0.0,0.0,1446,0.058088745921850204,1446,0.07422661781311035
0.024198077619075775,0.0,0.0,0.0,0.0,1447,0.053008850663900375,1447,0.07720692455768585
0.026335101574659348,0.0,0.0,0.0,0.0,1448,0.05135565623641014,1448,0.07769075781106949
0.020409423857927322,0.0,0.0,0.0,0.0,1449,0.05391032248735428,1449,0.0743197500705719
0.01563832350075245,0.0,0.0,0.0,0.0,1450,0.05782502889633179,1450,0.07346335053443909
0.01676943525671959,0.0,0.0,0.0,0.0,1451,0.060408275574445724,1451,0.07717770338058472
0.016922883689403534,0.0,0.0,0.0,0.0,1452,0.06188710406422615,1452,0.07880999147891998
0.017721062526106834,0.0,0.0,0.0,0.0,1453,0.06217758730053902,1453,0.0798986479640007
0.01931230165064335,0.0,0.0,0.0,0.0,1454,0.06200675293803215,1454,0.08131905645132065
0.018882794305682182,0.0,0.0,0.0,0.0,1455,0.062194179743528366,1455,0.0810769721865654
0.020108990371227264,0.0,0.0,0.0,0.0,1456,0.06248536705970764,1456,0.0825943574309349
0.01784716732800007,0.0,0.0,0.0,0.0,1457,0.06358318775892258,1457,0.0814303532242775
0.02006908692419529,0.0,0.0,0.0,0.0,1458,0.06360498815774918,1458,0.08367407321929932
0.0196843184530735,0.0,0.0,0.0,0.0,1459,0.06377312541007996,1459,0.08345744013786316
0.0237016212195158,0.0,0.0,0.0,0.0,1460,0.06375417113304138,1460,0.08745578676462173
0.01854010671377182,0.0,0.0,0.0,0.0,1461,0.0652981549501419,1461,0.08383826166391373
0.016120677813887596,0.0,0.0,0.0,0.0,1462,0.06646627187728882,1462,0.08258695155382156
0.014792175032198429,0.0,0.0,0.0,0.0,1463,0.06663499027490616,1463,0.08142716437578201
0.016270754858851433,0.0,0.0,0.0,0.0,1464,0.06525199860334396,1464,0.08152275532484055
0.012170976959168911,0.0,0.0,0.0,0.0,1465,0.06336495280265808,1465,0.07553593069314957
0.01462481264024973,0.0,0.0,0.0,0.0,1466,0.05824942886829376,1466,0.07287424057722092
0.021981673315167427,0.0,0.0,0.0,0.0,1467,0.05200077220797539,1467,0.07398244738578796
0.028246043249964714,0.0,0.0,0.0,0.0,1468,0.04854924604296684,1468,0.07679528743028641
0.024794315919280052,0.0,0.0,0.0,0.0,1469,0.05038606375455856,1469,0.07518038153648376
0.022639470174908638,0.0,0.0,0.0,0.0,1470,0.0553436316549778,1470,0.07798310369253159
0.01818680576980114,0.0,0.0,0.0,0.0,1471,0.06161149963736534,1471,0.07979831099510193
0.016709644347429276,0.0,0.0,0.0,0.0,1472,0.06630317866802216,1472,0.08301281929016113
0.020537806674838066,0.0,0.0,0.0,0.0,1473,0.07049300521612167,1473,0.09103081375360489
0.01707080565392971,0.0,0.0,0.0,0.0,1474,0.07398306578397751,1474,0.09105387330055237
0.015385177917778492,0.0,0.0,0.0,0.0,1475,0.07494675368070602,1475,0.09033192694187164
0.016841942444443703,0.0,0.0,0.0,0.0,1476,0.0726398229598999,1476,0.08948176354169846
0.015262373723089695,0.0,0.0,0.0,0.0,1477,0.06870481371879578,1477,0.0839671865105629
0.010884017683565617,0.0,0.0,0.0,0.0,1478,0.0636444240808487,1478,0.07452844083309174
0.014936008490622044,0.0,0.0,0.0,0.0,1479,0.055539585649967194,1479,0.07047559320926666
0.02748386561870575,0.0,0.0,0.0,0.0,1480,0.0473765954375267,1480,0.07486046105623245
0.03186658397316933,0.0,0.0,0.0,0.0,1481,0.04468915984034538,1481,0.07655574381351471
0.023872630670666695,0.0,0.0,0.0,0.0,1482,0.04833002761006355,1482,0.0722026601433754
0.013962953351438046,0.0,0.0,0.0,0.0,1483,0.05580197274684906,1483,0.06976491957902908
0.01558083575218916,0.0,0.0,0.0,0.0,1484,0.0610368587076664,1484,0.07661769539117813
0.016930317506194115,0.0,0.0,0.0,0.0,1485,0.06471086293458939,1485,0.08164118230342865
0.015560239553451538,0.0,0.0,0.0,0.0,1486,0.06740383058786392,1486,0.08296407014131546
0.015025652945041656,0.0,0.0,0.0,0.0,1487,0.0686468854546547,1487,0.08367253839969635
0.015574580989778042,0.0,0.0,0.0,0.0,1488,0.06751548498868942,1488,0.08309006690979004
0.01660359837114811,0.0,0.0,0.0,0.0,1489,0.06553433835506439,1489,0.08213793486356735
0.017999932169914246,0.0,0.0,0.0,0.0,1490,0.06327569484710693,1490,0.08127562701702118
0.015502918511629105,0.0,0.0,0.0,0.0,1491,0.061791855841875076,1491,0.07729477435350418
0.012143698520958424,0.0,0.0,0.0,0.0,1492,0.060418590903282166,1492,0.07256229221820831
0.012501361779868603,0.0,0.0,0.0,0.0,1493,0.05669510364532471,1493,0.06919646263122559
0.018222160637378693,0.0,0.0,0.0,0.0,1494,0.05098452419042587,1494,0.06920668482780457
0.02353767678141594,0.0,0.0,0.0,0.0,1495,0.0472649447619915,1495,0.07080261409282684
0.0222864281386137,0.0,0.0,0.0,0.0,1496,0.047914572060108185,1496,0.07020100206136703
0.017103971913456917,0.0,0.0,0.0,0.0,1497,0.051773540675640106,1497,0.06887751072645187
0.016951315104961395,0.0,0.0,0.0,0.0,1498,0.05633719265460968,1498,0.07328850775957108
0.024162841960787773,0.0,0.0,0.0,0.0,1499,0.06000411510467529,1499,0.08416695892810822
0.019323604181408882,0.0,0.0,0.0,0.0,1500,0.06557396054267883,1500,0.08489756286144257
0.017821568995714188,0.0,0.0,0.0,0.0,1501,0.07008235156536102,1501,0.08790391683578491
0.015585389919579029,0.0,0.0,0.0,0.0,1502,0.07241557538509369,1502,0.08800096809864044
0.015860699117183685,0.0,0.0,0.0,0.0,1503,0.07157005369663239,1503,0.08743075281381607
0.016811678186058998,0.0,0.0,0.0,0.0,1504,0.06811974942684174,1504,0.08493142575025558
0.0118584418669343,0.0,0.0,0.0,0.0,1505,0.0635681077837944,1505,0.07542654871940613
0.012331362813711166,0.0,0.0,0.0,0.0,1506,0.05654638260602951,1506,0.06887774169445038
0.02224115841090679,0.0,0.0,0.0,0.0,1507,0.04695575311779976,1507,0.0691969096660614
0.03388626128435135,0.0,0.0,0.0,0.0,1508,0.042037591338157654,1508,0.075923852622509
0.02803000807762146,0.0,0.0,0.0,0.0,1509,0.04401227459311485,1509,0.07204228639602661
0.017114032059907913,0.0,0.0,0.0,0.0,1510,0.050550419837236404,1510,0.06766445189714432
0.01158304512500763,0.0,0.0,0.0,0.0,1511,0.057337041944265366,1511,0.0689200833439827
0.010325483046472073,0.0,0.0,0.0,0.0,1512,0.0595010370016098,1512,0.06982652097940445
0.01157852541655302,0.0,0.0,0.0,0.0,1513,0.05701611936092377,1513,0.06859464198350906
0.015362140722572803,0.0,0.0,0.0,0.0,1514,0.05146096646785736,1514,0.06682310998439789
0.022399937734007835,0.0,0.0,0.0,0.0,1515,0.046788524836301804,1515,0.06918846070766449
0.030069991946220398,0.0,0.0,0.0,0.0,1516,0.045641738921403885,1516,0.07571172714233398
0.023822803050279617,0.0,0.0,0.0,0.0,1517,0.04955735430121422,1517,0.07338015735149384
0.017397582530975342,0.0,0.0,0.0,0.0,1518,0.055984798818826675,1518,0.07338237762451172
0.020355919376015663,0.0,0.0,0.0,0.0,1519,0.062422703951597214,1519,0.08277862519025803
0.01602162793278694,0.0,0.0,0.0,0.0,1520,0.06910209357738495,1520,0.08512371778488159
0.0145358731970191,0.0,0.0,0.0,0.0,1521,0.07275236397981644,1521,0.08728823810815811
0.014184183441102505,0.0,0.0,0.0,0.0,1522,0.07295866310596466,1522,0.08714284002780914
0.015091903507709503,0.0,0.0,0.0,0.0,1523,0.06961609423160553,1523,0.08470799773931503
0.014020736329257488,0.0,0.0,0.0,0.0,1524,0.06387916207313538,1524,0.07789989560842514
0.015199193730950356,0.0,0.0,0.0,0.0,1525,0.0565011128783226,1525,0.07170030474662781
0.01584254577755928,0.0,0.0,0.0,0.0,1526,0.04952308535575867,1526,0.06536563485860825
0.023501137271523476,0.0,0.0,0.0,0.0,1527,0.04372144490480423,1527,0.06722258031368256
0.025782687589526176,0.0,0.0,0.0,0.0,1528,0.04249577224254608,1528,0.06827846169471741
0.0197394210845232,0.0,0.0,0.0,0.0,1529,0.046016205102205276,1529,0.06575562804937363
0.01358933374285698,0.0,0.0,0.0,0.0,1530,0.05151478201150894,1530,0.06510411202907562
0.01347490306943655,0.0,0.0,0.0,0.0,1531,0.055192966014146805,1531,0.06866787374019623
0.01656569354236126,0.0,0.0,0.0,0.0,1532,0.0567767396569252,1532,0.07334243506193161
0.022115036845207214,0.0,0.0,0.0,0.0,1533,0.05776156112551689,1533,0.07987659424543381
0.021960416808724403,0.0,0.0,0.0,0.0,1534,0.05950925126671791,1534,0.08146966993808746
0.019405389204621315,0.0,0.0,0.0,0.0,1535,0.0624178908765316,1535,0.08182328194379807
0.01795005612075329,0.0,0.0,0.0,0.0,1536,0.06444305181503296,1536,0.0823931097984314
0.017302922904491425,0.0,0.0,0.0,0.0,1537,0.06494108587503433,1537,0.08224400877952576
0.017241034656763077,0.0,0.0,0.0,0.0,1538,0.06375863403081894,1538,0.08099967241287231
0.011011447757482529,0.0,0.0,0.0,0.0,1539,0.06156078726053238,1539,0.07257223129272461
0.009508781135082245,0.0,0.0,0.0,0.0,1540,0.056971583515405655,1540,0.0664803683757782
0.015101778320968151,0.0,0.0,0.0,0.0,1541,0.04888557270169258,1541,0.0639873519539833
0.02454555593430996,0.0,0.0,0.0,0.0,1542,0.04205580800771713,1542,0.06660136580467224
0.028467709198594093,0.0,0.0,0.0,0.0,1543,0.04001733660697937,1543,0.06848504394292831
0.02301100082695484,0.0,0.0,0.0,0.0,1544,0.04329432547092438,1544,0.06630533188581467
0.013633978553116322,0.0,0.0,0.0,0.0,1545,0.04971710592508316,1545,0.0633510872721672
0.009760984219610691,0.0,0.0,0.0,0.0,1546,0.05542004480957985,1546,0.06518103182315826
0.008422386832535267,0.0,0.0,0.0,0.0,1547,0.05738295614719391,1547,0.0658053383231163
0.00952672678977251,0.0,0.0,0.0,0.0,1548,0.05511435866355896,1548,0.0646410882472992
0.012951421551406384,0.0,0.0,0.0,0.0,1549,0.05034111067652702,1549,0.06329253315925598
0.019124900922179222,0.0,0.0,0.0,0.0,1550,0.0458243191242218,1550,0.06494922190904617
0.021579351276159286,0.0,0.0,0.0,0.0,1551,0.04402827098965645,1551,0.06560762226581573
0.02603883668780327,0.0,0.0,0.0,0.0,1552,0.04546266049146652,1552,0.07150150090456009
0.019534943625330925,0.0,0.0,0.0,0.0,1553,0.05041401833295822,1553,0.0699489638209343
0.023652123287320137,0.0,0.0,0.0,0.0,1554,0.05647742375731468,1554,0.08012954890727997
0.016658669337630272,0.0,0.0,0.0,0.0,1555,0.0639406368136406,1555,0.08059930801391602
0.01450312789529562,0.0,0.0,0.0,0.0,1556,0.06948058307170868,1556,0.08398371189832687
0.012353666126728058,0.0,0.0,0.0,0.0,1557,0.07222180813550949,1557,0.08457547426223755
0.012855534441769123,0.0,0.0,0.0,0.0,1558,0.07089894264936447,1558,0.08375447988510132
0.015314546413719654,0.0,0.0,0.0,0.0,1559,0.06668154895305634,1559,0.08199609816074371
0.018115442246198654,0.0,0.0,0.0,0.0,1560,0.06093611195683479,1560,0.07905155420303345
0.014701922424137592,0.0,0.0,0.0,0.0,1561,0.05505925044417381,1561,0.06976117193698883
0.013224275782704353,0.0,0.0,0.0,0.0,1562,0.04893365129828453,1562,0.06215792894363403
0.020725257694721222,0.0,0.0,0.0,0.0,1563,0.042210958898067474,1563,0.0629362165927887
0.025585291907191277,0.0,0.0,0.0,0.0,1564,0.039273250848054886,1564,0.06485854089260101
0.022871555760502815,0.0,0.0,0.0,0.0,1565,0.04065476357936859,1565,0.06352631747722626
0.01657738909125328,0.0,0.0,0.0,0.0,1566,0.0453457273542881,1566,0.06192311644554138
0.012245596386492252,0.0,0.0,0.0,0.0,1567,0.050442371517419815,1567,0.06268797069787979
0.010649245232343674,0.0,0.0,0.0,0.0,1568,0.053027939051389694,1568,0.06367718428373337
0.014267407357692719,0.0,0.0,0.0,0.0,1569,0.053359709680080414,1569,0.06762711703777313
0.015539020299911499,0.0,0.0,0.0,0.0,1570,0.05289838835597038,1570,0.06843741238117218
0.016912514343857765,0.0,0.0,0.0,0.0,1571,0.05249515920877457,1571,0.06940767168998718
0.016957081854343414,0.0,0.0,0.0,0.0,1572,0.05282137170433998,1572,0.0697784572839737
0.017847230657935143,0.0,0.0,0.0,0.0,1573,0.053860925137996674,1573,0.07170815765857697
0.021114280447363853,0.0,0.0,0.0,0.0,1574,0.05598895624279976,1574,0.07710323482751846
0.01948930136859417,0.0,0.0,0.0,0.0,1575,0.05878746882081032,1575,0.07827676832675934
0.012413344345986843,0.0,0.0,0.0,0.0,1576,0.06107235699892044,1576,0.07348570227622986
0.012099409475922585,0.0,0.0,0.0,0.0,1577,0.06123200058937073,1577,0.07333140820264816
0.01217115018516779,0.0,0.0,0.0,0.0,1578,0.059374190866947174,1578,0.07154534012079239
0.009777635335922241,0.0,0.0,0.0,0.0,1579,0.05591830611228943,1579,0.06569594144821167
0.013518016785383224,0.0,0.0,0.0,0.0,1580,0.049676474183797836,1580,0.06319449096918106
0.017271090298891068,0.0,0.0,0.0,0.0,1581,0.043470341712236404,1581,0.06074142828583717
0.023586738854646683,0.0,0.0,0.0,0.0,1582,0.03970782458782196,1582,0.06329455971717834
0.023430412635207176,0.0,0.0,0.0,0.0,1583,0.04009466618299484,1583,0.06352508068084717
0.017040321603417397,0.0,0.0,0.0,0.0,1584,0.04389171302318573,1584,0.06093203276395798
0.01406079065054655,0.0,0.0,0.0,0.0,1585,0.04884476587176323,1585,0.06290555745363235
0.01754944585263729,0.0,0.0,0.0,0.0,1586,0.05286554619669914,1586,0.07041499018669128
0.015942255035042763,0.0,0.0,0.0,0.0,1587,0.0561823695898056,1587,0.07212462276220322
0.01662028208374977,0.0,0.0,0.0,0.0,1588,0.05741693452000618,1588,0.07403721660375595
0.016839511692523956,0.0,0.0,0.0,0.0,1589,0.057842690497636795,1589,0.07468220591545105
0.01704714074730873,0.0,0.0,0.0,0.0,1590,0.05742022022604942,1590,0.07446736097335815
0.011733056046068668,0.0,0.0,0.0,0.0,1591,0.0565631166100502,1591,0.0682961717247963
0.010596937499940395,0.0,0.0,0.0,0.0,1592,0.054245736449956894,1592,0.06484267115592957
0.012263258919119835,0.0,0.0,0.0,0.0,1593,0.050941213965415955,1593,0.06320447474718094
0.015226038172841072,0.0,0.0,0.0,0.0,1594,0.04689865559339523,1594,0.06212468817830086
0.016111411154270172,0.0,0.0,0.0,0.0,1595,0.04334249719977379,1595,0.05945390835404396
0.01847977004945278,0.0,0.0,0.0,0.0,1596,0.041277606040239334,1596,0.05975737422704697
0.01761941984295845,0.0,0.0,0.0,0.0,1597,0.041625816375017166,1597,0.05924523249268532
0.01448102854192257,0.0,0.0,0.0,0.0,1598,0.04387851059436798,1598,0.0583595372736454
0.019821887835860252,0.0,0.0,0.0,0.0,1599,0.0464617982506752,1599,0.0662836879491806
0.025134079158306122,0.0,0.0,0.0,0.0,1600,0.049891892820596695,1600,0.07502597570419312
0.019536567851901054,0.0,0.0,0.0,0.0,1601,0.05462249368429184,1601,0.07415905594825745
0.017358560115098953,0.0,0.0,0.0,0.0,1602,0.059431735426187515,1602,0.07679029554128647
0.01484068762511015,0.0,0.0,0.0,0.0,1603,0.06296765804290771,1603,0.07780834287405014
0.013947677798569202,0.0,0.0,0.0,0.0,1604,0.06477617472410202,1604,0.07872385531663895
0.014047839678823948,0.0,0.0,0.0,0.0,1605,0.0642833411693573,1605,0.07833117991685867
0.014562450349330902,0.0,0.0,0.0,0.0,1606,0.06189072132110596,1606,0.07645317167043686
0.01566520892083645,0.0,0.0,0.0,0.0,1607,0.058312732726335526,1607,0.07397793978452682
0.010652633383870125,0.0,0.0,0.0,0.0,1608,0.054765984416007996,1608,0.06541862338781357
0.010216456837952137,0.0,0.0,0.0,0.0,1609,0.049688562750816345,1609,0.05990501865744591
0.01604863628745079,0.0,0.0,0.0,0.0,1610,0.04246307536959648,1610,0.05851171538233757
0.02382737025618553,0.0,0.0,0.0,0.0,1611,0.037131499499082565,1611,0.0609588660299778
0.026689844205975533,0.0,0.0,0.0,0.0,1612,0.036087069660425186,1612,0.06277691572904587
0.020184727385640144,0.0,0.0,0.0,0.0,1613,0.039182063192129135,1613,0.05936679244041443
0.01353805884718895,0.0,0.0,0.0,0.0,1614,0.04445170983672142,1614,0.05798977240920067
0.009756849147379398,0.0,0.0,0.0,0.0,1615,0.04879476875066757,1615,0.058551616966724396
0.009048085659742355,0.0,0.0,0.0,0.0,1616,0.05008199065923691,1616,0.05913007631897926
0.010089077055454254,0.0,0.0,0.0,0.0,1617,0.04802274703979492,1617,0.05811182036995888
0.012783413752913475,0.0,0.0,0.0,0.0,1618,0.044280048459768295,1618,0.05706346780061722
0.018609557300806046,0.0,0.0,0.0,0.0,1619,0.04055969417095184,1619,0.05916925147175789
0.020495694130659103,0.0,0.0,0.0,0.0,1620,0.03908822685480118,1620,0.05958392471075058
0.02489415556192398,0.0,0.0,0.0,0.0,1621,0.040429092943668365,1621,0.06532324850559235
0.017813194543123245,0.0,0.0,0.0,0.0,1622,0.045057766139507294,1622,0.06287095695734024
0.02163887955248356,0.0,0.0,0.0,0.0,1623,0.05045374482870102,1623,0.07209262251853943
0.017935065552592278,0.0,0.0,0.0,0.0,1624,0.056790851056575775,1624,0.0747259184718132
0.014168394729495049,0.0,0.0,0.0,0.0,1625,0.06228586286306381,1625,0.07645425945520401
0.012234401889145374,0.0,0.0,0.0,0.0,1626,0.06576541066169739,1626,0.07799981534481049
0.011764727532863617,0.0,0.0,0.0,0.0,1627,0.0661410465836525,1627,0.07790577411651611
0.013238267041742802,0.0,0.0,0.0,0.0,1628,0.06348993629217148,1628,0.0767282024025917
0.015429213643074036,0.0,0.0,0.0,0.0,1629,0.05886378884315491,1629,0.07429300248622894
0.012434713542461395,0.0,0.0,0.0,0.0,1630,0.05369234085083008,1630,0.06612705439329147
0.011728040874004364,0.0,0.0,0.0,0.0,1631,0.0479181706905365,1631,0.05964621156454086
0.014717932790517807,0.0,0.0,0.0,0.0,1632,0.04175522178411484,1632,0.056473154574632645
0.021354665979743004,0.0,0.0,0.0,0.0,1633,0.03676878288388252,1633,0.05812344700098038
0.023075157776474953,0.0,0.0,0.0,0.0,1634,0.035560186952352524,1634,0.058635346591472626
0.01894460618495941,0.0,0.0,0.0,0.0,1635,0.037985652685165405,1635,0.05693025887012482
0.013426936231553555,0.0,0.0,0.0,0.0,1636,0.042367514222860336,1636,0.05579444766044617
0.01036765705794096,0.0,0.0,0.0,0.0,1637,0.04621148854494095,1637,0.056579142808914185
0.009092924185097218,0.0,0.0,0.0,0.0,1638,0.04773351922631264,1638,0.05682644620537758
0.009589482098817825,0.0,0.0,0.0,0.0,1639,0.04624735563993454,1639,0.055836837738752365
0.011827918700873852,0.0,0.0,0.0,0.0,1640,0.04303243011236191,1640,0.054860349744558334
0.015292623080313206,0.0,0.0,0.0,0.0,1641,0.03980439156293869,1641,0.05509701371192932
0.017383702099323273,0.0,0.0,0.0,0.0,1642,0.03852739557623863,1642,0.055911097675561905
0.016119150444865227,0.0,0.0,0.0,0.0,1643,0.039674047380685806,1643,0.055793195962905884
0.018357669934630394,0.0,0.0,0.0,0.0,1644,0.0424979068338871,1644,0.060855574905872345
0.026991838589310646,0.0,0.0,0.0,0.0,1645,0.046751219779253006,1645,0.0737430602312088
0.020497649908065796,0.0,0.0,0.0,0.0,1646,0.053018055856227875,1646,0.07351570576429367
0.015453499741852283,0.0,0.0,0.0,0.0,1647,0.05941525101661682,1647,0.07486875355243683
0.01192654948681593,0.0,0.0,0.0,0.0,1648,0.06452097743749619,1648,0.07644752413034439
0.00976131483912468,0.0,0.0,0.0,0.0,1649,0.06660903245210648,1649,0.07637034356594086
0.010444686748087406,0.0,0.0,0.0,0.0,1650,0.06498166918754578,1650,0.07542635500431061
0.01238610502332449,0.0,0.0,0.0,0.0,1651,0.06032902002334595,1651,0.07271512597799301
0.010845255106687546,0.0,0.0,0.0,0.0,1652,0.054416242986917496,1652,0.06526149809360504
0.013668060302734375,0.0,0.0,0.0,0.0,1653,0.04786444455385208,1653,0.061532504856586456
0.012477247975766659,0.0,0.0,0.0,0.0,1654,0.041691869497299194,1654,0.05416911840438843
0.019551804289221764,0.0,0.0,0.0,0.0,1655,0.03590826690196991,1655,0.05546007305383682
0.023809272795915604,0.0,0.0,0.0,0.0,1656,0.0334843173623085,1656,0.057293590158224106
0.02059885673224926,0.0,0.0,0.0,0.0,1657,0.03514794632792473,1657,0.05574680119752884
0.014179835096001625,0.0,0.0,0.0,0.0,1658,0.03966190665960312,1658,0.053841739892959595
0.009978960268199444,0.0,0.0,0.0,0.0,1659,0.04446299746632576,1659,0.05444196239113808
0.008397181518375874,0.0,0.0,0.0,0.0,1660,0.047016315162181854,1660,0.05541349947452545
0.008270368911325932,0.0,0.0,0.0,0.0,1661,0.046779099851846695,1661,0.05504946783185005
0.009206544607877731,0.0,0.0,0.0,0.0,1662,0.04424078017473221,1662,0.05344732850790024
0.012241458520293236,0.0,0.0,0.0,0.0,1663,0.040415529161691666,1663,0.05265698581933975
0.01817234605550766,0.0,0.0,0.0,0.0,1664,0.03719395399093628,1664,0.05536630377173424
0.019308894872665405,0.0,0.0,0.0,0.0,1665,0.03630174696445465,1665,0.055610641837120056
0.01574489288032055,0.0,0.0,0.0,0.0,1666,0.037902675569057465,1666,0.05364757403731346
0.01821591518819332,0.0,0.0,0.0,0.0,1667,0.04093563184142113,1667,0.0591515451669693
0.020726487040519714,0.0,0.0,0.0,0.0,1668,0.04550087824463844,1668,0.06622736155986786
0.020618323236703873,0.0,0.0,0.0,0.0,1669,0.05137480050325394,1669,0.07199312746524811
0.015929974615573883,0.0,0.0,0.0,0.0,1670,0.05752890557050705,1670,0.07345888018608093
0.012422224506735802,0.0,0.0,0.0,0.0,1671,0.06268589943647385,1671,0.0751081258058548
0.010517332702875137,0.0,0.0,0.0,0.0,1672,0.06520672142505646,1672,0.0757240504026413
0.010681837797164917,0.0,0.0,0.0,0.0,1673,0.06435558944940567,1673,0.07503742724657059
0.012816901318728924,0.0,0.0,0.0,0.0,1674,0.06061505153775215,1674,0.07343195378780365
0.010628648102283478,0.0,0.0,0.0,0.0,1675,0.055412307381629944,1675,0.06604095548391342
0.01324281096458435,0.0,0.0,0.0,0.0,1676,0.04928244650363922,1676,0.06252525746822357
0.010305517353117466,0.0,0.0,0.0,0.0,1677,0.04334694892168045,1677,0.05365246534347534
0.015141947194933891,0.0,0.0,0.0,0.0,1678,0.03736179694533348,1678,0.05250374227762222
0.020984692499041557,0.0,0.0,0.0,0.0,1679,0.0334600992500782,1679,0.05444478988647461
0.021959125995635986,0.0,0.0,0.0,0.0,1680,0.03298609331250191,1680,0.054945219308137894
0.01703130267560482,0.0,0.0,0.0,0.0,1681,0.03580378741025925,1681,0.052835091948509216
0.012144935317337513,0.0,0.0,0.0,0.0,1682,0.0400746688246727,1682,0.05221960321068764
0.008736169897019863,0.0,0.0,0.0,0.0,1683,0.04367779195308685,1683,0.05241395905613899
0.007879077456891537,0.0,0.0,0.0,0.0,1684,0.04511260613799095,1684,0.052991677075624466
0.008317360654473305,0.0,0.0,0.0,0.0,1685,0.04408595338463783,1685,0.05240331590175629
0.010087499395012856,0.0,0.0,0.0,0.0,1686,0.04138515144586563,1686,0.051472652703523636
0.012704221531748772,0.0,0.0,0.0,0.0,1687,0.03840579837560654,1687,0.05111002177000046
0.017280559986829758,0.0,0.0,0.0,0.0,1688,0.03642471879720688,1688,0.05370527505874634
0.017434824258089066,0.0,0.0,0.0,0.0,1689,0.03628344088792801,1689,0.053718265146017075
0.019921233877539635,0.0,0.0,0.0,0.0,1690,0.03820694983005524,1690,0.05812818557024002
0.019569067284464836,0.0,0.0,0.0,0.0,1691,0.04226331785321236,1691,0.06183238327503204
0.023138845339417458,0.0,0.0,0.0,0.0,1692,0.047517482191324234,1692,0.07065632939338684
0.016913166269659996,0.0,0.0,0.0,0.0,1693,0.05377965420484543,1693,0.07069281488656998
0.01291758194565773,0.0,0.0,0.0,0.0,1694,0.05969873070716858,1694,0.07261630892753601
0.010358351282775402,0.0,0.0,0.0,0.0,1695,0.06331012398004532,1695,0.073668472468853
0.010636430233716965,0.0,0.0,0.0,0.0,1696,0.06359467655420303,1696,0.0742311030626297
0.010543282143771648,0.0,0.0,0.0,0.0,1697,0.06079299747943878,1697,0.0713362768292427
0.013584783300757408,0.0,0.0,0.0,0.0,1698,0.05578122287988663,1698,0.06936600804328918
0.011180037632584572,0.0,0.0,0.0,0.0,1699,0.05023857206106186,1699,0.06141860783100128
0.011143991723656654,0.0,0.0,0.0,0.0,1700,0.04466777667403221,1700,0.05581177398562431
0.012158372439444065,0.0,0.0,0.0,0.0,1701,0.0384623184800148,1701,0.05062069371342659
0.01908564195036888,0.0,0.0,0.0,0.0,1702,0.03332609683275223,1702,0.05241173878312111
0.023074256256222725,0.0,0.0,0.0,0.0,1703,0.031216779723763466,1703,0.05429103225469589
0.020156314596533775,0.0,0.0,0.0,0.0,1704,0.032697007060050964,1704,0.05285332351922989
0.01386568695306778,0.0,0.0,0.0,0.0,1705,0.036703258752822876,1705,0.050568945705890656
0.009385609067976475,0.0,0.0,0.0,0.0,1706,0.04091690853238106,1706,0.05030251666903496
0.007515945937484503,0.0,0.0,0.0,0.0,1707,0.04381944611668587,1707,0.05133539438247681
0.007625962141901255,0.0,0.0,0.0,0.0,1708,0.043949585407972336,1708,0.05157555267214775
0.007764286827296019,0.0,0.0,0.0,0.0,1709,0.04205213859677315,1709,0.049816425889730453
0.010270033031702042,0.0,0.0,0.0,0.0,1710,0.038821861147880554,1710,0.049091894179582596
0.013389525935053825,0.0,0.0,0.0,0.0,1711,0.03630892187356949,1711,0.04969844967126846
0.016942527145147324,0.0,0.0,0.0,0.0,1712,0.03494172915816307,1712,0.051884256303310394
0.015452739782631397,0.0,0.0,0.0,0.0,1713,0.03582388162612915,1713,0.05127662047743797
0.017912710085511208,0.0,0.0,0.0,0.0,1714,0.03806568309664726,1714,0.05597839504480362
0.01637878641486168,0.0,0.0,0.0,0.0,1715,0.04254370182752609,1715,0.05892249196767807
0.02116423286497593,0.0,0.0,0.0,0.0,1716,0.04794047027826309,1716,0.06910470128059387
0.015787072479724884,0.0,0.0,0.0,0.0,1717,0.0542144775390625,1717,0.07000155001878738
0.012041548267006874,0.0,0.0,0.0,0.0,1718,0.05964910238981247,1718,0.0716906487941742
0.010459751822054386,0.0,0.0,0.0,0.0,1719,0.06265839189291,1719,0.07311814278364182
0.010153486393392086,0.0,0.0,0.0,0.0,1720,0.06261884421110153,1720,0.07277233153581619
0.010907823219895363,0.0,0.0,0.0,0.0,1721,0.05959538370370865,1721,0.07050320506095886
0.013219263404607773,0.0,0.0,0.0,0.0,1722,0.054586734622716904,1722,0.06780599802732468
0.01151465903967619,0.0,0.0,0.0,0.0,1723,0.049047861248254776,1723,0.06056252121925354
0.011879388242959976,0.0,0.0,0.0,0.0,1724,0.04375201463699341,1724,0.055631402879953384
0.010270007885992527,0.0,0.0,0.0,0.0,1725,0.03882637619972229,1725,0.04909638315439224
0.015299886465072632,0.0,0.0,0.0,0.0,1726,0.03408125415444374,1726,0.04938114061951637
0.02037237212061882,0.0,0.0,0.0,0.0,1727,0.031356826424598694,1727,0.051729198545217514
0.020086579024791718,0.0,0.0,0.0,0.0,1728,0.03143208101391792,1728,0.05151866003870964
0.015130557119846344,0.0,0.0,0.0,0.0,1729,0.034054987132549286,1729,0.04918554052710533
0.010761312209069729,0.0,0.0,0.0,0.0,1730,0.037743937224149704,1730,0.04850525036454201
0.00791843794286251,0.0,0.0,0.0,0.0,1731,0.04118417575955391,1731,0.04910261183977127
0.007290756329894066,0.0,0.0,0.0,0.0,1732,0.042569007724523544,1732,0.04985976219177246
0.006878190208226442,0.0,0.0,0.0,0.0,1733,0.04188424348831177,1733,0.048762429505586624
0.008180217817425728,0.0,0.0,0.0,0.0,1734,0.03927450254559517,1734,0.047454722225666046
0.011346269398927689,0.0,0.0,0.0,0.0,1735,0.03626419976353645,1735,0.04761046916246414
0.014799387194216251,0.0,0.0,0.0,0.0,1736,0.03401143476366997,1736,0.048810821026563644
0.016827570274472237,0.0,0.0,0.0,0.0,1737,0.03350863978266716,1737,0.050336211919784546
0.014927973039448261,0.0,0.0,0.0,0.0,1738,0.03482777252793312,1738,0.04975574091076851
0.017475813627243042,0.0,0.0,0.0,0.0,1739,0.03756348043680191,1739,0.05503929778933525
0.022017814218997955,0.0,0.0,0.0,0.0,1740,0.04196653887629509,1740,0.06398434937000275
0.01993170753121376,0.0,0.0,0.0,0.0,1741,0.04769853875041008,1741,0.06763024628162384
0.015430791303515434,0.0,0.0,0.0,0.0,1742,0.053955867886543274,1742,0.06938666105270386
0.011048867367208004,0.0,0.0,0.0,0.0,1743,0.05931667611002922,1743,0.0703655406832695
0.009682556614279747,0.0,0.0,0.0,0.0,1744,0.06200117617845535,1744,0.07168373465538025
0.009599639102816582,0.0,0.0,0.0,0.0,1745,0.0614534467458725,1745,0.07105308771133423
0.010533913969993591,0.0,0.0,0.0,0.0,1746,0.05799541622400284,1746,0.06852933019399643
0.00843101553618908,0.0,0.0,0.0,0.0,1747,0.05269940569996834,1747,0.06113041564822197
0.011293349787592888,0.0,0.0,0.0,0.0,1748,0.04619666188955307,1748,0.057490017265081406
0.01036757044494152,0.0,0.0,0.0,0.0,1749,0.04007304832339287,1749,0.05044061690568924
0.013483948074281216,0.0,0.0,0.0,0.0,1750,0.033575963228940964,1750,0.047059912234544754
0.020893625915050507,0.0,0.0,0.0,0.0,1751,0.0293803159147501,1751,0.05027393996715546
0.022263145074248314,0.0,0.0,0.0,0.0,1752,0.02866971120238304,1752,0.050932854413986206
0.016820797696709633,0.0,0.0,0.0,0.0,1753,0.03136420622467995,1753,0.04818500950932503
0.010620617307722569,0.0,0.0,0.0,0.0,1754,0.035908352583646774,1754,0.04652897268533707
0.008267723955214024,0.0,0.0,0.0,0.0,1755,0.040105950087308884,1755,0.04837367311120033
0.00792282447218895,0.0,0.0,0.0,0.0,1756,0.042294278740882874,1756,0.05021710321307182
0.007640685886144638,0.0,0.0,0.0,0.0,1757,0.041773729026317596,1757,0.049414414912462234
0.007347921375185251,0.0,0.0,0.0,0.0,1758,0.0393143892288208,1758,0.046662312000989914
0.009826169349253178,0.0,0.0,0.0,0.0,1759,0.035743601620197296,1759,0.0455697700381279
0.013814390636980534,0.0,0.0,0.0,0.0,1760,0.03272738680243492,1760,0.04654178023338318
0.015980646014213562,0.0,0.0,0.0,0.0,1761,0.03162476792931557,1761,0.04760541394352913
0.014432779513299465,0.0,0.0,0.0,0.0,1762,0.032798442989587784,1762,0.047231219708919525
0.010188870131969452,0.0,0.0,0.0,0.0,1763,0.03576338291168213,1763,0.04595225676894188
0.021873662248253822,0.0,0.0,0.0,0.0,1764,0.03914105147123337,1764,0.06101470813155174
0.02012704871594906,0.0,0.0,0.0,0.0,1765,0.043834175914525986,1765,0.0639612227678299
0.017181463539600372,0.0,0.0,0.0,0.0,1766,0.04908401146531105,1766,0.06626547873020172
0.013090214692056179,0.0,0.0,0.0,0.0,1767,0.05434814840555191,1767,0.06743836402893066
0.010401447303593159,0.0,0.0,0.0,0.0,1768,0.05794445425271988,1768,0.06834589689970016
0.009510268457233906,0.0,0.0,0.0,0.0,1769,0.05892070382833481,1769,0.06843097507953644
0.010308558121323586,0.0,0.0,0.0,0.0,1770,0.05686155706644058,1770,0.06717011332511902
0.012742085382342339,0.0,0.0,0.0,0.0,1771,0.05280851572751999,1771,0.06555060297250748
0.010450251400470734,0.0,0.0,0.0,0.0,1772,0.04792628809809685,1772,0.05837653949856758
0.01080508716404438,0.0,0.0,0.0,0.0,1773,0.042793065309524536,1773,0.05359815061092377
0.009358737617731094,0.0,0.0,0.0,0.0,1774,0.03772366791963577,1774,0.047082409262657166
0.01333828829228878,0.0,0.0,0.0,0.0,1775,0.032720550894737244,1775,0.04605884477496147
0.018695082515478134,0.0,0.0,0.0,0.0,1776,0.029191428795456886,1776,0.04788651689887047
0.01988387666642666,0.0,0.0,0.0,0.0,1777,0.02861838787794113,1777,0.04850227013230324
0.015415498055517673,0.0,0.0,0.0,0.0,1778,0.030955571681261063,1778,0.04637106880545616
0.010671879164874554,0.0,0.0,0.0,0.0,1779,0.03477676212787628,1779,0.04544864222407341
0.007315616123378277,0.0,0.0,0.0,0.0,1780,0.03823862224817276,1780,0.04555423930287361
0.006647372618317604,0.0,0.0,0.0,0.0,1781,0.04019622132182121,1781,0.046843595802783966
0.006828167475759983,0.0,0.0,0.0,0.0,1782,0.03990325331687927,1782,0.04673141986131668
0.006945605389773846,0.0,0.0,0.0,0.0,1783,0.03768914192914963,1783,0.044634751975536346
0.009493363089859486,0.0,0.0,0.0,0.0,1784,0.034945711493492126,1784,0.04443906992673874
0.012278929352760315,0.0,0.0,0.0,0.0,1785,0.032654374837875366,1785,0.04493330419063568
0.013619966804981232,0.0,0.0,0.0,0.0,1786,0.03183059021830559,1786,0.04545055702328682
0.011574801057577133,0.0,0.0,0.0,0.0,1787,0.03289315849542618,1787,0.04446796327829361
0.015216137282550335,0.0,0.0,0.0,0.0,1788,0.035110924392938614,1788,0.05032706260681152
0.015826847404241562,0.0,0.0,0.0,0.0,1789,0.03796882927417755,1789,0.053795672953128815
0.02050340361893177,0.0,0.0,0.0,0.0,1790,0.041725438088178635,1790,0.062228839844465256
0.017543569207191467,0.0,0.0,0.0,0.0,1791,0.04643799364566803,1791,0.0639815628528595
0.01442133542150259,0.0,0.0,0.0,0.0,1792,0.051156073808670044,1792,0.06557741016149521
0.011327295564115047,0.0,0.0,0.0,0.0,1793,0.05480124056339264,1793,0.06612853705883026
0.009941392578184605,0.0,0.0,0.0,0.0,1794,0.05623288080096245,1794,0.06617427617311478
0.010311931371688843,0.0,0.0,0.0,0.0,1795,0.05498688668012619,1795,0.06529881805181503
0.007703701499849558,0.0,0.0,0.0,0.0,1796,0.051600221544504166,1796,0.059303924441337585
0.009273422881960869,0.0,0.0,0.0,0.0,1797,0.046296849846839905,1797,0.05557027831673622
0.008954486809670925,0.0,0.0,0.0,0.0,1798,0.040729399770498276,1798,0.049683887511491776
0.011648711748421192,0.0,0.0,0.0,0.0,1799,0.03445805236697197,1799,0.04610675945878029
0.01508770789951086,0.0,0.0,0.0,0.0,1800,0.029940634965896606,1800,0.04502834752202034
0.019358502700924873,0.0,0.0,0.0,0.0,1801,0.02775454893708229,1801,0.04711305350065231
0.017514202743768692,0.0,0.0,0.0,0.0,1802,0.02857808768749237,1802,0.046092286705970764
0.01248121727257967,0.0,0.0,0.0,0.0,1803,0.03168446943163872,1803,0.04416568577289581
0.009079343639314175,0.0,0.0,0.0,0.0,1804,0.03588513657450676,1804,0.04496448114514351
0.0075278920121490955,0.0,0.0,0.0,0.0,1805,0.039955366402864456,1805,0.047483254224061966
0.007956190034747124,0.0,0.0,0.0,0.0,1806,0.04195157065987587,1806,0.049907758831977844
0.008078199811279774,0.0,0.0,0.0,0.0,1807,0.04154272377490997,1807,0.04962092265486717
0.007453310769051313,0.0,0.0,0.0,0.0,1808,0.0392729677259922,1808,0.0467262789607048
0.009338576346635818,0.0,0.0,0.0,0.0,1809,0.03563842177391052,1809,0.04497699812054634
0.01039169542491436,0.0,0.0,0.0,0.0,1810,0.03264237940311432,1810,0.04303407669067383
0.01354486495256424,0.0,0.0,0.0,0.0,1811,0.03069639764726162,1811,0.04424126818776131
0.014221793971955776,0.0,0.0,0.0,0.0,1812,0.0305600818246603,1812,0.0447818748652935
0.02314302884042263,0.0,0.0,0.0,0.0,1813,0.0321255698800087,1813,0.05526860058307648
0.01749066635966301,0.0,0.0,0.0,0.0,1814,0.0361049510538578,1814,0.05359561741352081
0.01554530207067728,0.0,0.0,0.0,0.0,1815,0.04117506369948387,1815,0.05672036111354828
0.014710369519889355,0.0,0.0,0.0,0.0,1816,0.04585617408156395,1816,0.06056654453277588
0.01169228833168745,0.0,0.0,0.0,0.0,1817,0.050235994160175323,1817,0.06192827969789505
0.01043022982776165,0.0,0.0,0.0,0.0,1818,0.053007666021585464,1818,0.06343789398670197
0.009789728559553623,0.0,0.0,0.0,0.0,1819,0.05341213941574097,1819,0.06320186704397202
0.010068229399621487,0.0,0.0,0.0,0.0,1820,0.051504816859960556,1820,0.06157304719090462
0.011700027622282505,0.0,0.0,0.0,0.0,1821,0.047853678464889526,1821,0.05955370515584946
0.009735960513353348,0.0,0.0,0.0,0.0,1822,0.0437346026301384,1822,0.05347055941820145
0.008929990231990814,0.0,0.0,0.0,0.0,1823,0.03872736915946007,1823,0.04765735939145088
0.01143935602158308,0.0,0.0,0.0,0.0,1824,0.03346645459532738,1824,0.04490581154823303
0.01602599397301674,0.0,0.0,0.0,0.0,1825,0.02979157492518425,1825,0.04581757262349129
0.015437901951372623,0.0,0.0,0.0,0.0,1826,0.028825901448726654,1826,0.0442638024687767
0.013642986305058002,0.0,0.0,0.0,0.0,1827,0.02989858016371727,1827,0.0435415655374527
0.011995593085885048,0.0,0.0,0.0,0.0,1828,0.03230709955096245,1828,0.04430268704891205
0.008424933068454266,0.0,0.0,0.0,0.0,1829,0.03545346111059189,1829,0.04387839883565903
0.007226420566439629,0.0,0.0,0.0,0.0,1830,0.038354985415935516,1830,0.045581404119729996
0.007060018368065357,0.0,0.0,0.0,0.0,1831,0.03943009674549103,1831,0.04649011045694351
0.00692138122394681,0.0,0.0,0.0,0.0,1832,0.03850407898426056,1832,0.04542545974254608
0.008042706176638603,0.0,0.0,0.0,0.0,1833,0.03605307266116142,1833,0.044095780700445175
0.01010880433022976,0.0,0.0,0.0,0.0,1834,0.033319324254989624,1834,0.04342813044786453
0.020801180973649025,0.0,0.0,0.0,0.0,1835,0.03147347271442413,1835,0.05227465182542801
0.019828086718916893,0.0,0.0,0.0,0.0,1836,0.032011859118938446,1836,0.05183994397521019
0.018648654222488403,0.0,0.0,0.0,0.0,1837,0.034548692405223846,1837,0.05319734662771225
0.017097018659114838,0.0,0.0,0.0,0.0,1838,0.03793223202228546,1838,0.0550292506814003
0.015382972545921803,0.0,0.0,0.0,0.0,1839,0.04168687388300896,1839,0.057069845497608185
0.012538616545498371,0.0,0.0,0.0,0.0,1840,0.04514581710100174,1840,0.057684432715177536
0.010968686081469059,0.0,0.0,0.0,0.0,1841,0.04743598774075508,1841,0.058404676616191864
0.010041032917797565,0.0,0.0,0.0,0.0,1842,0.04837381839752197,1842,0.058414850383996964
0.006907407194375992,0.0,0.0,0.0,0.0,1843,0.04756174609065056,1843,0.05446915328502655
0.008339308202266693,0.0,0.0,0.0,0.0,1844,0.04437347501516342,1844,0.052712783217430115
0.007429462857544422,0.0,0.0,0.0,0.0,1845,0.04003903642296791,1845,0.04746850207448006
0.00906149111688137,0.0,0.0,0.0,0.0,1846,0.034397706389427185,1846,0.043459199368953705
0.014015886932611465,0.0,0.0,0.0,0.0,1847,0.02994893305003643,1847,0.043964821845293045
0.01735512539744377,0.0,0.0,0.0,0.0,1848,0.02811741642653942,1848,0.04547253996133804
0.014743663370609283,0.0,0.0,0.0,0.0,1849,0.029488060623407364,1849,0.04423172399401665
0.010392682626843452,0.0,0.0,0.0,0.0,1850,0.032981228083372116,1850,0.04337391257286072
0.007059304043650627,0.0,0.0,0.0,0.0,1851,0.03704015910625458,1851,0.04409946873784065
0.005957447458058596,0.0,0.0,0.0,0.0,1852,0.039622873067855835,1852,0.04558032378554344
0.011583357118070126,0.0,0.0,0.0,0.0,1853,0.03986552730202675,1853,0.05144888162612915
0.011870495975017548,0.0,0.0,0.0,0.0,1854,0.03874465823173523,1854,0.05061515420675278
0.006978483404964209,0.0,0.0,0.0,0.0,1855,0.03666594997048378,1855,0.04364442825317383
0.008574922569096088,0.0,0.0,0.0,0.0,1856,0.03389766067266464,1856,0.042472582310438156
0.009882266633212566,0.0,0.0,0.0,0.0,1857,0.03173712641000748,1857,0.04161939397454262
0.011147117242217064,0.0,0.0,0.0,0.0,1858,0.030668621882796288,1858,0.04181573912501335
0.010971619747579098,0.0,0.0,0.0,0.0,1859,0.030983367934823036,1859,0.04195498675107956
0.015679210424423218,0.0,0.0,0.0,0.0,1860,0.03256130963563919,1860,0.04824052006006241
0.013187852688133717,0.0,0.0,0.0,0.0,1861,0.03520050272345543,1861,0.04838835820555687
0.013218970969319344,0.0,0.0,0.0,0.0,1862,0.038278449326753616,1862,0.05149742215871811
0.012688669376075268,0.0,0.0,0.0,0.0,1863,0.04066626355051994,1863,0.053354933857917786
0.011421154253184795,0.0,0.0,0.0,0.0,1864,0.04180179163813591,1864,0.05322294682264328
0.011117802001535892,0.0,0.0,0.0,0.0,1865,0.042001351714134216,1865,0.053119149059057236
0.01216624490916729,0.0,0.0,0.0,0.0,1866,0.04110301285982132,1866,0.05326926335692406
0.008473350666463375,0.0,0.0,0.0,0.0,1867,0.039210107177495956,1867,0.04768345504999161
0.007374919950962067,0.0,0.0,0.0,0.0,1868,0.03603486716747284,1868,0.04340978339314461
0.008742053061723709,0.0,0.0,0.0,0.0,1869,0.03235764056444168,1869,0.04109969362616539
0.012480029836297035,0.0,0.0,0.0,0.0,1870,0.029251571744680405,1870,0.04173160344362259
0.013706905767321587,0.0,0.0,0.0,0.0,1871,0.028292978182435036,1871,0.04199988394975662
0.011895893141627312,0.0,0.0,0.0,0.0,1872,0.029471786692738533,1872,0.041367679834365845
0.008585580624639988,0.0,0.0,0.0,0.0,1873,0.03220959007740021,1873,0.04079516977071762
0.006723178084939718,0.0,0.0,0.0,0.0,1874,0.03530677780508995,1874,0.04202995449304581
0.006537293549627066,0.0,0.0,0.0,0.0,1875,0.03729718178510666,1875,0.04383447393774986
0.012618821114301682,0.0,0.0,0.0,0.0,1876,0.0377875380218029,1876,0.050406355410814285
0.012660770677030087,0.0,0.0,0.0,0.0,1877,0.03776239603757858,1877,0.050423167645931244
0.013047976419329643,0.0,0.0,0.0,0.0,1878,0.03727409243583679,1878,0.050322070717811584
0.01175811979919672,0.0,0.0,0.0,0.0,1879,0.036609947681427,1879,0.04836806654930115
0.005801701452583075,0.0,0.0,0.0,0.0,1880,0.035368144512176514,1880,0.041169844567775726
0.006893380079418421,0.0,0.0,0.0,0.0,1881,0.03318305313587189,1881,0.04007643461227417
0.009261011146008968,0.0,0.0,0.0,0.0,1882,0.031137432903051376,1882,0.04039844498038292
0.010227657854557037,0.0,0.0,0.0,0.0,1883,0.030233008787035942,1883,0.04046066850423813
0.009855077601969242,0.0,0.0,0.0,0.0,1884,0.03043171763420105,1884,0.04028679430484772
0.008469921536743641,0.0,0.0,0.0,0.0,1885,0.03152628615498543,1885,0.039996206760406494
0.00685686431825161,0.0,0.0,0.0,0.0,1886,0.033155642449855804,1886,0.040012508630752563
0.006062708329409361,0.0,0.0,0.0,0.0,1887,0.03432856872677803,1887,0.04039127752184868
0.013081979006528854,0.0,0.0,0.0,0.0,1888,0.03461826965212822,1888,0.047700244933366776
0.012148569338023663,0.0,0.0,0.0,0.0,1889,0.035405199974775314,1889,0.04755377024412155
0.019397765398025513,0.0,0.0,0.0,0.0,1890,0.036275237798690796,1890,0.05567300319671631
0.019326215609908104,0.0,0.0,0.0,0.0,1891,0.0370517335832119,1891,0.056377943605184555
0.019500259310007095,0.0,0.0,0.0,0.0,1892,0.037436217069625854,1892,0.05693647637963295
0.013813656754791737,0.0,0.0,0.0,0.0,1893,0.03749306872487068,1893,0.051306720823049545
0.012529999017715454,0.0,0.0,0.0,0.0,1894,0.03633011505007744,1894,0.04886011406779289
0.010782144963741302,0.0,0.0,0.0,0.0,1895,0.034162916243076324,1895,0.044945064932107925
0.015966642647981644,0.0,0.0,0.0,0.0,1896,0.03178023546934128,1896,0.04774687811732292
0.016359612345695496,0.0,0.0,0.0,0.0,1897,0.030224410817027092,1897,0.04658402502536774
0.016252750530838966,0.0,0.0,0.0,0.0,1898,0.030053695663809776,1898,0.04630644619464874
0.012209898792207241,0.0,0.0,0.0,0.0,1899,0.03133731707930565,1899,0.043547216802835464
0.009856744669377804,0.0,0.0,0.0,0.0,1900,0.03330894932150841,1900,0.043165694922208786
0.008897756226360798,0.0,0.0,0.0,0.0,1901,0.035016294568777084,1901,0.043914053589105606
0.014871680177748203,0.0,0.0,0.0,0.0,1902,0.03594479709863663,1902,0.050816476345062256
0.013882692903280258,0.0,0.0,0.0,0.0,1903,0.03731842711567879,1903,0.051201120018959045
0.011859972961246967,0.0,0.0,0.0,0.0,1904,0.03867463022470474,1904,0.050534602254629135
0.011504867114126682,0.0,0.0,0.0,0.0,1905,0.0393984392285347,1905,0.050903305411338806
0.01122982706874609,0.0,0.0,0.0,0.0,1906,0.0395030714571476,1906,0.050732895731925964
0.010980687104165554,0.0,0.0,0.0,0.0,1907,0.03899385780096054,1907,0.04997454956173897
0.00440064026042819,0.0,0.0,0.0,0.0,1908,0.038047853857278824,1908,0.0424484945833683
0.006119710858911276,0.0,0.0,0.0,0.0,1909,0.035436294972896576,1909,0.04155600443482399
0.008458766154944897,0.0,0.0,0.0,0.0,1910,0.032458871603012085,1910,0.040917638689279556
0.010624811053276062,0.0,0.0,0.0,0.0,1911,0.030241848900914192,1911,0.040866658091545105
0.012952784076333046,0.0,0.0,0.0,0.0,1912,0.029611991718411446,1912,0.04256477579474449
0.010551645420491695,0.0,0.0,0.0,0.0,1913,0.0305236354470253,1913,0.04107528179883957
0.00790749117732048,0.0,0.0,0.0,0.0,1914,0.03266768157482147,1914,0.04057517275214195
0.005807619076222181,0.0,0.0,0.0,0.0,1915,0.034859977662563324,1915,0.04066759720444679
0.004845926072448492,0.0,0.0,0.0,0.0,1916,0.03603774309158325,1916,0.04088366776704788
0.011057508178055286,0.0,0.0,0.0,0.0,1917,0.03542506694793701,1917,0.046482574194669724
0.011612888425588608,0.0,0.0,0.0,0.0,1918,0.034800935536623,1918,0.04641382396221161
0.013028576038777828,0.0,0.0,0.0,0.0,1919,0.034269459545612335,1919,0.04729803651571274
0.012789562344551086,0.0,0.0,0.0,0.0,1920,0.03427505865693092,1920,0.04706462100148201
0.00593616021797061,0.0,0.0,0.0,0.0,1921,0.03454677760601044,1921,0.040482938289642334
0.006480436306446791,0.0,0.0,0.0,0.0,1922,0.033797331154346466,1922,0.040277767926454544
0.007375889457762241,0.0,0.0,0.0,0.0,1923,0.03239965811371803,1923,0.0397755466401577
0.008787709288299084,0.0,0.0,0.0,0.0,1924,0.030995747074484825,1924,0.039783455431461334
0.009182875975966454,0.0,0.0,0.0,0.0,1925,0.03029230423271656,1925,0.039475180208683014
0.009614579379558563,0.0,0.0,0.0,0.0,1926,0.029828229919075966,1926,0.03944280743598938
0.009448970668017864,0.0,0.0,0.0,0.0,1927,0.02989300712943077,1927,0.03934197872877121
0.009482010267674923,0.0,0.0,0.0,0.0,1928,0.030198046937584877,1928,0.039680056273937225
0.015739871188998222,0.0,0.0,0.0,0.0,1929,0.030783850699663162,1929,0.046523723751306534
0.013634663075208664,0.0,0.0,0.0,0.0,1930,0.03215969726443291,1930,0.04579436406493187
0.011593450792133808,0.0,0.0,0.0,0.0,1931,0.03404461219906807,1931,0.0456380620598793
0.010630293749272823,0.0,0.0,0.0,0.0,1932,0.03527897223830223,1932,0.04590926691889763
0.009358547627925873,0.0,0.0,0.0,0.0,1933,0.03527397662401199,1933,0.044632524251937866
0.009957527741789818,0.0,0.0,0.0,0.0,1934,0.03407254070043564,1934,0.044030070304870605
0.006896388251334429,0.0,0.0,0.0,0.0,1935,0.03213457018136978,1935,0.03903095796704292
0.009339718148112297,0.0,0.0,0.0,0.0,1936,0.029397903010249138,1936,0.038737621158361435
0.012109823524951935,0.0,0.0,0.0,0.0,1937,0.02700466848909855,1937,0.039114490151405334
0.013122853823006153,0.0,0.0,0.0,0.0,1938,0.026227839291095734,1938,0.03935069218277931
0.011457301676273346,0.0,0.0,0.0,0.0,1939,0.027248196303844452,1939,0.038705501705408096
0.00880639161914587,0.0,0.0,0.0,0.0,1940,0.029356665909290314,1940,0.03816305845975876
0.007010103669017553,0.0,0.0,0.0,0.0,1941,0.03130043298006058,1941,0.03831053525209427
0.006089396774768829,0.0,0.0,0.0,0.0,1942,0.03184462711215019,1942,0.03793402388691902
0.011885814368724823,0.0,0.0,0.0,0.0,1943,0.031326234340667725,1943,0.04321204498410225
0.01248009130358696,0.0,0.0,0.0,0.0,1944,0.030808748677372932,1944,0.04328884556889534
0.014076510444283485,0.0,0.0,0.0,0.0,1945,0.03063449263572693,1945,0.04471100494265556
0.01426760945469141,0.0,0.0,0.0,0.0,1946,0.03095918335020542,1946,0.04522679001092911
0.006561620160937309,0.0,0.0,0.0,0.0,1947,0.03182867914438248,1947,0.038390301167964935
0.0063655492849648,0.0,0.0,0.0,0.0,1948,0.032043952494859695,1948,0.03840950131416321
0.007103092037141323,0.0,0.0,0.0,0.0,1949,0.03150158002972603,1949,0.038604672998189926
0.008224166929721832,0.0,0.0,0.0,0.0,1950,0.030108794569969177,1950,0.03833296149969101
0.008747377432882786,0.0,0.0,0.0,0.0,1951,0.028721358627080917,1951,0.03746873885393143
0.009673794731497765,0.0,0.0,0.0,0.0,1952,0.027853181585669518,1952,0.03752697631716728
0.009509204886853695,0.0,0.0,0.0,0.0,1953,0.02789965830743313,1953,0.03740886226296425
0.009311710484325886,0.0,0.0,0.0,0.0,1954,0.028712395578622818,1954,0.03802410513162613
0.015229386277496815,0.0,0.0,0.0,0.0,1955,0.03000018000602722,1955,0.04522956907749176
0.013552107848227024,0.0,0.0,0.0,0.0,1956,0.03218434378504753,1956,0.04573645070195198
0.01268803235143423,0.0,0.0,0.0,0.0,1957,0.03451353311538696,1957,0.04720157012343407
0.010899614542722702,0.0,0.0,0.0,0.0,1958,0.03682436794042587,1958,0.047723982483148575
0.00975822564214468,0.0,0.0,0.0,0.0,1959,0.03824981674551964,1959,0.048008039593696594
0.009868696331977844,0.0,0.0,0.0,0.0,1960,0.03789812698960304,1960,0.047766827046871185
0.004614576231688261,0.0,0.0,0.0,0.0,1961,0.036018095910549164,1961,0.04063267260789871
0.006761319003999233,0.0,0.0,0.0,0.0,1962,0.031964000314474106,1962,0.038725320249795914
0.009717324748635292,0.0,0.0,0.0,0.0,1963,0.02746829390525818,1963,0.03718561679124832
0.013640054501593113,0.0,0.0,0.0,0.0,1964,0.02460527792572975,1964,0.03824533149600029
0.013543312437832355,0.0,0.0,0.0,0.0,1965,0.024376926943659782,1965,0.03792024031281471
0.010103225708007812,0.0,0.0,0.0,0.0,1966,0.026653366163372993,1966,0.03675659000873566
0.006940610706806183,0.0,0.0,0.0,0.0,1967,0.029998384416103363,1967,0.036938995122909546
0.005488242022693157,0.0,0.0,0.0,0.0,1968,0.03268060460686684,1968,0.03816884756088257
0.010336230508983135,0.0,0.0,0.0,0.0,1969,0.03407445549964905,1969,0.04441068693995476
0.010012954473495483,0.0,0.0,0.0,0.0,1970,0.03453386202454567,1970,0.044546812772750854
0.01047526765614748,0.0,0.0,0.0,0.0,1971,0.03392675518989563,1971,0.044402021914720535
0.005209704395383596,0.0,0.0,0.0,0.0,1972,0.03268233686685562,1972,0.037892039865255356
0.0059236884117126465,0.0,0.0,0.0,0.0,1973,0.03039931319653988,1973,0.036322999745607376
0.007702702656388283,0.0,0.0,0.0,0.0,1974,0.02802886627614498,1974,0.035731568932533264
0.00998828187584877,0.0,0.0,0.0,0.0,1975,0.02609645389020443,1975,0.03608473390340805
0.010638752952218056,0.0,0.0,0.0,0.0,1976,0.02559634856879711,1976,0.03623510152101517
0.009210903197526932,0.0,0.0,0.0,0.0,1977,0.026548199355602264,1977,0.035759102553129196
0.007113412022590637,0.0,0.0,0.0,0.0,1978,0.02835693024098873,1978,0.03547034412622452
0.011363541707396507,0.0,0.0,0.0,0.0,1979,0.02980184182524681,1979,0.04116538166999817
0.011931542307138443,0.0,0.0,0.0,0.0,1980,0.031999196857213974,1980,0.04393073916435242
0.01096360944211483,0.0,0.0,0.0,0.0,1981,0.03401795029640198,1981,0.04498155787587166
0.009402134455740452,0.0,0.0,0.0,0.0,1982,0.03534771874547005,1982,0.044749852269887924
0.009389705024659634,0.0,0.0,0.0,0.0,1983,0.03511035814881325,1983,0.044500067830085754
0.0048331585712730885,0.0,0.0,0.0,0.0,1984,0.03368009999394417,1984,0.03851325809955597
0.00550268916413188,0.0,0.0,0.0,0.0,1985,0.030428564175963402,1985,0.03593125194311142
0.00868354830890894,0.0,0.0,0.0,0.0,1986,0.026744259521365166,1986,0.03542780876159668
0.012139537371695042,0.0,0.0,0.0,0.0,1987,0.02403547242283821,1987,0.03617500886321068
0.013156912289559841,0.0,0.0,0.0,0.0,1988,0.023378830403089523,1988,0.03653574362397194
0.010719679296016693,0.0,0.0,0.0,0.0,1989,0.024826008826494217,1989,0.03554568812251091
0.007922550663352013,0.0,0.0,0.0,0.0,1990,0.027426615357398987,1990,0.03534916788339615
0.005219603888690472,0.0,0.0,0.0,0.0,1991,0.03012523613870144,1991,0.035344839096069336
0.004424161743372679,0.0,0.0,0.0,0.0,1992,0.03165723755955696,1992,0.03608139976859093
0.011102106422185898,0.0,0.0,0.0,0.0,1993,0.03141853213310242,1993,0.042520638555288315
0.010545002296566963,0.0,0.0,0.0,0.0,1994,0.03097253106534481,1994,0.041517533361911774
0.004707548301666975,0.0,0.0,0.0,0.0,1995,0.030551623553037643,1995,0.035259172320365906
0.0055360328406095505,0.0,0.0,0.0,0.0,1996,0.029169045388698578,1996,0.03470508009195328
0.007205528672784567,0.0,0.0,0.0,0.0,1997,0.027546515688300133,1997,0.03475204482674599
0.008682170882821083,0.0,0.0,0.0,0.0,1998,0.02618768997490406,1998,0.03486986458301544
0.00859149917960167,0.0,0.0,0.0,0.0,1999,0.02578074112534523,1999,0.0343722403049469
0.01623084954917431,0.0,0.0,0.0,0.0,2000,0.026265650987625122,2000,0.04249650239944458
0.01397714950144291,0.0,0.0,0.0,0.0,2001,0.02856554090976715,2001,0.04254268854856491
0.010719805024564266,0.0,0.0,0.0,0.0,2002,0.03151918947696686,2002,0.0422389954328537
0.009151706472039223,0.0,0.0,0.0,0.0,2003,0.03415113314986229,2003,0.04330284148454666
0.00996218342334032,0.0,0.0,0.0,0.0,2004,0.03523188456892967,2004,0.04519406706094742
0.008349843323230743,0.0,0.0,0.0,0.0,2005,0.03489444777369499,2005,0.043244294822216034
0.0039755916222929955,0.0,0.0,0.0,0.0,2006,0.03272285684943199,2006,0.03669844940304756
0.006601829081773758,0.0,0.0,0.0,0.0,2007,0.02851293608546257,2007,0.03511476516723633
0.010277176275849342,0.0,0.0,0.0,0.0,2008,0.02440214343369007,2008,0.03467931970953941
0.014214208349585533,0.0,0.0,0.0,0.0,2009,0.022252902388572693,2009,0.03646710887551308
0.013043192215263844,0.0,0.0,0.0,0.0,2010,0.022780466824769974,2010,0.03582365810871124
0.008497543632984161,0.0,0.0,0.0,0.0,2011,0.025439221411943436,2011,0.0339367650449276
0.006215242203325033,0.0,0.0,0.0,0.0,2012,0.028699420392513275,2012,0.034914661198854446
0.00395576935261488,0.0,0.0,0.0,0.0,2013,0.031548839062452316,2013,0.03550460934638977
0.003774843644350767,0.0,0.0,0.0,0.0,2014,0.032302044332027435,2014,0.03607688844203949
0.004101430531591177,0.0,0.0,0.0,0.0,2015,0.03112214244902134,2015,0.035223573446273804
0.004820819944143295,0.0,0.0,0.0,0.0,2016,0.02874751202762127,2016,0.033568333834409714
0.007413283456116915,0.0,0.0,0.0,0.0,2017,0.02627960406243801,2017,0.03369288891553879
0.009738996624946594,0.0,0.0,0.0,0.0,2018,0.024493563920259476,2018,0.03423256054520607
0.010053755715489388,0.0,0.0,0.0,0.0,2019,0.024277839809656143,2019,0.03433159738779068
0.009082246571779251,0.0,0.0,0.0,0.0,2020,0.025517553091049194,2020,0.034599799662828445
0.015285393223166466,0.0,0.0,0.0,0.0,2021,0.027642304077744484,2021,0.04292769730091095
0.011491972953081131,0.0,0.0,0.0,0.0,2022,0.031069329008460045,2022,0.04256130009889603
0.00917674507945776,0.0,0.0,0.0,0.0,2023,0.03436356782913208,2023,0.043540313839912415
0.007382262963801622,0.0,0.0,0.0,0.0,2024,0.03581208735704422,2024,0.043194349855184555
0.007061604876071215,0.0,0.0,0.0,0.0,2025,0.0357535183429718,2025,0.04281512275338173
0.008161417208611965,0.0,0.0,0.0,0.0,2026,0.034254226833581924,2026,0.042415644973516464
0.004051115829497576,0.0,0.0,0.0,0.0,2027,0.03116040863096714,2027,0.03521152585744858
0.0067668878473341465,0.0,0.0,0.0,0.0,2028,0.026772357523441315,2028,0.03353924676775932
0.010800021700561047,0.0,0.0,0.0,0.0,2029,0.023128915578126907,2029,0.03392893821001053
0.014087551273405552,0.0,0.0,0.0,0.0,2030,0.021241320297122,2030,0.03532887250185013
0.01307122502475977,0.0,0.0,0.0,0.0,2031,0.02174210175871849,2031,0.034813325852155685
0.00940620806068182,0.0,0.0,0.0,0.0,2032,0.024130763486027718,2032,0.03353697061538696
0.005870330613106489,0.0,0.0,0.0,0.0,2033,0.02725190296769142,2033,0.0331222340464592
0.00434103375300765,0.0,0.0,0.0,0.0,2034,0.02975923754274845,2034,0.03410027176141739
0.004029810894280672,0.0,0.0,0.0,0.0,2035,0.030467402189970016,2035,0.0344972126185894
0.004015288781374693,0.0,0.0,0.0,0.0,2036,0.029256582260131836,2036,0.03327186778187752
0.005791741888970137,0.0,0.0,0.0,0.0,2037,0.026880130171775818,2037,0.03267187252640724
0.008135928772389889,0.0,0.0,0.0,0.0,2038,0.024712737649679184,2038,0.03284866735339165
0.009731447324156761,0.0,0.0,0.0,0.0,2039,0.02355334162712097,2039,0.03328479081392288
0.018564533442258835,0.0,0.0,0.0,0.0,2040,0.02387925237417221,2040,0.042443785816431046
0.013847602531313896,0.0,0.0,0.0,0.0,2041,0.026632823050022125,2041,0.04048042744398117
0.010552393272519112,0.0,0.0,0.0,0.0,2042,0.03067144751548767,2042,0.04122383892536163
0.007504819426685572,0.0,0.0,0.0,0.0,2043,0.03446279838681221,2043,0.041967615485191345
0.006184868048876524,0.0,0.0,0.0,0.0,2044,0.036429449915885925,2044,0.04261431843042374
0.006013789679855108,0.0,0.0,0.0,0.0,2045,0.036222606897354126,2045,0.04223639518022537
0.007110270671546459,0.0,0.0,0.0,0.0,2046,0.033938150852918625,2046,0.04104842245578766
0.003981961403042078,0.0,0.0,0.0,0.0,2047,0.03050815872848034,2047,0.03449011966586113
0.006321099121123552,0.0,0.0,0.0,0.0,2048,0.02596179023385048,2048,0.032282888889312744
0.011889162473380566,0.0,0.0,0.0,0.0,2049,0.021842477843165398,2049,0.03373163938522339
0.01497279480099678,0.0,0.0,0.0,0.0,2050,0.020079292356967926,2050,0.035052087157964706
0.012955917045474052,0.0,0.0,0.0,0.0,2051,0.02101648598909378,2051,0.03397240489721298
0.008585533127188683,0.0,0.0,0.0,0.0,2052,0.02383919060230255,2052,0.03242472559213638
0.005375451873987913,0.0,0.0,0.0,0.0,2053,0.027259808033704758,2053,0.03263526037335396
0.004547338001430035,0.0,0.0,0.0,0.0,2054,0.030036913231015205,2054,0.034584250301122665
0.0041180867701768875,0.0,0.0,0.0,0.0,2055,0.03099445067346096,2055,0.03511253744363785
0.0035339435562491417,0.0,0.0,0.0,0.0,2056,0.030030949041247368,2056,0.03356489539146423
0.004778191447257996,0.0,0.0,0.0,0.0,2057,0.027448870241642,2057,0.032227061688899994
0.007575701922178268,0.0,0.0,0.0,0.0,2058,0.024834617972373962,2058,0.03241031989455223
0.010147535242140293,0.0,0.0,0.0,0.0,2059,0.022934919223189354,2059,0.03308245539665222
0.010426050052046776,0.0,0.0,0.0,0.0,2060,0.02274772711098194,2060,0.03317377716302872
0.008715123869478703,0.0,0.0,0.0,0.0,2061,0.024091538041830063,2061,0.03280666097998619
0.013948077335953712,0.0,0.0,0.0,0.0,2062,0.026338841766119003,2062,0.040286920964717865
0.010588981211185455,0.0,0.0,0.0,0.0,2063,0.02919209562242031,2063,0.039781078696250916
0.008945751935243607,0.0,0.0,0.0,0.0,2064,0.031788285821676254,2064,0.04073403775691986
0.007886341772973537,0.0,0.0,0.0,0.0,2065,0.03316909819841385,2065,0.04105544090270996
0.008061235770583153,0.0,0.0,0.0,0.0,2066,0.032393645495176315,2066,0.04045487940311432
0.0041060494258999825,0.0,0.0,0.0,0.0,2067,0.0302409827709198,2067,0.03434703126549721
0.005611554253846407,0.0,0.0,0.0,0.0,2068,0.02673647552728653,2068,0.03234802931547165
0.00817577913403511,0.0,0.0,0.0,0.0,2069,0.023073120042681694,2069,0.031248899176716805
0.011891573667526245,0.0,0.0,0.0,0.0,2070,0.02074613980948925,2070,0.032637715339660645
0.012374170124530792,0.0,0.0,0.0,0.0,2071,0.020462101325392723,2071,0.032836273312568665
0.009373259730637074,0.0,0.0,0.0,0.0,2072,0.022145194932818413,2072,0.03151845559477806
0.005943274591118097,0.0,0.0,0.0,0.0,2073,0.024949705228209496,2073,0.030892977491021156
0.004607082344591618,0.0,0.0,0.0,0.0,2074,0.027396326884627342,2074,0.032003410160541534
0.0036463935393840075,0.0,0.0,0.0,0.0,2075,0.028826531022787094,2075,0.03247292339801788
0.003582810517400503,0.0,0.0,0.0,0.0,2076,0.02871312014758587,2076,0.03229592740535736
0.004467885475605726,0.0,0.0,0.0,0.0,2077,0.027307400479912758,2077,0.03177528455853462
0.00524289021268487,0.0,0.0,0.0,0.0,2078,0.025536395609378815,2078,0.030779283493757248
0.007225502748042345,0.0,0.0,0.0,0.0,2079,0.023602338507771492,2079,0.03082784079015255
0.008115055970847607,0.0,0.0,0.0,0.0,2080,0.0225788913667202,2080,0.030693944543600082
0.015499570406973362,0.0,0.0,0.0,0.0,2081,0.022663382813334465,2081,0.0381629541516304
0.015003704465925694,0.0,0.0,0.0,0.0,2082,0.024774881079792976,2082,0.039778586477041245
0.010855457745492458,0.0,0.0,0.0,0.0,2083,0.028054945170879364,2083,0.0389104001224041
0.008491896092891693,0.0,0.0,0.0,0.0,2084,0.03145669400691986,2084,0.039948590099811554
0.007980803027749062,0.0,0.0,0.0,0.0,2085,0.033307913690805435,2085,0.041288718581199646
0.007463398389518261,0.0,0.0,0.0,0.0,2086,0.03379097208380699,2086,0.04125437140464783
0.008871292695403099,0.0,0.0,0.0,0.0,2087,0.0326557420194149,2087,0.04152703285217285
0.003941591363400221,0.0,0.0,0.0,0.0,2088,0.030143579468131065,2088,0.03408517315983772
0.0050889356061816216,0.0,0.0,0.0,0.0,2089,0.026037823408842087,2089,0.031126759946346283
0.008290116675198078,0.0,0.0,0.0,0.0,2090,0.022226501256227493,2090,0.030516617000102997
0.012350688688457012,0.0,0.0,0.0,0.0,2091,0.01986967958509922,2091,0.03222036734223366
0.012645895592868328,0.0,0.0,0.0,0.0,2092,0.019681064411997795,2092,0.03232695907354355
0.009694362990558147,0.0,0.0,0.0,0.0,2093,0.021484818309545517,2093,0.03117918223142624
0.005734855774790049,0.0,0.0,0.0,0.0,2094,0.024422863498330116,2094,0.030157720670104027
0.004311750642955303,0.0,0.0,0.0,0.0,2095,0.026988623663783073,2095,0.0313003733754158
0.003916508983820677,0.0,0.0,0.0,0.0,2096,0.028633201494812965,2096,0.03254970908164978
0.0037594870664179325,0.0,0.0,0.0,0.0,2097,0.02866159752011299,2097,0.032421085983514786
0.0045641507022082806,0.0,0.0,0.0,0.0,2098,0.02725202776491642,2098,0.03181617707014084
0.004751523490995169,0.0,0.0,0.0,0.0,2099,0.02537042833864689,2099,0.030121954157948494
0.0068021356128156185,0.0,0.0,0.0,0.0,2100,0.02373724803328514,2100,0.030539382249116898
0.0076361848041415215,0.0,0.0,0.0,0.0,2101,0.02266460843384266,2101,0.030300796031951904
0.007771776057779789,0.0,0.0,0.0,0.0,2102,0.022540206089615822,2102,0.030311983078718185
0.007549405563622713,0.0,0.0,0.0,0.0,2103,0.023324081674218178,2103,0.030873486772179604
0.005136593710631132,0.0,0.0,0.0,0.0,2104,0.024784449487924576,2104,0.029921043664216995
0.011367038823664188,0.0,0.0,0.0,0.0,2105,0.02637208253145218,2105,0.03773912042379379
0.010454362258315086,0.0,0.0,0.0,0.0,2106,0.028270835056900978,2106,0.038725197315216064
0.008871312253177166,0.0,0.0,0.0,0.0,2107,0.029890775680541992,2107,0.03876208886504173
0.008091330528259277,0.0,0.0,0.0,0.0,2108,0.030569294467568398,2108,0.038660626858472824
0.008229882456362247,0.0,0.0,0.0,0.0,2109,0.029926013201475143,2109,0.038155894726514816
0.003725894493982196,0.0,0.0,0.0,0.0,2110,0.028363671153783798,2110,0.03208956494927406
0.00438639847561717,0.0,0.0,0.0,0.0,2111,0.02537892945110798,2111,0.029765326529741287
0.007268112618476152,0.0,0.0,0.0,0.0,2112,0.022281235083937645,2112,0.02954934723675251
0.009798320010304451,0.0,0.0,0.0,0.0,2113,0.020266935229301453,2113,0.030065253376960754
0.010730836540460587,0.0,0.0,0.0,0.0,2114,0.019785791635513306,2114,0.030516626313328743
0.008774922229349613,0.0,0.0,0.0,0.0,2115,0.020864518359303474,2115,0.029639441519975662
0.006745433900505304,0.0,0.0,0.0,0.0,2116,0.022805865854024887,2116,0.029551297426223755
0.004862701054662466,0.0,0.0,0.0,0.0,2117,0.025045789778232574,2117,0.029908491298556328
0.0045127710327506065,0.0,0.0,0.0,0.0,2118,0.026891065761446953,2118,0.031403835862874985
0.0038464339450001717,0.0,0.0,0.0,0.0,2119,0.027665497735142708,2119,0.031511932611465454
0.004118039272725582,0.0,0.0,0.0,0.0,2120,0.02697746455669403,2120,0.031095504760742188
0.00435504550114274,0.0,0.0,0.0,0.0,2121,0.025442039594054222,2121,0.029797082766890526
0.0053991153836250305,0.0,0.0,0.0,0.0,2122,0.023843932896852493,2122,0.029243046417832375
0.01590309850871563,0.0,0.0,0.0,0.0,2123,0.022462043911218643,2123,0.038365140557289124
0.015258095227181911,0.0,0.0,0.0,0.0,2124,0.02284359186887741,2124,0.0381016880273819
0.01179553847759962,0.0,0.0,0.0,0.0,2125,0.024777378886938095,2125,0.03657291829586029
0.009792925789952278,0.0,0.0,0.0,0.0,2126,0.027507657185196877,2126,0.037300582975149155
0.007605904713273048,0.0,0.0,0.0,0.0,2127,0.030000464990735054,2127,0.0376063697040081
0.008586907759308815,0.0,0.0,0.0,0.0,2128,0.03089631348848343,2128,0.039483219385147095
0.002880831016227603,0.0,0.0,0.0,0.0,2129,0.030233677476644516,2129,0.03311450779438019
0.004376946482807398,0.0,0.0,0.0,0.0,2130,0.026739083230495453,2130,0.031116031110286713
0.005974528845399618,0.0,0.0,0.0,0.0,2131,0.022710438817739487,2131,0.028684966266155243
0.010703065432608128,0.0,0.0,0.0,0.0,2132,0.01938742585480213,2132,0.030090492218732834
0.013247974216938019,0.0,0.0,0.0,0.0,2133,0.01814788021147251,2133,0.03139585256576538
0.01084570586681366,0.0,0.0,0.0,0.0,2134,0.019223717972636223,2134,0.030069425702095032
0.006451765540987253,0.0,0.0,0.0,0.0,2135,0.02196108177304268,2135,0.028412848711013794
0.0044298055581748486,0.0,0.0,0.0,0.0,2136,0.02499016560614109,2136,0.029419973492622375
0.003572995075955987,0.0,0.0,0.0,0.0,2137,0.02727910317480564,2137,0.030852099880576134
0.0031348844058811665,0.0,0.0,0.0,0.0,2138,0.027958113700151443,2138,0.031092997640371323
0.003580687567591667,0.0,0.0,0.0,0.0,2139,0.0269003976136446,2139,0.030481087043881416
0.004028127528727055,0.0,0.0,0.0,0.0,2140,0.024861330166459084,2140,0.028889458626508713
0.005220108199864626,0.0,0.0,0.0,0.0,2141,0.022899266332387924,2141,0.028119374066591263
0.008136727847158909,0.0,0.0,0.0,0.0,2142,0.021193601191043854,2142,0.029330328106880188
0.008846118114888668,0.0,0.0,0.0,0.0,2143,0.020720744505524635,2143,0.02956686168909073
0.007542097941040993,0.0,0.0,0.0,0.0,2144,0.021517591550946236,2144,0.02905968762934208
0.005310599692165852,0.0,0.0,0.0,0.0,2145,0.023062441498041153,2145,0.02837303839623928
0.00392216956242919,0.0,0.0,0.0,0.0,2146,0.024582605808973312,2146,0.02850477583706379
0.011079400777816772,0.0,0.0,0.0,0.0,2147,0.025874581187963486,2147,0.03695398196578026
0.010016032494604588,0.0,0.0,0.0,0.0,2148,0.027449244633316994,2148,0.037465278059244156
0.010754275135695934,0.0,0.0,0.0,0.0,2149,0.028636112809181213,2149,0.03939038887619972
0.009546148590743542,0.0,0.0,0.0,0.0,2150,0.029520248994231224,2150,0.03906639665365219
0.004327230621129274,0.0,0.0,0.0,0.0,2151,0.029389603063464165,2151,0.0337168350815773
0.0032700065057724714,0.0,0.0,0.0,0.0,2152,0.027183718979358673,2152,0.030453722923994064
0.0051576485857367516,0.0,0.0,0.0,0.0,2153,0.023763136938214302,2153,0.02892078459262848
0.008136231452226639,0.0,0.0,0.0,0.0,2154,0.020987404510378838,2154,0.029123635962605476
0.011378921568393707,0.0,0.0,0.0,0.0,2155,0.01857963763177395,2155,0.029958559200167656
0.012955854646861553,0.0,0.0,0.0,0.0,2156,0.017674025148153305,2156,0.030629880726337433
0.011237682774662971,0.0,0.0,0.0,0.0,2157,0.018432490527629852,2157,0.029670171439647675
0.007818654179573059,0.0,0.0,0.0,0.0,2158,0.02043117582798004,2158,0.0282498300075531
0.005992306396365166,0.0,0.0,0.0,0.0,2159,0.02237102948129177,2159,0.028363334015011787
0.006026817485690117,0.0,0.0,0.0,0.0,2160,0.023323768749833107,2160,0.029350586235523224
0.006045832764357328,0.0,0.0,0.0,0.0,2161,0.023599812760949135,2161,0.02964564599096775
0.004223510157316923,0.0,0.0,0.0,0.0,2162,0.023307377472519875,2162,0.027530888095498085
0.005841345060616732,0.0,0.0,0.0,0.0,2163,0.02236350066959858,2163,0.028204843401908875
0.009651806205511093,0.0,0.0,0.0,0.0,2164,0.021118130534887314,2164,0.030769934877753258
0.012372621335089207,0.0,0.0,0.0,0.0,2165,0.020282648503780365,2165,0.032655268907547
0.012788517400622368,0.0,0.0,0.0,0.0,2166,0.020277587696909904,2166,0.03306610509753227
0.011385812424123287,0.0,0.0,0.0,0.0,2167,0.021260567009449005,2167,0.03264638036489487
0.005424614995718002,0.0,0.0,0.0,0.0,2168,0.022576285526156425,2168,0.028000900521874428
0.00537761440500617,0.0,0.0,0.0,0.0,2169,0.02355886809527874,2169,0.028936482965946198
0.004544640425592661,0.0,0.0,0.0,0.0,2170,0.024429908022284508,2170,0.02897454798221588
0.004158098250627518,0.0,0.0,0.0,0.0,2171,0.024808960035443306,2171,0.028967058286070824
0.00427035940811038,0.0,0.0,0.0,0.0,2172,0.024516511708498,2172,0.02878686971962452
0.004806611221283674,0.0,0.0,0.0,0.0,2173,0.023746788501739502,2173,0.028553400188684464
0.005465276073664427,0.0,0.0,0.0,0.0,2174,0.022954460233449936,2174,0.02841973677277565
0.006150204222649336,0.0,0.0,0.0,0.0,2175,0.02246107906103134,2175,0.028611285611987114
0.005943585187196732,0.0,0.0,0.0,0.0,2176,0.022481294348835945,2176,0.028424881398677826
0.010517129674553871,0.0,0.0,0.0,0.0,2177,0.022841719910502434,2177,0.033358849585056305
0.007407356984913349,0.0,0.0,0.0,0.0,2178,0.02453935332596302,2178,0.031946711242198944
0.007266303524374962,0.0,0.0,0.0,0.0,2179,0.02648390270769596,2179,0.03375020623207092
0.005878420080989599,0.0,0.0,0.0,0.0,2180,0.02796621434390545,2180,0.033844634890556335
0.005561683792620897,0.0,0.0,0.0,0.0,2181,0.028219541534781456,2181,0.03378122299909592
0.004064167849719524,0.0,0.0,0.0,0.0,2182,0.025700639933347702,2182,0.0297648087143898
0.006441720761358738,0.0,0.0,0.0,0.0,2183,0.0216066837310791,2183,0.028048409149050713
0.00892928522080183,0.0,0.0,0.0,0.0,2184,0.01826843060553074,2184,0.027197714895009995
0.012302009388804436,0.0,0.0,0.0,0.0,2185,0.01674918457865715,2185,0.029051193967461586
0.010663009248673916,0.0,0.0,0.0,0.0,2186,0.01737799495458603,2186,0.02804100513458252
0.006772160064429045,0.0,0.0,0.0,0.0,2187,0.01971401832997799,2187,0.02648617886006832
0.0053785210475325584,0.0,0.0,0.0,0.0,2188,0.02261694148182869,2188,0.027995459735393524
0.003311041509732604,0.0,0.0,0.0,0.0,2189,0.025150535628199577,2189,0.028461579233407974
0.0029215479735285044,0.0,0.0,0.0,0.0,2190,0.025925949215888977,2190,0.028847496956586838
0.003171580843627453,0.0,0.0,0.0,0.0,2191,0.02465001866221428,2191,0.027821602299809456
0.005145249888300896,0.0,0.0,0.0,0.0,2192,0.022435341030359268,2192,0.027580590918660164
0.005627002567052841,0.0,0.0,0.0,0.0,2193,0.020553678274154663,2193,0.026180682703852654
0.00705313915386796,0.0,0.0,0.0,0.0,2194,0.01936275139451027,2194,0.026415890082716942
0.0071866740472614765,0.0,0.0,0.0,0.0,2195,0.019309954717755318,2195,0.026496628299355507
0.006009723525494337,0.0,0.0,0.0,0.0,2196,0.020304683595895767,2196,0.02631440758705139
0.005894984118640423,0.0,0.0,0.0,0.0,2197,0.021898861974477768,2197,0.027793847024440765
0.003980956971645355,0.0,0.0,0.0,0.0,2198,0.023454327136278152,2198,0.027435284107923508
0.0030100091826170683,0.0,0.0,0.0,0.0,2199,0.024481002241373062,2199,0.0274910107254982
0.0030358966905623674,0.0,0.0,0.0,0.0,2200,0.024393143132328987,2200,0.027429042384028435
0.003969426266849041,0.0,0.0,0.0,0.0,2201,0.023348398506641388,2201,0.027317825704813004
0.0051713366992771626,0.0,0.0,0.0,0.0,2202,0.022048022598028183,2202,0.02721935696899891
0.006405590567737818,0.0,0.0,0.0,0.0,2203,0.02119050733745098,2203,0.02759609743952751
0.006842631846666336,0.0,0.0,0.0,0.0,2204,0.020788921043276787,2204,0.027631552889943123
0.006521382834762335,0.0,0.0,0.0,0.0,2205,0.02097037062048912,2205,0.027491752058267593
0.012193609029054642,0.0,0.0,0.0,0.0,2206,0.021547991782426834,2206,0.033741600811481476
0.008809128776192665,0.0,0.0,0.0,0.0,2207,0.023288825526833534,2207,0.0320979543030262
0.008722790516912937,0.0,0.0,0.0,0.0,2208,0.025605183094739914,2208,0.034327972680330276
0.010106952860951424,0.0,0.0,0.0,0.0,2209,0.02762879990041256,2209,0.03773575276136398
0.008166791871190071,0.0,0.0,0.0,0.0,2210,0.02879209816455841,2210,0.03695889189839363
0.008819959126412868,0.0,0.0,0.0,0.0,2211,0.02915700525045395,2211,0.03797696530818939
0.006946020293980837,0.0,0.0,0.0,0.0,2212,0.02864798530936241,2212,0.03559400513768196
0.0032811693381518126,0.0,0.0,0.0,0.0,2213,0.026221370324492455,2213,0.029502538964152336
0.0056741912849247456,0.0,0.0,0.0,0.0,2214,0.021758634597063065,2214,0.027432823553681374
0.008178978227078915,0.0,0.0,0.0,0.0,2215,0.0181866642087698,2215,0.02636564150452614
0.012185678817331791,0.0,0.0,0.0,0.0,2216,0.016427448019385338,2216,0.028613127768039703
0.010864030569791794,0.0,0.0,0.0,0.0,2217,0.01691112294793129,2217,0.027775153517723083
0.006807605270296335,0.0,0.0,0.0,0.0,2218,0.019204873591661453,2218,0.0260124783962965
0.0034747610334306955,0.0,0.0,0.0,0.0,2219,0.02229677326977253,2219,0.02577153593301773
0.0029379415791481733,0.0,0.0,0.0,0.0,2220,0.024696292355656624,2220,0.027634231373667717
0.0025337226688861847,0.0,0.0,0.0,0.0,2221,0.025441717356443405,2221,0.02797544188797474
0.002538183704018593,0.0,0.0,0.0,0.0,2222,0.024083271622657776,2222,0.02662145532667637
0.003646266646683216,0.0,0.0,0.0,0.0,2223,0.021755164489150047,2223,0.025401433929800987
0.006327101495116949,0.0,0.0,0.0,0.0,2224,0.019712861627340317,2224,0.026039963588118553
0.008030954748392105,0.0,0.0,0.0,0.0,2225,0.018739590421319008,2225,0.026770545169711113
0.007234557066112757,0.0,0.0,0.0,0.0,2226,0.01912662386894226,2226,0.02636118046939373
0.005024431739002466,0.0,0.0,0.0,0.0,2227,0.020591439679265022,2227,0.0256158709526062
0.0034852451644837856,0.0,0.0,0.0,0.0,2228,0.022252004593610764,2228,0.025737248361110687
0.003957924898713827,0.0,0.0,0.0,0.0,2229,0.023673824965953827,2229,0.02763175033032894
0.0034965488594025373,0.0,0.0,0.0,0.0,2230,0.024397339671850204,2230,0.02789388969540596
0.003695459570735693,0.0,0.0,0.0,0.0,2231,0.02402878738939762,2231,0.0277242474257946
0.0034550679847598076,0.0,0.0,0.0,0.0,2232,0.022890837863087654,2232,0.026345908641815186
0.004786857403814793,0.0,0.0,0.0,0.0,2233,0.02145344577729702,2233,0.026240302249789238
0.005199347622692585,0.0,0.0,0.0,0.0,2234,0.020323490723967552,2234,0.025522839277982712
0.006155679933726788,0.0,0.0,0.0,0.0,2235,0.019534491002559662,2235,0.025690173730254173
0.006185667123645544,0.0,0.0,0.0,0.0,2236,0.01947600021958351,2236,0.025661665946245193
0.005302129779011011,0.0,0.0,0.0,0.0,2237,0.020034870132803917,2237,0.02533700130879879
0.010515899397432804,0.0,0.0,0.0,0.0,2238,0.02087419293820858,2238,0.03139009326696396
0.0098052266985178,0.0,0.0,0.0,0.0,2239,0.02304544486105442,2239,0.03285067528486252
0.007970254868268967,0.0,0.0,0.0,0.0,2240,0.025949500501155853,2240,0.03391975536942482
0.008553261868655682,0.0,0.0,0.0,0.0,2241,0.02799217216670513,2241,0.03654543310403824
0.007152564823627472,0.0,0.0,0.0,0.0,2242,0.029417837038636208,2242,0.03657040372490883
0.008472205139696598,0.0,0.0,0.0,0.0,2243,0.02994024194777012,2243,0.03841244801878929
0.0068613155744969845,0.0,0.0,0.0,0.0,2244,0.02948567643761635,2244,0.03634699434041977
0.007354088593274355,0.0,0.0,0.0,0.0,2245,0.028118301182985306,2245,0.03547238931059837
0.003536918666213751,0.0,0.0,0.0,0.0,2246,0.024831829592585564,2246,0.028368748724460602
0.005631064064800739,0.0,0.0,0.0,0.0,2247,0.0201761145144701,2247,0.025807179510593414
0.010655113495886326,0.0,0.0,0.0,0.0,2248,0.016579069197177887,2248,0.027234181761741638
0.013474978506565094,0.0,0.0,0.0,0.0,2249,0.01539150532335043,2249,0.02886648289859295
0.01109237689524889,0.0,0.0,0.0,0.0,2250,0.016435803845524788,2250,0.027528179809451103
0.005311520304530859,0.0,0.0,0.0,0.0,2251,0.0193819347769022,2251,0.024693455547094345
0.0026324784848839045,0.0,0.0,0.0,0.0,2252,0.022886082530021667,2252,0.02551855891942978
0.0025488114915788174,0.0,0.0,0.0,0.0,2253,0.02528044953942299,2253,0.027829261496663094
0.0024395533837378025,0.0,0.0,0.0,0.0,2254,0.025157852098345757,2254,0.02759740501642227
0.0024061277508735657,0.0,0.0,0.0,0.0,2255,0.022942746058106422,2255,0.025348873808979988
0.004762476310133934,0.0,0.0,0.0,0.0,2256,0.020183967426419258,2256,0.024946443736553192
0.007765436079353094,0.0,0.0,0.0,0.0,2257,0.018064793199300766,2257,0.025830231606960297
0.009085995145142078,0.0,0.0,0.0,0.0,2258,0.017464948818087578,2258,0.02655094489455223
0.007196154445409775,0.0,0.0,0.0,0.0,2259,0.018437646329402924,2259,0.025633802637457848
0.0038148427847772837,0.0,0.0,0.0,0.0,2260,0.02045745588839054,2260,0.02427229844033718
0.004227959550917149,0.0,0.0,0.0,0.0,2261,0.022707676514983177,2261,0.02693563513457775
0.0031741198617964983,0.0,0.0,0.0,0.0,2262,0.024460939690470695,2262,0.027635060250759125
0.0031192221213132143,0.0,0.0,0.0,0.0,2263,0.02461872808635235,2263,0.027737947180867195
0.0028499693144112825,0.0,0.0,0.0,0.0,2264,0.023167045786976814,2264,0.026017015799880028
0.004505189135670662,0.0,0.0,0.0,0.0,2265,0.021016757935285568,2265,0.02552194707095623
0.006684630177915096,0.0,0.0,0.0,0.0,2266,0.019385406747460365,2266,0.026070035994052887
0.005773569922894239,0.0,0.0,0.0,0.0,2267,0.018615327775478363,2267,0.02438889816403389
0.005624593235552311,0.0,0.0,0.0,0.0,2268,0.018653975799679756,2268,0.02427856996655464
0.006542181596159935,0.0,0.0,0.0,0.0,2269,0.019344592466950417,2269,0.02588677406311035
0.004808263387531042,0.0,0.0,0.0,0.0,2270,0.0206123236566782,2270,0.02542058750987053
0.008394883014261723,0.0,0.0,0.0,0.0,2271,0.02202213555574417,2271,0.03041701763868332
0.00862415973097086,0.0,0.0,0.0,0.0,2272,0.023903559893369675,2272,0.03252771869301796
0.010766305029392242,0.0,0.0,0.0,0.0,2273,0.02556326612830162,2273,0.03632957115769386
0.00881565548479557,0.0,0.0,0.0,0.0,2274,0.02657465636730194,2274,0.03539030998945236
0.00825511198490858,0.0,0.0,0.0,0.0,2275,0.02712273597717285,2275,0.03537784889340401
0.008145809173583984,0.0,0.0,0.0,0.0,2276,0.027100738137960434,2276,0.03524654731154442
0.008140497840940952,0.0,0.0,0.0,0.0,2277,0.02636011317372322,2277,0.0345006100833416
0.003694661660119891,0.0,0.0,0.0,0.0,2278,0.024144599214196205,2278,0.027839262038469315
0.005521521903574467,0.0,0.0,0.0,0.0,2279,0.020273905247449875,2279,0.025795426219701767
0.007555157877504826,0.0,0.0,0.0,0.0,2280,0.01741209626197815,2280,0.02496725134551525
0.010826941579580307,0.0,0.0,0.0,0.0,2281,0.015967389568686485,2281,0.026794329285621643
0.009935608133673668,0.0,0.0,0.0,0.0,2282,0.016309652477502823,2282,0.02624525874853134
0.006476388778537512,0.0,0.0,0.0,0.0,2283,0.018134186044335365,2283,0.024610575288534164
0.002992670051753521,0.0,0.0,0.0,0.0,2284,0.02077067829668522,2284,0.023763345554471016
0.0026787936221808195,0.0,0.0,0.0,0.0,2285,0.022993482649326324,2285,0.025672273710370064
0.0024108428042382,0.0,0.0,0.0,0.0,2286,0.023775624111294746,2286,0.026186468079686165
0.0018212831346318126,0.0,0.0,0.0,0.0,2287,0.022830873727798462,2287,0.024652158841490746
0.0034379030112177134,0.0,0.0,0.0,0.0,2288,0.02053385227918625,2288,0.02397175505757332
0.005926697980612516,0.0,0.0,0.0,0.0,2289,0.018594875931739807,2289,0.02452157251536846
0.007697945460677147,0.0,0.0,0.0,0.0,2290,0.017615558579564095,2290,0.02531350404024124
0.007000274490565062,0.0,0.0,0.0,0.0,2291,0.017931316047906876,2291,0.024931589141488075
0.004849742632359266,0.0,0.0,0.0,0.0,2292,0.019247697666287422,2292,0.024097440764307976
0.0026814588345587254,0.0,0.0,0.0,0.0,2293,0.02082638069987297,2293,0.02350783720612526
0.002989760832861066,0.0,0.0,0.0,0.0,2294,0.021984338760375977,2294,0.024974100291728973
0.0026876679621636868,0.0,0.0,0.0,0.0,2295,0.022416116669774055,2295,0.02510378696024418
0.0030656273011118174,0.0,0.0,0.0,0.0,2296,0.021860847249627113,2296,0.024926476180553436
0.003088172059506178,0.0,0.0,0.0,0.0,2297,0.020739926025271416,2297,0.02382810041308403
0.004473621025681496,0.0,0.0,0.0,0.0,2298,0.01959064044058323,2298,0.024064261466264725
0.005537399090826511,0.0,0.0,0.0,0.0,2299,0.018669767305254936,2299,0.02420716919004917
0.005833438131958246,0.0,0.0,0.0,0.0,2300,0.018410462886095047,2300,0.024243902415037155
0.005165445152670145,0.0,0.0,0.0,0.0,2301,0.018822014331817627,2301,0.023987459018826485
0.01089771743863821,0.0,0.0,0.0,0.0,2302,0.01961926370859146,2302,0.030516983941197395
0.007688675541430712,0.0,0.0,0.0,0.0,2303,0.02143239602446556,2303,0.029121071100234985
0.009401645511388779,0.0,0.0,0.0,0.0,2304,0.02365412935614586,2304,0.03305577486753464
0.012152194045484066,0.0,0.0,0.0,0.0,2305,0.025702910497784615,2305,0.037855103611946106
0.01008988544344902,0.0,0.0,0.0,0.0,2306,0.026773924008011818,2306,0.03686381131410599
0.013727115467190742,0.0,0.0,0.0,0.0,2307,0.0272558331489563,2307,0.04098294675350189
0.013329943642020226,0.0,0.0,0.0,0.0,2308,0.027447616681456566,2308,0.04077756032347679
0.008710142225027084,0.0,0.0,0.0,0.0,2309,0.02729829214513302,2309,0.036008432507514954
0.009130734018981457,0.0,0.0,0.0,0.0,2310,0.02567279525101185,2310,0.03480352833867073
0.00426439568400383,0.0,0.0,0.0,0.0,2311,0.022510502487421036,2311,0.026774898171424866
0.00511000445112586,0.0,0.0,0.0,0.0,2312,0.018531080335378647,2312,0.023641085252165794
0.009691232815384865,0.0,0.0,0.0,0.0,2313,0.015661312267184258,2313,0.025352543219923973
0.012725439853966236,0.0,0.0,0.0,0.0,2314,0.014754194766283035,2314,0.027479633688926697
0.009507240727543831,0.0,0.0,0.0,0.0,2315,0.015770429745316505,2315,0.025277668610215187
0.004709665197879076,0.0,0.0,0.0,0.0,2316,0.01846674457192421,2316,0.023176409304142
0.0023006664123386145,0.0,0.0,0.0,0.0,2317,0.02196696400642395,2317,0.02426763065159321
0.002358943223953247,0.0,0.0,0.0,0.0,2318,0.024257278069853783,2318,0.02661622129380703
0.00222779274918139,0.0,0.0,0.0,0.0,2319,0.02414189651608467,2319,0.026369689032435417
0.0020638734567910433,0.0,0.0,0.0,0.0,2320,0.022035155445337296,2320,0.02409902960062027
0.0036008935421705246,0.0,0.0,0.0,0.0,2321,0.019334109500050545,2321,0.02293500304222107
0.00707521615549922,0.0,0.0,0.0,0.0,2322,0.01749834418296814,2322,0.024573560804128647
0.00825012382119894,0.0,0.0,0.0,0.0,2323,0.016968244686722755,2323,0.02521836943924427
0.006180659402161837,0.0,0.0,0.0,0.0,2324,0.017781158909201622,2324,0.02396181784570217
0.0033587885554879904,0.0,0.0,0.0,0.0,2325,0.019451826810836792,2325,0.022810615599155426
0.0029985837172716856,0.0,0.0,0.0,0.0,2326,0.02135503850877285,2326,0.024353621527552605
0.0023378038313239813,0.0,0.0,0.0,0.0,2327,0.022686615586280823,2327,0.025024419650435448
0.002356773242354393,0.0,0.0,0.0,0.0,2328,0.022648725658655167,2328,0.02500549890100956
0.0029319506138563156,0.0,0.0,0.0,0.0,2329,0.021358482539653778,2329,0.024290433153510094
0.004542948212474585,0.0,0.0,0.0,0.0,2330,0.019656658172607422,2330,0.024199608713388443
0.006114969030022621,0.0,0.0,0.0,0.0,2331,0.018506528809666634,2331,0.024621497839689255
0.006411852315068245,0.0,0.0,0.0,0.0,2332,0.01828751340508461,2332,0.024699365720152855
0.0053040687926113605,0.0,0.0,0.0,0.0,2333,0.018964465707540512,2333,0.024268534034490585
0.0038987095467746258,0.0,0.0,0.0,0.0,2334,0.020138369873166084,2334,0.024037078022956848
0.0030450501944869757,0.0,0.0,0.0,0.0,2335,0.021161643788218498,2335,0.02420669235289097
0.002928484231233597,0.0,0.0,0.0,0.0,2336,0.021363645792007446,2336,0.024292130023241043
0.00328490580432117,0.0,0.0,0.0,0.0,2337,0.02069806307554245,2337,0.02398296818137169
0.004305377136915922,0.0,0.0,0.0,0.0,2338,0.019604437053203583,2338,0.023909814655780792
0.005294103641062975,0.0,0.0,0.0,0.0,2339,0.018776273354887962,2339,0.02407037653028965
0.004626067820936441,0.0,0.0,0.0,0.0,2340,0.01856885850429535,2340,0.023194925859570503
0.00458065140992403,0.0,0.0,0.0,0.0,2341,0.01859186962246895,2341,0.023172520101070404
0.005354241002351046,0.0,0.0,0.0,0.0,2342,0.018803421407938004,2342,0.024157661944627762
0.004587563686072826,0.0,0.0,0.0,0.0,2343,0.019197367131710052,2343,0.023784931749105453
0.009217665530741215,0.0,0.0,0.0,0.0,2344,0.019859155640006065,2344,0.029076822102069855
0.007107594050467014,0.0,0.0,0.0,0.0,2345,0.0213235542178154,2345,0.02843114733695984
0.008055604062974453,0.0,0.0,0.0,0.0,2346,0.022771429270505905,2346,0.030827034264802933
0.0070098815485835075,0.0,0.0,0.0,0.0,2347,0.023901214823126793,2347,0.030911095440387726
0.006704948842525482,0.0,0.0,0.0,0.0,2348,0.024110646918416023,2348,0.030815595760941505
0.005603080615401268,0.0,0.0,0.0,0.0,2349,0.023317554965615273,2349,0.02892063558101654
0.00385077646933496,0.0,0.0,0.0,0.0,2350,0.020900892093777657,2350,0.02475166879594326
0.006800699979066849,0.0,0.0,0.0,0.0,2351,0.018104620277881622,2351,0.024905318394303322
0.007659690920263529,0.0,0.0,0.0,0.0,2352,0.016030147671699524,2352,0.023689836263656616
0.009342488832771778,0.0,0.0,0.0,0.0,2353,0.015302326530218124,2353,0.024644814431667328
0.007685489486902952,0.0,0.0,0.0,0.0,2354,0.015956107527017593,2354,0.023641595616936684
0.005855345632880926,0.0,0.0,0.0,0.0,2355,0.017688198015093803,2355,0.023543544113636017
0.004690001718699932,0.0,0.0,0.0,0.0,2356,0.019727548584342003,2356,0.02441754937171936
0.0029247410129755735,0.0,0.0,0.0,0.0,2357,0.0214264877140522,2357,0.024351226165890694
0.002602457767352462,0.0,0.0,0.0,0.0,2358,0.02188302017748356,2358,0.024485481902956963
0.0032988693565130234,0.0,0.0,0.0,0.0,2359,0.021071653813123703,2359,0.024370523169636726
0.004399964585900307,0.0,0.0,0.0,0.0,2360,0.019421875476837158,2360,0.023821840062737465
0.005880124866962433,0.0,0.0,0.0,0.0,2361,0.018145732581615448,2361,0.02402585931122303
0.005710361059755087,0.0,0.0,0.0,0.0,2362,0.01749582216143608,2362,0.023206181824207306
0.0055410414934158325,0.0,0.0,0.0,0.0,2363,0.017620865255594254,2363,0.023161906749010086
0.005561829078942537,0.0,0.0,0.0,0.0,2364,0.018397221341729164,2364,0.023959049955010414
0.0038828908000141382,0.0,0.0,0.0,0.0,2365,0.019519561901688576,2365,0.02340245246887207
0.003108357544988394,0.0,0.0,0.0,0.0,2366,0.020722191780805588,2366,0.02383054792881012
0.009462142363190651,0.0,0.0,0.0,0.0,2367,0.02126225084066391,2367,0.03072439320385456
0.008828931488096714,0.0,0.0,0.0,0.0,2368,0.021864119917154312,2368,0.0306930523365736
0.008508002385497093,0.0,0.0,0.0,0.0,2369,0.022159595042467117,2369,0.03066759556531906
0.004385299049317837,0.0,0.0,0.0,0.0,2370,0.022096216678619385,2370,0.026481516659259796
0.0023870612494647503,0.0,0.0,0.0,0.0,2371,0.02132023125886917,2371,0.02370729297399521
0.0031653963960707188,0.0,0.0,0.0,0.0,2372,0.019932035356760025,2372,0.023097433149814606
0.004770215600728989,0.0,0.0,0.0,0.0,2373,0.018732700496912003,2373,0.02350291609764099
0.004836558364331722,0.0,0.0,0.0,0.0,2374,0.017819788306951523,2374,0.02265634573996067
0.004551740828901529,0.0,0.0,0.0,0.0,2375,0.01746596023440361,2375,0.022017700597643852
0.004352089483290911,0.0,0.0,0.0,0.0,2376,0.017557669430971146,2376,0.02190976031124592
0.004536117892712355,0.0,0.0,0.0,0.0,2377,0.018001841381192207,2377,0.0225379578769207
0.004499060567468405,0.0,0.0,0.0,0.0,2378,0.01878521405160427,2378,0.023284276947379112
0.0034537038300186396,0.0,0.0,0.0,0.0,2379,0.019593972712755203,2379,0.0230476763099432
0.002936677075922489,0.0,0.0,0.0,0.0,2380,0.020216992124915123,2380,0.023153668269515038
0.0029494091868400574,0.0,0.0,0.0,0.0,2381,0.020236648619174957,2381,0.023186057806015015
0.0034179429057985544,0.0,0.0,0.0,0.0,2382,0.019652262330055237,2382,0.023070205003023148
0.004184382036328316,0.0,0.0,0.0,0.0,2383,0.018879074603319168,2383,0.023063456639647484
0.004948448855429888,0.0,0.0,0.0,0.0,2384,0.018360301852226257,2384,0.023308752104640007
0.011787493713200092,0.0,0.0,0.0,0.0,2385,0.017996666952967644,2385,0.02978415973484516
0.01015128567814827,0.0,0.0,0.0,0.0,2386,0.018809497356414795,2386,0.028960783034563065
0.010283384472131729,0.0,0.0,0.0,0.0,2387,0.02028222754597664,2387,0.030565612018108368
0.007814533077180386,0.0,0.0,0.0,0.0,2388,0.022383760660886765,2388,0.030198294669389725
0.012869968079030514,0.0,0.0,0.0,0.0,2389,0.023956244811415672,2389,0.03682621195912361
0.010753187350928783,0.0,0.0,0.0,0.0,2390,0.024958031252026558,2390,0.03571121767163277
0.010741464793682098,0.0,0.0,0.0,0.0,2391,0.02547207847237587,2391,0.03621354326605797
0.012182831764221191,0.0,0.0,0.0,0.0,2392,0.024104272946715355,2392,0.036287106573581696
0.0034259080421179533,0.0,0.0,0.0,0.0,2393,0.02122015319764614,2393,0.024646060541272163
0.004830093588680029,0.0,0.0,0.0,0.0,2394,0.017652783542871475,2394,0.02248287759721279
0.008207038044929504,0.0,0.0,0.0,0.0,2395,0.015256374143064022,2395,0.023463411256670952
0.010923553258180618,0.0,0.0,0.0,0.0,2396,0.014510834589600563,2396,0.02543438971042633
0.008341732434928417,0.0,0.0,0.0,0.0,2397,0.015410171821713448,2397,0.02375190146267414
0.003853841219097376,0.0,0.0,0.0,0.0,2398,0.01772494986653328,2398,0.021578790619969368
0.002453334629535675,0.0,0.0,0.0,0.0,2399,0.02034625969827175,2399,0.022799594327807426
0.0020198794081807137,0.0,0.0,0.0,0.0,2400,0.02225940115749836,2400,0.024279281497001648
0.0019859434105455875,0.0,0.0,0.0,0.0,2401,0.022381331771612167,2401,0.024367274716496468
0.0021166589576750994,0.0,0.0,0.0,0.0,2402,0.02088373713195324,2402,0.02300039678812027
0.002975448500365019,0.0,0.0,0.0,0.0,2403,0.01880973018705845,2403,0.021785179153084755
0.004718382842838764,0.0,0.0,0.0,0.0,2404,0.017293332144618034,2404,0.022011715918779373
0.006083886604756117,0.0,0.0,0.0,0.0,2405,0.016502639278769493,2405,0.022586528211832047
0.00550313014537096,0.0,0.0,0.0,0.0,2406,0.016712531447410583,2406,0.02221566066145897
0.003817797638475895,0.0,0.0,0.0,0.0,2407,0.017687266692519188,2407,0.021505065262317657
0.003577201860025525,0.0,0.0,0.0,0.0,2408,0.018845805898308754,2408,0.02242300845682621
0.0027084166649729013,0.0,0.0,0.0,0.0,2409,0.020131031051278114,2409,0.022839447483420372
0.005118342582136393,0.0,0.0,0.0,0.0,2410,0.020709296688437462,2410,0.025827638804912567
0.005146556068211794,0.0,0.0,0.0,0.0,2411,0.020732402801513672,2411,0.025878960266709328
0.0055914088152348995,0.0,0.0,0.0,0.0,2412,0.020148279145359993,2412,0.02573968842625618
0.006270257756114006,0.0,0.0,0.0,0.0,2413,0.019367223605513573,2413,0.02563748136162758
0.0038173599168658257,0.0,0.0,0.0,0.0,2414,0.01874000020325184,2414,0.02255736105144024
0.004349999595433474,0.0,0.0,0.0,0.0,2415,0.018250783905386925,2415,0.02260078489780426
0.004668518900871277,0.0,0.0,0.0,0.0,2416,0.01810963824391365,2416,0.022778157144784927
0.004737331066280603,0.0,0.0,0.0,0.0,2417,0.01803678646683693,2417,0.022774117067456245
0.004661273676902056,0.0,0.0,0.0,0.0,2418,0.018090439960360527,2418,0.022751713171601295
0.0045389109291136265,0.0,0.0,0.0,0.0,2419,0.018174637109041214,2419,0.022713547572493553
0.00440336624160409,0.0,0.0,0.0,0.0,2420,0.018271373584866524,2420,0.022674739360809326
0.0043719676323235035,0.0,0.0,0.0,0.0,2421,0.018272526562213898,2421,0.022644493728876114
0.0044207265600562096,0.0,0.0,0.0,0.0,2422,0.01818925142288208,2422,0.022609977051615715
0.004533577710390091,0.0,0.0,0.0,0.0,2423,0.01805083081126213,2423,0.02258440852165222
0.004657181911170483,0.0,0.0,0.0,0.0,2424,0.01790948025882244,2424,0.02256666123867035
0.004692968912422657,0.0,0.0,0.0,0.0,2425,0.017846010625362396,2425,0.02253897860646248
0.013955794274806976,0.0,0.0,0.0,0.0,2426,0.017841843888163567,2426,0.03179764002561569
0.011087136343121529,0.0,0.0,0.0,0.0,2427,0.01913960836827755,2427,0.03022674471139908
0.014892344363033772,0.0,0.0,0.0,0.0,2428,0.02140885591506958,2428,0.036301203072071075
0.012319840490818024,0.0,0.0,0.0,0.0,2429,0.02406376600265503,2429,0.03638360649347305
0.009119209833443165,0.0,0.0,0.0,0.0,2430,0.02599063701927662,2430,0.03510984405875206
0.007612001616507769,0.0,0.0,0.0,0.0,2431,0.027523502707481384,2431,0.035135507583618164
0.00987675879150629,0.0,0.0,0.0,0.0,2432,0.02834043651819229,2432,0.03821719437837601
0.008942185901105404,0.0,0.0,0.0,0.0,2433,0.028728190809488297,2433,0.03767037391662598
0.006310720462352037,0.0,0.0,0.0,0.0,2434,0.028533747419714928,2434,0.03484446927905083
0.007120784837752581,0.0,0.0,0.0,0.0,2435,0.026580017060041428,2435,0.03370080143213272
0.009539715945720673,0.0,0.0,0.0,0.0,2436,0.023610040545463562,2436,0.033149756491184235
0.004861300345510244,0.0,0.0,0.0,0.0,2437,0.01985331065952778,2437,0.02471461147069931
0.007575671654194593,0.0,0.0,0.0,0.0,2438,0.016011934727430344,2438,0.023587604984641075
0.013046992011368275,0.0,0.0,0.0,0.0,2439,0.013544456101953983,2439,0.026591451838612556
0.015500133857131004,0.0,0.0,0.0,0.0,2440,0.012933087535202503,2440,0.028433220461010933
0.011052301153540611,0.0,0.0,0.0,0.0,2441,0.013938742689788342,2441,0.024991042912006378
0.005963810719549656,0.0,0.0,0.0,0.0,2442,0.016440533101558685,2442,0.022404342889785767
0.0035898496862500906,0.0,0.0,0.0,0.0,2443,0.019357161596417427,2443,0.02294701151549816
0.003433380974456668,0.0,0.0,0.0,0.0,2444,0.021178394556045532,2444,0.02461177483201027
0.003356947796419263,0.0,0.0,0.0,0.0,2445,0.021077802404761314,2445,0.024434750899672508
0.0024486968759447336,0.0,0.0,0.0,0.0,2446,0.01940472424030304,2446,0.02185342088341713
0.004149425309151411,0.0,0.0,0.0,0.0,2447,0.017086774110794067,2447,0.021236199885606766
0.007339153438806534,0.0,0.0,0.0,0.0,2448,0.015418251045048237,2448,0.022757403552532196
0.008459685370326042,0.0,0.0,0.0,0.0,2449,0.015067794360220432,2449,0.02352748066186905
0.006001486908644438,0.0,0.0,0.0,0.0,2450,0.016008567065000534,2450,0.02201005630195141
0.002812360879033804,0.0,0.0,0.0,0.0,2451,0.01779503934085369,2451,0.020607400685548782
0.002238913206383586,0.0,0.0,0.0,0.0,2452,0.019726883620023727,2452,0.021965794265270233
0.00292291515506804,0.0,0.0,0.0,0.0,2453,0.020996909588575363,2453,0.02391982451081276
0.0028271509800106287,0.0,0.0,0.0,0.0,2454,0.021169405430555344,2454,0.02399655617773533
0.003189878538250923,0.0,0.0,0.0,0.0,2455,0.020257532596588135,2455,0.023447411134839058
0.002743765478953719,0.0,0.0,0.0,0.0,2456,0.01889677345752716,2456,0.021640539169311523
0.004294086713343859,0.0,0.0,0.0,0.0,2457,0.017622822895646095,2457,0.021916909143328667
0.005329734180122614,0.0,0.0,0.0,0.0,2458,0.01705903746187687,2458,0.022388771176338196
0.005218564998358488,0.0,0.0,0.0,0.0,2459,0.017080774530768394,2459,0.02229933999478817
0.00418348703533411,0.0,0.0,0.0,0.0,2460,0.017606690526008606,2460,0.02179017663002014
0.008482481352984905,0.0,0.0,0.0,0.0,2461,0.018604082986712456,2461,0.027086563408374786
0.012268486432731152,0.0,0.0,0.0,0.0,2462,0.020065046846866608,2462,0.032333530485630035
0.011071099899709225,0.0,0.0,0.0,0.0,2463,0.021523915231227875,2463,0.032595016062259674
0.010562300682067871,0.0,0.0,0.0,0.0,2464,0.022287681698799133,2464,0.032849982380867004
0.01051273662596941,0.0,0.0,0.0,0.0,2465,0.022013133391737938,2465,0.032525867223739624
0.008405424654483795,0.0,0.0,0.0,0.0,2466,0.020950835198163986,2466,0.02935625985264778
0.002059618476778269,0.0,0.0,0.0,0.0,2467,0.019600210711359978,2467,0.02165982872247696
0.0035621661227196455,0.0,0.0,0.0,0.0,2468,0.017944779247045517,2468,0.02150694467127323
0.003738496219739318,0.0,0.0,0.0,0.0,2469,0.016855331137776375,2469,0.020593827590346336
0.004631519317626953,0.0,0.0,0.0,0.0,2470,0.016445761546492577,2470,0.02107728086411953
0.004156836308538914,0.0,0.0,0.0,0.0,2471,0.016595933586359024,2471,0.020752768963575363
0.00287501304410398,0.0,0.0,0.0,0.0,2472,0.017382079735398293,2472,0.020257093012332916
0.002991186687722802,0.0,0.0,0.0,0.0,2473,0.018320735543966293,2473,0.021311921998858452
0.0022435192950069904,0.0,0.0,0.0,0.0,2474,0.019216857850551605,2474,0.02146037481725216
0.0020825890824198723,0.0,0.0,0.0,0.0,2475,0.01954759657382965,2475,0.02163018472492695
0.0023159682750701904,0.0,0.0,0.0,0.0,2476,0.019132861867547035,2476,0.021448830142617226
0.0029694680124521255,0.0,0.0,0.0,0.0,2477,0.018231429159641266,2477,0.02120089717209339
0.0039260778576135635,0.0,0.0,0.0,0.0,2478,0.017342589795589447,2478,0.02126866765320301
0.004610374104231596,0.0,0.0,0.0,0.0,2479,0.01683911681175232,2479,0.021449491381645203
0.004498502239584923,0.0,0.0,0.0,0.0,2480,0.016889192163944244,2480,0.021387694403529167
0.00995898712426424,0.0,0.0,0.0,0.0,2481,0.01737736351788044,2481,0.027336351573467255
0.007316218223422766,0.0,0.0,0.0,0.0,2482,0.01887965388596058,2482,0.026195872575044632
0.00803245697170496,0.0,0.0,0.0,0.0,2483,0.020666474476456642,2483,0.028698930516839027
0.009382925927639008,0.0,0.0,0.0,0.0,2484,0.022322634235024452,2484,0.03170555830001831
0.007745421025902033,0.0,0.0,0.0,0.0,2485,0.02405024692416191,2485,0.031795669347047806
0.0059336889535188675,0.0,0.0,0.0,0.0,2486,0.025413285940885544,2486,0.03134697675704956
0.0072057051584124565,0.0,0.0,0.0,0.0,2487,0.026090050116181374,2487,0.033295754343271255
0.009936942718923092,0.0,0.0,0.0,0.0,2488,0.02597440592944622,2488,0.03591134771704674
0.010803797282278538,0.0,0.0,0.0,0.0,2489,0.023822803050279617,2489,0.03462659940123558
0.006659872829914093,0.0,0.0,0.0,0.0,2490,0.020829346030950546,2490,0.02748921886086464
0.006150961387902498,0.0,0.0,0.0,0.0,2491,0.01715433970093727,2491,0.023305300623178482
0.008648307994008064,0.0,0.0,0.0,0.0,2492,0.014322224073112011,2492,0.02297052927315235
0.012497682124376297,0.0,0.0,0.0,0.0,2493,0.012968338094651699,2493,0.02546602115035057
0.011519012041389942,0.0,0.0,0.0,0.0,2494,0.013208848424255848,2494,0.02472786232829094
0.0066529978066682816,0.0,0.0,0.0,0.0,2495,0.014804435893893242,2495,0.021457433700561523
0.003375006141141057,0.0,0.0,0.0,0.0,2496,0.01737120933830738,2496,0.02074621617794037
0.0030738823115825653,0.0,0.0,0.0,0.0,2497,0.019571933895349503,2497,0.022645816206932068
0.002614350290969014,0.0,0.0,0.0,0.0,2498,0.020509539172053337,2498,0.02312389202415943
0.0023549615871161222,0.0,0.0,0.0,0.0,2499,0.019770469516515732,2499,0.022125430405139923
0.002104326616972685,0.0,0.0,0.0,0.0,2500,0.018147528171539307,2500,0.02025185525417328
0.0035081803798675537,0.0,0.0,0.0,0.0,2501,0.01655873842537403,2501,0.020066918805241585
0.00539330905303359,0.0,0.0,0.0,0.0,2502,0.01572573557496071,2502,0.021119045093655586
0.005578851792961359,0.0,0.0,0.0,0.0,2503,0.01570148952305317,2503,0.02128034085035324
0.004252747166901827,0.0,0.0,0.0,0.0,2504,0.016422905027866364,2504,0.020675651729106903
0.0036207931116223335,0.0,0.0,0.0,0.0,2505,0.017513450235128403,2505,0.02113424241542816
0.0021949601359665394,0.0,0.0,0.0,0.0,2506,0.01891017146408558,2506,0.02110513113439083
0.006356982979923487,0.0,0.0,0.0,0.0,2507,0.019856693223118782,2507,0.02621367573738098
0.01107829064130783,0.0,0.0,0.0,0.0,2508,0.020447323098778725,2508,0.031525611877441406
0.010941991582512856,0.0,0.0,0.0,0.0,2509,0.020681647583842278,2509,0.03162363916635513
0.011066794395446777,0.0,0.0,0.0,0.0,2510,0.020469337701797485,2510,0.03153613209724426
0.006219035945832729,0.0,0.0,0.0,0.0,2511,0.019922345876693726,2511,0.02614138275384903
0.004973078612238169,0.0,0.0,0.0,0.0,2512,0.019043415784835815,2512,0.024016493931412697
0.0026043644174933434,0.0,0.0,0.0,0.0,2513,0.018110312521457672,2513,0.02071467787027359
0.003611208638176322,0.0,0.0,0.0,0.0,2514,0.017171598970890045,2514,0.02078280784189701
0.004320725332945585,0.0,0.0,0.0,0.0,2515,0.01666223257780075,2515,0.020982958376407623
0.0032100665848702192,0.0,0.0,0.0,0.0,2516,0.01671949215233326,2516,0.019929558038711548
0.0035405175294727087,0.0,0.0,0.0,0.0,2517,0.017112458124756813,2517,0.020652975887060165
0.002827597316354513,0.0,0.0,0.0,0.0,2518,0.017719309777021408,2518,0.02054690755903721
0.0024526044726371765,0.0,0.0,0.0,0.0,2519,0.01818716712296009,2519,0.020639771595597267
0.0026592903304845095,0.0,0.0,0.0,0.0,2520,0.018240641802549362,2520,0.020899932831525803
0.002682706108316779,0.0,0.0,0.0,0.0,2521,0.017876310274004936,2521,0.02055901661515236
0.0032166820019483566,0.0,0.0,0.0,0.0,2522,0.017278127372264862,2522,0.02049480937421322
0.0037927250377833843,0.0,0.0,0.0,0.0,2523,0.016759399324655533,2523,0.020552124828100204
0.003154357662424445,0.0,0.0,0.0,0.0,2524,0.016525359824299812,2524,0.0196797177195549
0.004041929263621569,0.0,0.0,0.0,0.0,2525,0.016518568620085716,2525,0.020560497418045998
0.0036253039725124836,0.0,0.0,0.0,0.0,2526,0.01683361828327179,2526,0.020458921790122986
0.0031161950901150703,0.0,0.0,0.0,0.0,2527,0.017268318682909012,2527,0.020384512841701508
0.0030633157584816217,0.0,0.0,0.0,0.0,2528,0.017576320096850395,2528,0.020639635622501373
0.008238355629146099,0.0,0.0,0.0,0.0,2529,0.0176126416772604,2529,0.025850994512438774
0.010415728203952312,0.0,0.0,0.0,0.0,2530,0.018196381628513336,2530,0.028612110763788223
0.012981142848730087,0.0,0.0,0.0,0.0,2531,0.01942606456577778,2531,0.032407209277153015
0.010904843918979168,0.0,0.0,0.0,0.0,2532,0.02110135369002819,2532,0.032006196677684784
0.008722638711333275,0.0,0.0,0.0,0.0,2533,0.022569578140974045,2533,0.03129221498966217
0.008983326144516468,0.0,0.0,0.0,0.0,2534,0.02401399239897728,2534,0.03299731761217117
0.009692713618278503,0.0,0.0,0.0,0.0,2535,0.025219233706593513,2535,0.03491194546222687
0.01002631988376379,0.0,0.0,0.0,0.0,2536,0.024537140503525734,2536,0.03456345945596695
0.011085281148552895,0.0,0.0,0.0,0.0,2537,0.022340090945363045,2537,0.03342537209391594
0.0038063309621065855,0.0,0.0,0.0,0.0,2538,0.01947944238781929,2538,0.023285770788788795
0.005107271950691938,0.0,0.0,0.0,0.0,2539,0.01597747392952442,2539,0.021084746345877647
0.008679080754518509,0.0,0.0,0.0,0.0,2540,0.013416745699942112,2540,0.022095825523138046
0.012012372724711895,0.0,0.0,0.0,0.0,2541,0.012561752460896969,2541,0.024574121460318565
0.009233743883669376,0.0,0.0,0.0,0.0,2542,0.013248714618384838,2542,0.022482456639409065
0.004827350843697786,0.0,0.0,0.0,0.0,2543,0.015247286297380924,2543,0.020074637606739998
0.003736237296834588,0.0,0.0,0.0,0.0,2544,0.017656030133366585,2544,0.02139226719737053
0.0034885804634541273,0.0,0.0,0.0,0.0,2545,0.019500097259879112,2545,0.022988678887486458
0.0034524344373494387,0.0,0.0,0.0,0.0,2546,0.019934719428420067,2546,0.023387152701616287
0.0027251020073890686,0.0,0.0,0.0,0.0,2547,0.01885930821299553,2547,0.02158440835773945
0.002608186798170209,0.0,0.0,0.0,0.0,2548,0.0169602669775486,2548,0.01956845447421074
0.004247559700161219,0.0,0.0,0.0,0.0,2549,0.015294208191335201,2549,0.019541768357157707
0.006276476662606001,0.0,0.0,0.0,0.0,2550,0.014315901324152946,2550,0.020592378452420235
0.006177457980811596,0.0,0.0,0.0,0.0,2551,0.014360843226313591,2551,0.020538300275802612
0.0041755856946110725,0.0,0.0,0.0,0.0,2552,0.01528119295835495,2552,0.019456777721643448
0.0034238307271152735,0.0,0.0,0.0,0.0,2553,0.016677964478731155,2553,0.020101794973015785
0.007310609333217144,0.0,0.0,0.0,0.0,2554,0.018267560750246048,2554,0.025578171014785767
0.011419232934713364,0.0,0.0,0.0,0.0,2555,0.01984541118144989,2555,0.031264644116163254
0.010687444359064102,0.0,0.0,0.0,0.0,2556,0.02088117226958275,2556,0.03156861662864685
0.010389845818281174,0.0,0.0,0.0,0.0,2557,0.021134695038199425,2557,0.03152453899383545
0.010495967231690884,0.0,0.0,0.0,0.0,2558,0.020574204623699188,2558,0.031070172786712646
0.005928972270339727,0.0,0.0,0.0,0.0,2559,0.01961800456047058,2559,0.025546977296471596
0.004714961163699627,0.0,0.0,0.0,0.0,2560,0.01836819015443325,2560,0.023083150386810303
0.0029619864653795958,0.0,0.0,0.0,0.0,2561,0.017306070774793625,2561,0.02026805654168129
0.004111775197088718,0.0,0.0,0.0,0.0,2562,0.01653480902314186,2562,0.020646583288908005
0.0035285346675664186,0.0,0.0,0.0,0.0,2563,0.016351770609617233,2563,0.019880305975675583
0.0030338868964463472,0.0,0.0,0.0,0.0,2564,0.016632260754704475,2564,0.019666148349642754
0.0029621305875480175,0.0,0.0,0.0,0.0,2565,0.017199449241161346,2565,0.02016158029437065
0.0022256001830101013,0.0,0.0,0.0,0.0,2566,0.01786571554839611,2566,0.020091315731406212
0.0019254675135016441,0.0,0.0,0.0,0.0,2567,0.01824025809764862,2567,0.02016572654247284
0.002000979147851467,0.0,0.0,0.0,0.0,2568,0.01808025874197483,2568,0.020081236958503723
0.002412826754152775,0.0,0.0,0.0,0.0,2569,0.017458289861679077,2569,0.019871115684509277
0.0030995728448033333,0.0,0.0,0.0,0.0,2570,0.01669006608426571,2570,0.019789639860391617
0.0037956296000629663,0.0,0.0,0.0,0.0,2571,0.016103660687804222,2571,0.019899290055036545
0.0040344358421862125,0.0,0.0,0.0,0.0,2572,0.01589789427816868,2572,0.019932329654693604
0.003764231689274311,0.0,0.0,0.0,0.0,2573,0.01607208326458931,2573,0.019836314022541046
0.0032707294449210167,0.0,0.0,0.0,0.0,2574,0.01648065447807312,2574,0.01975138485431671
0.0031635097693651915,0.0,0.0,0.0,0.0,2575,0.016858398914337158,2575,0.02002190798521042
0.0030518320854753256,0.0,0.0,0.0,0.0,2576,0.017003782093524933,2576,0.020055614411830902
0.003164917230606079,0.0,0.0,0.0,0.0,2577,0.0168351698666811,2577,0.020000087097287178
0.0034603578969836235,0.0,0.0,0.0,0.0,2578,0.01646021567285061,2578,0.019920572638511658
0.00387060665525496,0.0,0.0,0.0,0.0,2579,0.01607469841837883,2579,0.019945304840803146
0.0038271083030849695,0.0,0.0,0.0,0.0,2580,0.015876149758696556,2580,0.019703257828950882
0.003745959373190999,0.0,0.0,0.0,0.0,2581,0.01590975932776928,2581,0.01965571939945221
0.00367162236943841,0.0,0.0,0.0,0.0,2582,0.01614525355398655,2582,0.019816875457763672
0.008808000013232231,0.0,0.0,0.0,0.0,2583,0.01645359955728054,2583,0.02526159957051277
0.015316196717321873,0.0,0.0,0.0,0.0,2584,0.017468411475419998,2584,0.032784607261419296
0.012214096263051033,0.0,0.0,0.0,0.0,2585,0.01948203332722187,2585,0.0316961295902729
0.009349613450467587,0.0,0.0,0.0,0.0,2586,0.02168767713010311,2586,0.031037289649248123
0.008716436102986336,0.0,0.0,0.0,0.0,2587,0.024009384214878082,2587,0.03272581845521927
0.0067859310656785965,0.0,0.0,0.0,0.0,2588,0.026072321459650993,2588,0.03285825252532959
0.008824046701192856,0.0,0.0,0.0,0.0,2589,0.02697235532104969,2589,0.035796403884887695
0.00811823084950447,0.0,0.0,0.0,0.0,2590,0.027104007080197334,2590,0.035222236067056656
0.006530448328703642,0.0,0.0,0.0,0.0,2591,0.02639136277139187,2591,0.03292180970311165
0.007618766278028488,0.0,0.0,0.0,0.0,2592,0.02381027489900589,2592,0.03142904117703438
0.01018351037055254,0.0,0.0,0.0,0.0,2593,0.020589061081409454,2593,0.03077257052063942
0.004953829105943441,0.0,0.0,0.0,0.0,2594,0.017250867560505867,2594,0.022204697132110596
0.007443304173648357,0.0,0.0,0.0,0.0,2595,0.01397263165563345,2595,0.021415937691926956
0.012393275275826454,0.0,0.0,0.0,0.0,2596,0.011937805451452732,2596,0.02433108352124691
0.014071926474571228,0.0,0.0,0.0,0.0,2597,0.0115904426202178,2597,0.025662368163466454
0.009679360315203667,0.0,0.0,0.0,0.0,2598,0.0126155074685812,2598,0.022294867783784866
0.005513224750757217,0.0,0.0,0.0,0.0,2599,0.014849877916276455,2599,0.020363103598356247
0.004224197473376989,0.0,0.0,0.0,0.0,2600,0.017110740765929222,2600,0.0213349387049675
0.0038933013565838337,0.0,0.0,0.0,0.0,2601,0.018667807802557945,2601,0.02256110869348049
0.0037494045682251453,0.0,0.0,0.0,0.0,2602,0.018658118322491646,2602,0.022407522425055504
0.0032586397137492895,0.0,0.0,0.0,0.0,2603,0.017340125516057014,2603,0.020598765462636948
0.0028838387224823236,0.0,0.0,0.0,0.0,2604,0.01557733304798603,2604,0.01846117153763771
0.005025097634643316,0.0,0.0,0.0,0.0,2605,0.014166660606861115,2605,0.019191758707165718
0.006656002253293991,0.0,0.0,0.0,0.0,2606,0.013592708855867386,2606,0.020248711109161377
0.0056931013241410255,0.0,0.0,0.0,0.0,2607,0.013981742784380913,2607,0.019674845039844513
0.00407949835062027,0.0,0.0,0.0,0.0,2608,0.015129380859434605,2608,0.0192088782787323
0.004353738389909267,0.0,0.0,0.0,0.0,2609,0.016688836738467216,2609,0.02104257419705391
0.006729756481945515,0.0,0.0,0.0,0.0,2610,0.018346626311540604,2610,0.025076383724808693
0.011152290739119053,0.0,0.0,0.0,0.0,2611,0.019706105813384056,2611,0.030858399346470833
0.010689201764762402,0.0,0.0,0.0,0.0,2612,0.020475588738918304,2612,0.03116478957235813
0.010541337542235851,0.0,0.0,0.0,0.0,2613,0.02047756314277649,2613,0.031018899753689766
0.010847487486898899,0.0,0.0,0.0,0.0,2614,0.01973184198141098,2614,0.030579328536987305
0.006231188308447599,0.0,0.0,0.0,0.0,2615,0.018827121704816818,2615,0.025058312341570854
0.004847991280257702,0.0,0.0,0.0,0.0,2616,0.017706435173749924,2616,0.0225544273853302
0.002898096339777112,0.0,0.0,0.0,0.0,2617,0.01683671958744526,2617,0.019734816625714302
0.00377444364130497,0.0,0.0,0.0,0.0,2618,0.016167260706424713,2618,0.019941704347729683
0.003987296484410763,0.0,0.0,0.0,0.0,2619,0.01598372310400009,2619,0.01997102051973343
0.0034012370742857456,0.0,0.0,0.0,0.0,2620,0.016277780756354332,2620,0.01967901736497879
0.002575064077973366,0.0,0.0,0.0,0.0,2621,0.016856662929058075,2621,0.01943172700703144
0.002022651955485344,0.0,0.0,0.0,0.0,2622,0.017421863973140717,2622,0.01944451592862606
0.0019021383486688137,0.0,0.0,0.0,0.0,2623,0.017572734504938126,2623,0.019474873319268227
0.0020693393889814615,0.0,0.0,0.0,0.0,2624,0.017240826040506363,2624,0.01931016519665718
0.0025726172607392073,0.0,0.0,0.0,0.0,2625,0.016540007665753365,2625,0.01911262422800064
0.0032562948763370514,0.0,0.0,0.0,0.0,2626,0.0158457662910223,2626,0.019102061167359352
0.002960827434435487,0.0,0.0,0.0,0.0,2627,0.015399000607430935,2627,0.018359828740358353
0.003166128182783723,0.0,0.0,0.0,0.0,2628,0.015211975201964378,2628,0.018378103151917458
0.003915953915566206,0.0,0.0,0.0,0.0,2629,0.015303906984627247,2629,0.019219860434532166
0.0034369807690382004,0.0,0.0,0.0,0.0,2630,0.01567310094833374,2630,0.01911008171737194
0.003245942061766982,0.0,0.0,0.0,0.0,2631,0.016110176220536232,2631,0.019356118515133858
0.0030531175434589386,0.0,0.0,0.0,0.0,2632,0.016348065808415413,2632,0.01940118335187435
0.003066535573452711,0.0,0.0,0.0,0.0,2633,0.01628717966377735,2633,0.01935371570289135
0.0032903554383665323,0.0,0.0,0.0,0.0,2634,0.015957292169332504,2634,0.019247647374868393
0.003639612579718232,0.0,0.0,0.0,0.0,2635,0.01556434016674757,2635,0.019203953444957733
0.003935609478503466,0.0,0.0,0.0,0.0,2636,0.015307575464248657,2636,0.019243184477090836
0.003918829374015331,0.0,0.0,0.0,0.0,2637,0.015296355821192265,2637,0.019215185195207596
0.0035791865084320307,0.0,0.0,0.0,0.0,2638,0.015532506629824638,2638,0.019111692905426025
0.012119694612920284,0.0,0.0,0.0,0.0,2639,0.015856139361858368,2639,0.027975834906101227
0.010728271678090096,0.0,0.0,0.0,0.0,2640,0.016774248331785202,2640,0.027502520009875298
0.012517797760665417,0.0,0.0,0.0,0.0,2641,0.0179072767496109,2641,0.030425073578953743
0.011541487649083138,0.0,0.0,0.0,0.0,2642,0.018918389454483986,2642,0.030459877103567123
0.010860579088330269,0.0,0.0,0.0,0.0,2643,0.019351013004779816,2643,0.030211590230464935
0.014641521498560905,0.0,0.0,0.0,0.0,2644,0.019282275810837746,2644,0.03392379730939865
0.01401576492935419,0.0,0.0,0.0,0.0,2645,0.019734853878617287,2645,0.03375061973929405
0.012372801080346107,0.0,0.0,0.0,0.0,2646,0.020518317818641663,2646,0.03289112076163292
0.010394326411187649,0.0,0.0,0.0,0.0,2647,0.021417079493403435,2647,0.03181140497326851
0.003299835603684187,0.0,0.0,0.0,0.0,2648,0.022480472922325134,2648,0.02578030899167061
0.0031085312366485596,0.0,0.0,0.0,0.0,2649,0.021819019690155983,2649,0.02492755465209484
0.0012945474591106176,0.0,0.0,0.0,0.0,2650,0.019867053255438805,2650,0.021161600947380066
0.0019324605818837881,0.0,0.0,0.0,0.0,2651,0.016615772619843483,2651,0.018548233434557915
0.0057717482559382915,0.0,0.0,0.0,0.0,2652,0.013850536197423935,2652,0.019622284919023514
0.010073648765683174,0.0,0.0,0.0,0.0,2653,0.012538211420178413,2653,0.022611860185861588
0.009343617595732212,0.0,0.0,0.0,0.0,2654,0.012614045292139053,2654,0.02195766195654869
0.0052728597074747086,0.0,0.0,0.0,0.0,2655,0.013890979811549187,2655,0.019163839519023895
0.002662756945937872,0.0,0.0,0.0,0.0,2656,0.01594400405883789,2656,0.01860676147043705
0.0031156528275460005,0.0,0.0,0.0,0.0,2657,0.017601022496819496,2657,0.020716674625873566
0.003026642370969057,0.0,0.0,0.0,0.0,2658,0.01807556487619877,2658,0.02110220678150654
0.0032139483373612165,0.0,0.0,0.0,0.0,2659,0.01718246005475521,2659,0.020396407693624496
0.0031688546296209097,0.0,0.0,0.0,0.0,2660,0.01551010925322771,2660,0.01867896318435669
0.004955010488629341,0.0,0.0,0.0,0.0,2661,0.013751750811934471,2661,0.018706761300563812
0.007080560550093651,0.0,0.0,0.0,0.0,2662,0.012656505219638348,2662,0.019737064838409424
0.007324567995965481,0.0,0.0,0.0,0.0,2663,0.012524968013167381,2663,0.019849536940455437
0.005266746040433645,0.0,0.0,0.0,0.0,2664,0.013274564407765865,2664,0.018541309982538223
0.005001765675842762,0.0,0.0,0.0,0.0,2665,0.014565625227987766,2665,0.019567390903830528
0.005003232974559069,0.0,0.0,0.0,0.0,2666,0.015911804512143135,2666,0.020915037021040916
0.014151232317090034,0.0,0.0,0.0,0.0,2667,0.01702136918902397,2667,0.031172601506114006
0.013221132569015026,0.0,0.0,0.0,0.0,2668,0.017959406599402428,2668,0.03118054009974003
0.012598386034369469,0.0,0.0,0.0,0.0,2669,0.018363209441304207,2669,0.030961595475673676
0.012273760512471199,0.0,0.0,0.0,0.0,2670,0.01820332743227482,2670,0.030477089807391167
0.012352135963737965,0.0,0.0,0.0,0.0,2671,0.017703307792544365,2671,0.030055444687604904
0.006582111585885286,0.0,0.0,0.0,0.0,2672,0.01725696586072445,2672,0.0238390751183033
0.007050282787531614,0.0,0.0,0.0,0.0,2673,0.016857463866472244,2673,0.023907747119665146
0.002284015528857708,0.0,0.0,0.0,0.0,2674,0.016762783750891685,2674,0.01904679834842682
0.0026950696483254433,0.0,0.0,0.0,0.0,2675,0.016524827107787132,2675,0.01921989768743515
0.003012837842106819,0.0,0.0,0.0,0.0,2676,0.01634601317346096,2676,0.01935885101556778
0.0030564412008970976,0.0,0.0,0.0,0.0,2677,0.016312340274453163,2677,0.01936878077685833
0.0028146402910351753,0.0,0.0,0.0,0.0,2678,0.016434596851468086,2678,0.019249238073825836
0.0024689289275556803,0.0,0.0,0.0,0.0,2679,0.016614485532045364,2679,0.0190834142267704
0.0021951915696263313,0.0,0.0,0.0,0.0,2680,0.01671738550066948,2680,0.018912576138973236
0.0021250254940241575,0.0,0.0,0.0,0.0,2681,0.01664399728178978,2681,0.018769022077322006
0.0022254353389143944,0.0,0.0,0.0,0.0,2682,0.016353219747543335,2682,0.018578656017780304
0.002504935720935464,0.0,0.0,0.0,0.0,2683,0.015940653160214424,2683,0.018445588648319244
0.0028628769796341658,0.0,0.0,0.0,0.0,2684,0.015528315678238869,2684,0.018391191959381104
0.0031379624269902706,0.0,0.0,0.0,0.0,2685,0.015246311202645302,2685,0.01838427409529686
0.00325816054828465,0.0,0.0,0.0,0.0,2686,0.015127872116863728,2686,0.018386032432317734
0.0032374225556850433,0.0,0.0,0.0,0.0,2687,0.015157073736190796,2687,0.01839449629187584
0.0031791471410542727,0.0,0.0,0.0,0.0,2688,0.015243853442370892,2688,0.01842300035059452
0.0031567802652716637,0.0,0.0,0.0,0.0,2689,0.015298617072403431,2689,0.018455397337675095
0.003199787111952901,0.0,0.0,0.0,0.0,2690,0.015260028652846813,2690,0.01845981553196907
0.0033094240352511406,0.0,0.0,0.0,0.0,2691,0.01513312105089426,2691,0.0184425450861454
0.00341865629889071,0.0,0.0,0.0,0.0,2692,0.014982933178544044,2692,0.01840158924460411
0.003476641373708844,0.0,0.0,0.0,0.0,2693,0.014879986643791199,2693,0.018356628715991974
0.0034193689934909344,0.0,0.0,0.0,0.0,2694,0.014880917966365814,2694,0.018300287425518036
0.003253533039242029,0.0,0.0,0.0,0.0,2695,0.0149803152307868,2695,0.018233846873044968
0.006810272112488747,0.0,0.0,0.0,0.0,2696,0.015146322548389435,2696,0.02195659652352333
0.011407420970499516,0.0,0.0,0.0,0.0,2697,0.01565880887210369,2697,0.02706623077392578
0.010126409120857716,0.0,0.0,0.0,0.0,2698,0.01658952794969082,2698,0.02671593800187111
0.01301429234445095,0.0,0.0,0.0,0.0,2699,0.017561625689268112,2699,0.030575918033719063
0.010373258963227272,0.0,0.0,0.0,0.0,2700,0.019078757613897324,2700,0.029452016577124596
0.010287808254361153,0.0,0.0,0.0,0.0,2701,0.021218132227659225,2701,0.03150594234466553
0.009438123553991318,0.0,0.0,0.0,0.0,2702,0.023332398384809494,2702,0.03277052193880081
0.007382890675216913,0.0,0.0,0.0,0.0,2703,0.02520742081105709,2703,0.03259031102061272
0.009586173109710217,0.0,0.0,0.0,0.0,2704,0.02643568441271782,2704,0.03602185845375061
0.008150479756295681,0.0,0.0,0.0,0.0,2705,0.027104530483484268,2705,0.035255011171102524
0.0073829409666359425,0.0,0.0,0.0,0.0,2706,0.027122478932142258,2706,0.03450541943311691
0.005022288300096989,0.0,0.0,0.0,0.0,2707,0.026426605880260468,2707,0.03144889324903488
0.006022687070071697,0.0,0.0,0.0,0.0,2708,0.024211537092924118,2708,0.03023422509431839
0.00784757174551487,0.0,0.0,0.0,0.0,2709,0.021230552345514297,2709,0.029078124091029167
0.0035059417132288218,0.0,0.0,0.0,0.0,2710,0.018250741064548492,2710,0.02175668254494667
0.004523769486695528,0.0,0.0,0.0,0.0,2711,0.014796295203268528,2711,0.019320065155625343
0.009141037240624428,0.0,0.0,0.0,0.0,2712,0.012092914432287216,2712,0.021233951672911644
0.013514644466340542,0.0,0.0,0.0,0.0,2713,0.01097656786441803,2713,0.024491213262081146
0.01282756682485342,0.0,0.0,0.0,0.0,2714,0.011111500672996044,2714,0.023939067497849464
0.008451319299638271,0.0,0.0,0.0,0.0,2715,0.012347234413027763,2715,0.02079855278134346
0.0045725395902991295,0.0,0.0,0.0,0.0,2716,0.014473444782197475,2716,0.019045984372496605
0.003512435592710972,0.0,0.0,0.0,0.0,2717,0.016582466661930084,2717,0.02009490132331848
0.003053076332435012,0.0,0.0,0.0,0.0,2718,0.017619051039218903,2718,0.020672127604484558
0.0028717941604554653,0.0,0.0,0.0,0.0,2719,0.017588810995221138,2719,0.02046060562133789
0.0032968814484775066,0.0,0.0,0.0,0.0,2720,0.016679666936397552,2720,0.019976548850536346
0.0032593875657767057,0.0,0.0,0.0,0.0,2721,0.014934640377759933,2721,0.018194027245044708
0.0050054206512868404,0.0,0.0,0.0,0.0,2722,0.013345813378691673,2722,0.0183512344956398
0.006880766712129116,0.0,0.0,0.0,0.0,2723,0.012720080092549324,2723,0.019600845873355865
0.0063108401373028755,0.0,0.0,0.0,0.0,2724,0.01294234860688448,2724,0.019253188744187355
0.003806609893217683,0.0,0.0,0.0,0.0,2725,0.01389890443533659,2725,0.017705515027046204
0.003599515650421381,0.0,0.0,0.0,0.0,2726,0.01542001124471426,2726,0.01901952736079693
0.003224989864975214,0.0,0.0,0.0,0.0,2727,0.017024947330355644,2727,0.02024993672966957
0.0053006322123110294,0.0,0.0,0.0,0.0,2728,0.018008094280958176,2728,0.023308726027607918
0.004630986601114273,0.0,0.0,0.0,0.0,2729,0.01881546527147293,2729,0.023446451872587204
0.00945917796343565,0.0,0.0,0.0,0.0,2730,0.0191328264772892,2730,0.028592005372047424
0.009353656321763992,0.0,0.0,0.0,0.0,2731,0.01923028938472271,2731,0.028583945706486702
0.009407255798578262,0.0,0.0,0.0,0.0,2732,0.019126368686556816,2732,0.02853362448513508
0.00952218845486641,0.0,0.0,0.0,0.0,2733,0.018960708752274513,2733,0.028482897207140923
0.009627209044992924,0.0,0.0,0.0,0.0,2734,0.01880844123661518,2734,0.02843565121293068
0.009178957901895046,0.0,0.0,0.0,0.0,2735,0.018801415339112282,2735,0.027980372309684753
0.004017824772745371,0.0,0.0,0.0,0.0,2736,0.018877100199460983,2736,0.022894924506545067
0.0024609568063169718,0.0,0.0,0.0,0.0,2737,0.018767138943076134,2737,0.021228095516562462
0.0008141358848661184,0.0,0.0,0.0,0.0,2738,0.01830974407494068,2738,0.019123880192637444
0.0019561173394322395,0.0,0.0,0.0,0.0,2739,0.017409348860383034,2739,0.019365467131137848
0.0023179538547992706,0.0,0.0,0.0,0.0,2740,0.01605943590402603,2740,0.018377389758825302
0.0033909128978848457,0.0,0.0,0.0,0.0,2741,0.014926070347428322,2741,0.018316982313990593
0.004391261842101812,0.0,0.0,0.0,0.0,2742,0.014218705706298351,2742,0.018609967082738876
0.00404691556468606,0.0,0.0,0.0,0.0,2743,0.014149562455713749,2743,0.018196478486061096
0.003178549464792013,0.0,0.0,0.0,0.0,2744,0.0145659688860178,2744,0.0177445188164711
0.0026541678234934807,0.0,0.0,0.0,0.0,2745,0.015347493812441826,2745,0.018001660704612732
0.002248878823593259,0.0,0.0,0.0,0.0,2746,0.016069721430540085,2746,0.018318600952625275
0.002559637650847435,0.0,0.0,0.0,0.0,2747,0.01622137427330017,2747,0.018781011924147606
0.0028725878801196814,0.0,0.0,0.0,0.0,2748,0.015666723251342773,2748,0.0185393113642931
0.0035466758999973536,0.0,0.0,0.0,0.0,2749,0.014723425731062889,2749,0.0182701013982296
0.004370707552880049,0.0,0.0,0.0,0.0,2750,0.01391319278627634,2750,0.018283899873495102
0.005010427441447973,0.0,0.0,0.0,0.0,2751,0.013532573357224464,2751,0.018543001264333725
0.004648425616323948,0.0,0.0,0.0,0.0,2752,0.013702435418963432,2752,0.018350861966609955
0.003936410881578922,0.0,0.0,0.0,0.0,2753,0.01427355408668518,2753,0.01820996403694153
0.012395169585943222,0.0,0.0,0.0,0.0,2754,0.014968297444283962,2754,0.02736346609890461
0.010997489094734192,0.0,0.0,0.0,0.0,2755,0.016033833846449852,2755,0.027031322941184044
0.009971502237021923,0.0,0.0,0.0,0.0,2756,0.017035378143191338,2756,0.027006879448890686
0.012333327904343605,0.0,0.0,0.0,0.0,2757,0.017540309578180313,2757,0.029873639345169067
0.012003282085061073,0.0,0.0,0.0,0.0,2758,0.017505599185824394,2758,0.029508881270885468
0.011644109152257442,0.0,0.0,0.0,0.0,2759,0.017126448452472687,2759,0.028770558536052704
0.002679526573047042,0.0,0.0,0.0,0.0,2760,0.01666254736483097,2760,0.019342074170708656
0.0015744778793305159,0.0,0.0,0.0,0.0,2761,0.015900885686278343,2761,0.017475362867116928
0.0026737505104392767,0.0,0.0,0.0,0.0,2762,0.01502306666225195,2762,0.017696816474199295
0.003264187602326274,0.0,0.0,0.0,0.0,2763,0.014533812180161476,2763,0.01779799908399582
0.0034450695384293795,0.0,0.0,0.0,0.0,2764,0.014438217505812645,2764,0.017883287742733955
0.0028238308150321245,0.0,0.0,0.0,0.0,2765,0.014744352549314499,2765,0.017568184062838554
0.0022214383352547884,0.0,0.0,0.0,0.0,2766,0.015267964452505112,2766,0.01748940348625183
0.0029111639596521854,0.0,0.0,0.0,0.0,2767,0.015859590843319893,2767,0.01877075433731079
0.002887462731450796,0.0,0.0,0.0,0.0,2768,0.016344120725989342,2768,0.019231583923101425
0.0027558861766010523,0.0,0.0,0.0,0.0,2769,0.016533495858311653,2769,0.019289381802082062
0.0029118829406797886,0.0,0.0,0.0,0.0,2770,0.016286367550492287,2770,0.019198250025510788
0.003354985499754548,0.0,0.0,0.0,0.0,2771,0.015695977956056595,2771,0.0190509632229805
0.003967761993408203,0.0,0.0,0.0,0.0,2772,0.015047702938318253,2772,0.019015464931726456
0.0028907754458487034,0.0,0.0,0.0,0.0,2773,0.014593503437936306,2773,0.017484279349446297
0.003221062244847417,0.0,0.0,0.0,0.0,2774,0.014299449510872364,2774,0.017520511522889137
0.003273904090747237,0.0,0.0,0.0,0.0,2775,0.014244169928133488,2775,0.017518073320388794
0.0030596021097153425,0.0,0.0,0.0,0.0,2776,0.014391617849469185,2776,0.017451219260692596
0.006320114713162184,0.0,0.0,0.0,0.0,2777,0.014635790139436722,2777,0.020955905318260193
0.014561097137629986,0.0,0.0,0.0,0.0,2778,0.0151721416041255,2778,0.029733238741755486
0.01330836582928896,0.0,0.0,0.0,0.0,2779,0.016139278188347816,2779,0.02944764494895935
0.01228033285588026,0.0,0.0,0.0,0.0,2780,0.017105868086218834,2780,0.02938620001077652
0.010940291918814182,0.0,0.0,0.0,0.0,2781,0.01766354776918888,2781,0.028603840619325638
0.007307260297238827,0.0,0.0,0.0,0.0,2782,0.018018187955021858,2782,0.02532544732093811
0.006958376616239548,0.0,0.0,0.0,0.0,2783,0.01814311556518078,2783,0.025101492181420326
0.010750038549304008,0.0,0.0,0.0,0.0,2784,0.018073314800858498,2784,0.028823353350162506
0.009786057285964489,0.0,0.0,0.0,0.0,2785,0.018792971968650818,2785,0.02857903018593788
0.010554371401667595,0.0,0.0,0.0,0.0,2786,0.02003253623843193,2786,0.030586905777454376
0.00884509552270174,0.0,0.0,0.0,0.0,2787,0.02159569039940834,2787,0.030440784990787506
0.00874151848256588,0.0,0.0,0.0,0.0,2788,0.023086758330464363,2788,0.03182827681303024
0.006911665666848421,0.0,0.0,0.0,0.0,2789,0.0245345588773489,2789,0.03144622594118118
0.006632587872445583,0.0,0.0,0.0,0.0,2790,0.02532893605530262,2790,0.03196152299642563
0.00709117716178298,0.0,0.0,0.0,0.0,2791,0.024260597303509712,2791,0.03135177493095398
0.002402710495516658,0.0,0.0,0.0,0.0,2792,0.021701782941818237,2792,0.024104492738842964
0.0024564391933381557,0.0,0.0,0.0,0.0,2793,0.017800694331526756,2793,0.0202571339905262
0.003377680666744709,0.0,0.0,0.0,0.0,2794,0.014177942648530006,2794,0.01755562424659729
0.008199797943234444,0.0,0.0,0.0,0.0,2795,0.011965775862336159,2795,0.020165573805570602
0.012481018900871277,0.0,0.0,0.0,0.0,2796,0.011282350867986679,2796,0.023763371631503105
0.009834907948970795,0.0,0.0,0.0,0.0,2797,0.011599724180996418,2797,0.021434631198644638
0.005268229637295008,0.0,0.0,0.0,0.0,2798,0.013009881600737572,2798,0.018278110772371292
0.003519343677908182,0.0,0.0,0.0,0.0,2799,0.015322222374379635,2799,0.018841566517949104
0.002557760337367654,0.0,0.0,0.0,0.0,2800,0.017299313098192215,2800,0.019857073202729225
0.002997931558638811,0.0,0.0,0.0,0.0,2801,0.018107520416378975,2801,0.0211054515093565
0.002469502855092287,0.0,0.0,0.0,0.0,2802,0.017525287345051765,2802,0.019994789734482765
0.0027362701948732138,0.0,0.0,0.0,0.0,2803,0.015874067321419716,2803,0.018610337749123573
0.0035104264970868826,0.0,0.0,0.0,0.0,2804,0.013978456147015095,2804,0.017488881945610046
0.0057399580255150795,0.0,0.0,0.0,0.0,2805,0.012530476786196232,2805,0.01827043481171131
0.007349032908678055,0.0,0.0,0.0,0.0,2806,0.012056722305715084,2806,0.019405756145715714
0.006059186067432165,0.0,0.0,0.0,0.0,2807,0.01234416663646698,2807,0.01840335503220558
0.004157014191150665,0.0,0.0,0.0,0.0,2808,0.013259926810860634,2808,0.0174169410020113
0.002718066330999136,0.0,0.0,0.0,0.0,2809,0.014781298115849495,2809,0.017499364912509918
0.006418445147573948,0.0,0.0,0.0,0.0,2810,0.016225922852754593,2810,0.022644365206360817
0.010771114379167557,0.0,0.0,0.0,0.0,2811,0.017652302980422974,2811,0.02842341549694538
0.009777362458407879,0.0,0.0,0.0,0.0,2812,0.018906718119978905,2812,0.02868407964706421
0.009017689153552055,0.0,0.0,0.0,0.0,2813,0.019507432356476784,2813,0.02852512151002884
0.008760357275605202,0.0,0.0,0.0,0.0,2814,0.01957010105252266,2814,0.02833046019077301
0.008946466259658337,0.0,0.0,0.0,0.0,2815,0.01922650821506977,2815,0.028172973543405533
0.008978154510259628,0.0,0.0,0.0,0.0,2816,0.01852123625576496,2816,0.02749938890337944
0.009625120088458061,0.0,0.0,0.0,0.0,2817,0.017857125028967857,2817,0.02748224325478077
0.010072427801787853,0.0,0.0,0.0,0.0,2818,0.017515145242214203,2818,0.02758757211267948
0.002947842236608267,0.0,0.0,0.0,0.0,2819,0.017622724175453186,2819,0.02057056687772274
0.0009855744428932667,0.0,0.0,0.0,0.0,2820,0.01767788454890251,2820,0.01866345852613449
0.001219775527715683,0.0,0.0,0.0,0.0,2821,0.01731083355844021,2821,0.01853060908615589
0.002202727599069476,0.0,0.0,0.0,0.0,2822,0.016727451235055923,2822,0.01893017813563347
0.0022899399045854807,0.0,0.0,0.0,0.0,2823,0.015806909650564194,2823,0.01809684932231903
0.002974556991830468,0.0,0.0,0.0,0.0,2824,0.014863486401736736,2824,0.017838044092059135
0.003634074004366994,0.0,0.0,0.0,0.0,2825,0.01413285918533802,2825,0.017766933888196945
0.0038004140369594097,0.0,0.0,0.0,0.0,2826,0.013780678622424603,2826,0.017581092193722725
0.0031192763708531857,0.0,0.0,0.0,0.0,2827,0.013851913623511791,2827,0.01697118952870369
0.002643805695697665,0.0,0.0,0.0,0.0,2828,0.014140870422124863,2828,0.016784675419330597
0.0027784593403339386,0.0,0.0,0.0,0.0,2829,0.014536749571561813,2829,0.017315208911895752
0.0027335078921169043,0.0,0.0,0.0,0.0,2830,0.014804565347731113,2830,0.017538072541356087
0.002924438798800111,0.0,0.0,0.0,0.0,2831,0.014711324125528336,2831,0.017635762691497803
0.003325640456750989,0.0,0.0,0.0,0.0,2832,0.014222913421690464,2832,0.01754855364561081
0.003888297826051712,0.0,0.0,0.0,0.0,2833,0.013631144538521767,2833,0.01751944050192833
0.004474167246371508,0.0,0.0,0.0,0.0,2834,0.01317728403955698,2834,0.017651451751589775
0.0045789433643221855,0.0,0.0,0.0,0.0,2835,0.013068565167486668,2835,0.017647508531808853
0.008252608589828014,0.0,0.0,0.0,0.0,2836,0.013279873877763748,2836,0.021532483398914337
0.006988056004047394,0.0,0.0,0.0,0.0,2837,0.014029347337782383,2837,0.021017402410507202
0.014812507666647434,0.0,0.0,0.0,0.0,2838,0.014975272119045258,2838,0.029787778854370117
0.013675360009074211,0.0,0.0,0.0,0.0,2839,0.016142603009939194,2839,0.029817964881658554
0.011794245801866055,0.0,0.0,0.0,0.0,2840,0.017020540311932564,2840,0.028814787045121193
0.010344588197767735,0.0,0.0,0.0,0.0,2841,0.017780322581529617,2841,0.028124911710619926
0.00946264062076807,0.0,0.0,0.0,0.0,2842,0.01833111047744751,2842,0.027793750166893005
0.009188621304929256,0.0,0.0,0.0,0.0,2843,0.018562443554401398,2843,0.02775106579065323
0.008658495731651783,0.0,0.0,0.0,0.0,2844,0.018513204529881477,2844,0.027171701192855835
0.008617795072495937,0.0,0.0,0.0,0.0,2845,0.018321141600608826,2845,0.026938937604427338
0.0005201713065616786,0.0,0.0,0.0,0.0,2846,0.018122844398021698,2846,0.01864301599562168
0.0010552483145147562,0.0,0.0,0.0,0.0,2847,0.017194196581840515,2847,0.018249444663524628
0.0021327254362404346,0.0,0.0,0.0,0.0,2848,0.016027947887778282,2848,0.01816067285835743
0.00339856487698853,0.0,0.0,0.0,0.0,2849,0.014859318733215332,2849,0.018257884308695793
0.0047607640735805035,0.0,0.0,0.0,0.0,2850,0.01410657912492752,2850,0.018867341801524162
0.004771043546497822,0.0,0.0,0.0,0.0,2851,0.013896012678742409,2851,0.018667057156562805
0.003329112660139799,0.0,0.0,0.0,0.0,2852,0.01422395370900631,2852,0.017553066834807396
0.0022302197758108377,0.0,0.0,0.0,0.0,2853,0.014825752004981041,2853,0.017055971547961235
0.0016875627916306257,0.0,0.0,0.0,0.0,2854,0.0152902128174901,2854,0.01697777584195137
0.001646318007260561,0.0,0.0,0.0,0.0,2855,0.015341512858867645,2855,0.01698783040046692
0.001924383919686079,0.0,0.0,0.0,0.0,2856,0.014854955486953259,2856,0.01677933894097805
0.0025137122720479965,0.0,0.0,0.0,0.0,2857,0.014043623581528664,2857,0.01655733585357666
0.0033744527027010918,0.0,0.0,0.0,0.0,2858,0.01328746322542429,2858,0.01666191592812538
0.003976590931415558,0.0,0.0,0.0,0.0,2859,0.012880933471024036,2859,0.01685752347111702
0.00392028596252203,0.0,0.0,0.0,0.0,2860,0.01286263670772314,2860,0.01678292267024517
0.004132118076086044,0.0,0.0,0.0,0.0,2861,0.013185618445277214,2861,0.01731773652136326
0.0034818851854652166,0.0,0.0,0.0,0.0,2862,0.013725410215556622,2862,0.017207294702529907
0.0030601343605667353,0.0,0.0,0.0,0.0,2863,0.014195126481354237,2863,0.017255261540412903
0.006273799110203981,0.0,0.0,0.0,0.0,2864,0.0143089285120368,2864,0.02058272808790207
0.015135835856199265,0.0,0.0,0.0,0.0,2865,0.014389700256288052,2865,0.02952553890645504
0.014410433359444141,0.0,0.0,0.0,0.0,2866,0.01480854768306017,2866,0.02921898104250431
0.013439084403216839,0.0,0.0,0.0,0.0,2867,0.015414256602525711,2867,0.028853341937065125
0.012016752734780312,0.0,0.0,0.0,0.0,2868,0.016033904626965523,2868,0.028050657361745834
0.014028657227754593,0.0,0.0,0.0,0.0,2869,0.016837432980537415,2869,0.030866092070937157
0.011304732412099838,0.0,0.0,0.0,0.0,2870,0.018648045137524605,2870,0.029952775686979294
0.00889112800359726,0.0,0.0,0.0,0.0,2871,0.020922962576150894,2871,0.029814088717103004
0.00638249795883894,0.0,0.0,0.0,0.0,2872,0.02348291501402855,2872,0.029865412041544914
0.006151397246867418,0.0,0.0,0.0,0.0,2873,0.02544211596250534,2873,0.03159351274371147
0.00835732463747263,0.0,0.0,0.0,0.0,2874,0.026707233861088753,2874,0.03506455942988396
0.007201119791716337,0.0,0.0,0.0,0.0,2875,0.02738896757364273,2875,0.03459008410573006
0.016134336590766907,0.0,0.0,0.0,0.0,2876,0.027283862233161926,2876,0.04341819882392883
0.015362489968538284,0.0,0.0,0.0,0.0,2877,0.026619167998433113,2877,0.04198165982961655
0.014403318054974079,0.0,0.0,0.0,0.0,2878,0.024581514298915863,2878,0.038984835147857666
0.015677224844694138,0.0,0.0,0.0,0.0,2879,0.021037116646766663,2879,0.0367143414914608
0.0029486524872481823,0.0,0.0,0.0,0.0,2880,0.017109595239162445,2880,0.020058248192071915
0.005512948147952557,0.0,0.0,0.0,0.0,2881,0.013488860800862312,2881,0.019001809880137444
0.009665354155004025,0.0,0.0,0.0,0.0,2882,0.011028788052499294,2882,0.02069414220750332
0.0159468837082386,0.0,0.0,0.0,0.0,2883,0.010326034389436245,2883,0.02627291902899742
0.014134452678263187,0.0,0.0,0.0,0.0,2884,0.010453296825289726,2884,0.02458775043487549
0.008499030023813248,0.0,0.0,0.0,0.0,2885,0.011528699658811092,2885,0.020027730613946915
0.006061255931854248,0.0,0.0,0.0,0.0,2886,0.013716954737901688,2886,0.019778210669755936
0.003103036666288972,0.0,0.0,0.0,0.0,2887,0.015570125542581081,2887,0.018673162907361984
0.002688791835680604,0.0,0.0,0.0,0.0,2888,0.016500871628522873,2888,0.019189663231372833
0.0033874495420604944,0.0,0.0,0.0,0.0,2889,0.01629917323589325,2889,0.0196866225451231
0.0028215774800628424,0.0,0.0,0.0,0.0,2890,0.015145501121878624,2890,0.01796707883477211
0.003149690106511116,0.0,0.0,0.0,0.0,2891,0.013687020167708397,2891,0.016836710274219513
0.00455778231844306,0.0,0.0,0.0,0.0,2892,0.012548746541142464,2892,0.01710652932524681
0.006191940978169441,0.0,0.0,0.0,0.0,2893,0.01209417637437582,2893,0.018286116421222687
0.006030353717505932,0.0,0.0,0.0,0.0,2894,0.012192390859127045,2894,0.01822274550795555
0.004644867964088917,0.0,0.0,0.0,0.0,2895,0.012775592505931854,2895,0.017420461401343346
0.0026535906363278627,0.0,0.0,0.0,0.0,2896,0.014106577262282372,2896,0.016760168597102165
0.009182563051581383,0.0,0.0,0.0,0.0,2897,0.015756631270051003,2897,0.024939194321632385
0.009649192914366722,0.0,0.0,0.0,0.0,2898,0.01747351884841919,2898,0.02712271176278591
0.008559743873775005,0.0,0.0,0.0,0.0,2899,0.019121866673231125,2899,0.027681613340973854
0.008155843243002892,0.0,0.0,0.0,0.0,2900,0.019979171454906464,2900,0.028135014697909355
0.008070042356848717,0.0,0.0,0.0,0.0,2901,0.01976354792714119,2901,0.027833590283989906
0.008481105789542198,0.0,0.0,0.0,0.0,2902,0.018758034333586693,2902,0.02723914012312889
0.009478389285504818,0.0,0.0,0.0,0.0,2903,0.017589354887604713,2903,0.027067743241786957
0.011364001780748367,0.0,0.0,0.0,0.0,2904,0.016763266175985336,2904,0.028127267956733704
0.00639239652082324,0.0,0.0,0.0,0.0,2905,0.016078872606158257,2905,0.022471267729997635
0.00493345782160759,0.0,0.0,0.0,0.0,2906,0.015578500926494598,2906,0.020511958748102188
0.002430383814498782,0.0,0.0,0.0,0.0,2907,0.015305628068745136,2907,0.017736012116074562
0.002581508131697774,0.0,0.0,0.0,0.0,2908,0.015029415488243103,2908,0.01761092245578766
0.0025511945132166147,0.0,0.0,0.0,0.0,2909,0.014839868992567062,2909,0.017391063272953033
0.002393248025327921,0.0,0.0,0.0,0.0,2910,0.014768954366445541,2910,0.017162201926112175
0.0021244343370199203,0.0,0.0,0.0,0.0,2911,0.014751292765140533,2911,0.016875727102160454
0.001975232968106866,0.0,0.0,0.0,0.0,2912,0.014708109200000763,2912,0.016683343797922134
0.0019798956345766783,0.0,0.0,0.0,0.0,2913,0.014558199793100357,2913,0.016538094729185104
0.002162027871236205,0.0,0.0,0.0,0.0,2914,0.01429310068488121,2914,0.01645512878894806
0.0024925279431045055,0.0,0.0,0.0,0.0,2915,0.01395962480455637,2915,0.016452152281999588
0.002838720101863146,0.0,0.0,0.0,0.0,2916,0.013654489070177078,2916,0.016493208706378937
0.003106713527813554,0.0,0.0,0.0,0.0,2917,0.01344981137663126,2917,0.016556525602936745
0.003225557738915086,0.0,0.0,0.0,0.0,2918,0.013372400775551796,2918,0.016597958281636238
0.004904984030872583,0.0,0.0,0.0,0.0,2919,0.013403656892478466,2919,0.018308641389012337
0.0094048036262393,0.0,0.0,0.0,0.0,2920,0.01364849228411913,2920,0.02305329591035843
0.014977003447711468,0.0,0.0,0.0,0.0,2921,0.014252792112529278,2921,0.029229795560240746
0.012984946370124817,0.0,0.0,0.0,0.0,2922,0.015514923259615898,2922,0.028499869629740715
0.01116591040045023,0.0,0.0,0.0,0.0,2923,0.016978194937109947,2923,0.02814410626888275
0.009875656105577946,0.0,0.0,0.0,0.0,2924,0.018198547884821892,2924,0.02807420678436756
0.00931577105075121,0.0,0.0,0.0,0.0,2925,0.018704190850257874,2925,0.028019960969686508
0.008765500038862228,0.0,0.0,0.0,0.0,2926,0.01862206496298313,2926,0.02738756500184536
0.005710090510547161,0.0,0.0,0.0,0.0,2927,0.018152648583054543,2927,0.02386273629963398
0.0022223996929824352,0.0,0.0,0.0,0.0,2928,0.017394598573446274,2928,0.019616998732089996
0.0010514446767047048,0.0,0.0,0.0,0.0,2929,0.016465937718749046,2929,0.01751738227903843
0.0022322512231767178,0.0,0.0,0.0,0.0,2930,0.015541525557637215,2930,0.01777377724647522
0.002848275238648057,0.0,0.0,0.0,0.0,2931,0.014810827560722828,2931,0.017659103497862816
0.0036899119149893522,0.0,0.0,0.0,0.0,2932,0.014219806529581547,2932,0.017909718677401543
0.003930163104087114,0.0,0.0,0.0,0.0,2933,0.013962551951408386,2933,0.017892716452479362
0.003322385251522064,0.0,0.0,0.0,0.0,2934,0.014061667956411839,2934,0.017384052276611328
0.0024756859056651592,0.0,0.0,0.0,0.0,2935,0.014379524625837803,2935,0.016855210065841675
0.0020907227881252766,0.0,0.0,0.0,0.0,2936,0.014647643081843853,2936,0.016738366335630417
0.0016723091248422861,0.0,0.0,0.0,0.0,2937,0.01502663642168045,2937,0.016698945313692093
0.0013556511839851737,0.0,0.0,0.0,0.0,2938,0.01533280685544014,2938,0.016688458621501923
0.0014141576830297709,0.0,0.0,0.0,0.0,2939,0.015295115299522877,2939,0.01670927368104458
0.0017327778041362762,0.0,0.0,0.0,0.0,2940,0.014820943586528301,2940,0.016553720459342003
0.002338925376534462,0.0,0.0,0.0,0.0,2941,0.01412776205688715,2941,0.016466688364744186
0.0030758122447878122,0.0,0.0,0.0,0.0,2942,0.013474857434630394,2942,0.016550669446587563
0.007349526043981314,0.0,0.0,0.0,0.0,2943,0.013114362955093384,2943,0.020463889464735985
0.007380577269941568,0.0,0.0,0.0,0.0,2944,0.013100513257086277,2944,0.020481090992689133
0.012659722939133644,0.0,0.0,0.0,0.0,2945,0.013409937731921673,2945,0.026069659739732742
0.010842181742191315,0.0,0.0,0.0,0.0,2946,0.014408140443265438,2946,0.025250323116779327
0.009138773195445538,0.0,0.0,0.0,0.0,2947,0.01578393578529358,2947,0.02492270991206169
0.010971097275614738,0.0,0.0,0.0,0.0,2948,0.016919491812586784,2948,0.027890589088201523
0.010073034092783928,0.0,0.0,0.0,0.0,2949,0.017640020698308945,2949,0.027713056653738022
0.009495645761489868,0.0,0.0,0.0,0.0,2950,0.017732124775648117,2950,0.027227770537137985
0.009298549965023994,0.0,0.0,0.0,0.0,2951,0.01734904944896698,2951,0.026647597551345825
0.009497836232185364,0.0,0.0,0.0,0.0,2952,0.016830042004585266,2952,0.02632787823677063
0.004691405687481165,0.0,0.0,0.0,0.0,2953,0.016513755545020103,2953,0.02120516076683998
0.001144261914305389,0.0,0.0,0.0,0.0,2954,0.01631888933479786,2954,0.01746315136551857
0.0016204797429963946,0.0,0.0,0.0,0.0,2955,0.015730105340480804,2955,0.017350584268569946
0.002472817897796631,0.0,0.0,0.0,0.0,2956,0.015037055127322674,2956,0.01750987395644188
0.0027973372489213943,0.0,0.0,0.0,0.0,2957,0.01457894779741764,2957,0.017376285046339035
0.0030287993140518665,0.0,0.0,0.0,0.0,2958,0.014261839911341667,2958,0.017290638759732246
0.0028860874008387327,0.0,0.0,0.0,0.0,2959,0.014149045571684837,2959,0.01703513227403164
0.002681370358914137,0.0,0.0,0.0,0.0,2960,0.014202439226210117,2960,0.016883810982108116
0.0017427406273782253,0.0,0.0,0.0,0.0,2961,0.014541172422468662,2961,0.0162839125841856
0.0013734680833294988,0.0,0.0,0.0,0.0,2962,0.014921345748007298,2962,0.01629481464624405
0.0011606105836108327,0.0,0.0,0.0,0.0,2963,0.015152457170188427,2963,0.016313068568706512
0.0012988460948690772,0.0,0.0,0.0,0.0,2964,0.014991951175034046,2964,0.016290796920657158
0.001656221691519022,0.0,0.0,0.0,0.0,2965,0.014444793574512005,2965,0.016101015731692314
0.002329888055101037,0.0,0.0,0.0,0.0,2966,0.01374039612710476,2966,0.016070283949375153
0.0030244116205722094,0.0,0.0,0.0,0.0,2967,0.0131508968770504,2967,0.01617530733346939
0.0035063012037426233,0.0,0.0,0.0,0.0,2968,0.012844227254390717,2968,0.016350528225302696
0.007222993765026331,0.0,0.0,0.0,0.0,2969,0.012895623221993446,2969,0.02011861652135849
0.01194699015468359,0.0,0.0,0.0,0.0,2970,0.013510849326848984,2970,0.02545783668756485
0.013726663775742054,0.0,0.0,0.0,0.0,2971,0.014704902656376362,2971,0.028431570157408714
0.012266277335584164,0.0,0.0,0.0,0.0,2972,0.016111066564917564,2972,0.028377342969179153
0.011808938346803188,0.0,0.0,0.0,0.0,2973,0.017132820561528206,2973,0.02894175797700882
0.01011158712208271,0.0,0.0,0.0,0.0,2974,0.01841908134520054,2974,0.02853066846728325
0.008114302530884743,0.0,0.0,0.0,0.0,2975,0.020135676488280296,2975,0.02824997901916504
0.0067740194499492645,0.0,0.0,0.0,0.0,2976,0.02174781821668148,2976,0.028521837666630745
0.00943769607692957,0.0,0.0,0.0,0.0,2977,0.022731507197022438,2977,0.03216920420527458
0.008643136359751225,0.0,0.0,0.0,0.0,2978,0.02326267585158348,2978,0.03190581128001213
0.00830761343240738,0.0,0.0,0.0,0.0,2979,0.023425178602337837,2979,0.03173279017210007
0.005929921288043261,0.0,0.0,0.0,0.0,2980,0.023172518238425255,2980,0.029102439060807228
0.006527756806463003,0.0,0.0,0.0,0.0,2981,0.022395489737391472,2981,0.028923245146870613
0.008068558759987354,0.0,0.0,0.0,0.0,2982,0.02117188088595867,2982,0.0292404405772686
0.006248827558010817,0.0,0.0,0.0,0.0,2983,0.018726464360952377,2983,0.02497529424726963
0.0016224546125158668,0.0,0.0,0.0,0.0,2984,0.016098996624350548,2984,0.017721451818943024
0.002042926149442792,0.0,0.0,0.0,0.0,2985,0.013816740363836288,2985,0.01585966721177101
0.004977074917405844,0.0,0.0,0.0,0.0,2986,0.012411330826580524,2986,0.01738840527832508
0.006194438319653273,0.0,0.0,0.0,0.0,2987,0.011989980936050415,2987,0.018184419721364975
0.005708196200430393,0.0,0.0,0.0,0.0,2988,0.012089932337403297,2988,0.017798127606511116
0.00409848103299737,0.0,0.0,0.0,0.0,2989,0.012668859213590622,2989,0.016767339780926704
0.0021037915721535683,0.0,0.0,0.0,0.0,2990,0.013812023214995861,2990,0.01591581478714943
0.0015088148647919297,0.0,0.0,0.0,0.0,2991,0.015135022811591625,2991,0.016643837094306946
0.0015512309037148952,0.0,0.0,0.0,0.0,2992,0.015968671068549156,2992,0.01751990243792534
0.0015360011020675302,0.0,0.0,0.0,0.0,2993,0.0160279031842947,2993,0.01756390370428562
0.0017097293166443706,0.0,0.0,0.0,0.0,2994,0.015262995846569538,2994,0.016972724348306656
0.0018685171380639076,0.0,0.0,0.0,0.0,2995,0.014265852980315685,2995,0.016134368255734444
0.002934665884822607,0.0,0.0,0.0,0.0,2996,0.013236874714493752,2996,0.016171541064977646
0.003599260002374649,0.0,0.0,0.0,0.0,2997,0.012700803577899933,2997,0.016300063580274582
0.004064143635332584,0.0,0.0,0.0,0.0,2998,0.01234927587211132,2998,0.01641342043876648
0.004557968582957983,0.0,0.0,0.0,0.0,2999,0.012342285364866257,2999,0.016900254413485527
0.003747339826077223,0.0,0.0,0.0,0.0,3000,0.012671178206801414,3000,0.016418518498539925
0.012472983449697495,0.0,0.0,0.0,0.0,3001,0.013223095797002316,3001,0.025696080178022385
0.009981445968151093,0.0,0.0,0.0,0.0,3002,0.014226589351892471,3002,0.024208035320043564
0.011568146757781506,0.0,0.0,0.0,0.0,3003,0.015624618157744408,3003,0.02719276398420334
0.010088051669299603,0.0,0.0,0.0,0.0,3004,0.01711098663508892,3004,0.02719903737306595
0.008038399741053581,0.0,0.0,0.0,0.0,3005,0.018223783001303673,3005,0.026262180879712105
0.007186670787632465,0.0,0.0,0.0,0.0,3006,0.01912178285419941,3006,0.02630845457315445
0.0066466424614191055,0.0,0.0,0.0,0.0,3007,0.019651606678962708,3007,0.026298249140381813
0.006482865195721388,0.0,0.0,0.0,0.0,3008,0.01974160224199295,3008,0.026224466040730476
0.007705980911850929,0.0,0.0,0.0,0.0,3009,0.01949862390756607,3009,0.027204604819417
0.008024189621210098,0.0,0.0,0.0,0.0,3010,0.018556836992502213,3010,0.02658102661371231
0.008816899731755257,0.0,0.0,0.0,0.0,3011,0.017247440293431282,3011,0.026064341887831688
0.0007492419681511819,0.0,0.0,0.0,0.0,3012,0.01613546907901764,3012,0.016884710639715195
0.0017836260376498103,0.0,0.0,0.0,0.0,3013,0.014720718376338482,3013,0.01650434359908104
0.0032292483374476433,0.0,0.0,0.0,0.0,3014,0.013527793809771538,3014,0.016757041215896606
0.004829490091651678,0.0,0.0,0.0,0.0,3015,0.012706467881798744,3015,0.01753595843911171
0.005264233332127333,0.0,0.0,0.0,0.0,3016,0.012445492669939995,3016,0.017709726467728615
0.004024517722427845,0.0,0.0,0.0,0.0,3017,0.012655353173613548,3017,0.016679871827363968
0.0026491954922676086,0.0,0.0,0.0,0.0,3018,0.013264046050608158,3018,0.015913240611553192
0.00207626074552536,0.0,0.0,0.0,0.0,3019,0.013849081471562386,3019,0.015925342217087746
0.001715357298962772,0.0,0.0,0.0,0.0,3020,0.014059648849070072,3020,0.015775006264448166
0.0017519952962175012,0.0,0.0,0.0,0.0,3021,0.01409926638007164,3021,0.015851261094212532
0.0020045258570462465,0.0,0.0,0.0,0.0,3022,0.013842649757862091,3022,0.01584717631340027
0.0028771560173481703,0.0,0.0,0.0,0.0,3023,0.013407142832875252,3023,0.01628429815173149
0.0033944668248295784,0.0,0.0,0.0,0.0,3024,0.012654289603233337,3024,0.01604875549674034
0.004133319482207298,0.0,0.0,0.0,0.0,3025,0.012001571245491505,3025,0.016134891659021378
0.0046451510861516,0.0,0.0,0.0,0.0,3026,0.011680183000862598,3026,0.0163253340870142
0.004421515855938196,0.0,0.0,0.0,0.0,3027,0.011747832410037518,3027,0.016169346868991852
0.007747591007500887,0.0,0.0,0.0,0.0,3028,0.012153507210314274,3028,0.019901098683476448
0.009209354408085346,0.0,0.0,0.0,0.0,3029,0.012972482480108738,3029,0.022181836888194084
0.013614865951240063,0.0,0.0,0.0,0.0,3030,0.014016787521541119,3030,0.02763165347278118
0.010748710483312607,0.0,0.0,0.0,0.0,3031,0.01587124541401863,3031,0.026619957759976387
0.008410475216805935,0.0,0.0,0.0,0.0,3032,0.01805887743830681,3032,0.026469353586435318
0.007790499832481146,0.0,0.0,0.0,0.0,3033,0.02000855840742588,3033,0.027799058705568314
0.00669120205566287,0.0,0.0,0.0,0.0,3034,0.021470604464411736,3034,0.028161806985735893
0.006265596952289343,0.0,0.0,0.0,0.0,3035,0.022096315398812294,3035,0.028361912816762924
0.00641312450170517,0.0,0.0,0.0,0.0,3036,0.021708441898226738,3036,0.028121570125222206
0.007080950308591127,0.0,0.0,0.0,0.0,3037,0.0205813180655241,3037,0.02766226790845394
0.007030254229903221,0.0,0.0,0.0,0.0,3038,0.019219089299440384,3038,0.026249343529343605
0.009408443234860897,0.0,0.0,0.0,0.0,3039,0.017757665365934372,3039,0.027166109532117844
0.00738533353433013,0.0,0.0,0.0,0.0,3040,0.016074907034635544,3040,0.023460237309336662
0.001149616320617497,0.0,0.0,0.0,0.0,3041,0.01468844898045063,3041,0.01583806611597538
0.002115307142958045,0.0,0.0,0.0,0.0,3042,0.013338773511350155,3042,0.015454080887138844
0.00353400781750679,0.0,0.0,0.0,0.0,3043,0.012251983396708965,3043,0.01578599028289318
0.005063894670456648,0.0,0.0,0.0,0.0,3044,0.011737431399524212,3044,0.016801325604319572
0.004765430931001902,0.0,0.0,0.0,0.0,3045,0.011810638010501862,3045,0.016576070338487625
0.0032502030953764915,0.0,0.0,0.0,0.0,3046,0.012379857711493969,3046,0.01563006080687046
0.0022438387386500835,0.0,0.0,0.0,0.0,3047,0.013226337730884552,3047,0.015470176935195923
0.0015295688062906265,0.0,0.0,0.0,0.0,3048,0.013966895639896393,3048,0.015496465377509594
0.0013569515431299806,0.0,0.0,0.0,0.0,3049,0.014377221465110779,3049,0.015734173357486725
0.0013222689740359783,0.0,0.0,0.0,0.0,3050,0.014453481882810593,3050,0.01577575132250786
0.0015264417743310332,0.0,0.0,0.0,0.0,3051,0.014124756678938866,3051,0.015651199966669083
0.0018894325476139784,0.0,0.0,0.0,0.0,3052,0.013487061485648155,3052,0.015376495197415352
0.002724123653024435,0.0,0.0,0.0,0.0,3053,0.012874108739197254,3053,0.015598231926560402
0.003341791220009327,0.0,0.0,0.0,0.0,3054,0.012280250899493694,3054,0.015622042119503021
0.003807781497016549,0.0,0.0,0.0,0.0,3055,0.011961626820266247,3055,0.015769409015774727
0.0036968234926462173,0.0,0.0,0.0,0.0,3056,0.011970840394496918,3056,0.015667663887143135
0.007229807320982218,0.0,0.0,0.0,0.0,3057,0.012284406460821629,3057,0.019514214247465134
0.015391809865832329,0.0,0.0,0.0,0.0,3058,0.013016635552048683,3058,0.028408445417881012
0.012931379489600658,0.0,0.0,0.0,0.0,3059,0.014218856580555439,3059,0.027150236070156097
0.010398936457931995,0.0,0.0,0.0,0.0,3060,0.01577797345817089,3060,0.02617691084742546
0.013969733379781246,0.0,0.0,0.0,0.0,3061,0.017659828066825867,3061,0.03162956237792969
0.010456554591655731,0.0,0.0,0.0,0.0,3062,0.020351514220237732,3062,0.030808070674538612
0.00826625432819128,0.0,0.0,0.0,0.0,3063,0.023286839947104454,3063,0.03155309334397316
0.009642467834055424,0.0,0.0,0.0,0.0,3064,0.026023799553513527,3064,0.03566626459360123
0.012174704112112522,0.0,0.0,0.0,0.0,3065,0.02780894562602043,3065,0.03998364880681038
0.011204337701201439,0.0,0.0,0.0,0.0,3066,0.028232548385858536,3066,0.039436887949705124
0.011478150263428688,0.0,0.0,0.0,0.0,3067,0.027191881090402603,3067,0.03867003321647644
0.01188840251415968,0.0,0.0,0.0,0.0,3068,0.023881208151578903,3068,0.03576961159706116
0.013479802757501602,0.0,0.0,0.0,0.0,3069,0.019781216979026794,3069,0.0332610197365284
0.010573361068964005,0.0,0.0,0.0,0.0,3070,0.016089288517832756,3070,0.02666264772415161
0.005929816979914904,0.0,0.0,0.0,0.0,3071,0.012948551215231419,3071,0.01887836866080761
0.008056556805968285,0.0,0.0,0.0,0.0,3072,0.010668306611478329,3072,0.01872486248612404
0.01138246525079012,0.0,0.0,0.0,0.0,3073,0.009794292971491814,3073,0.021176759153604507
0.012215515598654747,0.0,0.0,0.0,0.0,3074,0.009767667390406132,3074,0.021983183920383453
0.008905691094696522,0.0,0.0,0.0,0.0,3075,0.0101780341938138,3075,0.019083725288510323
0.005902656354010105,0.0,0.0,0.0,0.0,3076,0.011282655410468578,3076,0.017185311764478683
0.004041654523462057,0.0,0.0,0.0,0.0,3077,0.012894072569906712,3077,0.01693572662770748
0.005794218275696039,0.0,0.0,0.0,0.0,3078,0.014510233886539936,3078,0.020304450765252113
0.008953306823968887,0.0,0.0,0.0,0.0,3079,0.0155754080042243,3079,0.024528713896870613
0.007534220814704895,0.0,0.0,0.0,0.0,3080,0.016126185655593872,3080,0.023660404607653618
0.007103098090738058,0.0,0.0,0.0,0.0,3081,0.016406716778874397,3081,0.023509817197918892
0.006239963695406914,0.0,0.0,0.0,0.0,3082,0.016388390213251114,3082,0.022628353908658028
0.009192395955324173,0.0,0.0,0.0,0.0,3083,0.016117120161652565,3083,0.025309516116976738
0.009442189708352089,0.0,0.0,0.0,0.0,3084,0.016027752310037613,3084,0.025469942018389702
0.00938539206981659,0.0,0.0,0.0,0.0,3085,0.016273971647024155,3085,0.025659363716840744
0.008867595344781876,0.0,0.0,0.0,0.0,3086,0.01685456931591034,3086,0.025722164660692215
0.008101820945739746,0.0,0.0,0.0,0.0,3087,0.017654074355959892,3087,0.02575589530169964
0.007916965521872044,0.0,0.0,0.0,0.0,3088,0.01845158450305462,3088,0.026368550956249237
0.006967628374695778,0.0,0.0,0.0,0.0,3089,0.019184254109859467,3089,0.026151884347200394
0.0059019699692726135,0.0,0.0,0.0,0.0,3090,0.019967442378401756,3090,0.02586941234767437
0.005133341066539288,0.0,0.0,0.0,0.0,3091,0.020630942657589912,3091,0.025764282792806625
0.0046898238360881805,0.0,0.0,0.0,0.0,3092,0.02094593457877636,3092,0.02563575655221939
0.0016495727468281984,0.0,0.0,0.0,0.0,3093,0.02078421227633953,3093,0.02243378385901451
0.000645737221930176,0.0,0.0,0.0,0.0,3094,0.019831473007798195,3094,0.020477211102843285
0.0018491200171411037,0.0,0.0,0.0,0.0,3095,0.018040750175714493,3095,0.019889870658516884
0.0018720501102507114,0.0,0.0,0.0,0.0,3096,0.015528098680078983,3096,0.017400149255990982
0.003488234244287014,0.0,0.0,0.0,0.0,3097,0.013505169190466404,3097,0.016993403434753418
0.006319150328636169,0.0,0.0,0.0,0.0,3098,0.012405302375555038,3098,0.018724452704191208
0.007288432214409113,0.0,0.0,0.0,0.0,3099,0.011996236629784107,3099,0.019284669309854507
0.0052839466370642185,0.0,0.0,0.0,0.0,3100,0.012040138244628906,3100,0.017324084416031837
0.0031782318837940693,0.0,0.0,0.0,0.0,3101,0.012739261612296104,3101,0.015917493030428886
0.0020879139192402363,0.0,0.0,0.0,0.0,3102,0.01367445383220911,3102,0.015762368217110634
0.0023197901900857687,0.0,0.0,0.0,0.0,3103,0.014372436329722404,3103,0.016692226752638817
0.0026169768534600735,0.0,0.0,0.0,0.0,3104,0.014318319968879223,3104,0.01693529635667801
0.002757323207333684,0.0,0.0,0.0,0.0,3105,0.013496757484972477,3105,0.016254080459475517
0.004017930943518877,0.0,0.0,0.0,0.0,3106,0.01246480643749237,3106,0.01648273877799511
0.004448548424988985,0.0,0.0,0.0,0.0,3107,0.01153267826884985,3107,0.015981227159500122
0.005425273906439543,0.0,0.0,0.0,0.0,3108,0.011038917116820812,3108,0.016464192420244217
0.005154973361641169,0.0,0.0,0.0,0.0,3109,0.011029412969946861,3109,0.016184385865926743
0.006713684648275375,0.0,0.0,0.0,0.0,3110,0.011475403793156147,3110,0.018189089372754097
0.009503301233053207,0.0,0.0,0.0,0.0,3111,0.012479141354560852,3111,0.02198244258761406
0.013357565738260746,0.0,0.0,0.0,0.0,3112,0.013895178213715553,3112,0.027252744883298874
0.010448122397065163,0.0,0.0,0.0,0.0,3113,0.01568126678466797,3113,0.02612938918173313
0.008192060515284538,0.0,0.0,0.0,0.0,3114,0.017658160999417305,3114,0.025850221514701843
0.00675476947799325,0.0,0.0,0.0,0.0,3115,0.019331742078065872,3115,0.026086512953042984
0.005818864796310663,0.0,0.0,0.0,0.0,3116,0.020303934812545776,3116,0.0261228010058403
0.005477348808199167,0.0,0.0,0.0,0.0,3117,0.020573804154992104,3117,0.026051152497529984
0.005637605208903551,0.0,0.0,0.0,0.0,3118,0.020199138671159744,3118,0.025836743414402008
0.0063550276681780815,0.0,0.0,0.0,0.0,3119,0.01948319934308529,3119,0.025838226079940796
0.007540837395936251,0.0,0.0,0.0,0.0,3120,0.018562937155365944,3120,0.026103775948286057
0.00834637600928545,0.0,0.0,0.0,0.0,3121,0.017403941601514816,3121,0.02575031854212284
0.010163341648876667,0.0,0.0,0.0,0.0,3122,0.016344556584954262,3122,0.026507899165153503
0.010066824965178967,0.0,0.0,0.0,0.0,3123,0.015632309019565582,3123,0.025699134916067123
0.0019355948315933347,0.0,0.0,0.0,0.0,3124,0.015392450615763664,3124,0.01732804626226425
0.0012367634335532784,0.0,0.0,0.0,0.0,3125,0.015049980022013187,3125,0.01628674380481243
0.0014944708673283458,0.0,0.0,0.0,0.0,3126,0.014567011967301369,3126,0.016061481088399887
0.0016569152940064669,0.0,0.0,0.0,0.0,3127,0.014129811897873878,3127,0.015786727890372276
0.0021567789372056723,0.0,0.0,0.0,0.0,3128,0.013745463453233242,3128,0.015902241691946983
0.0023454700130969286,0.0,0.0,0.0,0.0,3129,0.013132529333233833,3129,0.015477998182177544
0.002776247449219227,0.0,0.0,0.0,0.0,3130,0.012560552917420864,3130,0.015336801297962666
0.003139934502542019,0.0,0.0,0.0,0.0,3131,0.012070618569850922,3131,0.01521055307239294
0.0033320074435323477,0.0,0.0,0.0,0.0,3132,0.011777948588132858,3132,0.015109957195818424
0.0034327602479606867,0.0,0.0,0.0,0.0,3133,0.011683865450322628,3133,0.015116625465452671
0.003559164935722947,0.0,0.0,0.0,0.0,3134,0.011834824457764626,3134,0.015393989160656929
0.003291758941486478,0.0,0.0,0.0,0.0,3135,0.012160606682300568,3135,0.015452366322278976
0.0032842678483575583,0.0,0.0,0.0,0.0,3136,0.012388378381729126,3136,0.015672646462917328
0.0033580500166863203,0.0,0.0,0.0,0.0,3137,0.012308984063565731,3137,0.015667034313082695
0.003498772392049432,0.0,0.0,0.0,0.0,3138,0.011945685371756554,3138,0.015444458462297916
0.003796735778450966,0.0,0.0,0.0,0.0,3139,0.011528256349265575,3139,0.015324992127716541
0.0040285466238856316,0.0,0.0,0.0,0.0,3140,0.011262855492532253,3140,0.015291402116417885
0.01121766772121191,0.0,0.0,0.0,0.0,3141,0.01126594003289938,3141,0.02248360775411129
0.009736611507833004,0.0,0.0,0.0,0.0,3142,0.011895273812115192,3142,0.021631883457303047
0.014893687330186367,0.0,0.0,0.0,0.0,3143,0.012973714619874954,3143,0.027867401018738747
0.011880623176693916,0.0,0.0,0.0,0.0,3144,0.01431516744196415,3144,0.026195790618658066
0.009196237660944462,0.0,0.0,0.0,0.0,3145,0.01635661907494068,3145,0.02555285580456257
0.012224476784467697,0.0,0.0,0.0,0.0,3146,0.018372153863310814,3146,0.03059663064777851
0.009236406534910202,0.0,0.0,0.0,0.0,3147,0.021055789664387703,3147,0.030292196199297905
0.0075799101032316685,0.0,0.0,0.0,0.0,3148,0.02376980520784855,3148,0.03134971484541893
0.005706357304006815,0.0,0.0,0.0,0.0,3149,0.026046253740787506,3149,0.03175261244177818
0.004762107506394386,0.0,0.0,0.0,0.0,3150,0.027118416503071785,3150,0.03188052028417587
0.004591329954564571,0.0,0.0,0.0,0.0,3151,0.026713285595178604,3151,0.03130461275577545
0.0047180624678730965,0.0,0.0,0.0,0.0,3152,0.024965355172753334,3152,0.029683418571949005
0.005923377815634012,0.0,0.0,0.0,0.0,3153,0.021740421652793884,3153,0.02766379714012146
0.007261214777827263,0.0,0.0,0.0,0.0,3154,0.018335431814193726,3154,0.02559664659202099
0.00475715147331357,0.0,0.0,0.0,0.0,3155,0.014700002036988735,3155,0.019457153975963593
0.0028928257524967194,0.0,0.0,0.0,0.0,3156,0.012071039527654648,3156,0.014963864348828793
0.006062678061425686,0.0,0.0,0.0,0.0,3157,0.010552888736128807,3157,0.01661556586623192
0.00898938812315464,0.0,0.0,0.0,0.0,3158,0.010172802023589611,3158,0.019162189215421677
0.007686292752623558,0.0,0.0,0.0,0.0,3159,0.010314064100384712,3159,0.01800035685300827
0.004511827137321234,0.0,0.0,0.0,0.0,3160,0.011050796136260033,3160,0.015562623739242554
0.0025129530113190413,0.0,0.0,0.0,0.0,3161,0.01253579929471016,3161,0.015048753470182419
0.004539918154478073,0.0,0.0,0.0,0.0,3162,0.014320524409413338,3162,0.01886044256389141
0.008099525235593319,0.0,0.0,0.0,0.0,3163,0.01582924649119377,3163,0.023928772658109665
0.007349308114498854,0.0,0.0,0.0,0.0,3164,0.016807252541184425,3164,0.024156561121344566
0.006814213003963232,0.0,0.0,0.0,0.0,3165,0.01702083833515644,3165,0.02383505180478096
0.006597448140382767,0.0,0.0,0.0,0.0,3166,0.016529569402337074,3166,0.02312701754271984
0.0068969703279435635,0.0,0.0,0.0,0.0,3167,0.015589737333357334,3167,0.02248670719563961
0.002998897572979331,0.0,0.0,0.0,0.0,3168,0.014755037613213062,3168,0.017753934487700462
0.0011942744022235274,0.0,0.0,0.0,0.0,3169,0.013994742184877396,3169,0.015189015306532383
0.0022418831940740347,0.0,0.0,0.0,0.0,3170,0.013337324373424053,3170,0.015579208731651306
0.002753010019659996,0.0,0.0,0.0,0.0,3171,0.012868206016719341,3171,0.015621216036379337
0.003260819474235177,0.0,0.0,0.0,0.0,3172,0.012575631029903889,3172,0.015836451202630997
0.0030828111339360476,0.0,0.0,0.0,0.0,3173,0.012546582147479057,3173,0.015629393979907036
0.004499854054301977,0.0,0.0,0.0,0.0,3174,0.012736566364765167,3174,0.01723642088472843
0.003444393165409565,0.0,0.0,0.0,0.0,3175,0.013257892802357674,3175,0.016702286899089813
0.012672585435211658,0.0,0.0,0.0,0.0,3176,0.0138107193633914,3176,0.026483306661248207
0.010869291611015797,0.0,0.0,0.0,0.0,3177,0.014675624668598175,3177,0.025544913485646248
0.00881499145179987,0.0,0.0,0.0,0.0,3178,0.016209904104471207,3178,0.0250248946249485
0.007238417398184538,0.0,0.0,0.0,0.0,3179,0.018054913729429245,3179,0.02529333159327507
0.006330688018351793,0.0,0.0,0.0,0.0,3180,0.019347496330738068,3180,0.025678183883428574
0.006174356676638126,0.0,0.0,0.0,0.0,3181,0.019730543717741966,3181,0.025904901325702667
0.006416899152100086,0.0,0.0,0.0,0.0,3182,0.019077474251389503,3182,0.025494374334812164
0.007155613042414188,0.0,0.0,0.0,0.0,3183,0.01780473254621029,3183,0.0249603483825922
0.00825622957199812,0.0,0.0,0.0,0.0,3184,0.016499603167176247,3184,0.02475583180785179
0.00944476667791605,0.0,0.0,0.0,0.0,3185,0.015466015785932541,3185,0.024910781532526016
0.0051754130981862545,0.0,0.0,0.0,0.0,3186,0.014991825446486473,3186,0.020167239010334015
0.005081063136458397,0.0,0.0,0.0,0.0,3187,0.0145402941852808,3187,0.019621357321739197
0.0019818900618702173,0.0,0.0,0.0,0.0,3188,0.014138269238173962,3188,0.01612015813589096
0.0012016170658171177,0.0,0.0,0.0,0.0,3189,0.013666272163391113,3189,0.014867887832224369
0.0018382301786914468,0.0,0.0,0.0,0.0,3190,0.01320833619683981,3190,0.015046565793454647
0.0020839357748627663,0.0,0.0,0.0,0.0,3191,0.012860649265348911,3191,0.014944585040211678
0.0025228620506823063,0.0,0.0,0.0,0.0,3192,0.012448113411664963,3192,0.014970976859331131
0.002932194620370865,0.0,0.0,0.0,0.0,3193,0.01205465104430914,3193,0.014986845664680004
0.0031470453832298517,0.0,0.0,0.0,0.0,3194,0.011842065490782261,3194,0.014989110641181469
0.002936797682195902,0.0,0.0,0.0,0.0,3195,0.011827616021037102,3195,0.014764414168894291
0.0025789521168917418,0.0,0.0,0.0,0.0,3196,0.01195683516561985,3196,0.014535786584019661
0.002566162496805191,0.0,0.0,0.0,0.0,3197,0.012207244522869587,3197,0.014773407019674778
0.0023478823713958263,0.0,0.0,0.0,0.0,3198,0.012467305175960064,3198,0.014815188944339752
0.0023417260963469744,0.0,0.0,0.0,0.0,3199,0.012513495981693268,3199,0.014855221845209599
0.005848076660186052,0.0,0.0,0.0,0.0,3200,0.012249264866113663,3200,0.018097341060638428
0.008728787302970886,0.0,0.0,0.0,0.0,3201,0.012087005190551281,3201,0.020815793424844742
0.015368551015853882,0.0,0.0,0.0,0.0,3202,0.012185577303171158,3202,0.02755412831902504
0.014034821651875973,0.0,0.0,0.0,0.0,3203,0.012697032652795315,3203,0.026731854304671288
0.011216314509510994,0.0,0.0,0.0,0.0,3204,0.01410403661429882,3204,0.025320351123809814
0.008635199628770351,0.0,0.0,0.0,0.0,3205,0.01618952490389347,3205,0.024824725463986397
0.0065751527436077595,0.0,0.0,0.0,0.0,3206,0.018461598083376884,3206,0.025036750361323357
0.005664522293955088,0.0,0.0,0.0,0.0,3207,0.02014848031103611,3207,0.02581300027668476
0.0051287938840687275,0.0,0.0,0.0,0.0,3208,0.020617054775357246,3208,0.025745846331119537
0.005512399133294821,0.0,0.0,0.0,0.0,3209,0.019927890971302986,3209,0.025440290570259094
0.00629176152870059,0.0,0.0,0.0,0.0,3210,0.018425315618515015,3210,0.024717075750231743
0.008859380148351192,0.0,0.0,0.0,0.0,3211,0.016813499853014946,3211,0.025672879070043564
0.0033487838227301836,0.0,0.0,0.0,0.0,3212,0.015301143750548363,3212,0.018649928271770477
0.0014899809611961246,0.0,0.0,0.0,0.0,3213,0.013845594599843025,3213,0.015335576608777046
0.002968784421682358,0.0,0.0,0.0,0.0,3214,0.012498700059950352,3214,0.01546748448163271
0.0033330663572996855,0.0,0.0,0.0,0.0,3215,0.011737223714590073,3215,0.015070289373397827
0.0037887534126639366,0.0,0.0,0.0,0.0,3216,0.011438950896263123,3216,0.01522770430892706
0.003484798362478614,0.0,0.0,0.0,0.0,3217,0.011468399316072464,3217,0.014953197911381721
0.0027949009090662003,0.0,0.0,0.0,0.0,3218,0.011765950359404087,3218,0.014560850337147713
0.0021629645489156246,0.0,0.0,0.0,0.0,3219,0.012261892668902874,3219,0.014424856752157211
0.0016555277397856116,0.0,0.0,0.0,0.0,3220,0.012872113846242428,3220,0.0145276403054595
0.0014973038341850042,0.0,0.0,0.0,0.0,3221,0.013157060369849205,3221,0.014654364436864853
0.004625314846634865,0.0,0.0,0.0,0.0,3222,0.013128506951034069,3222,0.01775382086634636
0.0047004930675029755,0.0,0.0,0.0,0.0,3223,0.013118208386003971,3223,0.017818700522184372
0.009709732607007027,0.0,0.0,0.0,0.0,3224,0.012978251092135906,3224,0.02268798276782036
0.009578343480825424,0.0,0.0,0.0,0.0,3225,0.013031814247369766,3225,0.02261015772819519
0.009130098856985569,0.0,0.0,0.0,0.0,3226,0.013245279900729656,3226,0.022375378757715225
0.011904546059668064,0.0,0.0,0.0,0.0,3227,0.013691931031644344,3227,0.02559647709131241
0.010941868647933006,0.0,0.0,0.0,0.0,3228,0.014343120157718658,3228,0.025284988805651665
0.010058233514428139,0.0,0.0,0.0,0.0,3229,0.015015985816717148,3229,0.025074221193790436
0.009571208618581295,0.0,0.0,0.0,0.0,3230,0.015476915054023266,3230,0.02504812180995941
0.009056487120687962,0.0,0.0,0.0,0.0,3231,0.01588280312716961,3231,0.024939291179180145
0.008412200026214123,0.0,0.0,0.0,0.0,3232,0.016331616789102554,3232,0.02474381774663925
0.007822442799806595,0.0,0.0,0.0,0.0,3233,0.016784638166427612,3233,0.024607080966234207
0.010560015216469765,0.0,0.0,0.0,0.0,3234,0.017129646614193916,3234,0.02768966183066368
0.00894157774746418,0.0,0.0,0.0,0.0,3235,0.018252385780215263,3235,0.027193965390324593
0.006687498185783625,0.0,0.0,0.0,0.0,3236,0.01980113610625267,3236,0.026488633826375008
0.004809705074876547,0.0,0.0,0.0,0.0,3237,0.02145960181951523,3237,0.026269307360053062
0.0051709734834730625,0.0,0.0,0.0,0.0,3238,0.022737741470336914,3238,0.02790871448814869
0.004151192959398031,0.0,0.0,0.0,0.0,3239,0.023434944450855255,3239,0.027586137875914574
0.005414583254605532,0.0,0.0,0.0,0.0,3240,0.023170385509729385,3240,0.02858496829867363
0.005761404521763325,0.0,0.0,0.0,0.0,3241,0.021121876314282417,3241,0.026883283630013466
0.0021259821951389313,0.0,0.0,0.0,0.0,3242,0.01822216622531414,3242,0.02034814842045307
0.001794403069652617,0.0,0.0,0.0,0.0,3243,0.014722120016813278,3243,0.01651652157306671
0.0039040381088852882,0.0,0.0,0.0,0.0,3244,0.012147986330091953,3244,0.01605202443897724
0.007734296843409538,0.0,0.0,0.0,0.0,3245,0.011150858364999294,3245,0.018885154277086258
0.0102255092933774,0.0,0.0,0.0,0.0,3246,0.010998144745826721,3246,0.021223653107881546
0.0076376525685191154,0.0,0.0,0.0,0.0,3247,0.011002265848219395,3247,0.01863991841673851
0.004688420798629522,0.0,0.0,0.0,0.0,3248,0.011674762703478336,3248,0.01636318303644657
0.003410470439121127,0.0,0.0,0.0,0.0,3249,0.01315324567258358,3249,0.016563715413212776
0.004417321644723415,0.0,0.0,0.0,0.0,3250,0.01444497425109148,3250,0.018862295895814896
0.004340618383139372,0.0,0.0,0.0,0.0,3251,0.01447999570518732,3251,0.018820613622665405
0.003136823885142803,0.0,0.0,0.0,0.0,3252,0.013361593708395958,3252,0.016498416662216187
0.003257651347666979,0.0,0.0,0.0,0.0,3253,0.011955847032368183,3253,0.01521349884569645
0.004690996836870909,0.0,0.0,0.0,0.0,3254,0.011146076023578644,3254,0.01583707332611084
0.005979839246720076,0.0,0.0,0.0,0.0,3255,0.010869966819882393,3255,0.016849806532263756
0.0050263237208127975,0.0,0.0,0.0,0.0,3256,0.010983782820403576,3256,0.0160101056098938
0.003174403216689825,0.0,0.0,0.0,0.0,3257,0.011527260765433311,3257,0.01470166351646185
0.003871602937579155,0.0,0.0,0.0,0.0,3258,0.012340624816715717,3258,0.016212226822972298
0.0026226660702377558,0.0,0.0,0.0,0.0,3259,0.013279339298605919,3259,0.01590200513601303
0.005134104751050472,0.0,0.0,0.0,0.0,3260,0.014036033302545547,3260,0.019170138984918594
0.004123409278690815,0.0,0.0,0.0,0.0,3261,0.015025002881884575,3261,0.019148413091897964
0.008533746935427189,0.0,0.0,0.0,0.0,3262,0.01577581837773323,3262,0.024309564381837845
0.007824553176760674,0.0,0.0,0.0,0.0,3263,0.01659160852432251,3263,0.024416159838438034
0.007277604192495346,0.0,0.0,0.0,0.0,3264,0.01712098903954029,3264,0.024398593232035637
0.006966543383896351,0.0,0.0,0.0,0.0,3265,0.017476901412010193,3265,0.02444344386458397
0.006897729355841875,0.0,0.0,0.0,0.0,3266,0.017514992505311966,3266,0.024412721395492554
0.006901171989738941,0.0,0.0,0.0,0.0,3267,0.01732921227812767,3267,0.024230381473898888
0.007318579126149416,0.0,0.0,0.0,0.0,3268,0.016948143020272255,3268,0.024266721680760384
0.007611253298819065,0.0,0.0,0.0,0.0,3269,0.0166302602738142,3269,0.024241512641310692
0.007760324515402317,0.0,0.0,0.0,0.0,3270,0.016481664031744003,3270,0.024241985753178596
0.00787243340164423,0.0,0.0,0.0,0.0,3271,0.016326654702425003,3271,0.02419908717274666
0.007902252487838268,0.0,0.0,0.0,0.0,3272,0.01624203287065029,3272,0.024144284427165985
0.007750478573143482,0.0,0.0,0.0,0.0,3273,0.016214637085795403,3273,0.02396511659026146
0.007707721553742886,0.0,0.0,0.0,0.0,3274,0.016212577000260353,3274,0.023920297622680664
0.0076242671348154545,0.0,0.0,0.0,0.0,3275,0.01643773354589939,3275,0.02406199835240841
0.00710118655115366,0.0,0.0,0.0,0.0,3276,0.01686050556600094,3276,0.023961693048477173
0.006313808262348175,0.0,0.0,0.0,0.0,3277,0.017312996089458466,3277,0.02362680621445179
0.005938270129263401,0.0,0.0,0.0,0.0,3278,0.0175477284938097,3278,0.023485997691750526
0.005978466477245092,0.0,0.0,0.0,0.0,3279,0.01749614253640175,3279,0.02347460947930813
0.003215051256120205,0.0,0.0,0.0,0.0,3280,0.017214152961969376,3280,0.020429205149412155
0.0015985100762918591,0.0,0.0,0.0,0.0,3281,0.01609094813466072,3281,0.017689459025859833
0.0016857555601745844,0.0,0.0,0.0,0.0,3282,0.01409490592777729,3282,0.01578066125512123
0.0026336293667554855,0.0,0.0,0.0,0.0,3283,0.012288954108953476,3283,0.014922583475708961
0.004903329536318779,0.0,0.0,0.0,0.0,3284,0.011270059272646904,3284,0.016173388808965683
0.007215773221105337,0.0,0.0,0.0,0.0,3285,0.01092000026255846,3285,0.01813577488064766
0.00646603386849165,0.0,0.0,0.0,0.0,3286,0.010901829227805138,3286,0.017367862164974213
0.0042647370137274265,0.0,0.0,0.0,0.0,3287,0.011276546865701675,3287,0.01554128434509039
0.0026862062513828278,0.0,0.0,0.0,0.0,3288,0.0120137520134449,3288,0.014699959196150303
0.001859720447100699,0.0,0.0,0.0,0.0,3289,0.012850223109126091,3289,0.01470994483679533
0.0019188513979315758,0.0,0.0,0.0,0.0,3290,0.013328593224287033,3290,0.015247443690896034
0.0019399242009967566,0.0,0.0,0.0,0.0,3291,0.013377232477068901,3291,0.015317157842218876
0.001749519375152886,0.0,0.0,0.0,0.0,3292,0.012957245111465454,3292,0.014706764370203018
0.0020686204079538584,0.0,0.0,0.0,0.0,3293,0.012168112210929394,3293,0.014236732386052608
0.0024891747161746025,0.0,0.0,0.0,0.0,3294,0.011394054628908634,3294,0.013883229345083237
0.003444049507379532,0.0,0.0,0.0,0.0,3295,0.010888690128922462,3295,0.014332739636301994
0.0038700911682099104,0.0,0.0,0.0,0.0,3296,0.010591743513941765,3296,0.014461834914982319
0.004331189673393965,0.0,0.0,0.0,0.0,3297,0.010557468980550766,3297,0.014888659119606018
0.0035408867988735437,0.0,0.0,0.0,0.0,3298,0.010836699977517128,3298,0.014377586543560028
0.0065601896494627,0.0,0.0,0.0,0.0,3299,0.01132358517497778,3299,0.017883775755763054
0.014106208458542824,0.0,0.0,0.0,0.0,3300,0.01201533805578947,3300,0.02612154558300972
0.011101098731160164,0.0,0.0,0.0,0.0,3301,0.013599132187664509,3301,0.024700229987502098
0.008597711101174355,0.0,0.0,0.0,0.0,3302,0.015744613483548164,3302,0.024342326447367668
0.00984367448836565,0.0,0.0,0.0,0.0,3303,0.017813965678215027,3303,0.027657639235258102
0.00787489116191864,0.0,0.0,0.0,0.0,3304,0.0201676357537508,3304,0.02804252691566944
0.006643076427280903,0.0,0.0,0.0,0.0,3305,0.021948911249637604,3305,0.028591986745595932
0.006413320079445839,0.0,0.0,0.0,0.0,3306,0.02312561124563217,3306,0.02953892946243286
0.008251624181866646,0.0,0.0,0.0,0.0,3307,0.023406315594911575,3307,0.03165794163942337
0.01210094802081585,0.0,0.0,0.0,0.0,3308,0.022824278101325035,3308,0.034925226122140884
0.012152978219091892,0.0,0.0,0.0,0.0,3309,0.02160871960222721,3309,0.03376169502735138
0.006608305033296347,0.0,0.0,0.0,0.0,3310,0.019293375313282013,3310,0.025901680812239647
0.008793601766228676,0.0,0.0,0.0,0.0,3311,0.01635936088860035,3311,0.025152962654829025
0.01186736673116684,0.0,0.0,0.0,0.0,3312,0.01381832268089056,3312,0.025685688480734825
0.006798807997256517,0.0,0.0,0.0,0.0,3313,0.01205014530569315,3313,0.018848953768610954
0.004352647345513105,0.0,0.0,0.0,0.0,3314,0.010641535744071007,3314,0.0149941835552454
0.005375493783503771,0.0,0.0,0.0,0.0,3315,0.009908894076943398,3315,0.015284387394785881
0.006074430886656046,0.0,0.0,0.0,0.0,3316,0.00968847144395113,3316,0.015762902796268463
0.005502922926098108,0.0,0.0,0.0,0.0,3317,0.009849300608038902,3317,0.015352222137153149
0.0041977157816290855,0.0,0.0,0.0,0.0,3318,0.01033481303602457,3318,0.014532528817653656
0.003096097381785512,0.0,0.0,0.0,0.0,3319,0.011128292419016361,3319,0.01422438956797123
0.0019789414945989847,0.0,0.0,0.0,0.0,3320,0.0122245904058218,3320,0.014203531667590141
0.003953391686081886,0.0,0.0,0.0,0.0,3321,0.013063761405646801,3321,0.017017152160406113
0.007886799983680248,0.0,0.0,0.0,0.0,3322,0.013644279912114143,3322,0.021531078964471817
0.010609233751893044,0.0,0.0,0.0,0.0,3323,0.014077065512537956,3323,0.024686299264431
0.009812498465180397,0.0,0.0,0.0,0.0,3324,0.014612924307584763,3324,0.02442542277276516
0.009172944352030754,0.0,0.0,0.0,0.0,3325,0.015148963779211044,3325,0.02432190626859665
0.008499711751937866,0.0,0.0,0.0,0.0,3326,0.015767846256494522,3326,0.02426755800843239
0.007880646735429764,0.0,0.0,0.0,0.0,3327,0.016332561150193214,3327,0.024213207885622978
0.007150879595428705,0.0,0.0,0.0,0.0,3328,0.01674741320312023,3328,0.02389829233288765
0.006844779942184687,0.0,0.0,0.0,0.0,3329,0.01705290749669075,3329,0.02389768697321415
0.006770181003957987,0.0,0.0,0.0,0.0,3330,0.017222393304109573,3330,0.023992573842406273
0.0043875412084162235,0.0,0.0,0.0,0.0,3331,0.017281105741858482,3331,0.02166864462196827
0.004538691136986017,0.0,0.0,0.0,0.0,3332,0.017079228535294533,3332,0.021617919206619263
0.004804103169590235,0.0,0.0,0.0,0.0,3333,0.01671329326927662,3333,0.021517394110560417
0.0013697509421035647,0.0,0.0,0.0,0.0,3334,0.01634303480386734,3334,0.017712784931063652
0.0014883526600897312,0.0,0.0,0.0,0.0,3335,0.01518422830849886,3335,0.016672581434249878
0.0014346538810059428,0.0,0.0,0.0,0.0,3336,0.013942042365670204,3336,0.015376695431768894
0.0027529019862413406,0.0,0.0,0.0,0.0,3337,0.01272512786090374,3337,0.015478030778467655
0.004241930786520243,0.0,0.0,0.0,0.0,3338,0.011932131834328175,3338,0.016174061223864555
0.004971895832568407,0.0,0.0,0.0,0.0,3339,0.011353137902915478,3339,0.016325034201145172
0.005117086693644524,0.0,0.0,0.0,0.0,3340,0.01105310395359993,3340,0.016170190647244453
0.004530870355665684,0.0,0.0,0.0,0.0,3341,0.010958138853311539,3341,0.015489008277654648
0.0036124950274825096,0.0,0.0,0.0,0.0,3342,0.011078985407948494,3342,0.014691481366753578
0.002642340725287795,0.0,0.0,0.0,0.0,3343,0.01137098204344511,3343,0.014013323001563549
0.002511549973860383,0.0,0.0,0.0,0.0,3344,0.011790825985372066,3344,0.014302375726401806
0.0026195042300969362,0.0,0.0,0.0,0.0,3345,0.01202993094921112,3345,0.014649435877799988
0.011377540417015553,0.0,0.0,0.0,0.0,3346,0.011851796880364418,3346,0.023229336366057396
0.011297769844532013,0.0,0.0,0.0,0.0,3347,0.011835083365440369,3347,0.02313285320997238
0.014729178510606289,0.0,0.0,0.0,0.0,3348,0.011968042701482773,3348,0.026697220280766487
0.013913140632212162,0.0,0.0,0.0,0.0,3349,0.012346423231065273,3349,0.026259563863277435
0.012457313947379589,0.0,0.0,0.0,0.0,3350,0.012951670214533806,3350,0.02540898323059082
0.011216851882636547,0.0,0.0,0.0,0.0,3351,0.013708648271858692,3351,0.02492549829185009
0.010259254835546017,0.0,0.0,0.0,0.0,3352,0.014346704818308353,3352,0.02460595965385437
0.009370462968945503,0.0,0.0,0.0,0.0,3353,0.014984803274273872,3353,0.024355264380574226
0.008509688079357147,0.0,0.0,0.0,0.0,3354,0.015658028423786163,3354,0.02416771650314331
0.00784071534872055,0.0,0.0,0.0,0.0,3355,0.01624194160103798,3355,0.02408265694975853
0.007044855039566755,0.0,0.0,0.0,0.0,3356,0.01664627715945244,3356,0.02369113080203533
0.0012585020158439875,0.0,0.0,0.0,0.0,3357,0.016774870455265045,3357,0.01803337223827839
0.001337015419267118,0.0,0.0,0.0,0.0,3358,0.016020268201828003,3358,0.01735728420317173
0.0013422926422208548,0.0,0.0,0.0,0.0,3359,0.014921466819941998,3359,0.01626375876367092
0.0026543333660811186,0.0,0.0,0.0,0.0,3360,0.013491370715200901,3360,0.016145704314112663
0.0035290736705064774,0.0,0.0,0.0,0.0,3361,0.012458253651857376,3361,0.015987325459718704
0.003923168405890465,0.0,0.0,0.0,0.0,3362,0.011951450258493423,3362,0.015874618664383888
0.003949541132897139,0.0,0.0,0.0,0.0,3363,0.011768288910388947,3363,0.015717830508947372
0.003131902776658535,0.0,0.0,0.0,0.0,3364,0.01185829658061266,3364,0.01499019842594862
0.0026107009034603834,0.0,0.0,0.0,0.0,3365,0.012149613350629807,3365,0.014760314486920834
0.0017364887753501534,0.0,0.0,0.0,0.0,3366,0.012577811256051064,3366,0.014314300380647182
0.0016527833649888635,0.0,0.0,0.0,0.0,3367,0.01289612241089344,3367,0.01454890612512827
0.003065703669562936,0.0,0.0,0.0,0.0,3368,0.012746639549732208,3368,0.0158123429864645
0.0032849633134901524,0.0,0.0,0.0,0.0,3369,0.012321876361966133,3369,0.015606839209794998
0.0036300732754170895,0.0,0.0,0.0,0.0,3370,0.011927500367164612,3370,0.015557574108242989
0.0038218731060624123,0.0,0.0,0.0,0.0,3371,0.01167770754545927,3371,0.015499580651521683
0.0037066421937197447,0.0,0.0,0.0,0.0,3372,0.011632697656750679,3372,0.015339341945946217
0.014314062893390656,0.0,0.0,0.0,0.0,3373,0.011752456426620483,3373,0.02606651745736599
0.012635481543838978,0.0,0.0,0.0,0.0,3374,0.012446288950741291,3374,0.02508176863193512
0.01096450723707676,0.0,0.0,0.0,0.0,3375,0.013561937026679516,3375,0.0245264433324337
0.009207773953676224,0.0,0.0,0.0,0.0,3376,0.014823172241449356,3376,0.02403094805777073
0.007175188045948744,0.0,0.0,0.0,0.0,3377,0.016253573819994926,3377,0.023428762331604958
0.006135820876806974,0.0,0.0,0.0,0.0,3378,0.017562106251716614,3378,0.023697927594184875
0.005657969042658806,0.0,0.0,0.0,0.0,3379,0.018245652318000793,3379,0.02390361949801445
0.005632724612951279,0.0,0.0,0.0,0.0,3380,0.01808498427271843,3380,0.023717710748314857
0.007344916462898254,0.0,0.0,0.0,0.0,3381,0.01728840172290802,3381,0.024633318185806274
0.00803687795996666,0.0,0.0,0.0,0.0,3382,0.015938078984618187,3382,0.023974956944584846
0.009216077625751495,0.0,0.0,0.0,0.0,3383,0.014732860960066319,3383,0.02394893579185009
0.007016037590801716,0.0,0.0,0.0,0.0,3384,0.014073302038013935,3384,0.02108933962881565
0.007484122179448605,0.0,0.0,0.0,0.0,3385,0.013755330815911293,3385,0.021239452064037323
0.001251648529432714,0.0,0.0,0.0,0.0,3386,0.01382514275610447,3386,0.015076792798936367
0.0013603667030110955,0.0,0.0,0.0,0.0,3387,0.013584411703050137,3387,0.014944778755307198
0.0022402512840926647,0.0,0.0,0.0,0.0,3388,0.013201366178691387,3388,0.015441616997122765
0.0015540076419711113,0.0,0.0,0.0,0.0,3389,0.012859463691711426,3389,0.014413471333682537
0.0017375993775203824,0.0,0.0,0.0,0.0,3390,0.012415622361004353,3390,0.014153220690786839
0.0020808607805520296,0.0,0.0,0.0,0.0,3391,0.01202032808214426,3391,0.014101189561188221
0.002183290896937251,0.0,0.0,0.0,0.0,3392,0.01169146690517664,3392,0.013874758034944534
0.0022194632329046726,0.0,0.0,0.0,0.0,3393,0.011482229456305504,3393,0.013701694086194038
0.002167837228626013,0.0,0.0,0.0,0.0,3394,0.011392165906727314,3394,0.01356000266969204
0.0021924220491200686,0.0,0.0,0.0,0.0,3395,0.011363258585333824,3395,0.013555680401623249
0.002273326274007559,0.0,0.0,0.0,0.0,3396,0.011307763867080212,3396,0.013581090606749058
0.0024445918388664722,0.0,0.0,0.0,0.0,3397,0.011170852929353714,3397,0.013615444302558899
0.002580974018201232,0.0,0.0,0.0,0.0,3398,0.011045691557228565,3398,0.013626664876937866
0.0026498115621507168,0.0,0.0,0.0,0.0,3399,0.010947666130959988,3399,0.013597477227449417
0.0026525913272053003,0.0,0.0,0.0,0.0,3400,0.010870990343391895,3400,0.013523582369089127
0.0025719786062836647,0.0,0.0,0.0,0.0,3401,0.01083241868764162,3401,0.01340439822524786
0.012141592800617218,0.0,0.0,0.0,0.0,3402,0.010824579745531082,3402,0.02296617440879345
0.011041301302611828,0.0,0.0,0.0,0.0,3403,0.011324330233037472,3403,0.02236563339829445
0.013524710200726986,0.0,0.0,0.0,0.0,3404,0.012169367633759975,3404,0.02569407969713211
0.012032942846417427,0.0,0.0,0.0,0.0,3405,0.013311140239238739,3405,0.025344081223011017
0.010113981552422047,0.0,0.0,0.0,0.0,3406,0.01475053746253252,3406,0.024864519014954567
0.008736229501664639,0.0,0.0,0.0,0.0,3407,0.015989819541573524,3407,0.02472604811191559
0.007868919521570206,0.0,0.0,0.0,0.0,3408,0.016602925956249237,3408,0.024471845477819443
0.008562227711081505,0.0,0.0,0.0,0.0,3409,0.01652083918452263,3409,0.025083066895604134
0.008577928878366947,0.0,0.0,0.0,0.0,3410,0.016871942207217216,3410,0.02544987201690674
0.007778469938784838,0.0,0.0,0.0,0.0,3411,0.017654336988925934,3411,0.025432804599404335
0.006880819797515869,0.0,0.0,0.0,0.0,3412,0.018674198538064957,3412,0.025555018335580826
0.005826195236295462,0.0,0.0,0.0,0.0,3413,0.019541509449481964,3413,0.025367707014083862
0.0046786656603217125,0.0,0.0,0.0,0.0,3414,0.02038133703172207,3414,0.025060001760721207
0.004560149274766445,0.0,0.0,0.0,0.0,3415,0.019916800782084465,3415,0.024476949125528336
0.005408615805208683,0.0,0.0,0.0,0.0,3416,0.018439780920743942,3416,0.02384839579463005
0.0030610233079642057,0.0,0.0,0.0,0.0,3417,0.016386371105909348,3417,0.019447393715381622
0.0008765452657826245,0.0,0.0,0.0,0.0,3418,0.014338583685457706,3418,0.015215128660202026
0.001771309645846486,0.0,0.0,0.0,0.0,3419,0.01251005008816719,3419,0.014281359501183033
0.004138686694204807,0.0,0.0,0.0,0.0,3420,0.01146210078150034,3420,0.015600786544382572
0.005587580148130655,0.0,0.0,0.0,0.0,3421,0.011051522567868233,3421,0.0166391022503376
0.00448397733271122,0.0,0.0,0.0,0.0,3422,0.011044822633266449,3422,0.015528799965977669
0.002724064514040947,0.0,0.0,0.0,0.0,3423,0.011450489982962608,3423,0.01417455542832613
0.0014688820810988545,0.0,0.0,0.0,0.0,3424,0.01213159691542387,3424,0.013600478880107403
0.0017621936276555061,0.0,0.0,0.0,0.0,3425,0.012909876182675362,3425,0.014672070741653442
0.0018394605722278357,0.0,0.0,0.0,0.0,3426,0.01344425231218338,3426,0.015283712185919285
0.00199373671784997,0.0,0.0,0.0,0.0,3427,0.013329210691154003,3427,0.015322948805987835
0.0021571158431470394,0.0,0.0,0.0,0.0,3428,0.012601894326508045,3428,0.014759010635316372
0.0019687877502292395,0.0,0.0,0.0,0.0,3429,0.011738303117454052,3429,0.013707091100513935
0.002592066302895546,0.0,0.0,0.0,0.0,3430,0.010834731161594391,3430,0.013426795601844788
0.0040374258533120155,0.0,0.0,0.0,0.0,3431,0.010355859994888306,3431,0.014393286779522896
0.004656856879591942,0.0,0.0,0.0,0.0,3432,0.010209288448095322,3432,0.014866144396364689
0.0035765161737799644,0.0,0.0,0.0,0.0,3433,0.01044621504843235,3433,0.01402273215353489
0.00582500034943223,0.0,0.0,0.0,0.0,3434,0.011012180708348751,3434,0.01683718152344227
0.013696241192519665,0.0,0.0,0.0,0.0,3435,0.011981827206909657,3435,0.02567806839942932
0.0110918078571558,0.0,0.0,0.0,0.0,3436,0.013312453404068947,3436,0.024404261261224747
0.009244456887245178,0.0,0.0,0.0,0.0,3437,0.015127927996218204,3437,0.024372383952140808
0.007874852046370506,0.0,0.0,0.0,0.0,3438,0.01679213158786297,3438,0.024666983634233475
0.006676055956631899,0.0,0.0,0.0,0.0,3439,0.017636150121688843,3439,0.024312205612659454
0.006510924082249403,0.0,0.0,0.0,0.0,3440,0.017574209719896317,3440,0.024085134267807007
0.007727754767984152,0.0,0.0,0.0,0.0,3441,0.01684592477977276,3441,0.024573680013418198
0.007940996438264847,0.0,0.0,0.0,0.0,3442,0.015897370874881744,3442,0.023838365450501442
0.007800408639013767,0.0,0.0,0.0,0.0,3443,0.015137610957026482,3443,0.022938020527362823
0.008376018144190311,0.0,0.0,0.0,0.0,3444,0.014702226966619492,3444,0.023078247904777527
0.008376426063477993,0.0,0.0,0.0,0.0,3445,0.01470427867025137,3445,0.023080702871084213
0.00786722730845213,0.0,0.0,0.0,0.0,3446,0.015131954103708267,3446,0.022999180480837822
0.0067830272018909454,0.0,0.0,0.0,0.0,3447,0.015901822596788406,3447,0.022684849798679352
0.006899729371070862,0.0,0.0,0.0,0.0,3448,0.016775602474808693,3448,0.023675331845879555
0.003813178278505802,0.0,0.0,0.0,0.0,3449,0.0176475141197443,3449,0.021460693329572678
0.003526912070810795,0.0,0.0,0.0,0.0,3450,0.017922595143318176,3450,0.021449506282806396
0.0035464479587972164,0.0,0.0,0.0,0.0,3451,0.01751331053674221,3451,0.021059758961200714
0.003991513513028622,0.0,0.0,0.0,0.0,3452,0.016608769074082375,3452,0.02060028165578842
0.00171656534075737,0.0,0.0,0.0,0.0,3453,0.01563737727701664,3453,0.01735394261777401
0.0009104424971155822,0.0,0.0,0.0,0.0,3454,0.014547855593264103,3454,0.015458297915756702
0.0010403868509456515,0.0,0.0,0.0,0.0,3455,0.01332158874720335,3455,0.014361976645886898
0.001587894861586392,0.0,0.0,0.0,0.0,3456,0.012325753457844257,3456,0.013913648203015327
0.0035777620505541563,0.0,0.0,0.0,0.0,3457,0.011554925702512264,3457,0.015132687985897064
0.004526354372501373,0.0,0.0,0.0,0.0,3458,0.010993790812790394,3458,0.015520145185291767
0.005188785959035158,0.0,0.0,0.0,0.0,3459,0.010720442049205303,3459,0.01590922847390175
0.0047556753270328045,0.0,0.0,0.0,0.0,3460,0.01068149320781231,3460,0.015437169000506401
0.0034180209040641785,0.0,0.0,0.0,0.0,3461,0.01086103543639183,3461,0.014279056340456009
0.002899094484746456,0.0,0.0,0.0,0.0,3462,0.011307292617857456,3462,0.014206388033926487
0.002877170452848077,0.0,0.0,0.0,0.0,3463,0.01166454702615738,3463,0.014541717246174812
0.0028926089871674776,0.0,0.0,0.0,0.0,3464,0.011988148093223572,3464,0.014880755916237831
0.010213428176939487,0.0,0.0,0.0,0.0,3465,0.012168572284281254,3465,0.02238200046122074
0.008270416408777237,0.0,0.0,0.0,0.0,3466,0.01273167785257101,3466,0.021002095192670822
0.010379564017057419,0.0,0.0,0.0,0.0,3467,0.013547415845096111,3467,0.023926980793476105
0.009141569957137108,0.0,0.0,0.0,0.0,3468,0.014549647457897663,3468,0.023691214621067047
0.008283061906695366,0.0,0.0,0.0,0.0,3469,0.015363811515271664,3469,0.023646874353289604
0.007733545731753111,0.0,0.0,0.0,0.0,3470,0.01578216813504696,3470,0.023515714332461357
0.007550213020294905,0.0,0.0,0.0,0.0,3471,0.015721283853054047,3471,0.02327149733901024
0.0076693641021847725,0.0,0.0,0.0,0.0,3472,0.015415609814226627,3472,0.0230849739164114
0.008070558309555054,0.0,0.0,0.0,0.0,3473,0.015106908977031708,3473,0.02317746728658676
0.0073678214102983475,0.0,0.0,0.0,0.0,3474,0.014995764009654522,3474,0.022363586351275444
0.007252642419189215,0.0,0.0,0.0,0.0,3475,0.015052790753543377,3475,0.022305432707071304
0.00269560725428164,0.0,0.0,0.0,0.0,3476,0.015298188664019108,3476,0.01799379661679268
0.0005652356194332242,0.0,0.0,0.0,0.0,3477,0.015381379052996635,3477,0.015946615487337112
0.0004734255780931562,0.0,0.0,0.0,0.0,3478,0.014933495782315731,3478,0.01540692150592804
0.0008068404858931899,0.0,0.0,0.0,0.0,3479,0.014077260158956051,3479,0.014884100295603275
0.0019149945583194494,0.0,0.0,0.0,0.0,3480,0.013200957328081131,3480,0.01511595118790865
0.002507779747247696,0.0,0.0,0.0,0.0,3481,0.012512079440057278,3481,0.015019861049950123
0.0030960573349148035,0.0,0.0,0.0,0.0,3482,0.01194976270198822,3482,0.01504581980407238
0.003234816947951913,0.0,0.0,0.0,0.0,3483,0.011559814214706421,3483,0.01479463092982769
0.002921341685578227,0.0,0.0,0.0,0.0,3484,0.011351069435477257,3484,0.014272411353886127
0.0024930057115852833,0.0,0.0,0.0,0.0,3485,0.011302993632853031,3485,0.013795999810099602
0.0018291702726855874,0.0,0.0,0.0,0.0,3486,0.011294891126453876,3486,0.01312406174838543
0.0017458992078900337,0.0,0.0,0.0,0.0,3487,0.011287383735179901,3487,0.013033282943069935
0.0018677397165447474,0.0,0.0,0.0,0.0,3488,0.011224768124520779,3488,0.013092507608234882
0.002073829062283039,0.0,0.0,0.0,0.0,3489,0.011007762514054775,3489,0.013081591576337814
0.004049274604767561,0.0,0.0,0.0,0.0,3490,0.010664639063179493,3490,0.014713913202285767
0.00872775074094534,0.0,0.0,0.0,0.0,3491,0.01045303326100111,3491,0.01918078400194645
0.015321675688028336,0.0,0.0,0.0,0.0,3492,0.010658765211701393,3492,0.02598044089972973
0.014008949510753155,0.0,0.0,0.0,0.0,3493,0.011385083198547363,3493,0.025394033640623093
0.01261025108397007,0.0,0.0,0.0,0.0,3494,0.012387501075863838,3494,0.024997752159833908
0.009454259648919106,0.0,0.0,0.0,0.0,3495,0.01382401306182146,3495,0.02327827364206314
0.00748621579259634,0.0,0.0,0.0,0.0,3496,0.01555987261235714,3496,0.023046087473630905
0.00884612463414669,0.0,0.0,0.0,0.0,3497,0.016944319009780884,3497,0.025790443643927574
0.009071902371942997,0.0,0.0,0.0,0.0,3498,0.018396960571408272,3498,0.027468863874673843
0.00789338257163763,0.0,0.0,0.0,0.0,3499,0.019680416211485863,3499,0.02757379598915577
0.007010048720985651,0.0,0.0,0.0,0.0,3500,0.02052486687898636,3500,0.027534915134310722
0.006481380667537451,0.0,0.0,0.0,0.0,3501,0.020627953112125397,3501,0.027109334245324135
0.005309062544256449,0.0,0.0,0.0,0.0,3502,0.019960135221481323,3502,0.025269197300076485
0.007834860123693943,0.0,0.0,0.0,0.0,3503,0.018026741221547127,3503,0.025861602276563644
0.009111523628234863,0.0,0.0,0.0,0.0,3504,0.015401926822960377,3504,0.024513451382517815
0.0080117741599679,0.0,0.0,0.0,0.0,3505,0.012851436622440815,3505,0.020863210782408714
0.002811592072248459,0.0,0.0,0.0,0.0,3506,0.011280839331448078,3506,0.014092431403696537
0.0029358682222664356,0.0,0.0,0.0,0.0,3507,0.01045240554958582,3507,0.013388274237513542
0.004253914579749107,0.0,0.0,0.0,0.0,3508,0.010178670287132263,3508,0.014432585798203945
0.0044930768199265,0.0,0.0,0.0,0.0,3509,0.010137191973626614,3509,0.014630269259214401
0.003332859370857477,0.0,0.0,0.0,0.0,3510,0.010319910943508148,3510,0.013652769848704338
0.0026512856129556894,0.0,0.0,0.0,0.0,3511,0.010783601552248001,3511,0.013434886001050472
0.002207645680755377,0.0,0.0,0.0,0.0,3512,0.011566832661628723,3512,0.013774476014077663
0.001742627122439444,0.0,0.0,0.0,0.0,3513,0.012493543326854706,3513,0.014236170798540115
0.0014277216978371143,0.0,0.0,0.0,0.0,3514,0.01315481960773468,3514,0.014582540839910507
0.001242760568857193,0.0,0.0,0.0,0.0,3515,0.01313078310340643,3515,0.014373543672263622
0.0011804644018411636,0.0,0.0,0.0,0.0,3516,0.012562992982566357,3516,0.01374345738440752
0.0016243498539552093,0.0,0.0,0.0,0.0,3517,0.011857724748551846,3517,0.013482075184583664
0.0017927648732438684,0.0,0.0,0.0,0.0,3518,0.011403599753975868,3518,0.013196364045143127
0.0016152526950463653,0.0,0.0,0.0,0.0,3519,0.011164763942360878,3519,0.012780016288161278
0.001685173949226737,0.0,0.0,0.0,0.0,3520,0.011108565144240856,3520,0.012793739326298237
0.0014364707749336958,0.0,0.0,0.0,0.0,3521,0.011222329922020435,3521,0.012658799067139626
0.004058190621435642,0.0,0.0,0.0,0.0,3522,0.011444672010838985,3522,0.015502862632274628
0.00870928168296814,0.0,0.0,0.0,0.0,3523,0.011937306262552738,3523,0.020646588876843452
0.006894032936543226,0.0,0.0,0.0,0.0,3524,0.012913600541651249,3524,0.019807634875178337
0.00520330760627985,0.0,0.0,0.0,0.0,3525,0.01427676435559988,3525,0.01948007196187973
0.00697770481929183,0.0,0.0,0.0,0.0,3526,0.015598122030496597,3526,0.022575825452804565
0.006486932747066021,0.0,0.0,0.0,0.0,3527,0.016490837559103966,3527,0.02297777123749256
0.006351467687636614,0.0,0.0,0.0,0.0,3528,0.016561901196837425,3528,0.022913368418812752
0.006536452565342188,0.0,0.0,0.0,0.0,3529,0.015924688428640366,3529,0.022461140528321266
0.007209457457065582,0.0,0.0,0.0,0.0,3530,0.014987199567258358,3530,0.022196656093001366
0.00807987805455923,0.0,0.0,0.0,0.0,3531,0.01422556396573782,3531,0.02230544202029705
0.008614722639322281,0.0,0.0,0.0,0.0,3532,0.013872778974473476,3532,0.022487500682473183
0.008392104879021645,0.0,0.0,0.0,0.0,3533,0.01400791760534048,3533,0.02240002155303955
0.007973046973347664,0.0,0.0,0.0,0.0,3534,0.014541829004883766,3534,0.02251487411558628
0.006514756474643946,0.0,0.0,0.0,0.0,3535,0.015347488224506378,3535,0.021862244233489037
0.005711039062589407,0.0,0.0,0.0,0.0,3536,0.01613832265138626,3536,0.021849362179636955
0.00527446111664176,0.0,0.0,0.0,0.0,3537,0.016626659780740738,3537,0.021901121363043785
0.003037555143237114,0.0,0.0,0.0,0.0,3538,0.016617733985185623,3538,0.019655289128422737
0.0033230192493647337,0.0,0.0,0.0,0.0,3539,0.015978021547198296,3539,0.019301041960716248
0.0004532031307462603,0.0,0.0,0.0,0.0,3540,0.015069167129695415,3540,0.015522369183599949
0.0007999840308912098,0.0,0.0,0.0,0.0,3541,0.013544452376663685,3541,0.014344437047839165
0.0026330521795898676,0.0,0.0,0.0,0.0,3542,0.012224559672176838,3542,0.014857611618936062
0.004580862820148468,0.0,0.0,0.0,0.0,3543,0.011213027872145176,3543,0.01579388976097107
0.005079913418740034,0.0,0.0,0.0,0.0,3544,0.010691264644265175,3544,0.015771178528666496
0.005263351835310459,0.0,0.0,0.0,0.0,3545,0.010441763326525688,3545,0.015705116093158722
0.0044578374363482,0.0,0.0,0.0,0.0,3546,0.010387812741100788,3546,0.014845650643110275
0.0031676895450800657,0.0,0.0,0.0,0.0,3547,0.01062719151377678,3547,0.013794881291687489
0.0020535944495350122,0.0,0.0,0.0,0.0,3548,0.011149387806653976,3548,0.01320298295468092
0.001892223721370101,0.0,0.0,0.0,0.0,3549,0.011545111425220966,3549,0.013437336310744286
0.001978412503376603,0.0,0.0,0.0,0.0,3550,0.01188704464584589,3550,0.01386545691639185
0.0020593192894011736,0.0,0.0,0.0,0.0,3551,0.011932628229260445,3551,0.01399194821715355
0.00214982102625072,0.0,0.0,0.0,0.0,3552,0.01164120715111494,3552,0.013791028410196304
0.001898240763694048,0.0,0.0,0.0,0.0,3553,0.011114127933979034,3553,0.013012368232011795
0.0020831688307225704,0.0,0.0,0.0,0.0,3554,0.010281487368047237,3554,0.01236465573310852
0.0030131086241453886,0.0,0.0,0.0,0.0,3555,0.009574946016073227,3555,0.01258805487304926
0.0036854646168649197,0.0,0.0,0.0,0.0,3556,0.009290632791817188,3556,0.01297609694302082
0.005272283218801022,0.0,0.0,0.0,0.0,3557,0.009405560791492462,3557,0.014677844010293484
0.015884118154644966,0.0,0.0,0.0,0.0,3558,0.010021839290857315,3558,0.02590595744550228
0.01272163912653923,0.0,0.0,0.0,0.0,3559,0.011462489143013954,3559,0.024184124544262886
0.008975007571280003,0.0,0.0,0.0,0.0,3560,0.013659047894179821,3560,0.022634055465459824
0.009289405308663845,0.0,0.0,0.0,0.0,3561,0.016479596495628357,3561,0.025769002735614777
0.007789809722453356,0.0,0.0,0.0,0.0,3562,0.01947914995253086,3562,0.02726895920932293
0.005386021453887224,0.0,0.0,0.0,0.0,3563,0.021849436685442924,3563,0.02723545767366886
0.009369420818984509,0.0,0.0,0.0,0.0,3564,0.022939220070838928,3564,0.03230864182114601
0.009082197211682796,0.0,0.0,0.0,0.0,3565,0.022744329646229744,3565,0.031826525926589966
0.009844881482422352,0.0,0.0,0.0,0.0,3566,0.02141568996012211,3566,0.031260572373867035
0.006333416793495417,0.0,0.0,0.0,0.0,3567,0.019520673900842667,3567,0.025854090228676796
0.007346296217292547,0.0,0.0,0.0,0.0,3568,0.01637379080057144,3568,0.023720087483525276
0.010316386818885803,0.0,0.0,0.0,0.0,3569,0.013366254046559334,3569,0.023682640865445137
0.014691089279949665,0.0,0.0,0.0,0.0,3570,0.011324521154165268,3570,0.026015611365437508
0.011935403570532799,0.0,0.0,0.0,0.0,3571,0.01024282444268465,3571,0.022178227081894875
0.002933685202151537,0.0,0.0,0.0,0.0,3572,0.009726579301059246,3572,0.012660265900194645
0.0032903384417295456,0.0,0.0,0.0,0.0,3573,0.009495384991168976,3573,0.012785723432898521
0.0033605913631618023,0.0,0.0,0.0,0.0,3574,0.009539739228785038,3574,0.012900329194962978
0.0027034555096179247,0.0,0.0,0.0,0.0,3575,0.009835469536483288,3575,0.012538924813270569
0.0020561821293085814,0.0,0.0,0.0,0.0,3576,0.010295952670276165,3576,0.01235213503241539
0.001989383716136217,0.0,0.0,0.0,0.0,3577,0.01074739545583725,3577,0.01273677870631218
0.0016489693662151694,0.0,0.0,0.0,0.0,3578,0.011330652050673962,3578,0.012979621067643166
0.00110202981159091,0.0,0.0,0.0,0.0,3579,0.011934293434023857,3579,0.013036323711276054
0.007190877106040716,0.0,0.0,0.0,0.0,3580,0.01227775402367115,3580,0.019468631595373154
0.009417442604899406,0.0,0.0,0.0,0.0,3581,0.012915455736219883,3581,0.022332899272441864
0.008362979628145695,0.0,0.0,0.0,0.0,3582,0.013815346173942089,3582,0.022178327664732933
0.006975287105888128,0.0,0.0,0.0,0.0,3583,0.01474269013851881,3583,0.02171797677874565
0.006257080938667059,0.0,0.0,0.0,0.0,3584,0.015500308945775032,3584,0.02175739035010338
0.005893672816455364,0.0,0.0,0.0,0.0,3585,0.015857413411140442,3585,0.02175108529627323
0.0058547863736748695,0.0,0.0,0.0,0.0,3586,0.01577729545533657,3586,0.021632082760334015
0.006099967751652002,0.0,0.0,0.0,0.0,3587,0.01542218029499054,3587,0.021522151306271553
0.006372594740241766,0.0,0.0,0.0,0.0,3588,0.015032617375254631,3588,0.021405210718512535
0.004329013172537088,0.0,0.0,0.0,0.0,3589,0.014748548157513142,3589,0.019077561795711517
0.0010073853190988302,0.0,0.0,0.0,0.0,3590,0.014552011154592037,3590,0.015559395775198936
0.0011435338528826833,0.0,0.0,0.0,0.0,3591,0.013668401166796684,3591,0.01481193583458662
0.0013247585156932473,0.0,0.0,0.0,0.0,3592,0.012694439850747585,3592,0.014019199647009373
0.0023902563843876123,0.0,0.0,0.0,0.0,3593,0.011928044259548187,3593,0.01431830134242773
0.002743333112448454,0.0,0.0,0.0,0.0,3594,0.011413098312914371,3594,0.014156430959701538
0.002905455185100436,0.0,0.0,0.0,0.0,3595,0.010980647057294846,3595,0.013886102475225925
0.0028848249930888414,0.0,0.0,0.0,0.0,3596,0.010705405846238136,3596,0.013590231537818909
0.002757637994363904,0.0,0.0,0.0,0.0,3597,0.010491491295397282,3597,0.013249129056930542
0.002208569785580039,0.0,0.0,0.0,0.0,3598,0.010323995724320412,3598,0.012532565742731094
0.002166380174458027,0.0,0.0,0.0,0.0,3599,0.01023982185870409,3599,0.012406202033162117
0.002186137018725276,0.0,0.0,0.0,0.0,3600,0.01016264222562313,3600,0.01234877947717905
0.002319782041013241,0.0,0.0,0.0,0.0,3601,0.010076526552438736,3601,0.012396308593451977
0.0024413797073066235,0.0,0.0,0.0,0.0,3602,0.009935666806995869,3602,0.012377046048641205
0.00256546912714839,0.0,0.0,0.0,0.0,3603,0.009723356924951077,3603,0.012288825586438179
0.009656340815126896,0.0,0.0,0.0,0.0,3604,0.009518591687083244,3604,0.019174933433532715
0.01649017632007599,0.0,0.0,0.0,0.0,3605,0.009731353260576725,3605,0.02622153051197529
0.014382744207978249,0.0,0.0,0.0,0.0,3606,0.010491681285202503,3606,0.024874424561858177
0.011857278645038605,0.0,0.0,0.0,0.0,3607,0.011811553500592709,3607,0.02366883121430874
0.008935565128922462,0.0,0.0,0.0,0.0,3608,0.013879572972655296,3608,0.02281513810157776
0.007058785762637854,0.0,0.0,0.0,0.0,3609,0.015943318605422974,3609,0.023002104833722115
0.005743649322539568,0.0,0.0,0.0,0.0,3610,0.01716618426144123,3610,0.02290983311831951
0.005253151059150696,0.0,0.0,0.0,0.0,3611,0.017276467755436897,3611,0.022529620677232742
0.005376535002142191,0.0,0.0,0.0,0.0,3612,0.016471082344651222,3612,0.021847618743777275
0.006200988776981831,0.0,0.0,0.0,0.0,3613,0.015199853107333183,3613,0.02140084281563759
0.007728388998657465,0.0,0.0,0.0,0.0,3614,0.014096871949732304,3614,0.021825261414051056
0.008353540673851967,0.0,0.0,0.0,0.0,3615,0.013625364750623703,3615,0.02197890542447567
0.008428197354078293,0.0,0.0,0.0,0.0,3616,0.013610314577817917,3616,0.02203851379454136
0.012242043390870094,0.0,0.0,0.0,0.0,3617,0.014037209562957287,3617,0.026279252022504807
0.009106514975428581,0.0,0.0,0.0,0.0,3618,0.015532337129116058,3618,0.02463885210454464
0.008694601245224476,0.0,0.0,0.0,0.0,3619,0.017738882452249527,3619,0.026433482766151428
0.007598075084388256,0.0,0.0,0.0,0.0,3620,0.02021971344947815,3620,0.02781778946518898
0.009090645238757133,0.0,0.0,0.0,0.0,3621,0.022233787924051285,3621,0.03132443130016327
0.014799254015088081,0.0,0.0,0.0,0.0,3622,0.023252224549651146,3622,0.03805147856473923
0.009860104881227016,0.0,0.0,0.0,0.0,3623,0.02304007299244404,3623,0.03290017694234848
0.00962420180439949,0.0,0.0,0.0,0.0,3624,0.021347207948565483,3624,0.030971413478255272
0.011194894090294838,0.0,0.0,0.0,0.0,3625,0.018764907494187355,3625,0.029959801584482193
0.00918158981949091,0.0,0.0,0.0,0.0,3626,0.01625962182879448,3626,0.025441210716962814
0.006953742820769548,0.0,0.0,0.0,0.0,3627,0.013909980654716492,3627,0.020863723009824753
0.004987414926290512,0.0,0.0,0.0,0.0,3628,0.011638788506388664,3628,0.016626205295324326
0.008063890971243382,0.0,0.0,0.0,0.0,3629,0.009690633043646812,3629,0.01775452494621277
0.011635313741862774,0.0,0.0,0.0,0.0,3630,0.00871759932488203,3630,0.020352913066744804
0.014765103347599506,0.0,0.0,0.0,0.0,3631,0.008601312525570393,3631,0.023366417735815048
0.013888472691178322,0.0,0.0,0.0,0.0,3632,0.008596573956310749,3632,0.022485045716166496
0.010285330936312675,0.0,0.0,0.0,0.0,3633,0.008790587075054646,3633,0.019075918942689896
0.007067588623613119,0.0,0.0,0.0,0.0,3634,0.009559067897498608,3634,0.01662665605545044
0.005629418883472681,0.0,0.0,0.0,0.0,3635,0.010655094869434834,3635,0.016284514218568802
0.004240440670400858,0.0,0.0,0.0,0.0,3636,0.011638167314231396,3636,0.01587860845029354
0.002853474346920848,0.0,0.0,0.0,0.0,3637,0.011978577822446823,3637,0.014832052402198315
0.0017596271354705095,0.0,0.0,0.0,0.0,3638,0.011691207066178322,3638,0.013450833968818188
0.0010896165622398257,0.0,0.0,0.0,0.0,3639,0.011197199113667011,3639,0.012286816723644733
0.001733224606141448,0.0,0.0,0.0,0.0,3640,0.010744129307568073,3640,0.01247735507786274
0.002657564589753747,0.0,0.0,0.0,0.0,3641,0.010536856018006802,3641,0.01319441944360733
0.0032661561854183674,0.0,0.0,0.0,0.0,3642,0.010536587797105312,3642,0.013802744448184967
0.003068948397412896,0.0,0.0,0.0,0.0,3643,0.010732078924775124,3643,0.013801027089357376
0.0023016270715743303,0.0,0.0,0.0,0.0,3644,0.011076802387833595,3644,0.013378429226577282
0.012341012246906757,0.0,0.0,0.0,0.0,3645,0.011519981548190117,3645,0.02386099472641945
0.009635076858103275,0.0,0.0,0.0,0.0,3646,0.012858656235039234,3646,0.02249373309314251
0.0069334302097558975,0.0,0.0,0.0,0.0,3647,0.014733776450157166,3647,0.021667206659913063
0.004782625939697027,0.0,0.0,0.0,0.0,3648,0.016958562657237053,3648,0.021741187199950218
0.0038466767873615026,0.0,0.0,0.0,0.0,3649,0.018802350386977196,3649,0.022649027407169342
0.0036891784984618425,0.0,0.0,0.0,0.0,3650,0.019380467012524605,3650,0.02306964620947838
0.003964649047702551,0.0,0.0,0.0,0.0,3651,0.01847880892455578,3651,0.022443458437919617
0.005260721314698458,0.0,0.0,0.0,0.0,3652,0.016683822497725487,3652,0.021944545209407806
0.006881813518702984,0.0,0.0,0.0,0.0,3653,0.014685634523630142,3653,0.0215674489736557
0.00886721070855856,0.0,0.0,0.0,0.0,3654,0.013271108269691467,3654,0.02213832177221775
0.010197849944233894,0.0,0.0,0.0,0.0,3655,0.012322860769927502,3655,0.022520707920193672
0.010583330877125263,0.0,0.0,0.0,0.0,3656,0.012058942578732967,3656,0.02264227345585823
0.009760874323546886,0.0,0.0,0.0,0.0,3657,0.012402325868606567,3657,0.02216320112347603
0.008061101660132408,0.0,0.0,0.0,0.0,3658,0.013243930414319038,3658,0.021305032074451447
0.0065312874503433704,0.0,0.0,0.0,0.0,3659,0.014514429494738579,3659,0.021045716479420662
0.005179319065064192,0.0,0.0,0.0,0.0,3660,0.01594553329050541,3660,0.02112485282123089
0.0046073077246546745,0.0,0.0,0.0,0.0,3661,0.016855573281645775,3661,0.021462880074977875
0.004477566573768854,0.0,0.0,0.0,0.0,3662,0.0168962050229311,3662,0.021373771131038666
0.005553282331675291,0.0,0.0,0.0,0.0,3663,0.016095036640763283,3663,0.02164832130074501
0.001277292612940073,0.0,0.0,0.0,0.0,3664,0.014686928130686283,3664,0.015964221209287643
0.0006544336793012917,0.0,0.0,0.0,0.0,3665,0.012892231345176697,3665,0.013546664267778397
0.0011366087710484862,0.0,0.0,0.0,0.0,3666,0.011223317123949528,3666,0.012359925545752048
0.003165271133184433,0.0,0.0,0.0,0.0,3667,0.010345703922212124,3667,0.013510975055396557
0.00486085657030344,0.0,0.0,0.0,0.0,3668,0.010061677545309067,3668,0.014922534115612507
0.004108331631869078,0.0,0.0,0.0,0.0,3669,0.01006191037595272,3669,0.014170242473483086
0.0024014110676944256,0.0,0.0,0.0,0.0,3670,0.010403905995190144,3670,0.012805316597223282
0.001024976372718811,0.0,0.0,0.0,0.0,3671,0.011198880150914192,3671,0.012223856523633003
0.0012213389854878187,0.0,0.0,0.0,0.0,3672,0.012184472754597664,3672,0.013405811041593552
0.0013375600101426244,0.0,0.0,0.0,0.0,3673,0.012882991693913937,3673,0.01422055158764124
0.0014192640082910657,0.0,0.0,0.0,0.0,3674,0.012704149819910526,3674,0.014123412780463696
0.001305366400629282,0.0,0.0,0.0,0.0,3675,0.01181781105697155,3675,0.013123176991939545
0.0014026326825842261,0.0,0.0,0.0,0.0,3676,0.010660511441528797,3676,0.012063143774867058
0.0026055541820824146,0.0,0.0,0.0,0.0,3677,0.00977806281298399,3677,0.012383617460727692
0.00332457828335464,0.0,0.0,0.0,0.0,3678,0.009398296475410461,3678,0.012722874991595745
0.0033859501127153635,0.0,0.0,0.0,0.0,3679,0.009384933859109879,3679,0.012770883738994598
0.0026685758493840694,0.0,0.0,0.0,0.0,3680,0.009771623648703098,3680,0.012440199963748455
0.004508054815232754,0.0,0.0,0.0,0.0,3681,0.01051311008632183,3681,0.015021164901554585
0.010828740894794464,0.0,0.0,0.0,0.0,3682,0.011503683403134346,3682,0.02233242243528366
0.008293679915368557,0.0,0.0,0.0,0.0,3683,0.01306635420769453,3683,0.021360034123063087
0.00643448531627655,0.0,0.0,0.0,0.0,3684,0.014885906130075455,3684,0.021320391446352005
0.005423746071755886,0.0,0.0,0.0,0.0,3685,0.016332091763615608,3685,0.02175583690404892
0.0048754047602415085,0.0,0.0,0.0,0.0,3686,0.01716296374797821,3686,0.02203836850821972
0.0048193056136369705,0.0,0.0,0.0,0.0,3687,0.017075058072805405,3687,0.021894363686442375
0.005225358530879021,0.0,0.0,0.0,0.0,3688,0.016260158270597458,3688,0.02148551680147648
0.005621155258268118,0.0,0.0,0.0,0.0,3689,0.015164478681981564,3689,0.020785633474588394
0.0066577373072505,0.0,0.0,0.0,0.0,3690,0.014013832435011864,3690,0.02067156881093979
0.007686832919716835,0.0,0.0,0.0,0.0,3691,0.013085820712149143,3691,0.020772654563188553
0.008740740828216076,0.0,0.0,0.0,0.0,3692,0.01268328633159399,3692,0.021424027159810066
0.008707830682396889,0.0,0.0,0.0,0.0,3693,0.01262380089610815,3693,0.021331630647182465
0.005359298549592495,0.0,0.0,0.0,0.0,3694,0.012913123704493046,3694,0.01827242411673069
0.0049342499114573,0.0,0.0,0.0,0.0,3695,0.013280060142278671,3695,0.018214309588074684
0.001594066503457725,0.0,0.0,0.0,0.0,3696,0.013605386950075626,3696,0.015199453569948673
0.0016558156348764896,0.0,0.0,0.0,0.0,3697,0.013420429080724716,3697,0.015076244249939919
0.000872531090863049,0.0,0.0,0.0,0.0,3698,0.012927080504596233,3698,0.01379961147904396
0.0012501768069341779,0.0,0.0,0.0,0.0,3699,0.012068069539964199,3699,0.013318246230483055
0.0012924871407449245,0.0,0.0,0.0,0.0,3700,0.011367728933691978,3700,0.012660215608775616
0.001982244895771146,0.0,0.0,0.0,0.0,3701,0.010760925710201263,3701,0.012743170373141766
0.002543172799050808,0.0,0.0,0.0,0.0,3702,0.010449708439409733,3702,0.012992882169783115
0.002344396198168397,0.0,0.0,0.0,0.0,3703,0.010262587107717991,3703,0.012606983073055744
0.0019728709012269974,0.0,0.0,0.0,0.0,3704,0.01021484937518835,3704,0.012187720276415348
0.0016740700230002403,0.0,0.0,0.0,0.0,3705,0.010295402258634567,3705,0.011969472281634808
0.001494989381171763,0.0,0.0,0.0,0.0,3706,0.010504537262022495,3706,0.011999526992440224
0.0018511012895032763,0.0,0.0,0.0,0.0,3707,0.010686172172427177,3707,0.012537273578345776
0.001901799812912941,0.0,0.0,0.0,0.0,3708,0.010749169625341892,3708,0.012650969438254833
0.0020027081482112408,0.0,0.0,0.0,0.0,3709,0.01055843848735094,3709,0.012561146169900894
0.0021475066896528006,0.0,0.0,0.0,0.0,3710,0.0102278683334589,3710,0.012375375255942345
0.0024179471656680107,0.0,0.0,0.0,0.0,3711,0.009811412543058395,3711,0.012229359708726406
0.0027293795719742775,0.0,0.0,0.0,0.0,3712,0.009536300785839558,3712,0.01226568128913641
0.0027120986487716436,0.0,0.0,0.0,0.0,3713,0.00947838369756937,3713,0.012190483510494232
0.0023244773037731647,0.0,0.0,0.0,0.0,3714,0.009631072171032429,3714,0.01195554994046688
0.007597991731017828,0.0,0.0,0.0,0.0,3715,0.009927785024046898,3715,0.017525777220726013
0.006263298448175192,0.0,0.0,0.0,0.0,3716,0.010650495067238808,3716,0.016913793981075287
0.010119996033608913,0.0,0.0,0.0,0.0,3717,0.011694326065480709,3717,0.021814320236444473
0.007669413927942514,0.0,0.0,0.0,0.0,3718,0.013151481747627258,3718,0.020820895209908485
0.0060048578307032585,0.0,0.0,0.0,0.0,3719,0.014770813286304474,3719,0.020775670185685158
0.005024848971515894,0.0,0.0,0.0,0.0,3720,0.01609591394662857,3720,0.021120762452483177
0.007698509376496077,0.0,0.0,0.0,0.0,3721,0.016605990007519722,3721,0.024304496124386787
0.007492105942219496,0.0,0.0,0.0,0.0,3722,0.016942473128437996,3722,0.024434581398963928
0.007392099592834711,0.0,0.0,0.0,0.0,3723,0.01700933836400509,3723,0.024401437491178513
0.004860175773501396,0.0,0.0,0.0,0.0,3724,0.01684805378317833,3724,0.021708229556679726
0.005292756948620081,0.0,0.0,0.0,0.0,3725,0.016087641939520836,3725,0.02138039842247963
0.005292959976941347,0.0,0.0,0.0,0.0,3726,0.01513032615184784,3726,0.0204232856631279
0.006959124468266964,0.0,0.0,0.0,0.0,3727,0.013886995613574982,3727,0.02084612101316452
0.008055387996137142,0.0,0.0,0.0,0.0,3728,0.012701105326414108,3728,0.020756494253873825
0.002388986060395837,0.0,0.0,0.0,0.0,3729,0.011986457742750645,3729,0.014375443570315838
0.0011068395106121898,0.0,0.0,0.0,0.0,3730,0.011480283923447132,3730,0.012587123550474644
0.0012084252666682005,0.0,0.0,0.0,0.0,3731,0.011000548489391804,3731,0.012208973988890648
0.0012831423664465547,0.0,0.0,0.0,0.0,3732,0.010611855424940586,3732,0.011894998140633106
0.001618298701941967,0.0,0.0,0.0,0.0,3733,0.010391531512141228,3733,0.012009830214083195
0.0015210725832730532,0.0,0.0,0.0,0.0,3734,0.01037101075053215,3734,0.01189208310097456
0.0012018968118354678,0.0,0.0,0.0,0.0,3735,0.010514263063669205,3735,0.011716159991919994
0.0013587170979008079,0.0,0.0,0.0,0.0,3736,0.010699503123760223,3736,0.012058219872415066
0.0014392898883670568,0.0,0.0,0.0,0.0,3737,0.01085303071886301,3737,0.012292319908738136
0.0012950323289260268,0.0,0.0,0.0,0.0,3738,0.011001373641192913,3738,0.012296405620872974
0.001267495914362371,0.0,0.0,0.0,0.0,3739,0.011031043715775013,3739,0.012298539280891418
0.0013516834005713463,0.0,0.0,0.0,0.0,3740,0.010866968892514706,3740,0.012218652293086052
0.0014950218610465527,0.0,0.0,0.0,0.0,3741,0.010589865036308765,3741,0.012084885500371456
0.0017511560581624508,0.0,0.0,0.0,0.0,3742,0.010149044916033745,3742,0.011900201439857483
0.002002064371481538,0.0,0.0,0.0,0.0,3743,0.009790550917387009,3743,0.011792615056037903
0.00230123451910913,0.0,0.0,0.0,0.0,3744,0.009543596766889095,3744,0.011844832450151443
0.0023217566777020693,0.0,0.0,0.0,0.0,3745,0.009480270557105541,3745,0.011802027001976967
0.002048143418505788,0.0,0.0,0.0,0.0,3746,0.009584794752299786,3746,0.01163293793797493
0.0047824508510529995,0.0,0.0,0.0,0.0,3747,0.009788468480110168,3747,0.01457092072814703
0.009227368049323559,0.0,0.0,0.0,0.0,3748,0.010232335887849331,3748,0.01945970393717289
0.007846098393201828,0.0,0.0,0.0,0.0,3749,0.011132141575217247,3749,0.018978239968419075
0.009295132011175156,0.0,0.0,0.0,0.0,3750,0.012113175354897976,3750,0.021408308297395706
0.008201556280255318,0.0,0.0,0.0,0.0,3751,0.013172637671232224,3751,0.02137419395148754
0.007475408725440502,0.0,0.0,0.0,0.0,3752,0.013851571828126907,3752,0.021326979622244835
0.007043376099318266,0.0,0.0,0.0,0.0,3753,0.014001154340803623,3753,0.021044529974460602
0.006948898546397686,0.0,0.0,0.0,0.0,3754,0.013692437671124935,3754,0.02064133621752262
0.007199028041213751,0.0,0.0,0.0,0.0,3755,0.01324954442679882,3755,0.02044857293367386
0.007578207179903984,0.0,0.0,0.0,0.0,3756,0.0128807183355093,3756,0.020458925515413284
0.007734003476798534,0.0,0.0,0.0,0.0,3757,0.012809369713068008,3757,0.020543372258543968
0.0009705363190732896,0.0,0.0,0.0,0.0,3758,0.013062087818980217,3758,0.01403262373059988
0.0013882399071007967,0.0,0.0,0.0,0.0,3759,0.012621734291315079,3759,0.014009975828230381
0.001500566373579204,0.0,0.0,0.0,0.0,3760,0.011897248215973377,3760,0.013397815637290478
0.0016461201012134552,0.0,0.0,0.0,0.0,3761,0.01107858121395111,3761,0.012724701315164566
0.002535914070904255,0.0,0.0,0.0,0.0,3762,0.010533771477639675,3762,0.01306968554854393
0.0025785937905311584,0.0,0.0,0.0,0.0,3763,0.010154403746128082,3763,0.01273299753665924
0.0022004174534231424,0.0,0.0,0.0,0.0,3764,0.00998211745172739,3764,0.012182534672319889
0.0016872546402737498,0.0,0.0,0.0,0.0,3765,0.009971750900149345,3765,0.011659005656838417
0.0013050261186435819,0.0,0.0,0.0,0.0,3766,0.010127769783139229,3766,0.011432794854044914
0.0016807980136945844,0.0,0.0,0.0,0.0,3767,0.010183748789131641,3767,0.011864546686410904
0.0019321967847645283,0.0,0.0,0.0,0.0,3768,0.010046216659247875,3768,0.01197841390967369
0.0023158236872404814,0.0,0.0,0.0,0.0,3769,0.009650282561779022,3769,0.011966106481850147
0.002781486604362726,0.0,0.0,0.0,0.0,3770,0.009208385832607746,3770,0.01198987290263176
0.0032401597127318382,0.0,0.0,0.0,0.0,3771,0.008876894600689411,3771,0.01211705431342125
0.0033995644189417362,0.0,0.0,0.0,0.0,3772,0.008770468644797802,3772,0.012170033529400826
0.0030445388983935118,0.0,0.0,0.0,0.0,3773,0.008869645185768604,3773,0.01191418431699276
0.008864385075867176,0.0,0.0,0.0,0.0,3774,0.009111941792070866,3774,0.01797632686793804
0.014166779816150665,0.0,0.0,0.0,0.0,3775,0.009813768789172173,3775,0.02398054674267769
0.01146511547267437,0.0,0.0,0.0,0.0,3776,0.010960990563035011,3776,0.02242610603570938
0.008938813582062721,0.0,0.0,0.0,0.0,3777,0.012551000341773033,3777,0.021489813923835754
0.007491359021514654,0.0,0.0,0.0,0.0,3778,0.014451751485466957,3778,0.0219431109726429
0.005838190205395222,0.0,0.0,0.0,0.0,3779,0.016529347747564316,3779,0.022367535158991814
0.005114489700645208,0.0,0.0,0.0,0.0,3780,0.0179012231528759,3780,0.023015713319182396
0.004680973943322897,0.0,0.0,0.0,0.0,3781,0.01806684583425522,3781,0.022747820243239403
0.005047646351158619,0.0,0.0,0.0,0.0,3782,0.01702181063592434,3782,0.022069457918405533
0.006024124566465616,0.0,0.0,0.0,0.0,3783,0.015431511215865612,3783,0.021455634385347366
0.006151025183498859,0.0,0.0,0.0,0.0,3784,0.013973678462207317,3784,0.020124703645706177
0.008254109881818295,0.0,0.0,0.0,0.0,3785,0.012597257271409035,3785,0.020851366221904755
0.004511209204792976,0.0,0.0,0.0,0.0,3786,0.01153596118092537,3786,0.016047170385718346
0.0009630545973777771,0.0,0.0,0.0,0.0,3787,0.010854818858206272,3787,0.01181787345558405
0.0011175513500347733,0.0,0.0,0.0,0.0,3788,0.010135003365576267,3788,0.011252554133534431
0.0018934638937935233,0.0,0.0,0.0,0.0,3789,0.00971790961921215,3789,0.011611372232437134
0.0019875464495271444,0.0,0.0,0.0,0.0,3790,0.00961313210427761,3790,0.011600678786635399
0.001992784673348069,0.0,0.0,0.0,0.0,3791,0.00970823410898447,3791,0.011701017618179321
0.0012888986384496093,0.0,0.0,0.0,0.0,3792,0.010041408240795135,3792,0.011330307461321354
0.001093916012905538,0.0,0.0,0.0,0.0,3793,0.010563647374510765,3793,0.011657563969492912
0.0010592753533273935,0.0,0.0,0.0,0.0,3794,0.011029721237719059,3794,0.012088997289538383
0.0009365575388073921,0.0,0.0,0.0,0.0,3795,0.011311772279441357,3795,0.012248330749571323
0.002643570536747575,0.0,0.0,0.0,0.0,3796,0.011205879040062428,3796,0.013849449343979359
0.002659926889464259,0.0,0.0,0.0,0.0,3797,0.011139943264424801,3797,0.013799870386719704
0.0026172210928052664,0.0,0.0,0.0,0.0,3798,0.011106878519058228,3798,0.013724099844694138
0.002501616720110178,0.0,0.0,0.0,0.0,3799,0.011129803024232388,3799,0.013631419278681278
0.006491784937679768,0.0,0.0,0.0,0.0,3800,0.011170257814228535,3800,0.017662042751908302
0.005822866223752499,0.0,0.0,0.0,0.0,3801,0.011544411070644855,3801,0.017367277294397354
0.008112026378512383,0.0,0.0,0.0,0.0,3802,0.01209551002830267,3802,0.020207535475492477
0.009001693688333035,0.0,0.0,0.0,0.0,3803,0.012821235693991184,3803,0.02182292938232422
0.008659036830067635,0.0,0.0,0.0,0.0,3804,0.014236372895538807,3804,0.022895410656929016
0.006807234603911638,0.0,0.0,0.0,0.0,3805,0.0160367488861084,3805,0.0228439848870039
0.006385605316609144,0.0,0.0,0.0,0.0,3806,0.01750844158232212,3806,0.023894047364592552
0.007003463804721832,0.0,0.0,0.0,0.0,3807,0.018418461084365845,3807,0.025421926751732826
0.006534227170050144,0.0,0.0,0.0,0.0,3808,0.01884644478559494,3808,0.02538067288696766
0.006160257384181023,0.0,0.0,0.0,0.0,3809,0.01862950436770916,3809,0.024789761751890182
0.003939217887818813,0.0,0.0,0.0,0.0,3810,0.01785908080637455,3810,0.02179829590022564
0.004645770415663719,0.0,0.0,0.0,0.0,3811,0.01603872887790203,3811,0.02068449929356575
0.006510905455797911,0.0,0.0,0.0,0.0,3812,0.01406395435333252,3812,0.020574860274791718
0.008753684349358082,0.0,0.0,0.0,0.0,3813,0.012141993269324303,3813,0.02089567855000496
0.0024798489175736904,0.0,0.0,0.0,0.0,3814,0.010878083296120167,3814,0.01335793174803257
0.0030544744804501534,0.0,0.0,0.0,0.0,3815,0.009661352261900902,3815,0.012715826742351055
0.004115799907594919,0.0,0.0,0.0,0.0,3816,0.009141485206782818,3816,0.013257286511361599
0.0038263569585978985,0.0,0.0,0.0,0.0,3817,0.009065789170563221,3817,0.012892145663499832
0.003716703038662672,0.0,0.0,0.0,0.0,3818,0.009193843230605125,3818,0.012910546734929085
0.002979844808578491,0.0,0.0,0.0,0.0,3819,0.009574368596076965,3819,0.012554213404655457
0.001503553125075996,0.0,0.0,0.0,0.0,3820,0.010432952083647251,3820,0.011936505325138569
0.0012809665640816092,0.0,0.0,0.0,0.0,3821,0.011354543268680573,3821,0.012635509483516216
0.0024900336284190416,0.0,0.0,0.0,0.0,3822,0.011754323728382587,3822,0.014244357123970985
0.0039889137260615826,0.0,0.0,0.0,0.0,3823,0.011796724051237106,3823,0.015785638242959976
0.003821001620963216,0.0,0.0,0.0,0.0,3824,0.011713891290128231,3824,0.015534892678260803
0.0005694111459888518,0.0,0.0,0.0,0.0,3825,0.011634980328381062,3825,0.01220439188182354
0.0007160906679928303,0.0,0.0,0.0,0.0,3826,0.011106854304671288,3826,0.01182294636964798
0.0013892301358282566,0.0,0.0,0.0,0.0,3827,0.010580922476947308,3827,0.011970152147114277
0.001712833996862173,0.0,0.0,0.0,0.0,3828,0.010289561003446579,3828,0.01200239546597004
0.0019051444251090288,0.0,0.0,0.0,0.0,3829,0.010159002617001534,3829,0.012064146809279919
0.004181560128927231,0.0,0.0,0.0,0.0,3830,0.010185837745666504,3830,0.01436739694327116
0.003034980734810233,0.0,0.0,0.0,0.0,3831,0.01059869583696127,3831,0.013633676804602146
0.008810837753117085,0.0,0.0,0.0,0.0,3832,0.011465797200798988,3832,0.020276635885238647
0.007224418688565493,0.0,0.0,0.0,0.0,3833,0.012935610488057137,3833,0.020160028710961342
0.006588347721844912,0.0,0.0,0.0,0.0,3834,0.014289719983935356,3834,0.02087806724011898
0.006433958653360605,0.0,0.0,0.0,0.0,3835,0.014780337922275066,3835,0.02121429704129696
0.006346345413476229,0.0,0.0,0.0,0.0,3836,0.01420418918132782,3836,0.02055053412914276
0.006759703159332275,0.0,0.0,0.0,0.0,3837,0.013055703602731228,3837,0.019815407693386078
0.007730548735707998,0.0,0.0,0.0,0.0,3838,0.01198536902666092,3838,0.019715918228030205
0.0017976148519665003,0.0,0.0,0.0,0.0,3839,0.011439275927841663,3839,0.013236891478300095
0.002461035503074527,0.0,0.0,0.0,0.0,3840,0.011088517494499683,3840,0.013549553230404854
0.002612094162032008,0.0,0.0,0.0,0.0,3841,0.011052929796278477,3841,0.013665025122463703
0.002133102621883154,0.0,0.0,0.0,0.0,3842,0.011311356909573078,3842,0.013444459065794945
0.0014714301796630025,0.0,0.0,0.0,0.0,3843,0.011773855425417423,3843,0.013245285488665104
0.004374959040433168,0.0,0.0,0.0,0.0,3844,0.012207922525703907,3844,0.016582882031798363
0.0038269299548119307,0.0,0.0,0.0,0.0,3845,0.012756277807056904,3845,0.016583207994699478
0.00619731517508626,0.0,0.0,0.0,0.0,3846,0.01311370451003313,3846,0.019311020150780678
0.006081089843064547,0.0,0.0,0.0,0.0,3847,0.013305607251822948,3847,0.019386697560548782
0.006044071167707443,0.0,0.0,0.0,0.0,3848,0.013294234871864319,3848,0.019338306039571762
0.006052042823284864,0.0,0.0,0.0,0.0,3849,0.013128416612744331,3849,0.019180459901690483
0.0009249437134712934,0.0,0.0,0.0,0.0,3850,0.012833171524107456,3850,0.013758116401731968
0.0002095218515023589,0.0,0.0,0.0,0.0,3851,0.012083269655704498,3851,0.012292791157960892
0.0005587043124251068,0.0,0.0,0.0,0.0,3852,0.011038048192858696,3852,0.01159675233066082
0.0012628949480131269,0.0,0.0,0.0,0.0,3853,0.010275091044604778,3853,0.011537985876202583
0.0022905939258635044,0.0,0.0,0.0,0.0,3854,0.009879982098937035,3854,0.012170575559139252
0.0023116329684853554,0.0,0.0,0.0,0.0,3855,0.009723103605210781,3855,0.012034736573696136
0.0015283545944839716,0.0,0.0,0.0,0.0,3856,0.00978418905287981,3856,0.011312543414533138
0.0007699896232225001,0.0,0.0,0.0,0.0,3857,0.010121265426278114,3857,0.010891254059970379
0.0007019214099273086,0.0,0.0,0.0,0.0,3858,0.010494104586541653,3858,0.011196025647222996
0.004604118876159191,0.0,0.0,0.0,0.0,3859,0.010813349857926369,3859,0.015417467802762985
0.00896484311670065,0.0,0.0,0.0,0.0,3860,0.011374590918421745,3860,0.02033943310379982
0.0082855811342597,0.0,0.0,0.0,0.0,3861,0.012161802500486374,3861,0.02044738456606865
0.007106784265488386,0.0,0.0,0.0,0.0,3862,0.012770558707416058,3862,0.019877342507243156
0.006611029151827097,0.0,0.0,0.0,0.0,3863,0.013431760482490063,3863,0.020042790099978447
0.0061345468275249004,0.0,0.0,0.0,0.0,3864,0.013875867240130901,3864,0.020010413601994514
0.005900989752262831,0.0,0.0,0.0,0.0,3865,0.014054995030164719,3865,0.019955985248088837
0.005897712893784046,0.0,0.0,0.0,0.0,3866,0.013906127773225307,3866,0.019803840667009354
0.006119887810200453,0.0,0.0,0.0,0.0,3867,0.013564557768404484,3867,0.01968444511294365
0.0063418736681342125,0.0,0.0,0.0,0.0,3868,0.013081146404147148,3868,0.019423019140958786
0.004197365138679743,0.0,0.0,0.0,0.0,3869,0.012705869041383266,3869,0.016903234645724297
0.0007143573020584881,0.0,0.0,0.0,0.0,3870,0.012174184434115887,3870,0.012888540513813496
0.0009669059654697776,0.0,0.0,0.0,0.0,3871,0.011033235117793083,3871,0.012000140734016895
0.0014668776420876384,0.0,0.0,0.0,0.0,3872,0.010086176916956902,3872,0.011553054675459862
0.002238876186311245,0.0,0.0,0.0,0.0,3873,0.009531036019325256,3873,0.011769913136959076
0.002671249443665147,0.0,0.0,0.0,0.0,3874,0.00920343678444624,3874,0.011874685995280743
0.003063750918954611,0.0,0.0,0.0,0.0,3875,0.009117912501096725,3875,0.012181663885712624
0.002506942255422473,0.0,0.0,0.0,0.0,3876,0.009211467579007149,3876,0.011718410067260265
0.0016429766546934843,0.0,0.0,0.0,0.0,3877,0.00949583388864994,3877,0.011138810776174068
0.0017666732892394066,0.0,0.0,0.0,0.0,3878,0.00986986979842186,3878,0.011636543087661266
0.0011036760406568646,0.0,0.0,0.0,0.0,3879,0.010499163530766964,3879,0.011602839455008507
0.0006664599059149623,0.0,0.0,0.0,0.0,3880,0.011219652369618416,3880,0.0118861123919487
0.0006324877613224089,0.0,0.0,0.0,0.0,3881,0.011655556038022041,3881,0.012288042344152927
0.002512435894459486,0.0,0.0,0.0,0.0,3882,0.011862868443131447,3882,0.014375302940607071
0.006631236523389816,0.0,0.0,0.0,0.0,3883,0.012133687734603882,3883,0.018764924257993698
0.005961200222373009,0.0,0.0,0.0,0.0,3884,0.012709825299680233,3884,0.018671024590730667
0.005381525494158268,0.0,0.0,0.0,0.0,3885,0.013344335369765759,3885,0.018725860863924026
0.005235570948570967,0.0,0.0,0.0,0.0,3886,0.013743960298597813,3886,0.018979530781507492
0.005104100331664085,0.0,0.0,0.0,0.0,3887,0.013852818869054317,3887,0.018956918269395828
0.005176323466002941,0.0,0.0,0.0,0.0,3888,0.01365332305431366,3888,0.018829647451639175
0.0051733460277318954,0.0,0.0,0.0,0.0,3889,0.013285609893500805,3889,0.018458954989910126
0.005409611854702234,0.0,0.0,0.0,0.0,3890,0.012915902771055698,3890,0.01832551509141922
0.005615426227450371,0.0,0.0,0.0,0.0,3891,0.012618234381079674,3891,0.018233660608530045
0.0005703095230273902,0.0,0.0,0.0,0.0,3892,0.012500137090682983,3892,0.013070446439087391
0.00032289710361510515,0.0,0.0,0.0,0.0,3893,0.011988186277449131,3893,0.012311083264648914
0.000792765524238348,0.0,0.0,0.0,0.0,3894,0.011005016043782234,3894,0.01179778203368187
0.0012625890085473657,0.0,0.0,0.0,0.0,3895,0.01019021961838007,3895,0.011452808044850826
0.0019145896658301353,0.0,0.0,0.0,0.0,3896,0.009600128047168255,3896,0.011514716781675816
0.002604807261377573,0.0,0.0,0.0,0.0,3897,0.009134476073086262,3897,0.011739282868802547
0.0031484425999224186,0.0,0.0,0.0,0.0,3898,0.00888802483677864,3898,0.012036466971039772
0.0028949668630957603,0.0,0.0,0.0,0.0,3899,0.008864818140864372,3899,0.011759785003960133
0.0022794068790972233,0.0,0.0,0.0,0.0,3900,0.009035781025886536,3900,0.011315186507999897
0.001294876099564135,0.0,0.0,0.0,0.0,3901,0.009405920282006264,3901,0.010700796730816364
0.0008199999574571848,0.0,0.0,0.0,0.0,3902,0.009925789199769497,3902,0.010745788924396038
0.0010451647685840726,0.0,0.0,0.0,0.0,3903,0.010157541371881962,3903,0.011202706955373287
0.0010858661262318492,0.0,0.0,0.0,0.0,3904,0.009949890896677971,3904,0.011035758070647717
0.0014283658238127828,0.0,0.0,0.0,0.0,3905,0.009417529217898846,3905,0.010845894925296307
0.001984070986509323,0.0,0.0,0.0,0.0,3906,0.008894885890185833,3906,0.010878956876695156
0.0024376017972826958,0.0,0.0,0.0,0.0,3907,0.008592797443270683,3907,0.011030399240553379
0.0023675544653087854,0.0,0.0,0.0,0.0,3908,0.008601399138569832,3908,0.010968953371047974
0.003697899403050542,0.0,0.0,0.0,0.0,3909,0.00885761622339487,3909,0.012555515393614769
0.0070047033950686455,0.0,0.0,0.0,0.0,3910,0.009604008868336678,3910,0.01660871133208275
0.014479349367320538,0.0,0.0,0.0,0.0,3911,0.010885409079492092,3911,0.02536475844681263
0.009774391539394855,0.0,0.0,0.0,0.0,3912,0.013198330998420715,3912,0.022972721606492996
0.014356233179569244,0.0,0.0,0.0,0.0,3913,0.016459813341498375,3913,0.03081604838371277
0.018897289410233498,0.0,0.0,0.0,0.0,3914,0.019846783950924873,3914,0.03874407336115837
0.017022540792822838,0.0,0.0,0.0,0.0,3915,0.021910175681114197,3915,0.038932718336582184
0.0182794276624918,0.0,0.0,0.0,0.0,3916,0.022283267229795456,3916,0.040562696754932404
0.016653234139084816,0.0,0.0,0.0,0.0,3917,0.02081914246082306,3917,0.037472374737262726
0.017337191849946976,0.0,0.0,0.0,0.0,3918,0.018316462635993958,3918,0.03565365448594093
0.012009433470666409,0.0,0.0,0.0,0.0,3919,0.015418981201946735,3919,0.027428416535258293
0.00620730035007,0.0,0.0,0.0,0.0,3920,0.012677322141826153,3920,0.018884621560573578
0.004397447220981121,0.0,0.0,0.0,0.0,3921,0.010533586144447327,3921,0.014931032434105873
0.0031401142477989197,0.0,0.0,0.0,0.0,3922,0.009110789746046066,3922,0.012250903993844986
0.004692642483860254,0.0,0.0,0.0,0.0,3923,0.00804288312792778,3923,0.012735526077449322
0.0069691999815404415,0.0,0.0,0.0,0.0,3924,0.0075844512321054935,3924,0.014553651213645935
0.006919976323843002,0.0,0.0,0.0,0.0,3925,0.00754170585423708,3925,0.014461682178080082
0.00573437986895442,0.0,0.0,0.0,0.0,3926,0.007751287892460823,3926,0.01348566822707653
0.0043760621920228004,0.0,0.0,0.0,0.0,3927,0.008322875946760178,3927,0.012698938138782978
0.0029299671296030283,0.0,0.0,0.0,0.0,3928,0.009071669541299343,3928,0.012001637369394302
0.002139063086360693,0.0,0.0,0.0,0.0,3929,0.009819267317652702,3929,0.011958330869674683
0.0017222132300958037,0.0,0.0,0.0,0.0,3930,0.0101056769490242,3930,0.011827889829874039
0.0014424598775804043,0.0,0.0,0.0,0.0,3931,0.009819653816521168,3931,0.011262113228440285
0.0015143556520342827,0.0,0.0,0.0,0.0,3932,0.009297484531998634,3932,0.010811840184032917
0.0049273427575826645,0.0,0.0,0.0,0.0,3933,0.008904085494577885,3933,0.01383142825216055
0.0044874390587210655,0.0,0.0,0.0,0.0,3934,0.008556022308766842,3934,0.013043460436165333
0.0035084958653897047,0.0,0.0,0.0,0.0,3935,0.008505287580192089,3935,0.012013783678412437
0.003346882527694106,0.0,0.0,0.0,0.0,3936,0.008733442984521389,3936,0.012080325745046139
0.0019762676674872637,0.0,0.0,0.0,0.0,3937,0.009261613711714745,3937,0.011237881146371365
0.0021687874104827642,0.0,0.0,0.0,0.0,3938,0.009923013858497143,3938,0.01209180150181055
0.0034254861529916525,0.0,0.0,0.0,0.0,3939,0.010793693363666534,3939,0.01421917974948883
0.006516105029731989,0.0,0.0,0.0,0.0,3940,0.011976524256169796,3940,0.018492629751563072
0.008441900834441185,0.0,0.0,0.0,0.0,3941,0.013399051502346992,3941,0.021840952336788177
0.0072548422031104565,0.0,0.0,0.0,0.0,3942,0.01563039794564247,3942,0.022885240614414215
0.007206274196505547,0.0,0.0,0.0,0.0,3943,0.017898239195346832,3943,0.02510451339185238
0.005912832450121641,0.0,0.0,0.0,0.0,3944,0.01968538574874401,3944,0.02559821866452694
0.004782299045473337,0.0,0.0,0.0,0.0,3945,0.02018204890191555,3945,0.0249643474817276
0.00530568091198802,0.0,0.0,0.0,0.0,3946,0.019458893686532974,3946,0.02476457506418228
0.0038936766795814037,0.0,0.0,0.0,0.0,3947,0.017586296424269676,3947,0.021479973569512367
0.004800128750503063,0.0,0.0,0.0,0.0,3948,0.014950869604945183,3948,0.01975099742412567
0.006929082330316305,0.0,0.0,0.0,0.0,3949,0.012513570487499237,3949,0.01944265328347683
0.008771509863436222,0.0,0.0,0.0,0.0,3950,0.011023403145372868,3950,0.01979491300880909
0.011807688511908054,0.0,0.0,0.0,0.0,3951,0.010187827050685883,3951,0.021995514631271362
0.012573596090078354,0.0,0.0,0.0,0.0,3952,0.009848984889686108,3952,0.022422581911087036
0.008607485331594944,0.0,0.0,0.0,0.0,3953,0.009995771571993828,3953,0.018603257834911346
0.007129912730306387,0.0,0.0,0.0,0.0,3954,0.010403457097709179,3954,0.01753336936235428
0.006007308140397072,0.0,0.0,0.0,0.0,3955,0.011025093495845795,3955,0.017032401636242867
0.004209296777844429,0.0,0.0,0.0,0.0,3956,0.011638365685939789,3956,0.015847662463784218
0.0032815635204315186,0.0,0.0,0.0,0.0,3957,0.012363984249532223,3957,0.015645548701286316
0.004995522554963827,0.0,0.0,0.0,0.0,3958,0.01296672597527504,3958,0.017962247133255005
0.004325107671320438,0.0,0.0,0.0,0.0,3959,0.013523725792765617,3959,0.01784883439540863
0.003956207074224949,0.0,0.0,0.0,0.0,3960,0.013868224807083607,3960,0.017824431881308556
0.003658304223790765,0.0,0.0,0.0,0.0,3961,0.014106537215411663,3961,0.01776484213769436
0.0035330546088516712,0.0,0.0,0.0,0.0,3962,0.014206796884536743,3962,0.017739852890372276
0.0005040309042669833,0.0,0.0,0.0,0.0,3963,0.014235716313123703,3963,0.014739747159183025
0.000715983216650784,0.0,0.0,0.0,0.0,3964,0.013556611724197865,3964,0.014272594824433327
0.0009640678763389587,0.0,0.0,0.0,0.0,3965,0.01259404793381691,3965,0.01355811394751072
0.00143395212944597,0.0,0.0,0.0,0.0,3966,0.011428465135395527,3966,0.012862417846918106
0.0026699237059801817,0.0,0.0,0.0,0.0,3967,0.010555610060691833,3967,0.013225533999502659
0.00321964337490499,0.0,0.0,0.0,0.0,3968,0.010185030288994312,3968,0.01340467482805252
0.0033152811229228973,0.0,0.0,0.0,0.0,3969,0.009958677925169468,3969,0.013273959048092365
0.0022900972981005907,0.0,0.0,0.0,0.0,3970,0.009794140234589577,3970,0.012084237299859524
0.0012762059923261404,0.0,0.0,0.0,0.0,3971,0.009868338704109192,3971,0.011144544929265976
0.0014449919108301401,0.0,0.0,0.0,0.0,3972,0.010106577537953854,3972,0.01155156921595335
0.00085166294593364,0.0,0.0,0.0,0.0,3973,0.010391498915851116,3973,0.011243161745369434
0.0007742177112959325,0.0,0.0,0.0,0.0,3974,0.010655618272721767,3974,0.011429836042225361
0.0010630118194967508,0.0,0.0,0.0,0.0,3975,0.010602875612676144,3975,0.01166588719934225
0.0011667374055832624,0.0,0.0,0.0,0.0,3976,0.01019370835274458,3976,0.011360445991158485
0.0013234770158305764,0.0,0.0,0.0,0.0,3977,0.009631352499127388,3977,0.01095482986420393
0.0018975082784891129,0.0,0.0,0.0,0.0,3978,0.00902456697076559,3978,0.010922074317932129
0.0027725689578801394,0.0,0.0,0.0,0.0,3979,0.00851360335946083,3979,0.011286172084510326
0.0033560381270945072,0.0,0.0,0.0,0.0,3980,0.008192483335733414,3980,0.011548520065844059
0.0032957785297185183,0.0,0.0,0.0,0.0,3981,0.00813277717679739,3981,0.011428555473685265
0.004147126339375973,0.0,0.0,0.0,0.0,3982,0.00832333043217659,3982,0.012470456771552563
0.006862543523311615,0.0,0.0,0.0,0.0,3983,0.008992424234747887,3983,0.0158549677580595
0.009017480537295341,0.0,0.0,0.0,0.0,3984,0.010357312858104706,3984,0.019374793395400047
0.006458447314798832,0.0,0.0,0.0,0.0,3985,0.012530747801065445,3985,0.018989194184541702
0.004443870857357979,0.0,0.0,0.0,0.0,3986,0.015055367723107338,3986,0.019499238580465317
0.004923153668642044,0.0,0.0,0.0,0.0,3987,0.01683528907597065,3987,0.021758442744612694
0.009442146867513657,0.0,0.0,0.0,0.0,3988,0.017012109979987144,3988,0.0264542568475008
0.0038635008968412876,0.0,0.0,0.0,0.0,3989,0.016131939366459846,3989,0.019995439797639847
0.004702053964138031,0.0,0.0,0.0,0.0,3990,0.014382636174559593,3990,0.019084688276052475
0.005413699895143509,0.0,0.0,0.0,0.0,3991,0.012610793113708496,3991,0.018024493008852005
0.00718087749555707,0.0,0.0,0.0,0.0,3992,0.011287488043308258,3992,0.01846836507320404
0.0035344248171895742,0.0,0.0,0.0,0.0,3993,0.010503889061510563,3993,0.014038313180208206
0.004184759221971035,0.0,0.0,0.0,0.0,3994,0.010094569995999336,3994,0.014279328286647797
0.0037377700209617615,0.0,0.0,0.0,0.0,3995,0.010148313827812672,3995,0.013886083848774433
0.003292190143838525,0.0,0.0,0.0,0.0,3996,0.010472401045262814,3996,0.013764592818915844
0.0025892260018736124,0.0,0.0,0.0,0.0,3997,0.011018862016499043,3997,0.013608087785542011
0.0021775385830551386,0.0,0.0,0.0,0.0,3998,0.01154707558453083,3998,0.0137246148660779
0.0016129459254443645,0.0,0.0,0.0,0.0,3999,0.012112266384065151,3999,0.013725211843848228
0.0047722794115543365,0.0,0.0,0.0,0.0,4000,0.012453162111341953,4000,0.017225440591573715
0.004295083228498697,0.0,0.0,0.0,0.0,4001,0.012863186188042164,4001,0.01715826988220215
0.0043282825499773026,0.0,0.0,0.0,0.0,4002,0.013157089240849018,4002,0.017485372722148895
0.008302824571728706,0.0,0.0,0.0,0.0,4003,0.013479427434504032,4003,0.021782251074910164
0.010812731459736824,0.0,0.0,0.0,0.0,4004,0.01403039414435625,4004,0.02484312653541565
0.009758002124726772,0.0,0.0,0.0,0.0,4005,0.014825670048594475,4005,0.024583671241998672
0.01099152211099863,0.0,0.0,0.0,0.0,4006,0.01554010808467865,4006,0.026531629264354706
0.009731650352478027,0.0,0.0,0.0,0.0,4007,0.01627454347908497,4007,0.026006195694208145
0.008745240047574043,0.0,0.0,0.0,0.0,4008,0.01688016951084137,4008,0.025625409558415413
0.009420370683073997,0.0,0.0,0.0,0.0,4009,0.01712062582373619,4009,0.02654099464416504
0.006804970558732748,0.0,0.0,0.0,0.0,4010,0.016892200335860252,4010,0.023697171360254288
0.0010629036696627736,0.0,0.0,0.0,0.0,4011,0.015951592475175858,4011,0.01701449602842331
0.0007502649677917361,0.0,0.0,0.0,0.0,4012,0.013581467792391777,4012,0.014331732876598835
0.0017828168347477913,0.0,0.0,0.0,0.0,4013,0.011053957976400852,4013,0.012836773879826069
0.00387144205160439,0.0,0.0,0.0,0.0,4014,0.009120367467403412,4014,0.012991810217499733
0.006505479104816914,0.0,0.0,0.0,0.0,4015,0.008828559890389442,4015,0.015334038995206356
0.009084046818315983,0.0,0.0,0.0,0.0,4016,0.00908711738884449,4016,0.018171165138483047
0.0067635695450007915,0.0,0.0,0.0,0.0,4017,0.008832503110170364,4017,0.015596073120832443
0.00395645946264267,0.0,0.0,0.0,0.0,4018,0.00887390784919262,4018,0.012830366380512714
0.0018436625832691789,0.0,0.0,0.0,0.0,4019,0.0097981421276927,4019,0.011641805060207844
0.0027080937288701534,0.0,0.0,0.0,0.0,4020,0.011021781712770462,4020,0.013729874975979328
0.002594622550532222,0.0,0.0,0.0,0.0,4021,0.012205058708786964,4021,0.014799682423472404
0.0018076866399496794,0.0,0.0,0.0,0.0,4022,0.012968720868229866,4022,0.014776407741010189
0.0017792776925489306,0.0,0.0,0.0,0.0,4023,0.012914562597870827,4023,0.01469384040683508
0.0019506748067215085,0.0,0.0,0.0,0.0,4024,0.012119916267693043,4024,0.01407059095799923
0.0028233302291482687,0.0,0.0,0.0,0.0,4025,0.011213667690753937,4025,0.014036999084055424
0.003311051754280925,0.0,0.0,0.0,0.0,4026,0.010426465421915054,4026,0.013737517409026623
0.004584529437124729,0.0,0.0,0.0,0.0,4027,0.00998645555227995,4027,0.014570984989404678
0.00928923673927784,0.0,0.0,0.0,0.0,4028,0.010021379217505455,4028,0.019310615956783295
0.0076322052627801895,0.0,0.0,0.0,0.0,4029,0.010735394433140755,4029,0.018367599695920944
0.006134159862995148,0.0,0.0,0.0,0.0,4030,0.01194470003247261,4030,0.018078859895467758
0.0046478938311338425,0.0,0.0,0.0,0.0,4031,0.013527907431125641,4031,0.018175799399614334
0.003484872402623296,0.0,0.0,0.0,0.0,4032,0.014732860960066319,4032,0.01821773312985897
0.0032416279427707195,0.0,0.0,0.0,0.0,4033,0.015198255889117718,4033,0.01843988336622715
0.003384871408343315,0.0,0.0,0.0,0.0,4034,0.014756565913558006,4034,0.01814143732190132
0.003947541117668152,0.0,0.0,0.0,0.0,4035,0.013707974925637245,4035,0.017655516043305397
0.004842590074986219,0.0,0.0,0.0,0.0,4036,0.012600275687873363,4036,0.017442865297198296
0.005643994081765413,0.0,0.0,0.0,0.0,4037,0.011734792962670326,4037,0.017378786578774452
0.0061739603988826275,0.0,0.0,0.0,0.0,4038,0.01134108379483223,4038,0.017515044659376144
0.005891416687518358,0.0,0.0,0.0,0.0,4039,0.011440311558544636,4039,0.01733172871172428
0.005116718355566263,0.0,0.0,0.0,0.0,4040,0.01194638479501009,4040,0.01706310361623764
0.004320761654525995,0.0,0.0,0.0,0.0,4041,0.012727235443890095,4041,0.017047997564077377
0.0034354582894593477,0.0,0.0,0.0,0.0,4042,0.013588427565991879,4042,0.017023885622620583
0.0035433194134384394,0.0,0.0,0.0,0.0,4043,0.014138196595013142,4043,0.017681516706943512
0.0034322754945605993,0.0,0.0,0.0,0.0,4044,0.014414461329579353,4044,0.017846737056970596
0.0018504966283217072,0.0,0.0,0.0,0.0,4045,0.01434948481619358,4045,0.016199981793761253
0.00217510387301445,0.0,0.0,0.0,0.0,4046,0.013732125982642174,4046,0.015907227993011475
0.0006530045066028833,0.0,0.0,0.0,0.0,4047,0.012887964025139809,4047,0.013540968298912048
0.0005036152433604002,0.0,0.0,0.0,0.0,4048,0.011479425244033337,4048,0.011983039788901806
0.0007736681145615876,0.0,0.0,0.0,0.0,4049,0.009949983097612858,4049,0.010723652318120003
0.0025906823575496674,0.0,0.0,0.0,0.0,4050,0.009121277369558811,4050,0.011711959727108479
0.00370579631999135,0.0,0.0,0.0,0.0,4051,0.008907996118068695,4051,0.012613791972398758
0.00359005993232131,0.0,0.0,0.0,0.0,4052,0.008832477033138275,4052,0.012422537431120872
0.002270923461765051,0.0,0.0,0.0,0.0,4053,0.00890433881431818,4053,0.011175260879099369
0.0017188458004966378,0.0,0.0,0.0,0.0,4054,0.009264768101274967,4054,0.01098361425101757
0.0006701359525322914,0.0,0.0,0.0,0.0,4055,0.009761842899024487,4055,0.010431978851556778
0.0007742591551505029,0.0,0.0,0.0,0.0,4056,0.010100159794092178,4056,0.010874418541789055
0.0007643001154065132,0.0,0.0,0.0,0.0,4057,0.01007097214460373,4057,0.010835272260010242
0.0008404284599237144,0.0,0.0,0.0,0.0,4058,0.00963139533996582,4058,0.010471823625266552
0.0013503361260518432,0.0,0.0,0.0,0.0,4059,0.009094322100281715,4059,0.010444657877087593
0.0018333125626668334,0.0,0.0,0.0,0.0,4060,0.008525731973350048,4060,0.010359044186770916
0.0025421730242669582,0.0,0.0,0.0,0.0,4061,0.00805581919848919,4061,0.010597992688417435
0.0033124221954494715,0.0,0.0,0.0,0.0,4062,0.007814565673470497,4062,0.011126987636089325
0.0029383765067905188,0.0,0.0,0.0,0.0,4063,0.0077592357993125916,4063,0.010697612538933754
0.002644024323672056,0.0,0.0,0.0,0.0,4064,0.00793926790356636,4064,0.010583292692899704
0.0014380565844476223,0.0,0.0,0.0,0.0,4065,0.008542732335627079,4065,0.009980788454413414
0.002681717975065112,0.0,0.0,0.0,0.0,4066,0.009388337843120098,4066,0.012070056051015854
0.011723174713551998,0.0,0.0,0.0,0.0,4067,0.010234140790998936,4067,0.021957315504550934
0.01676509715616703,0.0,0.0,0.0,0.0,4068,0.011906435713171959,4068,0.02867153100669384
0.012429000809788704,0.0,0.0,0.0,0.0,4069,0.014823399484157562,4069,0.027252404019236565
0.013246986083686352,0.0,0.0,0.0,0.0,4070,0.018168557435274124,4070,0.03141554445028305
0.01701490208506584,0.0,0.0,0.0,0.0,4071,0.02057476155459881,4071,0.0375896617770195
0.01587902195751667,0.0,0.0,0.0,0.0,4072,0.02162919193506241,4072,0.03750821202993393
0.015544131398200989,0.0,0.0,0.0,0.0,4073,0.02105051465332508,4073,0.03659464418888092
0.014906203374266624,0.0,0.0,0.0,0.0,4074,0.01917477883398533,4074,0.03408098220825195
0.01599947176873684,0.0,0.0,0.0,0.0,4075,0.016518501564860344,4075,0.03251797333359718
0.005204618442803621,0.0,0.0,0.0,0.0,4076,0.013902830891311169,4076,0.019107449799776077
0.004649236332625151,0.0,0.0,0.0,0.0,4077,0.011242145672440529,4077,0.015891382470726967
0.004215852357447147,0.0,0.0,0.0,0.0,4078,0.00938375387340784,4078,0.013599607162177563
0.0024212361313402653,0.0,0.0,0.0,0.0,4079,0.007959969341754913,4079,0.010381205007433891
0.006480611395090818,0.0,0.0,0.0,0.0,4080,0.00736240716651082,4080,0.013843018561601639
0.007178669795393944,0.0,0.0,0.0,0.0,4081,0.007275500800460577,4081,0.014454170130193233
0.0065036434680223465,0.0,0.0,0.0,0.0,4082,0.007404572330415249,4082,0.013908215798437595
0.004218956455588341,0.0,0.0,0.0,0.0,4083,0.007780118845403194,4083,0.011999075300991535
0.003085397183895111,0.0,0.0,0.0,0.0,4084,0.008496172726154327,4084,0.011581569910049438
0.002821903210133314,0.0,0.0,0.0,0.0,4085,0.009130647405982018,4085,0.011952551081776619
0.001987859606742859,0.0,0.0,0.0,0.0,4086,0.009295227006077766,4086,0.01128308568149805
0.001624539727345109,0.0,0.0,0.0,0.0,4087,0.009139369241893291,4087,0.010763908736407757
0.0017352706054225564,0.0,0.0,0.0,0.0,4088,0.008854485116899014,4088,0.010589756071567535
0.0023043015971779823,0.0,0.0,0.0,0.0,4089,0.00874754786491394,4089,0.011051849462091923
0.002417829353362322,0.0,0.0,0.0,0.0,4090,0.008825582452118397,4090,0.011243412271142006
0.002119235461577773,0.0,0.0,0.0,0.0,4091,0.009092963300645351,4091,0.011212198995053768
0.0019835536368191242,0.0,0.0,0.0,0.0,4092,0.00954962894320488,4092,0.011533181183040142
0.007894041948020458,0.0,0.0,0.0,0.0,4093,0.010348954237997532,4093,0.01824299618601799
0.005711345002055168,0.0,0.0,0.0,0.0,4094,0.011842717416584492,4094,0.017554063349962234
0.0037387367337942123,0.0,0.0,0.0,0.0,4095,0.013917152769863605,4095,0.017655888572335243
0.004807090852409601,0.0,0.0,0.0,0.0,4096,0.01557344850152731,4096,0.02038053795695305
0.0051884218119084835,0.0,0.0,0.0,0.0,4097,0.016654666513204575,4097,0.021843088790774345
0.004696651361882687,0.0,0.0,0.0,0.0,4098,0.017087791115045547,4098,0.02178444340825081
0.004595325328409672,0.0,0.0,0.0,0.0,4099,0.016722586005926132,4099,0.02131791040301323
0.003730942029505968,0.0,0.0,0.0,0.0,4100,0.015721624717116356,4100,0.019452566280961037
0.004456025548279285,0.0,0.0,0.0,0.0,4101,0.014042113907635212,4101,0.018498139455914497
0.005608154460787773,0.0,0.0,0.0,0.0,4102,0.012276527471840382,4102,0.01788468286395073
0.007340073119848967,0.0,0.0,0.0,0.0,4103,0.010729692876338959,4103,0.018069766461849213
0.009426568634808064,0.0,0.0,0.0,0.0,4104,0.009858028963208199,4104,0.019284598529338837
0.009967300109565258,0.0,0.0,0.0,0.0,4105,0.009582476690411568,4105,0.01954977586865425
0.009277308359742165,0.0,0.0,0.0,0.0,4106,0.009845801629126072,4106,0.01912311092019081
0.004992025438696146,0.0,0.0,0.0,0.0,4107,0.01054227352142334,4107,0.015534297563135624
0.004150961060076952,0.0,0.0,0.0,0.0,4108,0.011294528841972351,4108,0.015445489436388016
0.0036109897773712873,0.0,0.0,0.0,0.0,4109,0.011786792427301407,4109,0.015397784300148487
0.0032743653282523155,0.0,0.0,0.0,0.0,4110,0.011880200356245041,4110,0.015154564753174782
0.0031869574449956417,0.0,0.0,0.0,0.0,4111,0.011662724427878857,4111,0.014849681407213211
0.0009887703927233815,0.0,0.0,0.0,0.0,4112,0.01137524750083685,4112,0.012364017777144909
0.0002935755474027246,0.0,0.0,0.0,0.0,4113,0.010930178686976433,4113,0.011223753914237022
0.0006669083959423006,0.0,0.0,0.0,0.0,4114,0.010311678983271122,4114,0.010978586971759796
0.000905974768102169,0.0,0.0,0.0,0.0,4115,0.009948608465492725,4115,0.010854584164917469
0.0014779228949919343,0.0,0.0,0.0,0.0,4116,0.00974620133638382,4116,0.01122412458062172
0.0014168000780045986,0.0,0.0,0.0,0.0,4117,0.009662056341767311,4117,0.011078857816755772
0.0011295682052150369,0.0,0.0,0.0,0.0,4118,0.009681681171059608,4118,0.01081124972552061
0.0006363331922329962,0.0,0.0,0.0,0.0,4119,0.009856902994215488,4119,0.010493236593902111
0.0007576612406410277,0.0,0.0,0.0,0.0,4120,0.010017350316047668,4120,0.010775011964142323
0.0006412210641428828,0.0,0.0,0.0,0.0,4121,0.010147576220333576,4121,0.010788798332214355
0.0011081518605351448,0.0,0.0,0.0,0.0,4122,0.010050619021058083,4122,0.011158771812915802
0.003660045098513365,0.0,0.0,0.0,0.0,4123,0.009904786944389343,4123,0.013564832508563995
0.003526420798152685,0.0,0.0,0.0,0.0,4124,0.009987839497625828,4124,0.0135142607614398
0.007850822061300278,0.0,0.0,0.0,0.0,4125,0.010204697027802467,4125,0.018055519089102745
0.007377208210527897,0.0,0.0,0.0,0.0,4126,0.010696543380618095,4126,0.018073752522468567
0.00676594115793705,0.0,0.0,0.0,0.0,4127,0.011257106438279152,4127,0.018023047596216202
0.006300425622612238,0.0,0.0,0.0,0.0,4128,0.011638293974101543,4128,0.01793872006237507
0.005971198435872793,0.0,0.0,0.0,0.0,4129,0.011701023206114769,4129,0.01767222210764885
0.005893045570701361,0.0,0.0,0.0,0.0,4130,0.01151316799223423,4130,0.017406214028596878
0.005658823065459728,0.0,0.0,0.0,0.0,4131,0.0112399160861969,4131,0.016898740082979202
0.003149617463350296,0.0,0.0,0.0,0.0,4132,0.011085090227425098,4132,0.014234707690775394
0.0031146889086812735,0.0,0.0,0.0,0.0,4133,0.010992530733346939,4133,0.014107219874858856
0.00038487947313115,0.0,0.0,0.0,0.0,4134,0.010980199091136456,4134,0.011365078389644623
0.000937571341637522,0.0,0.0,0.0,0.0,4135,0.01049252599477768,4135,0.011430098675191402
0.0011169333010911942,0.0,0.0,0.0,0.0,4136,0.009863413870334625,4136,0.010980346240103245
0.002270609373226762,0.0,0.0,0.0,0.0,4137,0.009459452703595161,4137,0.01173006184399128
0.002651151502504945,0.0,0.0,0.0,0.0,4138,0.009205831214785576,4138,0.011856981553137302
0.0021775285713374615,0.0,0.0,0.0,0.0,4139,0.009036465547978878,4139,0.011213992722332478
0.0013024051440879703,0.0,0.0,0.0,0.0,4140,0.008991680108010769,4140,0.010294085368514061
0.0012000350980088115,0.0,0.0,0.0,0.0,4141,0.009072252549231052,4141,0.010272287763655186
0.0008719268371351063,0.0,0.0,0.0,0.0,4142,0.009172779507935047,4142,0.010044706054031849
0.001136546372435987,0.0,0.0,0.0,0.0,4143,0.00916612334549427,4143,0.010302669368684292
0.0014429683797061443,0.0,0.0,0.0,0.0,4144,0.00886150449514389,4144,0.010304473340511322
0.0016590981977060437,0.0,0.0,0.0,0.0,4145,0.008278976194560528,4145,0.00993807427585125
0.0023050864692777395,0.0,0.0,0.0,0.0,4146,0.007766006048768759,4146,0.010071092285215855
0.002923613181337714,0.0,0.0,0.0,0.0,4147,0.007487175520509481,4147,0.010410788469016552
0.002815611194819212,0.0,0.0,0.0,0.0,4148,0.007459923624992371,4148,0.01027553528547287
0.002235651481896639,0.0,0.0,0.0,0.0,4149,0.0076704490929841995,4149,0.009906100109219551
0.012415857054293156,0.0,0.0,0.0,0.0,4150,0.008088036440312862,4150,0.020503893494606018
0.009617766365408897,0.0,0.0,0.0,0.0,4151,0.009361403062939644,4151,0.01897916942834854
0.00709110451862216,0.0,0.0,0.0,0.0,4152,0.01117353793233633,4152,0.018264641985297203
0.0045707942917943,0.0,0.0,0.0,0.0,4153,0.013066783547401428,4153,0.017637576907873154
0.009573716670274734,0.0,0.0,0.0,0.0,4154,0.014651325531303883,4154,0.024225041270256042
0.008875111117959023,0.0,0.0,0.0,0.0,4155,0.015603243373334408,4155,0.024478353559970856
0.01009803730994463,0.0,0.0,0.0,0.0,4156,0.01558528933674097,4156,0.0256833266466856
0.010321195237338543,0.0,0.0,0.0,0.0,4157,0.015303315594792366,4157,0.025624509900808334
0.010483481921255589,0.0,0.0,0.0,0.0,4158,0.014866543002426624,4158,0.025350023061037064
0.008790318854153156,0.0,0.0,0.0,0.0,4159,0.014452816918492317,4159,0.023243136703968048
0.0038739668671041727,0.0,0.0,0.0,0.0,4160,0.01367573719471693,4160,0.017549702897667885
0.004188664723187685,0.0,0.0,0.0,0.0,4161,0.012415838427841663,4161,0.016604503616690636
0.001345420372672379,0.0,0.0,0.0,0.0,4162,0.011221530847251415,4162,0.012566950172185898
0.0007245342130772769,0.0,0.0,0.0,0.0,4163,0.009547575376927853,4163,0.010272109881043434
0.0016058405162766576,0.0,0.0,0.0,0.0,4164,0.008394955657422543,4164,0.010000796057283878
0.004112950526177883,0.0,0.0,0.0,0.0,4165,0.00811114814132452,4165,0.012224098667502403
0.004956472665071487,0.0,0.0,0.0,0.0,4166,0.008168076165020466,4166,0.013124548830091953
0.002637479454278946,0.0,0.0,0.0,0.0,4167,0.008212033659219742,4167,0.010849513113498688
0.001263666432350874,0.0,0.0,0.0,0.0,4168,0.008721835911273956,4168,0.009985502809286118
0.0007243925938382745,0.0,0.0,0.0,0.0,4169,0.00951486174017191,4169,0.01023925468325615
0.000755506451241672,0.0,0.0,0.0,0.0,4170,0.010073758661746979,4170,0.010829265229403973
0.0010664520086720586,0.0,0.0,0.0,0.0,4171,0.01018982008099556,4171,0.011256271041929722
0.0008771537686698139,0.0,0.0,0.0,0.0,4172,0.009865016676485538,4172,0.010742170736193657
0.0005510354530997574,0.0,0.0,0.0,0.0,4173,0.009322325699031353,4173,0.009873361326754093
0.0012224891688674688,0.0,0.0,0.0,0.0,4174,0.008737546391785145,4174,0.009960035793483257
0.0014895048225298524,0.0,0.0,0.0,0.0,4175,0.008257086388766766,4175,0.009746591560542583
0.002129205269739032,0.0,0.0,0.0,0.0,4176,0.007920339703559875,4176,0.010049545206129551
0.002576736966148019,0.0,0.0,0.0,0.0,4177,0.007775465026497841,4177,0.010352201759815216
0.0042362213134765625,0.0,0.0,0.0,0.0,4178,0.007772242184728384,4178,0.012008463963866234
0.0023629064671695232,0.0,0.0,0.0,0.0,4179,0.008211605250835419,4179,0.01057451218366623
0.0034247401636093855,0.0,0.0,0.0,0.0,4180,0.009045631624758244,4180,0.012470372952520847
0.00865592435002327,0.0,0.0,0.0,0.0,4181,0.010428866371512413,4181,0.019084790721535683
0.005993588827550411,0.0,0.0,0.0,0.0,4182,0.012969214469194412,4182,0.018962804228067398
0.008995511569082737,0.0,0.0,0.0,0.0,4183,0.01590370200574398,4183,0.02489921636879444
0.010644092224538326,0.0,0.0,0.0,0.0,4184,0.018169282004237175,4184,0.028813371434807777
0.012818591669201851,0.0,0.0,0.0,0.0,4185,0.0192426685243845,4185,0.03206126019358635
0.012574877589941025,0.0,0.0,0.0,0.0,4186,0.018808579072356224,4186,0.0313834547996521
0.013277407735586166,0.0,0.0,0.0,0.0,4187,0.017150042578577995,4187,0.03042745031416416
0.0034566030371934175,0.0,0.0,0.0,0.0,4188,0.015060504898428917,4188,0.018517108634114265
0.005475427024066448,0.0,0.0,0.0,0.0,4189,0.01227859128266573,4189,0.017754018306732178
0.009349174797534943,0.0,0.0,0.0,0.0,4190,0.009953158907592297,4190,0.019302334636449814
0.011988915503025055,0.0,0.0,0.0,0.0,4191,0.008616680279374123,4191,0.020605595782399178
0.012696413323283195,0.0,0.0,0.0,0.0,4192,0.008303062990307808,4192,0.020999476313591003
0.003875944996252656,0.0,0.0,0.0,0.0,4193,0.008516501635313034,4193,0.012392445467412472
0.0034444970078766346,0.0,0.0,0.0,0.0,4194,0.008811269886791706,4194,0.012255767360329628
0.0024831967893987894,0.0,0.0,0.0,0.0,4195,0.00930202379822731,4195,0.011785219423472881
0.0017048559384420514,0.0,0.0,0.0,0.0,4196,0.00984596461057663,4196,0.01155082043260336
0.006594574078917503,0.0,0.0,0.0,0.0,4197,0.010272272862493992,4197,0.01686684787273407
0.005319173447787762,0.0,0.0,0.0,0.0,4198,0.010992426425218582,4198,0.01631160080432892
0.004207354970276356,0.0,0.0,0.0,0.0,4199,0.011831420473754406,4199,0.01603877544403076
0.0034722089767456055,0.0,0.0,0.0,0.0,4200,0.012516140006482601,4200,0.01598834991455078
0.002609448740258813,0.0,0.0,0.0,0.0,4201,0.012861046008765697,4201,0.015470494516193867
0.0028142291121184826,0.0,0.0,0.0,0.0,4202,0.01285391952842474,4202,0.015668148174881935
0.0027342692483216524,0.0,0.0,0.0,0.0,4203,0.01258581131696701,4203,0.015320081263780594
0.0010001958580687642,0.0,0.0,0.0,0.0,4204,0.011964968405663967,4204,0.01296516414731741
0.0005355174653232098,0.0,0.0,0.0,0.0,4205,0.01059536449611187,4205,0.011130882427096367
0.00148365693166852,0.0,0.0,0.0,0.0,4206,0.009545532986521721,4206,0.011029190383851528
0.002404311206191778,0.0,0.0,0.0,0.0,4207,0.00906694121658802,4207,0.011471252888441086
0.00315203913487494,0.0,0.0,0.0,0.0,4208,0.008851690217852592,4208,0.012003729119896889
0.002624352229759097,0.0,0.0,0.0,0.0,4209,0.008596702478826046,4209,0.011221054941415787
0.0017328253015875816,0.0,0.0,0.0,0.0,4210,0.00844580214470625,4210,0.010178627446293831
0.001048013917170465,0.0,0.0,0.0,0.0,4211,0.008690613321959972,4211,0.009738626889884472
0.0008165630279108882,0.0,0.0,0.0,0.0,4212,0.009252013638615608,4212,0.010068576782941818
0.0030254859011620283,0.0,0.0,0.0,0.0,4213,0.009882796555757523,4213,0.01290828362107277
0.006168806925415993,0.0,0.0,0.0,0.0,4214,0.010730450972914696,4214,0.01689925789833069
0.004975701682269573,0.0,0.0,0.0,0.0,4215,0.011649868451058865,4215,0.01662556827068329
0.011132928542792797,0.0,0.0,0.0,0.0,4216,0.012368405237793922,4216,0.023501332849264145
0.010841911658644676,0.0,0.0,0.0,0.0,4217,0.012827916070818901,4217,0.023669827729463577
0.01073978841304779,0.0,0.0,0.0,0.0,4218,0.012841697782278061,4218,0.02358148619532585
0.010315473191440105,0.0,0.0,0.0,0.0,4219,0.012475901283323765,4219,0.02279137447476387
0.004246147815138102,0.0,0.0,0.0,0.0,4220,0.011893127113580704,4220,0.016139276325702667
0.005474789999425411,0.0,0.0,0.0,0.0,4221,0.01113041676580906,4221,0.016605205833911896
0.0024434709921479225,0.0,0.0,0.0,0.0,4222,0.010387301445007324,4222,0.012830772437155247
0.0009599735494703054,0.0,0.0,0.0,0.0,4223,0.009717677719891071,4223,0.01067765150219202
0.001024317811243236,0.0,0.0,0.0,0.0,4224,0.009096251800656319,4224,0.010120569728314877
0.0007755108526907861,0.0,0.0,0.0,0.0,4225,0.008430401794612408,4225,0.009205912239849567
0.001608922379091382,0.0,0.0,0.0,0.0,4226,0.008064733818173409,4226,0.009673655964434147
0.002024625428020954,0.0,0.0,0.0,0.0,4227,0.007955524139106274,4227,0.009980149567127228
0.0017271240940317512,0.0,0.0,0.0,0.0,4228,0.007981750182807446,4228,0.009708873927593231
0.0012535419082269073,0.0,0.0,0.0,0.0,4229,0.0081387460231781,4229,0.009392287582159042
0.0009160561603493989,0.0,0.0,0.0,0.0,4230,0.00846089981496334,4230,0.009376956149935722
0.0005235567223280668,0.0,0.0,0.0,0.0,4231,0.008884001523256302,4231,0.009407558478415012
0.0007725407485850155,0.0,0.0,0.0,0.0,4232,0.009244502522051334,4232,0.010017042979598045
0.0007932073203846812,0.0,0.0,0.0,0.0,4233,0.009461907669901848,4233,0.010255115106701851
0.0008309630793519318,0.0,0.0,0.0,0.0,4234,0.009363435208797455,4234,0.01019439846277237
0.001033373991958797,0.0,0.0,0.0,0.0,4235,0.00897690374404192,4235,0.010010277852416039
0.0012548993108794093,0.0,0.0,0.0,0.0,4236,0.008516603149473667,4236,0.009771502576768398
0.001663273316808045,0.0,0.0,0.0,0.0,4237,0.008169694803655148,4237,0.00983296800404787
0.0017260161694139242,0.0,0.0,0.0,0.0,4238,0.007869751192629337,4238,0.009595767594873905
0.0019817131105810404,0.0,0.0,0.0,0.0,4239,0.007694575469940901,4239,0.009676288813352585
0.0019385945051908493,0.0,0.0,0.0,0.0,4240,0.007645698729902506,4240,0.009584292769432068
0.004944822750985622,0.0,0.0,0.0,0.0,4241,0.007722353562712669,4241,0.012667176313698292
0.004263987764716148,0.0,0.0,0.0,0.0,4242,0.008132047019898891,4242,0.012396033853292465
0.0107596879824996,0.0,0.0,0.0,0.0,4243,0.008723899722099304,4243,0.01948358863592148
0.007853560149669647,0.0,0.0,0.0,0.0,4244,0.010263346135616302,4244,0.01811690628528595
0.012213880196213722,0.0,0.0,0.0,0.0,4245,0.012683817185461521,4245,0.024897698312997818
0.010221424512565136,0.0,0.0,0.0,0.0,4246,0.01569937728345394,4246,0.025920802727341652
0.011080661788582802,0.0,0.0,0.0,0.0,4247,0.018100310117006302,4247,0.029180971905589104
0.011543866246938705,0.0,0.0,0.0,0.0,4248,0.019218685105443,4248,0.030762549489736557
0.011172786355018616,0.0,0.0,0.0,0.0,4249,0.01866900734603405,4249,0.029841793701052666
0.010574731975793839,0.0,0.0,0.0,0.0,4250,0.016924794763326645,4250,0.027499526739120483
0.009997137822210789,0.0,0.0,0.0,0.0,4251,0.014703855849802494,4251,0.024700993672013283
0.011647244915366173,0.0,0.0,0.0,0.0,4252,0.012530682608485222,4252,0.024177927523851395
0.0034567825496196747,0.0,0.0,0.0,0.0,4253,0.011015154421329498,4253,0.014471936970949173
0.005208347924053669,0.0,0.0,0.0,0.0,4254,0.009526786394417286,4254,0.014735134318470955
0.001398901455104351,0.0,0.0,0.0,0.0,4255,0.008530388586223125,4255,0.009929290041327477
0.001795299700461328,0.0,0.0,0.0,0.0,4256,0.007728538941591978,4256,0.009523838758468628
0.0022953206207603216,0.0,0.0,0.0,0.0,4257,0.007423242554068565,4257,0.00971856340765953
0.0032578506506979465,0.0,0.0,0.0,0.0,4258,0.007429911755025387,4258,0.01068776287138462
0.0028665256686508656,0.0,0.0,0.0,0.0,4259,0.007525684777647257,4259,0.010392211377620697
0.0022785153705626726,0.0,0.0,0.0,0.0,4260,0.007724149618297815,4260,0.010002665221691132
0.0010547935962677002,0.0,0.0,0.0,0.0,4261,0.008096677251160145,4261,0.009151470847427845
0.0006592067657038569,0.0,0.0,0.0,0.0,4262,0.008614660240709782,4262,0.00927386712282896
0.0004959339275956154,0.0,0.0,0.0,0.0,4263,0.009153814055025578,4263,0.009649747982621193
0.00040930593968369067,0.0,0.0,0.0,0.0,4264,0.009384263306856155,4264,0.009793569333851337
0.00039729929994791746,0.0,0.0,0.0,0.0,4265,0.009194888174533844,4265,0.009592187590897083
0.0006582475616596639,0.0,0.0,0.0,0.0,4266,0.008748902939260006,4266,0.00940715055912733
0.0013308116467669606,0.0,0.0,0.0,0.0,4267,0.008218475617468357,4267,0.009549287147819996
0.0019218617817386985,0.0,0.0,0.0,0.0,4268,0.007827977649867535,4268,0.009749839082360268
0.002287220908328891,0.0,0.0,0.0,0.0,4269,0.007668224163353443,4269,0.009955445304512978
0.002110676374286413,0.0,0.0,0.0,0.0,4270,0.007636881433427334,4270,0.00974755734205246
0.001706317882053554,0.0,0.0,0.0,0.0,4271,0.0077246553264558315,4271,0.00943097285926342
0.002964090323075652,0.0,0.0,0.0,0.0,4272,0.00798189640045166,4272,0.010945986025035381
0.0086057735607028,0.0,0.0,0.0,0.0,4273,0.008576064370572567,4273,0.017181837931275368
0.006073330994695425,0.0,0.0,0.0,0.0,4274,0.010013524442911148,4274,0.01608685590326786
0.004317894112318754,0.0,0.0,0.0,0.0,4275,0.01213945634663105,4275,0.01645735092461109
0.005410081706941128,0.0,0.0,0.0,0.0,4276,0.013936255127191544,4276,0.019346337765455246
0.004380703903734684,0.0,0.0,0.0,0.0,4277,0.015173901803791523,4277,0.019554605707526207
0.004075482953339815,0.0,0.0,0.0,0.0,4278,0.015509520657360554,4278,0.019585004076361656
0.002982709789648652,0.0,0.0,0.0,0.0,4279,0.014842565171420574,4279,0.017825275659561157
0.003822730388492346,0.0,0.0,0.0,0.0,4280,0.013255953788757324,4280,0.017078684642910957
0.004944783169776201,0.0,0.0,0.0,0.0,4281,0.011167775839567184,4281,0.0161125585436821
0.006533927749842405,0.0,0.0,0.0,0.0,4282,0.009570267051458359,4282,0.01610419526696205
0.008138509467244148,0.0,0.0,0.0,0.0,4283,0.008733142167329788,4283,0.016871651634573936
0.002115299692377448,0.0,0.0,0.0,0.0,4284,0.008480212651193142,4284,0.010595512576401234
0.0007922688964754343,0.0,0.0,0.0,0.0,4285,0.008280230686068535,4285,0.009072499349713326
0.0009219126077368855,0.0,0.0,0.0,0.0,4286,0.00797734409570694,4286,0.008899256587028503
0.0012698578648269176,0.0,0.0,0.0,0.0,4287,0.007738461717963219,4287,0.009008320048451424
0.0015556375728920102,0.0,0.0,0.0,0.0,4288,0.007587179075926542,4288,0.009142816066741943
0.0016022395575419068,0.0,0.0,0.0,0.0,4289,0.007565726060420275,4289,0.00916796550154686
0.0013586814748123288,0.0,0.0,0.0,0.0,4290,0.0076577807776629925,4290,0.009016462601721287
0.0009827424073591828,0.0,0.0,0.0,0.0,4291,0.007830299437046051,4291,0.0088130421936512
0.0008097103564068675,0.0,0.0,0.0,0.0,4292,0.008083255961537361,4292,0.00889296643435955
0.000655042938888073,0.0,0.0,0.0,0.0,4293,0.008308413438498974,4293,0.008963456377387047
0.001351389684714377,0.0,0.0,0.0,0.0,4294,0.008337323553860188,4294,0.00968871358782053
0.0013112261658534408,0.0,0.0,0.0,0.0,4295,0.008338548243045807,4295,0.009649774059653282
0.0013028274988755584,0.0,0.0,0.0,0.0,4296,0.008296322077512741,4296,0.009599149227142334
0.0013245237059891224,0.0,0.0,0.0,0.0,4297,0.008218818344175816,4297,0.009543342515826225
0.0011535220546647906,0.0,0.0,0.0,0.0,4298,0.008136102929711342,4298,0.009289625100791454
0.00118557782843709,0.0,0.0,0.0,0.0,4299,0.008003517054021358,4299,0.009189095348119736
0.0011511259945109487,0.0,0.0,0.0,0.0,4300,0.00787883810698986,4300,0.009029963985085487
0.0012187055544927716,0.0,0.0,0.0,0.0,4301,0.00778422225266695,4301,0.0090029276907444
0.0011955798836424947,0.0,0.0,0.0,0.0,4302,0.00776229752227664,4302,0.0089578777551651
0.0037545589730143547,0.0,0.0,0.0,0.0,4303,0.007809141650795937,4303,0.011563700623810291
0.007721117231994867,0.0,0.0,0.0,0.0,4304,0.00818282924592495,4304,0.01590394601225853
0.014912287704646587,0.0,0.0,0.0,0.0,4305,0.009030159562826157,4305,0.02394244633615017
0.013975359499454498,0.0,0.0,0.0,0.0,4306,0.010432644747197628,4306,0.0244080051779747
0.011709436774253845,0.0,0.0,0.0,0.0,4307,0.012733100913465023,4307,0.024442538619041443
0.009942642413079739,0.0,0.0,0.0,0.0,4308,0.015579433180391788,4308,0.025522073730826378
0.011007770895957947,0.0,0.0,0.0,0.0,4309,0.017814021557569504,4309,0.02882179245352745
0.009841923601925373,0.0,0.0,0.0,0.0,4310,0.01917693018913269,4310,0.02901885285973549
0.012163786217570305,0.0,0.0,0.0,0.0,4311,0.019166579470038414,4311,0.03133036568760872
0.005910990294069052,0.0,0.0,0.0,0.0,4312,0.017961207777261734,4312,0.023872196674346924
0.005203751847147942,0.0,0.0,0.0,0.0,4313,0.015437706373631954,4313,0.02064145728945732
0.006569541525095701,0.0,0.0,0.0,0.0,4314,0.01248146966099739,4314,0.01905101165175438
0.0017966966843232512,0.0,0.0,0.0,0.0,4315,0.009811832569539547,4315,0.011608529835939407
0.0014523345744237304,0.0,0.0,0.0,0.0,4316,0.007721858564764261,4316,0.009174192324280739
0.004673726856708527,0.0,0.0,0.0,0.0,4317,0.007342190481722355,4317,0.012015917338430882
0.007164857350289822,0.0,0.0,0.0,0.0,4318,0.0076117306016385555,4318,0.01477658748626709
0.004800803028047085,0.0,0.0,0.0,0.0,4319,0.007456830237060785,4319,0.012257632799446583
0.0018907749326899648,0.0,0.0,0.0,0.0,4320,0.007626578211784363,4320,0.009517353028059006
0.000906852656044066,0.0,0.0,0.0,0.0,4321,0.008655896410346031,4321,0.009562749415636063
0.004509002435952425,0.0,0.0,0.0,0.0,4322,0.009736387059092522,4322,0.01424538902938366
0.003870729822665453,0.0,0.0,0.0,0.0,4323,0.010779641568660736,4323,0.014650371856987476
0.0032852524891495705,0.0,0.0,0.0,0.0,4324,0.011139832437038422,4324,0.014425085857510567
0.002843857044354081,0.0,0.0,0.0,0.0,4325,0.010808841325342655,4325,0.013652698136866093
0.002867994597181678,0.0,0.0,0.0,0.0,4326,0.010116814635694027,4326,0.012984809465706348
0.0034558845218271017,0.0,0.0,0.0,0.0,4327,0.009549991227686405,4327,0.01300587598234415
0.0012871521757915616,0.0,0.0,0.0,0.0,4328,0.009304973296821117,4328,0.010592125356197357
0.0013750194339081645,0.0,0.0,0.0,0.0,4329,0.009179409593343735,4329,0.010554429143667221
0.00180898979306221,0.0,0.0,0.0,0.0,4330,0.009024408645927906,4330,0.010833398438990116
0.0032086241990327835,0.0,0.0,0.0,0.0,4331,0.008981814607977867,4331,0.01219043880701065
0.007135795429348946,0.0,0.0,0.0,0.0,4332,0.009199672378599644,4332,0.016335468739271164
0.005769963376224041,0.0,0.0,0.0,0.0,4333,0.009928939864039421,4333,0.015698904171586037
0.0036068325862288475,0.0,0.0,0.0,0.0,4334,0.01136847399175167,4334,0.014975307509303093
0.0036302271764725447,0.0,0.0,0.0,0.0,4335,0.012996784411370754,4335,0.016627011820673943
0.008593802340328693,0.0,0.0,0.0,0.0,4336,0.014464865438640118,4336,0.02305866777896881
0.008205304853618145,0.0,0.0,0.0,0.0,4337,0.01572892814874649,4337,0.02393423393368721
0.0074330591596663,0.0,0.0,0.0,0.0,4338,0.016531633213162422,4338,0.023964691907167435
0.007182375527918339,0.0,0.0,0.0,0.0,4339,0.016515571624040604,4339,0.023697948083281517
0.00740003352984786,0.0,0.0,0.0,0.0,4340,0.015764249488711357,4340,0.023164283484220505
0.006889579351991415,0.0,0.0,0.0,0.0,4341,0.014560025185346603,4341,0.021449605002999306
0.002697970485314727,0.0,0.0,0.0,0.0,4342,0.013060305267572403,4342,0.015758275985717773
0.003967328928411007,0.0,0.0,0.0,0.0,4343,0.0113490866497159,4343,0.015316415578126907
0.002201348077505827,0.0,0.0,0.0,0.0,4344,0.00979337003082037,4344,0.01199471764266491
0.0009408764308318496,0.0,0.0,0.0,0.0,4345,0.008722594939172268,4345,0.009663471020758152
0.0010802067117765546,0.0,0.0,0.0,0.0,4346,0.008069020695984364,4346,0.009149227291345596
0.0021440372802317142,0.0,0.0,0.0,0.0,4347,0.007886406034231186,4347,0.010030442848801613
0.0026680724695324898,0.0,0.0,0.0,0.0,4348,0.00788197573274374,4348,0.01055004820227623
0.0023348769173026085,0.0,0.0,0.0,0.0,4349,0.007873215712606907,4349,0.010208092629909515
0.0014192326925694942,0.0,0.0,0.0,0.0,4350,0.00793957058340311,4350,0.009358802810311317
0.0007353391847573221,0.0,0.0,0.0,0.0,4351,0.00832226313650608,4351,0.009057601913809776
0.0007353120599873364,0.0,0.0,0.0,0.0,4352,0.008907783776521683,4352,0.009643095545470715
0.005590458400547504,0.0,0.0,0.0,0.0,4353,0.009602067060768604,4353,0.015192525461316109
0.00426348065957427,0.0,0.0,0.0,0.0,4354,0.010703971609473228,4354,0.014967452734708786
0.003527918830513954,0.0,0.0,0.0,0.0,4355,0.011737535707652569,4355,0.015265455469489098
0.0031087687239050865,0.0,0.0,0.0,0.0,4356,0.012157601304352283,4356,0.01526637002825737
0.0034559546038508415,0.0,0.0,0.0,0.0,4357,0.011840544641017914,4357,0.01529649831354618
0.0037624172400683165,0.0,0.0,0.0,0.0,4358,0.011157575994729996,4358,0.014919993467628956
0.004229540005326271,0.0,0.0,0.0,0.0,4359,0.010509099811315536,4359,0.014738639816641808
0.00475531117990613,0.0,0.0,0.0,0.0,4360,0.010177584365010262,4360,0.014932896010577679
0.004734567832201719,0.0,0.0,0.0,0.0,4361,0.010229253210127354,4361,0.014963820576667786
0.004122084937989712,0.0,0.0,0.0,0.0,4362,0.010648169554769993,4362,0.014770254492759705
0.0033157297875732183,0.0,0.0,0.0,0.0,4363,0.01130020059645176,4363,0.014615931548178196
0.004542605485767126,0.0,0.0,0.0,0.0,4364,0.011968765407800674,4364,0.016511371359229088
0.00924257468432188,0.0,0.0,0.0,0.0,4365,0.012761891819536686,4365,0.022004466503858566
0.007967891171574593,0.0,0.0,0.0,0.0,4366,0.013772492296993732,4366,0.0217403843998909
0.007944217883050442,0.0,0.0,0.0,0.0,4367,0.014524050056934357,4367,0.022468268871307373
0.007601452060043812,0.0,0.0,0.0,0.0,4368,0.014909361489117146,4368,0.022510813549160957
0.00752604566514492,0.0,0.0,0.0,0.0,4369,0.014857163652777672,4369,0.022383209317922592
0.006467559840530157,0.0,0.0,0.0,0.0,4370,0.014373110607266426,4370,0.02084067091345787
0.006951156537979841,0.0,0.0,0.0,0.0,4371,0.013473741710186005,4371,0.020424898713827133
0.0033175721764564514,0.0,0.0,0.0,0.0,4372,0.01237571332603693,4372,0.015693284571170807
0.001348822726868093,0.0,0.0,0.0,0.0,4373,0.010732547380030155,4373,0.012081369757652283
0.00025270384503528476,0.0,0.0,0.0,0.0,4374,0.008968813344836235,4374,0.009221517480909824
0.0020651742815971375,0.0,0.0,0.0,0.0,4375,0.008485818281769753,4375,0.01055099256336689
0.005212949588894844,0.0,0.0,0.0,0.0,4376,0.008856100961565971,4376,0.01406905148178339
0.004656728822737932,0.0,0.0,0.0,0.0,4377,0.008649521507322788,4377,0.013306249864399433
0.0018267056439071894,0.0,0.0,0.0,0.0,4378,0.008171605877578259,4378,0.009998311288654804
0.0005682770279236138,0.0,0.0,0.0,0.0,4379,0.008524967357516289,4379,0.009093244560062885
0.0009736727806739509,0.0,0.0,0.0,0.0,4380,0.0096927210688591,4380,0.010666393674910069
0.001348874531686306,0.0,0.0,0.0,0.0,4381,0.010447249747812748,4381,0.011796125210821629
0.0013607178116217256,0.0,0.0,0.0,0.0,4382,0.010319625027477741,4382,0.011680342257022858
0.0012157321907579899,0.0,0.0,0.0,0.0,4383,0.009411858394742012,4383,0.010627590119838715
0.0005710650002583861,0.0,0.0,0.0,0.0,4384,0.008430839516222477,4384,0.009001904167234898
0.0010423451894894242,0.0,0.0,0.0,0.0,4385,0.007675607223063707,4385,0.00871795229613781
0.0020410059951245785,0.0,0.0,0.0,0.0,4386,0.007318370975553989,4386,0.00935937650501728
0.002632532501593232,0.0,0.0,0.0,0.0,4387,0.0071762786246836185,4387,0.00980881042778492
0.00179076730273664,0.0,0.0,0.0,0.0,4388,0.0071475268341600895,4388,0.008938293904066086
0.002029275055974722,0.0,0.0,0.0,0.0,4389,0.007346480619162321,4389,0.009375755675137043
0.003255408024415374,0.0,0.0,0.0,0.0,4390,0.007995628751814365,4390,0.011251037940382957
0.005694042891263962,0.0,0.0,0.0,0.0,4391,0.009051783010363579,4391,0.01474582590162754
0.004055262543261051,0.0,0.0,0.0,0.0,4392,0.010690869763493538,4392,0.014746132306754589
0.01004286203533411,0.0,0.0,0.0,0.0,4393,0.012121179141104221,4393,0.02216404303908348
0.008942733518779278,0.0,0.0,0.0,0.0,4394,0.01350382063537836,4394,0.02244655415415764
0.008297547698020935,0.0,0.0,0.0,0.0,4395,0.014421484433114529,4395,0.02271903306245804
0.008066512644290924,0.0,0.0,0.0,0.0,4396,0.014604877680540085,4396,0.02267138846218586
0.008264604024589062,0.0,0.0,0.0,0.0,4397,0.014007463119924068,4397,0.02227206341922283
0.008768207393586636,0.0,0.0,0.0,0.0,4398,0.013026012107729912,4398,0.021794216707348824
0.0032801320776343346,0.0,0.0,0.0,0.0,4399,0.012009868398308754,4399,0.015290000475943089
0.004258401691913605,0.0,0.0,0.0,0.0,4400,0.010817782953381538,4400,0.015076185576617718
0.0018224749946966767,0.0,0.0,0.0,0.0,4401,0.009658494032919407,4401,0.011480969376862049
0.000683989142999053,0.0,0.0,0.0,0.0,4402,0.008626017719507217,4402,0.009310007095336914
0.0009889067150652409,0.0,0.0,0.0,0.0,4403,0.00793764740228653,4403,0.008926553651690483
0.0011430376907810569,0.0,0.0,0.0,0.0,4404,0.0076429457403719425,4404,0.008785983547568321
0.0011055635986849666,0.0,0.0,0.0,0.0,4405,0.007580033037811518,4405,0.008685596287250519
0.001061851973645389,0.0,0.0,0.0,0.0,4406,0.0075990078039467335,4406,0.008660859428346157
0.0010923126246780157,0.0,0.0,0.0,0.0,4407,0.00769403949379921,4407,0.008786352351307869
0.000611353141721338,0.0,0.0,0.0,0.0,4408,0.007864038459956646,4408,0.008475391194224358
0.0006687521818093956,0.0,0.0,0.0,0.0,4409,0.008096456527709961,4409,0.008765208534896374
0.0009264846448786557,0.0,0.0,0.0,0.0,4410,0.008369098417460918,4410,0.00929558277130127
0.0006140301702544093,0.0,0.0,0.0,0.0,4411,0.008711172267794609,4411,0.00932520255446434
0.0007121561211533844,0.0,0.0,0.0,0.0,4412,0.008876590058207512,4412,0.009588746353983879
0.0007253026706166565,0.0,0.0,0.0,0.0,4413,0.008743946440517902,4413,0.009469249285757542
0.0006769660976715386,0.0,0.0,0.0,0.0,4414,0.008380690589547157,4414,0.009057656861841679
0.000978807918727398,0.0,0.0,0.0,0.0,4415,0.007993780076503754,4415,0.008972587995231152
0.0012614460429176688,0.0,0.0,0.0,0.0,4416,0.007739396300166845,4416,0.009000842459499836
0.003591701155528426,0.0,0.0,0.0,0.0,4417,0.007657711859792471,4417,0.011249412782490253
0.0031355712562799454,0.0,0.0,0.0,0.0,4418,0.007947036065161228,4418,0.011082607321441174
0.006792459636926651,0.0,0.0,0.0,0.0,4419,0.008648344315588474,4419,0.015440803952515125
0.0050257183611392975,0.0,0.0,0.0,0.0,4420,0.009943712502717972,4420,0.014969429932534695
0.004502435214817524,0.0,0.0,0.0,0.0,4421,0.011305492371320724,4421,0.015807926654815674
0.003944462165236473,0.0,0.0,0.0,0.0,4422,0.012484592385590076,4422,0.016429055482149124
0.0035398337058722973,0.0,0.0,0.0,0.0,4423,0.013181224465370178,4423,0.016721058636903763
0.0039284806698560715,0.0,0.0,0.0,0.0,4424,0.013122797943651676,4424,0.017051277682185173
0.004264333751052618,0.0,0.0,0.0,0.0,4425,0.012457397766411304,4425,0.016721731051802635
0.003991081379354,0.0,0.0,0.0,0.0,4426,0.011536999605596066,4426,0.015528082847595215
0.00407019816339016,0.0,0.0,0.0,0.0,4427,0.010089529678225517,4427,0.014159727841615677
0.005381864495575428,0.0,0.0,0.0,0.0,4428,0.008865992538630962,4428,0.01424785703420639
0.007361704017966986,0.0,0.0,0.0,0.0,4429,0.008248251862823963,4429,0.015609954483807087
0.007520938757807016,0.0,0.0,0.0,0.0,4430,0.008153066970407963,4430,0.015674006193876266
0.0066165681928396225,0.0,0.0,0.0,0.0,4431,0.008510854095220566,4431,0.015127422288060188
0.005284077487885952,0.0,0.0,0.0,0.0,4432,0.00924648903310299,4432,0.014530565589666367
0.011284508742392063,0.0,0.0,0.0,0.0,4433,0.010132730938494205,4433,0.02141723968088627
0.010298910550773144,0.0,0.0,0.0,0.0,4434,0.011062771081924438,4434,0.021361680701375008
0.009585213847458363,0.0,0.0,0.0,0.0,4435,0.011640826240181923,4435,0.02122603915631771
0.009091339074075222,0.0,0.0,0.0,0.0,4436,0.011689407750964165,4436,0.020780745893716812
0.005688893608748913,0.0,0.0,0.0,0.0,4437,0.011343798600137234,4437,0.017032692208886147
0.0007323738536797464,0.0,0.0,0.0,0.0,4438,0.01077341753989458,4438,0.011505789123475552
0.0011822102824226022,0.0,0.0,0.0,0.0,4439,0.009869133122265339,4439,0.011051342822611332
0.0015343453269451857,0.0,0.0,0.0,0.0,4440,0.009214130230247974,4440,0.010748475790023804
0.0013533157762140036,0.0,0.0,0.0,0.0,4441,0.008758870884776115,4441,0.010112186893820763
0.0022568260319530964,0.0,0.0,0.0,0.0,4442,0.00853960681706667,4442,0.010796433314681053
0.002277617109939456,0.0,0.0,0.0,0.0,4443,0.008385284803807735,4443,0.010662902146577835
0.0014518516836687922,0.0,0.0,0.0,0.0,4444,0.008268529549241066,4444,0.00972038134932518
0.0013034663861617446,0.0,0.0,0.0,0.0,4445,0.008315486833453178,4445,0.009618952870368958
0.0007483119843527675,0.0,0.0,0.0,0.0,4446,0.008641956374049187,4446,0.009390268474817276
0.0011027941945940256,0.0,0.0,0.0,0.0,4447,0.008898825384676456,4447,0.010001619346439838
0.0011762805515900254,0.0,0.0,0.0,0.0,4448,0.008680588565766811,4448,0.009856869466602802
0.001249267952516675,0.0,0.0,0.0,0.0,4449,0.008047395385801792,4449,0.009296663105487823
0.0011079291580244899,0.0,0.0,0.0,0.0,4450,0.0074231429025530815,4450,0.008531071245670319
0.0017552493372932076,0.0,0.0,0.0,0.0,4451,0.006957202684134245,4451,0.00871245190501213
0.0018794018542394042,0.0,0.0,0.0,0.0,4452,0.006739369127899408,4452,0.008618771098554134
0.001750623108819127,0.0,0.0,0.0,0.0,4453,0.006648557726293802,4453,0.008399181067943573
0.0015567524824291468,0.0,0.0,0.0,0.0,4454,0.00670600775629282,4454,0.008262760005891323
0.0015968797961249948,0.0,0.0,0.0,0.0,4455,0.006902184337377548,4455,0.008499064482748508
0.0019917094614356756,0.0,0.0,0.0,0.0,4456,0.00721871480345726,4456,0.00921042449772358
0.0014485535211861134,0.0,0.0,0.0,0.0,4457,0.007555140648037195,4457,0.009003695100545883
0.0036694726441055536,0.0,0.0,0.0,0.0,4458,0.007708805147558451,4458,0.011378278024494648
0.009384523145854473,0.0,0.0,0.0,0.0,4459,0.00789058767259121,4459,0.017275109887123108
0.014561734162271023,0.0,0.0,0.0,0.0,4460,0.008344978094100952,4460,0.02290671318769455
0.014157849363982677,0.0,0.0,0.0,0.0,4461,0.009077545255422592,4461,0.023235395550727844
0.011514847166836262,0.0,0.0,0.0,0.0,4462,0.010413609445095062,4462,0.0219284575432539
0.010809789411723614,0.0,0.0,0.0,0.0,4463,0.012375416234135628,4463,0.023185202851891518
0.008161391131579876,0.0,0.0,0.0,0.0,4464,0.014562226831912994,4464,0.022723620757460594
0.007476700935512781,0.0,0.0,0.0,0.0,4465,0.015917649492621422,4465,0.023394349962472916
0.007131938356906176,0.0,0.0,0.0,0.0,4466,0.016197379678487778,4466,0.023329317569732666
0.007345197256654501,0.0,0.0,0.0,0.0,4467,0.015394342131912708,4467,0.02273954078555107
0.008311073295772076,0.0,0.0,0.0,0.0,4468,0.013974037021398544,4468,0.022285111248493195
0.0034211049787700176,0.0,0.0,0.0,0.0,4469,0.01220682356506586,4469,0.01562792994081974
0.0025346041657030582,0.0,0.0,0.0,0.0,4470,0.010431659407913685,4470,0.01296626403927803
0.0005273164715617895,0.0,0.0,0.0,0.0,4471,0.008434399962425232,4471,0.008961716666817665
0.00195809593424201,0.0,0.0,0.0,0.0,4472,0.007337907329201698,4472,0.009296002797782421
0.0045082843862473965,0.0,0.0,0.0,0.0,4473,0.007357542868703604,4473,0.011865827254951
0.005219916347414255,0.0,0.0,0.0,0.0,4474,0.007355205714702606,4474,0.012575121596455574
0.00257567479275167,0.0,0.0,0.0,0.0,4475,0.007054534275084734,4475,0.00963020883500576
0.0008554974920116365,0.0,0.0,0.0,0.0,4476,0.00733670499175787,4476,0.00819220207631588
0.001016749069094658,0.0,0.0,0.0,0.0,4477,0.008288301527500153,4477,0.00930505059659481
0.0011952529894188046,0.0,0.0,0.0,0.0,4478,0.009181221947073936,4478,0.01037647482007742
0.0014700042083859444,0.0,0.0,0.0,0.0,4479,0.009137294255197048,4479,0.010607298463582993
0.0010414526332169771,0.0,0.0,0.0,0.0,4480,0.008571243844926357,4480,0.00961269624531269
0.0015336405485868454,0.0,0.0,0.0,0.0,4481,0.007573965936899185,4481,0.00910760648548603
0.002123368438333273,0.0,0.0,0.0,0.0,4482,0.006715433672070503,4482,0.008838802576065063
0.003209903137758374,0.0,0.0,0.0,0.0,4483,0.00639429222792387,4483,0.0096041951328516
0.0038600664120167494,0.0,0.0,0.0,0.0,4484,0.006329956464469433,4484,0.010190023109316826
0.0036541596055030823,0.0,0.0,0.0,0.0,4485,0.006284844595938921,4485,0.009939003735780716
0.001796230673789978,0.0,0.0,0.0,0.0,4486,0.0064835334196686745,4486,0.008279764093458652
0.005269722547382116,0.0,0.0,0.0,0.0,4487,0.007060289848595858,4487,0.012330012395977974
0.007495050318539143,0.0,0.0,0.0,0.0,4488,0.008228868246078491,4488,0.01572391763329506
0.0053632622584700584,0.0,0.0,0.0,0.0,4489,0.009912654757499695,4489,0.015275917015969753
0.0032617305405437946,0.0,0.0,0.0,0.0,4490,0.011761453934013844,4490,0.01502318400889635
0.0026879990473389626,0.0,0.0,0.0,0.0,4491,0.013070001266896725,4491,0.015758000314235687
0.0025017240550369024,0.0,0.0,0.0,0.0,4492,0.013226008974015713,4492,0.015727732330560684
0.0031306850723922253,0.0,0.0,0.0,0.0,4493,0.012229565531015396,4493,0.015360252000391483
0.003762689884752035,0.0,0.0,0.0,0.0,4494,0.010874204337596893,4494,0.014636892825365067
0.00495523726567626,0.0,0.0,0.0,0.0,4495,0.009514671750366688,4495,0.01446990855038166
0.0056446329690515995,0.0,0.0,0.0,0.0,4496,0.008740104734897614,4496,0.014384737238287926
0.002341724233701825,0.0,0.0,0.0,0.0,4497,0.00839804857969284,4497,0.010739772580564022
0.002581037813797593,0.0,0.0,0.0,0.0,4498,0.008286681026220322,4498,0.010867718607187271
0.0024295938201248646,0.0,0.0,0.0,0.0,4499,0.008387035690248013,4499,0.010816629976034164
0.0019788527861237526,0.0,0.0,0.0,0.0,4500,0.008695418015122414,4500,0.010674270801246166
0.005321583244949579,0.0,0.0,0.0,0.0,4501,0.00903372559696436,4501,0.0143553102388978
0.004146215505897999,0.0,0.0,0.0,0.0,4502,0.009881849400699139,4502,0.014028064906597137
0.009222719818353653,0.0,0.0,0.0,0.0,4503,0.010897580534219742,4503,0.020120300352573395
0.008072244003415108,0.0,0.0,0.0,0.0,4504,0.012044759467244148,4504,0.020117003470659256
0.007275731302797794,0.0,0.0,0.0,0.0,4505,0.012675571255385876,4505,0.01995130255818367
0.007028267718851566,0.0,0.0,0.0,0.0,4506,0.012818346731364727,4506,0.019846614450216293
0.007279443088918924,0.0,0.0,0.0,0.0,4507,0.012429836206138134,4507,0.019709279760718346
0.007654370740056038,0.0,0.0,0.0,0.0,4508,0.011814759112894535,4508,0.019469130784273148
0.0038528633303940296,0.0,0.0,0.0,0.0,4509,0.01125677116215229,4509,0.015109634026885033
0.0008931175107136369,0.0,0.0,0.0,0.0,4510,0.010374946519732475,4510,0.011268063448369503
0.0005729531403630972,0.0,0.0,0.0,0.0,4511,0.00900127924978733,4511,0.009574232622981071
0.0006214437889866531,0.0,0.0,0.0,0.0,4512,0.008145359344780445,4512,0.008766802959144115
0.0019165461417287588,0.0,0.0,0.0,0.0,4513,0.00787139218300581,4513,0.009787938557565212
0.002510339254513383,0.0,0.0,0.0,0.0,4514,0.007794285658746958,4514,0.010304625146090984
0.0012688260758295655,0.0,0.0,0.0,0.0,4515,0.007659185212105513,4515,0.008928011171519756
0.0010559133952483535,0.0,0.0,0.0,0.0,4516,0.007740199565887451,4516,0.00879611261188984
0.0008040419197641313,0.0,0.0,0.0,0.0,4517,0.008243362419307232,4517,0.009047403931617737
0.0005971684586256742,0.0,0.0,0.0,0.0,4518,0.008994017727673054,4518,0.009591186419129372
0.0008561574504710734,0.0,0.0,0.0,0.0,4519,0.009303058497607708,4519,0.01015921588987112
0.0007900830241851509,0.0,0.0,0.0,0.0,4520,0.008834914304316044,4520,0.009624997153878212
0.0009250463917851448,0.0,0.0,0.0,0.0,4521,0.007942697033286095,4521,0.00886774342507124
0.0017485860735177994,0.0,0.0,0.0,0.0,4522,0.007220329251140356,4522,0.008968915790319443
0.0026457265485078096,0.0,0.0,0.0,0.0,4523,0.006793695036321878,4523,0.009439420886337757
0.0028397906571626663,0.0,0.0,0.0,0.0,4524,0.006649841088801622,4524,0.009489632211625576
0.00240622041746974,0.0,0.0,0.0,0.0,4525,0.006729317829012871,4525,0.009135538712143898
0.0016137284692376852,0.0,0.0,0.0,0.0,4526,0.0070677250623703,4526,0.008681452833116055
0.0028664092533290386,0.0,0.0,0.0,0.0,4527,0.007527925074100494,4527,0.010394333861768246
0.00599490525200963,0.0,0.0,0.0,0.0,4528,0.008152754977345467,4528,0.014147660695016384
0.004508617799729109,0.0,0.0,0.0,0.0,4529,0.009217442013323307,4529,0.013726059347391129
0.003935089334845543,0.0,0.0,0.0,0.0,4530,0.010282746516168118,4530,0.01421783585101366
0.009492505341768265,0.0,0.0,0.0,0.0,4531,0.011216012760996819,4531,0.020708518102765083
0.00863290298730135,0.0,0.0,0.0,0.0,4532,0.012177608907222748,4532,0.020810510963201523
0.008597495034337044,0.0,0.0,0.0,0.0,4533,0.012825225479900837,4533,0.021422721445560455
0.008186767809092999,0.0,0.0,0.0,0.0,4534,0.013009108603000641,4534,0.021195875480771065
0.009061932563781738,0.0,0.0,0.0,0.0,4535,0.012742104940116405,4535,0.02180403843522072
0.00931569468230009,0.0,0.0,0.0,0.0,4536,0.012257058173418045,4536,0.02157275378704071
0.009600899182260036,0.0,0.0,0.0,0.0,4537,0.011732700280845165,4537,0.0213335994631052
0.00385047378949821,0.0,0.0,0.0,0.0,4538,0.011341576464474201,4538,0.015192050486803055
0.0038362694904208183,0.0,0.0,0.0,0.0,4539,0.010654447600245476,4539,0.014490718021988869
0.0015808207681402564,0.0,0.0,0.0,0.0,4540,0.009498156607151031,4540,0.011078977026045322
0.0008704321226105094,0.0,0.0,0.0,0.0,4541,0.008325201459228992,4541,0.009195633232593536
0.00048248295206576586,0.0,0.0,0.0,0.0,4542,0.007322690915316343,4542,0.007805173750966787
0.002478602109476924,0.0,0.0,0.0,0.0,4543,0.007151276338845491,4543,0.009629878215491772
0.0029932642355561256,0.0,0.0,0.0,0.0,4544,0.007194954436272383,4544,0.010188218206167221
0.0024560820311307907,0.0,0.0,0.0,0.0,4545,0.007056004833430052,4545,0.00951208733022213
0.0006772359483875334,0.0,0.0,0.0,0.0,4546,0.007084797136485577,4546,0.007762033026665449
0.0007682500872761011,0.0,0.0,0.0,0.0,4547,0.00764851551502943,4547,0.008416765369474888
0.0013450082624331117,0.0,0.0,0.0,0.0,4548,0.008267560973763466,4548,0.009612569585442543
0.0013422125484794378,0.0,0.0,0.0,0.0,4549,0.008178169839084148,4549,0.00952038262039423
0.0008998851990327239,0.0,0.0,0.0,0.0,4550,0.007451147306710482,4550,0.008351032622158527
0.0013368235668167472,0.0,0.0,0.0,0.0,4551,0.0067683011293411255,4551,0.008105124346911907
0.002401144942268729,0.0,0.0,0.0,0.0,4552,0.006423610262572765,4552,0.008824755437672138
0.0028025528881698847,0.0,0.0,0.0,0.0,4553,0.006305138114839792,4553,0.00910769123584032
0.0019041907507926226,0.0,0.0,0.0,0.0,4554,0.0063350205309689045,4554,0.00823921151459217
0.0022826085332781076,0.0,0.0,0.0,0.0,4555,0.006639142520725727,4555,0.008921750821173191
0.008558628149330616,0.0,0.0,0.0,0.0,4556,0.007263366598635912,4556,0.015821995213627815
0.006811723578721285,0.0,0.0,0.0,0.0,4557,0.008544299751520157,4557,0.015356022864580154
0.005055652931332588,0.0,0.0,0.0,0.0,4558,0.009886090643703938,4558,0.014941743575036526
0.00376231805421412,0.0,0.0,0.0,0.0,4559,0.01097807940095663,4559,0.014740397222340107
0.0033946840558201075,0.0,0.0,0.0,0.0,4560,0.011501852422952652,4560,0.014896536245942116
0.0034163319505751133,0.0,0.0,0.0,0.0,4561,0.011300926096737385,4561,0.014717258512973785
0.0034289644099771976,0.0,0.0,0.0,0.0,4562,0.010407975874841213,4562,0.013836939819157124
0.004416818264871836,0.0,0.0,0.0,0.0,4563,0.009374151937663555,4563,0.013790970668196678
0.0005539806443266571,0.0,0.0,0.0,0.0,4564,0.008467122912406921,4564,0.009021103382110596
0.0014456968056038022,0.0,0.0,0.0,0.0,4565,0.0075843241065740585,4565,0.009030020795762539
0.00206808652728796,0.0,0.0,0.0,0.0,4566,0.007185440510511398,4566,0.009253527037799358
0.002779844682663679,0.0,0.0,0.0,0.0,4567,0.007063962519168854,4567,0.00984380766749382
0.002635946962982416,0.0,0.0,0.0,0.0,4568,0.007066807243973017,4568,0.009702754206955433
0.0012020532740280032,0.0,0.0,0.0,0.0,4569,0.007196796592324972,4569,0.00839884951710701
0.0005639742594212294,0.0,0.0,0.0,0.0,4570,0.0074878535233438015,4570,0.008051827549934387
0.0005001669633202255,0.0,0.0,0.0,0.0,4571,0.007689154241234064,4571,0.008189321495592594
0.0006804363219998777,0.0,0.0,0.0,0.0,4572,0.007781528402119875,4572,0.008461964316666126
0.0007873168215155602,0.0,0.0,0.0,0.0,4573,0.00759920384734869,4573,0.00838652066886425
0.0010571475140750408,0.0,0.0,0.0,0.0,4574,0.007218377199023962,4574,0.008275524713099003
0.0014710553223267198,0.0,0.0,0.0,0.0,4575,0.006822373252362013,4575,0.00829342845827341
0.0009685232653282583,0.0,0.0,0.0,0.0,4576,0.006567227654159069,4576,0.007535750512033701
0.0011634562397375703,0.0,0.0,0.0,0.0,4577,0.00632694736123085,4577,0.007490403484553099
0.0013625886058434844,0.0,0.0,0.0,0.0,4578,0.006101190112531185,4578,0.007463778369128704
0.0015099282609298825,0.0,0.0,0.0,0.0,4579,0.005959656555205584,4579,0.007469584699720144
0.0014762564096599817,0.0,0.0,0.0,0.0,4580,0.005920495837926865,4580,0.007396752014756203
0.0026499277446419,0.0,0.0,0.0,0.0,4581,0.005963374860584736,4581,0.008613302372395992
0.0019502420909702778,0.0,0.0,0.0,0.0,4582,0.0061897714622318745,4582,0.008140013553202152
0.00405133655294776,0.0,0.0,0.0,0.0,4583,0.006442948244512081,4583,0.010494284331798553
0.01661183498799801,0.0,0.0,0.0,0.0,4584,0.006927464623004198,4584,0.02353929914534092
0.01602405495941639,0.0,0.0,0.0,0.0,4585,0.007965948432683945,4585,0.023990003392100334
0.013208362273871899,0.0,0.0,0.0,0.0,4586,0.00926634669303894,4586,0.022474711760878563
0.011393035762012005,0.0,0.0,0.0,0.0,4587,0.010819047689437866,4587,0.022212082520127296
0.01181307714432478,0.0,0.0,0.0,0.0,4588,0.011969412676990032,4588,0.02378249168395996
0.01228824071586132,0.0,0.0,0.0,0.0,4589,0.01292917039245367,4589,0.025217410176992416
0.011464010924100876,0.0,0.0,0.0,0.0,4590,0.013346634805202484,4590,0.02481064572930336
0.0111777288839221,0.0,0.0,0.0,0.0,4591,0.01337393093854189,4591,0.02455165795981884
0.00864165648818016,0.0,0.0,0.0,0.0,4592,0.013018849305808544,4592,0.02166050672531128
0.007870801724493504,0.0,0.0,0.0,0.0,4593,0.012337866239249706,4593,0.02020866796374321
0.002476330380886793,0.0,0.0,0.0,0.0,4594,0.011389669962227345,4594,0.01386599987745285
0.0023381575010716915,0.0,0.0,0.0,0.0,4595,0.009979382157325745,4595,0.012317540124058723
0.0010756426490843296,0.0,0.0,0.0,0.0,4596,0.007898597978055477,4596,0.008974241092801094
0.0015172659186646342,0.0,0.0,0.0,0.0,4597,0.006904073059558868,4597,0.008421339094638824
0.005416220985352993,0.0,0.0,0.0,0.0,4598,0.006977452430874109,4598,0.01239367388188839
0.004711524583399296,0.0,0.0,0.0,0.0,4599,0.006954801734536886,4599,0.011666325852274895
0.002223134506493807,0.0,0.0,0.0,0.0,4600,0.006713302806019783,4600,0.008936436846852303
0.0007393640116788447,0.0,0.0,0.0,0.0,4601,0.00713405292481184,4601,0.007873416878283024
0.0009422845323570073,0.0,0.0,0.0,0.0,4602,0.008031006902456284,4602,0.008973291143774986
0.001138471532613039,0.0,0.0,0.0,0.0,4603,0.00870156567543745,4603,0.009840037673711777
0.0012176899472251534,0.0,0.0,0.0,0.0,4604,0.008668491616845131,4604,0.00988618191331625
0.0011382787488400936,0.0,0.0,0.0,0.0,4605,0.00796268880367279,4605,0.009100968018174171
0.001981174573302269,0.0,0.0,0.0,0.0,4606,0.007147636264562607,4606,0.009128810837864876
0.002609570976346731,0.0,0.0,0.0,0.0,4607,0.00651503074914217,4607,0.009124601259827614
0.002165010664612055,0.0,0.0,0.0,0.0,4608,0.006284956820309162,4608,0.008449967950582504
0.0038749428931623697,0.0,0.0,0.0,0.0,4609,0.0062048472464084625,4609,0.010079789906740189
0.003090132726356387,0.0,0.0,0.0,0.0,4610,0.006262263748794794,4610,0.009352396242320538
0.001570052932947874,0.0,0.0,0.0,0.0,4611,0.0065617370419204235,4611,0.008131789974868298
0.00277554034255445,0.0,0.0,0.0,0.0,4612,0.007138442248106003,4612,0.009913982823491096
0.005782518535852432,0.0,0.0,0.0,0.0,4613,0.007926074787974358,4613,0.013708592392504215
0.004155708942562342,0.0,0.0,0.0,0.0,4614,0.00879761390388012,4614,0.012953322380781174
0.0032511961180716753,0.0,0.0,0.0,0.0,4615,0.009639589115977287,4615,0.012890785001218319
0.0034631674643605947,0.0,0.0,0.0,0.0,4616,0.010103539563715458,4616,0.013566707260906696
0.0033934456296265125,0.0,0.0,0.0,0.0,4617,0.01010898593813181,4617,0.013502432964742184
0.0032810599077492952,0.0,0.0,0.0,0.0,4618,0.009741670452058315,4618,0.013022730126976967
0.0036623410414904356,0.0,0.0,0.0,0.0,4619,0.009308305568993092,4619,0.01297064684331417
0.0042473329231143,0.0,0.0,0.0,0.0,4620,0.009071212261915207,4620,0.013318545185029507
0.004465989302843809,0.0,0.0,0.0,0.0,4621,0.008872914128005505,4621,0.013338902965188026
0.011673134751617908,0.0,0.0,0.0,0.0,4622,0.008848173543810844,4622,0.020521309226751328
0.010584153234958649,0.0,0.0,0.0,0.0,4623,0.009279368445277214,4623,0.019863521680235863
0.009228955954313278,0.0,0.0,0.0,0.0,4624,0.010045001283288002,4624,0.01927395723760128
0.008787821978330612,0.0,0.0,0.0,0.0,4625,0.011265287175774574,4625,0.020053109154105186
0.007921675220131874,0.0,0.0,0.0,0.0,4626,0.012376794591546059,4626,0.020298469811677933
0.009541252627968788,0.0,0.0,0.0,0.0,4627,0.012938660569489002,4627,0.022479914128780365
0.008991691283881664,0.0,0.0,0.0,0.0,4628,0.01320695225149393,4628,0.022198643535375595
0.006775737274438143,0.0,0.0,0.0,0.0,4629,0.013299135491251945,4629,0.0200748723000288
0.0014036481734365225,0.0,0.0,0.0,0.0,4630,0.0128133874386549,4630,0.014217035844922066
0.0007892921566963196,0.0,0.0,0.0,0.0,4631,0.01154347974807024,4631,0.012332770973443985
0.0009638702031224966,0.0,0.0,0.0,0.0,4632,0.009769179858267307,4632,0.010733050294220448
0.0015509275253862143,0.0,0.0,0.0,0.0,4633,0.00830695778131485,4633,0.009857885539531708
0.001405978691764176,0.0,0.0,0.0,0.0,4634,0.007521498948335648,4634,0.008927477523684502
0.0034045909997075796,0.0,0.0,0.0,0.0,4635,0.007383690681308508,4635,0.01078828051686287
0.0030888125766068697,0.0,0.0,0.0,0.0,4636,0.007253868039697409,4636,0.010342680849134922
0.0015711968299001455,0.0,0.0,0.0,0.0,4637,0.006972871720790863,4637,0.008544068783521652
0.0005097425309941173,0.0,0.0,0.0,0.0,4638,0.007064355071634054,4638,0.007574097719043493
0.0007643226999789476,0.0,0.0,0.0,0.0,4639,0.0074685788713395596,4639,0.00823290180414915
0.0007440167828463018,0.0,0.0,0.0,0.0,4640,0.007843883708119392,4640,0.008587900549173355
0.0002844753907993436,0.0,0.0,0.0,0.0,4641,0.007760019972920418,4641,0.00804449524730444
0.0008887531002983451,0.0,0.0,0.0,0.0,4642,0.007327020168304443,4642,0.008215772919356823
0.0012098088627681136,0.0,0.0,0.0,0.0,4643,0.006690822541713715,4643,0.007900631055235863
0.0015573566779494286,0.0,0.0,0.0,0.0,4644,0.006228071637451649,4644,0.007785428781062365
0.0021834562066942453,0.0,0.0,0.0,0.0,4645,0.00593670504167676,4645,0.008120161481201649
0.0026689472142606974,0.0,0.0,0.0,0.0,4646,0.005821338854730129,4646,0.008490285836160183
0.0023459340445697308,0.0,0.0,0.0,0.0,4647,0.005841349717229605,4647,0.008187283761799335
0.00316277495585382,0.0,0.0,0.0,0.0,4648,0.00602984894067049,4648,0.00919262319803238
0.0025978104677051306,0.0,0.0,0.0,0.0,4649,0.006429842207580805,4649,0.009027652442455292
0.002309457864612341,0.0,0.0,0.0,0.0,4650,0.0068061514757573605,4650,0.009115610271692276
0.0020675742998719215,0.0,0.0,0.0,0.0,4651,0.006835045292973518,4651,0.008902620524168015
0.0018146155634894967,0.0,0.0,0.0,0.0,4652,0.006546763237565756,4652,0.00836137868463993
0.0019395638955757022,0.0,0.0,0.0,0.0,4653,0.006179339252412319,4653,0.008118902333080769
0.0021004383452236652,0.0,0.0,0.0,0.0,4654,0.005973742343485355,4654,0.008074181154370308
0.000994651927612722,0.0,0.0,0.0,0.0,4655,0.005972832906991243,4655,0.006967484951019287
0.0009633044246584177,0.0,0.0,0.0,0.0,4656,0.006020786706358194,4656,0.006984091363847256
0.0008872049511410296,0.0,0.0,0.0,0.0,4657,0.006100144237279892,4657,0.006987349130213261
0.0007929379353299737,0.0,0.0,0.0,0.0,4658,0.006184580270200968,4658,0.006977518554776907
0.0007538501522503793,0.0,0.0,0.0,0.0,4659,0.006237785331904888,4659,0.006991635542362928
0.0032276965212076902,0.0,0.0,0.0,0.0,4660,0.006229461636394262,4660,0.009457157924771309
0.012854296714067459,0.0,0.0,0.0,0.0,4661,0.006508762948215008,4661,0.019363058730959892
0.01587042026221752,0.0,0.0,0.0,0.0,4662,0.007421053014695644,4662,0.02329147420823574
0.013742846436798573,0.0,0.0,0.0,0.0,4663,0.008951778523623943,4663,0.022694624960422516
0.01153959147632122,0.0,0.0,0.0,0.0,4664,0.010456046089529991,4664,0.02199563942849636
0.01162260863929987,0.0,0.0,0.0,0.0,4665,0.011654641479253769,4665,0.023277249187231064
0.010904963128268719,0.0,0.0,0.0,0.0,4666,0.01207974273711443,4666,0.022984705865383148
0.008953414857387543,0.0,0.0,0.0,0.0,4667,0.01168863009661436,4667,0.020642045885324478
0.009018540382385254,0.0,0.0,0.0,0.0,4668,0.010760540142655373,4668,0.019779080525040627
0.0009826435707509518,0.0,0.0,0.0,0.0,4669,0.009894207119941711,4669,0.01087685115635395
0.0008933168137446046,0.0,0.0,0.0,0.0,4670,0.008705812506377697,4670,0.009599129669368267
0.0009139735484495759,0.0,0.0,0.0,0.0,4671,0.0074557289481163025,4671,0.008369702845811844
0.003456805134192109,0.0,0.0,0.0,0.0,4672,0.007138013374060392,4672,0.010594818741083145
0.006521046161651611,0.0,0.0,0.0,0.0,4673,0.007246740162372589,4673,0.0137677863240242
0.004633700475096703,0.0,0.0,0.0,0.0,4674,0.007141473237425089,4674,0.011775173246860504
0.0017036495264619589,0.0,0.0,0.0,0.0,4675,0.007090577390044928,4675,0.008794226683676243
0.0002720720658544451,0.0,0.0,0.0,0.0,4676,0.007541359402239323,4676,0.007813431322574615
0.00037671058089472353,0.0,0.0,0.0,0.0,4677,0.008197342045605183,4677,0.008574052713811398
0.0009079304290935397,0.0,0.0,0.0,0.0,4678,0.008506272919476032,4678,0.009414203464984894
0.0008564850431866944,0.0,0.0,0.0,0.0,4679,0.00827612541615963,4679,0.009132610633969307
0.0004855293082073331,0.0,0.0,0.0,0.0,4680,0.007418935652822256,4680,0.007904465310275555
0.001256856950931251,0.0,0.0,0.0,0.0,4681,0.006616401020437479,4681,0.007873257622122765
0.002375924726948142,0.0,0.0,0.0,0.0,4682,0.0062455227598547935,4682,0.00862144771963358
0.002453411929309368,0.0,0.0,0.0,0.0,4683,0.006142693106085062,4683,0.008596105501055717
0.0015348356682807207,0.0,0.0,0.0,0.0,4684,0.006268320605158806,4684,0.007803156040608883
0.002960758749395609,0.0,0.0,0.0,0.0,4685,0.006678543519228697,4685,0.009639302268624306
0.005976597312837839,0.0,0.0,0.0,0.0,4686,0.007406985387206078,4686,0.013383584097027779
0.004556150641292334,0.0,0.0,0.0,0.0,4687,0.008333519101142883,4687,0.012889670208096504
0.0038267357740551233,0.0,0.0,0.0,0.0,4688,0.009238681755959988,4688,0.013065417297184467
0.00320609612390399,0.0,0.0,0.0,0.0,4689,0.009761728346347809,4689,0.012967824004590511
0.0028991997241973877,0.0,0.0,0.0,0.0,4690,0.00972288753837347,4690,0.012622087262570858
0.0037227622233331203,0.0,0.0,0.0,0.0,4691,0.009267096407711506,4691,0.012989858165383339
0.004058972466737032,0.0,0.0,0.0,0.0,4692,0.008794352412223816,4692,0.012853325344622135
0.004397185984998941,0.0,0.0,0.0,0.0,4693,0.008523782715201378,4693,0.012920968234539032
0.00441390136256814,0.0,0.0,0.0,0.0,4694,0.008548997342586517,4694,0.01296289823949337
0.010982911102473736,0.0,0.0,0.0,0.0,4695,0.00886085070669651,4695,0.01984376274049282
0.009682274423539639,0.0,0.0,0.0,0.0,4696,0.009656373411417007,4696,0.01933864876627922
0.009493705816566944,0.0,0.0,0.0,0.0,4697,0.01074452418833971,4697,0.020238231867551804
0.008457747288048267,0.0,0.0,0.0,0.0,4698,0.012198803946375847,4698,0.02065655216574669
0.00688033876940608,0.0,0.0,0.0,0.0,4699,0.01373002864420414,4699,0.020610367879271507
0.006211400963366032,0.0,0.0,0.0,0.0,4700,0.014664800837635994,4700,0.0208762027323246
0.006940942257642746,0.0,0.0,0.0,0.0,4701,0.014620008878409863,4701,0.021560952067375183
0.00633190618827939,0.0,0.0,0.0,0.0,4702,0.013663790188729763,4702,0.01999569684267044
0.0050439960323274136,0.0,0.0,0.0,0.0,4703,0.012292676605284214,4703,0.01733667217195034
0.006137338001281023,0.0,0.0,0.0,0.0,4704,0.010793546214699745,4704,0.01693088375031948
0.0021618888713419437,0.0,0.0,0.0,0.0,4705,0.00970393791794777,4705,0.011865827254951
0.0006551746628247201,0.0,0.0,0.0,0.0,4706,0.008696376346051693,4706,0.009351550601422787
0.0009088966762647033,0.0,0.0,0.0,0.0,4707,0.007822535932064056,4707,0.008731432259082794
0.0014940134715288877,0.0,0.0,0.0,0.0,4708,0.00750907976180315,4708,0.009003093466162682
0.0020615458488464355,0.0,0.0,0.0,0.0,4709,0.007406505756080151,4709,0.009468051604926586
0.001586030120961368,0.0,0.0,0.0,0.0,4710,0.00729379104450345,4710,0.008879821747541428
0.001399512984789908,0.0,0.0,0.0,0.0,4711,0.007302519399672747,4711,0.008702032268047333
0.0006464521284215152,0.0,0.0,0.0,0.0,4712,0.0077047632075846195,4712,0.008351215161383152
0.0015422923024743795,0.0,0.0,0.0,0.0,4713,0.008263982832431793,4713,0.009806275367736816
0.0015367912128567696,0.0,0.0,0.0,0.0,4714,0.008874638937413692,4714,0.010411430150270462
0.0036886720918118954,0.0,0.0,0.0,0.0,4715,0.009155013598501682,4715,0.01284368522465229
0.003338855691254139,0.0,0.0,0.0,0.0,4716,0.00950345117598772,4716,0.01284230686724186
0.003154108067974448,0.0,0.0,0.0,0.0,4717,0.009767044335603714,4717,0.012921152636408806
0.003090229583904147,0.0,0.0,0.0,0.0,4718,0.009861885569989681,4718,0.012952115386724472
0.0031886734068393707,0.0,0.0,0.0,0.0,4719,0.009721992537379265,4719,0.012910665944218636
0.0033846180886030197,0.0,0.0,0.0,0.0,4720,0.009479834698140621,4720,0.012864452786743641
0.003623202908784151,0.0,0.0,0.0,0.0,4721,0.00919990986585617,4721,0.012823112308979034
0.0016173275653272867,0.0,0.0,0.0,0.0,4722,0.009048040956258774,4722,0.010665368288755417
0.0014407633570954204,0.0,0.0,0.0,0.0,4723,0.008569908328354359,4723,0.0100106718018651
0.0005585020990110934,0.0,0.0,0.0,0.0,4724,0.007977930828928947,4724,0.00853643286973238
0.0007332162349484861,0.0,0.0,0.0,0.0,4725,0.0073422640562057495,4725,0.008075480349361897
0.0013605968561023474,0.0,0.0,0.0,0.0,4726,0.006959437858313322,4726,0.008320034481585026
0.0018860731506720185,0.0,0.0,0.0,0.0,4727,0.006849559955298901,4727,0.008735633455216885
0.0014510960318148136,0.0,0.0,0.0,0.0,4728,0.006893481127917767,4728,0.008344577625393867
0.000708693522028625,0.0,0.0,0.0,0.0,4729,0.007134205661714077,4729,0.007842899300158024
0.00037903516204096377,0.0,0.0,0.0,0.0,4730,0.007547179702669382,4730,0.00792621448636055
0.00042842476977966726,0.0,0.0,0.0,0.0,4731,0.007830978371202946,4731,0.008259403519332409
0.0003785743610933423,0.0,0.0,0.0,0.0,4732,0.007687702309340239,4732,0.008066277019679546
0.0003677316999528557,0.0,0.0,0.0,0.0,4733,0.00724958349019289,4733,0.007617315277457237
0.0006472257664427161,0.0,0.0,0.0,0.0,4734,0.0067927599884569645,4734,0.00743998633697629
0.001034399145282805,0.0,0.0,0.0,0.0,4735,0.0065048919059336185,4735,0.007539290934801102
0.0013019407633692026,0.0,0.0,0.0,0.0,4736,0.006299304310232401,4736,0.007601245306432247
0.0013651970075443387,0.0,0.0,0.0,0.0,4737,0.006191610358655453,4737,0.00755680724978447
0.0011951280757784843,0.0,0.0,0.0,0.0,4738,0.0061875926330685616,4738,0.007382721174508333
0.0029768384993076324,0.0,0.0,0.0,0.0,4739,0.00626336457207799,4739,0.009240202605724335
0.006047442555427551,0.0,0.0,0.0,0.0,4740,0.006570466328412294,4740,0.012617908418178558
0.014356045983731747,0.0,0.0,0.0,0.0,4741,0.007318736519664526,4741,0.021674782037734985
0.012161850929260254,0.0,0.0,0.0,0.0,4742,0.008889446035027504,4742,0.021051298826932907
0.009495860897004604,0.0,0.0,0.0,0.0,4743,0.010920193046331406,4743,0.020416054874658585
0.00835536327213049,0.0,0.0,0.0,0.0,4744,0.01272656861692667,4744,0.02108193188905716
0.008570554666221142,0.0,0.0,0.0,0.0,4745,0.013928748667240143,4745,0.02249930240213871
0.00828669872134924,0.0,0.0,0.0,0.0,4746,0.014156963676214218,4746,0.02244366519153118
0.007251083850860596,0.0,0.0,0.0,0.0,4747,0.013446261174976826,4747,0.020697345957159996
0.007212707307189703,0.0,0.0,0.0,0.0,4748,0.012114407494664192,4748,0.019327115267515182
0.008162601850926876,0.0,0.0,0.0,0.0,4749,0.010611891746520996,4749,0.018774494528770447
0.004170163534581661,0.0,0.0,0.0,0.0,4750,0.009402238763868809,4750,0.013572401367127895
0.000582715671043843,0.0,0.0,0.0,0.0,4751,0.008432857692241669,4751,0.009015573188662529
0.0007402849150821567,0.0,0.0,0.0,0.0,4752,0.007334499154239893,4752,0.008074784651398659
0.0011360677890479565,0.0,0.0,0.0,0.0,4753,0.006887818221002817,4753,0.008023886010050774
0.0021827504970133305,0.0,0.0,0.0,0.0,4754,0.006827648729085922,4754,0.009010398760437965
0.001805814215913415,0.0,0.0,0.0,0.0,4755,0.00682586245238781,4755,0.008631676435470581
0.0015984454657882452,0.0,0.0,0.0,0.0,4756,0.006948022171854973,4756,0.008546467870473862
0.0005644042394123971,0.0,0.0,0.0,0.0,4757,0.007469245698302984,4757,0.008033649995923042
0.000545529939699918,0.0,0.0,0.0,0.0,4758,0.008182416670024395,4758,0.008727946318686008
0.0006715685594826937,0.0,0.0,0.0,0.0,4759,0.008544244803488255,4759,0.009215813130140305
0.000720621959771961,0.0,0.0,0.0,0.0,4760,0.00818910077214241,4760,0.008909722790122032
0.0007889405824244022,0.0,0.0,0.0,0.0,4761,0.007372891530394554,4761,0.008161831647157669
0.0012369586620479822,0.0,0.0,0.0,0.0,4762,0.006617792882025242,4762,0.00785475131124258
0.0015795780345797539,0.0,0.0,0.0,0.0,4763,0.006257229950278997,4763,0.007836808450520039
0.0021448424085974693,0.0,0.0,0.0,0.0,4764,0.006106257904320955,4764,0.008251100778579712
0.0018176500452682376,0.0,0.0,0.0,0.0,4765,0.0060628438368439674,4765,0.007880493998527527
0.0012158580357208848,0.0,0.0,0.0,0.0,4766,0.00617014616727829,4766,0.007386004086583853
0.0029114531353116035,0.0,0.0,0.0,0.0,4767,0.006427782587707043,4767,0.009339235723018646
0.005570641718804836,0.0,0.0,0.0,0.0,4768,0.007056006696075201,4768,0.01262664794921875
0.0038085246924310923,0.0,0.0,0.0,0.0,4769,0.008113658986985683,4769,0.011922184377908707
0.002500956878066063,0.0,0.0,0.0,0.0,4770,0.009427307173609734,4770,0.011928264982998371
0.0025633436162024736,0.0,0.0,0.0,0.0,4771,0.010444625280797482,4771,0.013007968664169312
0.0029025983531028032,0.0,0.0,0.0,0.0,4772,0.010948682203888893,4772,0.013851280324161053
0.008543185889720917,0.0,0.0,0.0,0.0,4773,0.011004156433045864,4773,0.019547343254089355
0.008451047353446484,0.0,0.0,0.0,0.0,4774,0.011105792596936226,4774,0.019556840881705284
0.008299940265715122,0.0,0.0,0.0,0.0,4775,0.011217687278985977,4775,0.019517626613378525
0.00809105858206749,0.0,0.0,0.0,0.0,4776,0.011306513100862503,4776,0.019397571682929993
0.007871326990425587,0.0,0.0,0.0,0.0,4777,0.011330843903124332,4777,0.01920217089354992
0.0026210728101432323,0.0,0.0,0.0,0.0,4778,0.011305727995932102,4778,0.013926799409091473
0.002177943242713809,0.0,0.0,0.0,0.0,4779,0.01079613622277975,4779,0.012974078767001629
0.002609831281006336,0.0,0.0,0.0,0.0,4780,0.009831788018345833,4780,0.012441620230674744
0.0033318023197352886,0.0,0.0,0.0,0.0,4781,0.008758259937167168,4781,0.012090062722563744
0.004476936534047127,0.0,0.0,0.0,0.0,4782,0.007967503741383553,4782,0.01244444027543068
0.0016004013596102595,0.0,0.0,0.0,0.0,4783,0.0075786481611430645,4783,0.009179050102829933
0.00047102279495447874,0.0,0.0,0.0,0.0,4784,0.007397977635264397,4784,0.007869000546634197
0.0005979766719974577,0.0,0.0,0.0,0.0,4785,0.007260375190526247,4785,0.007858352735638618
0.0007688451441936195,0.0,0.0,0.0,0.0,4786,0.007185066118836403,4786,0.00795391108840704
0.0007300133001990616,0.0,0.0,0.0,0.0,4787,0.007177882362157106,4787,0.007907895371317863
0.0005429249722510576,0.0,0.0,0.0,0.0,4788,0.00722672650590539,4788,0.007769651245325804
0.0004293998354114592,0.0,0.0,0.0,0.0,4789,0.007305033504962921,4789,0.0077344332821667194
0.0003762958513107151,0.0,0.0,0.0,0.0,4790,0.00734068313613534,4790,0.0077169789001345634
0.0014965648297220469,0.0,0.0,0.0,0.0,4791,0.007260672282427549,4791,0.00875723734498024
0.001440428546629846,0.0,0.0,0.0,0.0,4792,0.007271426729857922,4792,0.008711854927241802
0.004512524697929621,0.0,0.0,0.0,0.0,4793,0.007329971995204687,4793,0.011842496693134308
0.00515735475346446,0.0,0.0,0.0,0.0,4794,0.007622149307280779,4794,0.01277950406074524
0.00410440331324935,0.0,0.0,0.0,0.0,4795,0.008107542060315609,4795,0.012211944907903671
0.0034141007345169783,0.0,0.0,0.0,0.0,4796,0.008731563575565815,4796,0.012145664542913437
0.0029463786631822586,0.0,0.0,0.0,0.0,4797,0.009200336411595345,4797,0.012146714143455029
0.0027064355090260506,0.0,0.0,0.0,0.0,4798,0.009316024370491505,4798,0.012022459879517555
0.0026857515331357718,0.0,0.0,0.0,0.0,4799,0.009076831862330437,4799,0.011762583628296852
0.002912134863436222,0.0,0.0,0.0,0.0,4800,0.00869898684322834,4800,0.011611121706664562
0.0032265656627714634,0.0,0.0,0.0,0.0,4801,0.008396380580961704,4801,0.011622946709394455
0.000825954251922667,0.0,0.0,0.0,0.0,4802,0.00819220021367073,4802,0.009018154814839363
0.0005126959877088666,0.0,0.0,0.0,0.0,4803,0.007913460955023766,4803,0.00842615682631731
0.0008206284255720675,0.0,0.0,0.0,0.0,4804,0.0074670398607850075,4804,0.008287668228149414
0.0008707510423846543,0.0,0.0,0.0,0.0,4805,0.007133320439606905,4805,0.008004071190953255
0.0011566426837816834,0.0,0.0,0.0,0.0,4806,0.006880488712340593,4806,0.008037131279706955
0.0011630379594862461,0.0,0.0,0.0,0.0,4807,0.006737626623362303,4807,0.007900664582848549
0.0008294236613437533,0.0,0.0,0.0,0.0,4808,0.006700907368212938,4808,0.0075303311459720135
0.0035969610325992107,0.0,0.0,0.0,0.0,4809,0.006768264342099428,4809,0.010365225374698639
0.002759484341368079,0.0,0.0,0.0,0.0,4810,0.007173982448875904,4810,0.009933467023074627
0.011624203063547611,0.0,0.0,0.0,0.0,4811,0.007987519726157188,4811,0.019611721858382225
0.009660523384809494,0.0,0.0,0.0,0.0,4812,0.009358128532767296,4812,0.01901865191757679
0.006704703439027071,0.0,0.0,0.0,0.0,4813,0.010898931883275509,4813,0.017603635787963867
0.007968244142830372,0.0,0.0,0.0,0.0,4814,0.012071396224200726,4814,0.020039640367031097
0.008084233850240707,0.0,0.0,0.0,0.0,4815,0.012361591681838036,4815,0.020445825532078743
0.008083256892859936,0.0,0.0,0.0,0.0,4816,0.012059508822858334,4816,0.02014276571571827
0.006459932774305344,0.0,0.0,0.0,0.0,4817,0.011364403180778027,4817,0.017824336886405945
0.007000806741416454,0.0,0.0,0.0,0.0,4818,0.0105866938829422,4818,0.01758750155568123
0.0033608691301196814,0.0,0.0,0.0,0.0,4819,0.009741039015352726,4819,0.013101908378303051
0.0005912337219342589,0.0,0.0,0.0,0.0,4820,0.008865630254149437,4820,0.00945686362683773
0.0012143092462792993,0.0,0.0,0.0,0.0,4821,0.00788880418986082,4821,0.009103113785386086
0.0011783191002905369,0.0,0.0,0.0,0.0,4822,0.007009746041148901,4822,0.008188065141439438
0.0008104639709927142,0.0,0.0,0.0,0.0,4823,0.006758994422852993,4823,0.007569458801299334
0.002210195641964674,0.0,0.0,0.0,0.0,4824,0.006900888867676258,4824,0.009111084043979645
0.0020319034811109304,0.0,0.0,0.0,0.0,4825,0.00681680953130126,4825,0.008848712779581547
0.0007845304207876325,0.0,0.0,0.0,0.0,4826,0.006579576525837183,4826,0.007364107295870781
0.0009238398051820695,0.0,0.0,0.0,0.0,4827,0.0066187116317451,4827,0.007542551029473543
0.000627764267846942,0.0,0.0,0.0,0.0,4828,0.007032903842628002,4828,0.0076606678776443005
0.0008259783498942852,0.0,0.0,0.0,0.0,4829,0.007453927304595709,4829,0.008279905654489994
0.00042496505193412304,0.0,0.0,0.0,0.0,4830,0.007334457244724035,4830,0.007759422529488802
0.0004343857290223241,0.0,0.0,0.0,0.0,4831,0.00685450155287981,4831,0.007288887165486813
0.0010588300647214055,0.0,0.0,0.0,0.0,4832,0.00632626423612237,4832,0.0073850941844284534
0.0016148752765730023,0.0,0.0,0.0,0.0,4833,0.005908810067921877,4833,0.007523685228079557
0.002012440701946616,0.0,0.0,0.0,0.0,4834,0.005697397980839014,4834,0.007709838449954987
0.0017606427427381277,0.0,0.0,0.0,0.0,4835,0.0056433118879795074,4835,0.007403954863548279
0.0016805730992928147,0.0,0.0,0.0,0.0,4836,0.005640939809381962,4836,0.007321512792259455
0.0033933951053768396,0.0,0.0,0.0,0.0,4837,0.005790762137621641,4837,0.009184157475829124
0.006456237751990557,0.0,0.0,0.0,0.0,4838,0.006254874635487795,4838,0.012711113318800926
0.006016108673065901,0.0,0.0,0.0,0.0,4839,0.007107692304998636,4839,0.013123800978064537
0.004545179661363363,0.0,0.0,0.0,0.0,4840,0.008394989185035229,4840,0.01294016744941473
0.0035546780563890934,0.0,0.0,0.0,0.0,4841,0.00962070468813181,4841,0.013175382278859615
0.011603843420743942,0.0,0.0,0.0,0.0,4842,0.010569491423666477,4842,0.022173333913087845
0.010712062008678913,0.0,0.0,0.0,0.0,4843,0.011517529375851154,4843,0.022229593247175217
0.010070022195577621,0.0,0.0,0.0,0.0,4844,0.012165809981524944,4844,0.02223583310842514
0.009752393700182438,0.0,0.0,0.0,0.0,4845,0.012299136258661747,4845,0.022051528096199036
0.009501907974481583,0.0,0.0,0.0,0.0,4846,0.011936778202652931,4846,0.021438684314489365
0.009048832580447197,0.0,0.0,0.0,0.0,4847,0.011239740997552872,4847,0.02028857357800007
0.008600307628512383,0.0,0.0,0.0,0.0,4848,0.01030901912599802,4848,0.018909327685832977
0.0029617086984217167,0.0,0.0,0.0,0.0,4849,0.009211545810103416,4849,0.01217325497418642
0.003841949859634042,0.0,0.0,0.0,0.0,4850,0.008123598992824554,4850,0.011965548619627953
0.0012425921158865094,0.0,0.0,0.0,0.0,4851,0.007504503708332777,4851,0.008747096173465252
0.0005551738431677222,0.0,0.0,0.0,0.0,4852,0.0070526134222745895,4852,0.007607787381857634
0.0009996209992095828,0.0,0.0,0.0,0.0,4853,0.006605134345591068,4853,0.007604755461215973
0.0012569930404424667,0.0,0.0,0.0,0.0,4854,0.006448472384363413,4854,0.00770546542480588
0.0016254469519481063,0.0,0.0,0.0,0.0,4855,0.006434381473809481,4855,0.008059828542172909
0.0013960202923044562,0.0,0.0,0.0,0.0,4856,0.0064608315005898476,4856,0.007856851443648338
0.000850910902954638,0.0,0.0,0.0,0.0,4857,0.006553096696734428,4857,0.007404007483273745
0.0007017481257207692,0.0,0.0,0.0,0.0,4858,0.006727166008204222,4858,0.007428914308547974
0.000523119349963963,0.0,0.0,0.0,0.0,4859,0.006955959368497133,4859,0.007479078136384487
0.0003515538410283625,0.0,0.0,0.0,0.0,4860,0.007018118631094694,4860,0.007369671948254108
0.0003034916298929602,0.0,0.0,0.0,0.0,4861,0.006935058627277613,4861,0.007238550111651421
0.00036814293707720935,0.0,0.0,0.0,0.0,4862,0.006714239250868559,4862,0.007082382217049599
0.0008216227870434523,0.0,0.0,0.0,0.0,4863,0.006455817725509405,4863,0.007277440279722214
0.0010237845126539469,0.0,0.0,0.0,0.0,4864,0.006171573419123888,4864,0.0071953581646084785
0.003415014361962676,0.0,0.0,0.0,0.0,4865,0.0059777903370559216,4865,0.009392804466187954
0.007496593054383993,0.0,0.0,0.0,0.0,4866,0.006005503237247467,4866,0.013502095825970173
0.00593788456171751,0.0,0.0,0.0,0.0,4867,0.006489508785307407,4867,0.012427393347024918
0.005033828318119049,0.0,0.0,0.0,0.0,4868,0.007409561891108751,4868,0.012443389743566513
0.0038893180899322033,0.0,0.0,0.0,0.0,4869,0.008673361502587795,4869,0.012562679126858711
0.0032007622066885233,0.0,0.0,0.0,0.0,4870,0.009953555651009083,4870,0.013154317624866962
0.008049157448112965,0.0,0.0,0.0,0.0,4871,0.010929914191365242,4871,0.018979070708155632
0.00800665095448494,0.0,0.0,0.0,0.0,4872,0.011590181849896908,4872,0.019596833735704422
0.007731123827397823,0.0,0.0,0.0,0.0,4873,0.011803942732512951,4873,0.019535064697265625
0.00712414039298892,0.0,0.0,0.0,0.0,4874,0.01150426734238863,4874,0.018628407269716263
0.007431423291563988,0.0,0.0,0.0,0.0,4875,0.010857158340513706,4875,0.01828858256340027
0.0029083932749927044,0.0,0.0,0.0,0.0,4876,0.010178434662520885,4876,0.013086827471852303
0.0024569793604314327,0.0,0.0,0.0,0.0,4877,0.009179303422570229,4877,0.011636284179985523
0.003457838436588645,0.0,0.0,0.0,0.0,4878,0.008100458420813084,4878,0.011558297090232372
0.0013843110064044595,0.0,0.0,0.0,0.0,4879,0.007456616498529911,4879,0.008840927854180336
0.000514146639034152,0.0,0.0,0.0,0.0,4880,0.007057769689708948,4880,0.0075719160959124565
0.0007739719585515559,0.0,0.0,0.0,0.0,4881,0.006760276388376951,4881,0.007534247823059559
0.0011002501705661416,0.0,0.0,0.0,0.0,4882,0.006605831906199455,4882,0.007706081960350275
0.0010987215209752321,0.0,0.0,0.0,0.0,4883,0.006572161801159382,4883,0.007670884020626545
0.000817187363281846,0.0,0.0,0.0,0.0,4884,0.006647821515798569,4884,0.007465008646249771
0.0005227407673373818,0.0,0.0,0.0,0.0,4885,0.006812768522650003,4885,0.0073355091735720634
0.0003231002192478627,0.0,0.0,0.0,0.0,4886,0.007029456552118063,4886,0.0073525570333004
0.00026934302877634764,0.0,0.0,0.0,0.0,4887,0.007138873916119337,4887,0.0074082170613110065
0.0012737539364024997,0.0,0.0,0.0,0.0,4888,0.006998532451689243,4888,0.008272286504507065
0.0013576061464846134,0.0,0.0,0.0,0.0,4889,0.006900012493133545,4889,0.008257618173956871
0.004148438572883606,0.0,0.0,0.0,0.0,4890,0.0068389493972063065,4890,0.010987387038767338
0.005061341915279627,0.0,0.0,0.0,0.0,4891,0.007041242439299822,4891,0.012102585285902023
0.004470366053283215,0.0,0.0,0.0,0.0,4892,0.007520800922065973,4892,0.011991167441010475
0.0035717689897865057,0.0,0.0,0.0,0.0,4893,0.008210108615458012,4893,0.011781877838075161
0.0029641822911798954,0.0,0.0,0.0,0.0,4894,0.008816275745630264,4894,0.011780457571148872
0.008871318772435188,0.0,0.0,0.0,0.0,4895,0.009050477296113968,4895,0.017921796068549156
0.006854028906673193,0.0,0.0,0.0,0.0,4896,0.009249016642570496,4896,0.016103044152259827
0.008023000322282314,0.0,0.0,0.0,0.0,4897,0.009301251731812954,4897,0.017324252054095268
0.007659173104912043,0.0,0.0,0.0,0.0,4898,0.009379377588629723,4898,0.017038550227880478
0.008447917178273201,0.0,0.0,0.0,0.0,4899,0.009514209814369678,4899,0.017962127923965454
0.00800931453704834,0.0,0.0,0.0,0.0,4900,0.009892784990370274,4900,0.01790209859609604
0.005752318538725376,0.0,0.0,0.0,0.0,4901,0.010420592501759529,4901,0.01617291197180748
0.006966257933527231,0.0,0.0,0.0,0.0,4902,0.01081780530512333,4902,0.017784062772989273
0.0037046505603939295,0.0,0.0,0.0,0.0,4903,0.010950414463877678,4903,0.014655063860118389
0.0034828968346118927,0.0,0.0,0.0,0.0,4904,0.010600414127111435,4904,0.014083310030400753
0.0015702398959547281,0.0,0.0,0.0,0.0,4905,0.009063569828867912,4905,0.010633809491991997
0.0012388617033138871,0.0,0.0,0.0,0.0,4906,0.007477106060832739,4906,0.008715967647731304
0.001877837348729372,0.0,0.0,0.0,0.0,4907,0.006876715924590826,4907,0.008754553273320198
0.0030644009821116924,0.0,0.0,0.0,0.0,4908,0.006842020899057388,4908,0.009906422346830368
0.0031512072309851646,0.0,0.0,0.0,0.0,4909,0.00668330118060112,4909,0.009834508411586285
0.003073981963098049,0.0,0.0,0.0,0.0,4910,0.006309183780103922,4910,0.009383166208863258
0.0012198815820738673,0.0,0.0,0.0,0.0,4911,0.006349945906549692,4911,0.007569827605038881
0.0004002639034297317,0.0,0.0,0.0,0.0,4912,0.007041363511234522,4912,0.007441627327352762
0.0005930917686782777,0.0,0.0,0.0,0.0,4913,0.007909306325018406,4913,0.008502397686243057
0.0008208389044739306,0.0,0.0,0.0,0.0,4914,0.00808743666857481,4914,0.00890827551484108
0.0006441164296120405,0.0,0.0,0.0,0.0,4915,0.007362591568380594,4915,0.008006707765161991
0.000846896436996758,0.0,0.0,0.0,0.0,4916,0.006365794688463211,4916,0.007212691009044647
0.0019000056199729443,0.0,0.0,0.0,0.0,4917,0.005660017486661673,4917,0.007560023572295904
0.002869771560654044,0.0,0.0,0.0,0.0,4918,0.005380857270210981,4918,0.008250629529356956
0.0025937501341104507,0.0,0.0,0.0,0.0,4919,0.0053774574771523476,4919,0.007971206679940224
0.001546222367323935,0.0,0.0,0.0,0.0,4920,0.005679906811565161,4920,0.007226129062473774
0.0012021658476442099,0.0,0.0,0.0,0.0,4921,0.006264303345233202,4921,0.007466468960046768
0.0032786550000309944,0.0,0.0,0.0,0.0,4922,0.006848354823887348,4922,0.010127009823918343
0.006628837436437607,0.0,0.0,0.0,0.0,4923,0.007453709375113249,4923,0.014082547277212143
0.005998998414725065,0.0,0.0,0.0,0.0,4924,0.008290097117424011,4924,0.014289095997810364
0.005222869571298361,0.0,0.0,0.0,0.0,4925,0.009306816384196281,4925,0.01452968642115593
0.004633777774870396,0.0,0.0,0.0,0.0,4926,0.010081678628921509,4926,0.014715456403791904
0.004452210385352373,0.0,0.0,0.0,0.0,4927,0.010260413400828838,4927,0.014712625183165073
0.003404191927984357,0.0,0.0,0.0,0.0,4928,0.009804239496588707,4928,0.01320843119174242
0.003610277781262994,0.0,0.0,0.0,0.0,4929,0.00884460099041462,4929,0.01245487853884697
0.003809951711446047,0.0,0.0,0.0,0.0,4930,0.007645753677934408,4930,0.011455705389380455
0.004599499050527811,0.0,0.0,0.0,0.0,4931,0.006730356253683567,4931,0.011329855769872665
0.002585911424830556,0.0,0.0,0.0,0.0,4932,0.006259837653487921,4932,0.008845748379826546
0.0010306681506335735,0.0,0.0,0.0,0.0,4933,0.006122414488345385,4933,0.0071530817076563835
0.0010248305043205619,0.0,0.0,0.0,0.0,4934,0.006009536795318127,4934,0.00703436741605401
0.0010124174878001213,0.0,0.0,0.0,0.0,4935,0.0059994845651090145,4935,0.007011902052909136
0.0008146638283506036,0.0,0.0,0.0,0.0,4936,0.006090888287872076,4936,0.006905551999807358
0.0005889366148039699,0.0,0.0,0.0,0.0,4937,0.006248467601835728,4937,0.006837404798716307
0.00041687022894620895,0.0,0.0,0.0,0.0,4938,0.006410331930965185,4938,0.006827201694250107
0.005519170314073563,0.0,0.0,0.0,0.0,4939,0.006508826743811369,4939,0.01202799566090107
0.004521585535258055,0.0,0.0,0.0,0.0,4940,0.007025277242064476,4940,0.011546863242983818
0.010377381928265095,0.0,0.0,0.0,0.0,4941,0.007988467812538147,4941,0.018365848809480667
0.00847439095377922,0.0,0.0,0.0,0.0,4942,0.009471051394939423,4942,0.017945442348718643
0.007571102119982243,0.0,0.0,0.0,0.0,4943,0.010943680070340633,4943,0.018514782190322876
0.006952946539968252,0.0,0.0,0.0,0.0,4944,0.011866106651723385,4944,0.01881905272603035
0.0067223599180579185,0.0,0.0,0.0,0.0,4945,0.0118588637560606,4945,0.018581222742795944
0.0048986938782036304,0.0,0.0,0.0,0.0,4946,0.011119312606751919,4946,0.016018005087971687
0.0053945123217999935,0.0,0.0,0.0,0.0,4947,0.00994556862860918,4947,0.015340080484747887
0.0028197234496474266,0.0,0.0,0.0,0.0,4948,0.009014932438731194,4948,0.01183465588837862
0.0017559368861839175,0.0,0.0,0.0,0.0,4949,0.008394298143684864,4949,0.010150235146284103
0.00132663082331419,0.0,0.0,0.0,0.0,4950,0.008047929033637047,4950,0.009374559856951237
0.0015844288282096386,0.0,0.0,0.0,0.0,4951,0.00762984761968255,4951,0.009214276447892189
0.0018438372062519193,0.0,0.0,0.0,0.0,4952,0.0073601072654128075,4952,0.00920394528657198
0.0016707283211871982,0.0,0.0,0.0,0.0,4953,0.0072134011425077915,4953,0.008884129114449024
0.0010842883493751287,0.0,0.0,0.0,0.0,4954,0.007185444701462984,4954,0.00826973281800747
0.0005987042677588761,0.0,0.0,0.0,0.0,4955,0.00727571826428175,4955,0.007874421775341034
0.0006479701842181385,0.0,0.0,0.0,0.0,4956,0.007380711380392313,4956,0.008028681389987469
0.0006726266001351178,0.0,0.0,0.0,0.0,4957,0.0073583596386015415,4957,0.008030986413359642
0.0008094411459751427,0.0,0.0,0.0,0.0,4958,0.00711745023727417,4958,0.00792689062654972
0.0010512114968150854,0.0,0.0,0.0,0.0,4959,0.0067407009191811085,4959,0.00779191218316555
0.0010887444950640202,0.0,0.0,0.0,0.0,4960,0.006387808360159397,4960,0.007476552855223417
0.0013928901171311736,0.0,0.0,0.0,0.0,4961,0.006115403492003679,4961,0.007508293725550175
0.0015085299964994192,0.0,0.0,0.0,0.0,4962,0.0059631322510540485,4962,0.007471662014722824
0.001021885545924306,0.0,0.0,0.0,0.0,4963,0.0059264423325657845,4963,0.006948327179998159
0.0008384541142731905,0.0,0.0,0.0,0.0,4964,0.005934012588113546,4964,0.006772466469556093
0.0007319337455555797,0.0,0.0,0.0,0.0,4965,0.00594870001077652,4965,0.006680634338408709
0.0022031948901712894,0.0,0.0,0.0,0.0,4966,0.005915074609220028,4966,0.008118269965052605
0.005583161488175392,0.0,0.0,0.0,0.0,4967,0.006023759953677654,4967,0.011606922373175621
0.004565461538732052,0.0,0.0,0.0,0.0,4968,0.0064641935750842094,4968,0.011029655113816261
0.005076514091342688,0.0,0.0,0.0,0.0,4969,0.007128563709557056,4969,0.012205076403915882
0.004105357453227043,0.0,0.0,0.0,0.0,4970,0.008059869520366192,4970,0.012165226973593235
0.010188724845647812,0.0,0.0,0.0,0.0,4971,0.008857921697199345,4971,0.019046645611524582
0.009483620524406433,0.0,0.0,0.0,0.0,4972,0.009556262753903866,4972,0.019039884209632874
0.009011485613882542,0.0,0.0,0.0,0.0,4973,0.009911365807056427,4973,0.018922850489616394
0.008755152113735676,0.0,0.0,0.0,0.0,4974,0.0098655940964818,4974,0.018620746210217476
0.008091437630355358,0.0,0.0,0.0,0.0,4975,0.00953802838921547,4975,0.017629466950893402
0.008031868375837803,0.0,0.0,0.0,0.0,4976,0.009084830991923809,4976,0.017116699367761612
0.00232477905228734,0.0,0.0,0.0,0.0,4977,0.008754454553127289,4977,0.011079232208430767
0.000931550282984972,0.0,0.0,0.0,0.0,4978,0.008358743041753769,4978,0.009290292859077454
0.0011545883025974035,0.0,0.0,0.0,0.0,4979,0.0078065539710223675,4979,0.008961142972111702
0.001575637492351234,0.0,0.0,0.0,0.0,4980,0.007147778291255236,4980,0.008723415434360504
0.0022905017249286175,0.0,0.0,0.0,0.0,4981,0.006768610794097185,4981,0.009059112519025803
0.002385837957262993,0.0,0.0,0.0,0.0,4982,0.006635493133217096,4982,0.009021330624818802
0.0016269402112811804,0.0,0.0,0.0,0.0,4983,0.0066741639748215675,4983,0.008301103487610817
0.0007922746590338647,0.0,0.0,0.0,0.0,4984,0.006931724958121777,4984,0.007723999675363302
0.0004733027599286288,0.0,0.0,0.0,0.0,4985,0.0072831399738788605,4985,0.007756443228572607
0.00047328195068985224,0.0,0.0,0.0,0.0,4986,0.007407233119010925,4986,0.007880515418946743
0.0005929942126385868,0.0,0.0,0.0,0.0,4987,0.007110336795449257,4987,0.007703330833464861
0.00083489331882447,0.0,0.0,0.0,0.0,4988,0.006569187622517347,4988,0.0074040815234184265
0.0007972015300765634,0.0,0.0,0.0,0.0,4989,0.006095193792134523,4989,0.006892395205795765
0.001268130843527615,0.0,0.0,0.0,0.0,4990,0.005753315519541502,4990,0.007021446246653795
0.001577481860294938,0.0,0.0,0.0,0.0,4991,0.005591063294559717,4991,0.007168545387685299
0.0014106056187301874,0.0,0.0,0.0,0.0,4992,0.0055624754168093204,4992,0.006973080802708864
0.0010064960224553943,0.0,0.0,0.0,0.0,4993,0.005669740028679371,4993,0.006676236633211374
0.0007368425722233951,0.0,0.0,0.0,0.0,4994,0.005864302162081003,4994,0.0066011445596814156
0.0006173514411784708,0.0,0.0,0.0,0.0,4995,0.005982998758554459,4995,0.006600349210202694
0.0019529691198840737,0.0,0.0,0.0,0.0,4996,0.005893104709684849,4996,0.007846074178814888
0.005547135602682829,0.0,0.0,0.0,0.0,4997,0.005864313337951899,4997,0.011411449871957302
0.006497036665678024,0.0,0.0,0.0,0.0,4998,0.0061232117004692554,4998,0.012620247900485992
0.005343192256987095,0.0,0.0,0.0,0.0,4999,0.006727032829076052,4999,0.012070226483047009
0.004435122013092041,0.0,0.0,0.0,0.0,5000,0.007476205937564373,5000,0.01191132701933384
0.0034754048101603985,0.0,0.0,0.0,0.0,5001,0.008409549482166767,5001,0.011884953826665878
0.003421539207920432,0.0,0.0,0.0,0.0,5002,0.00911912601441145,5002,0.0125406663864851
0.008791732601821423,0.0,0.0,0.0,0.0,5003,0.009428982622921467,5003,0.01822071522474289
0.008485167287290096,0.0,0.0,0.0,0.0,5004,0.009600228630006313,5004,0.01808539591729641
0.00832369364798069,0.0,0.0,0.0,0.0,5005,0.009660527110099792,5005,0.017984220758080482
0.00824022851884365,0.0,0.0,0.0,0.0,5006,0.009610511362552643,5006,0.017850739881396294
0.006526355165988207,0.0,0.0,0.0,0.0,5007,0.009562760591506958,5007,0.016089115291833878
0.006524961907416582,0.0,0.0,0.0,0.0,5008,0.009397868067026138,5008,0.015922829508781433
0.002729111583903432,0.0,0.0,0.0,0.0,5009,0.009262096136808395,5009,0.011991208419203758
0.002943444298580289,0.0,0.0,0.0,0.0,5010,0.008873166516423225,5010,0.01181661058217287
0.0031800142023712397,0.0,0.0,0.0,0.0,5011,0.00849068071693182,5011,0.011670694686472416
0.0015818936517462134,0.0,0.0,0.0,0.0,5012,0.008224940858781338,5012,0.009806834161281586
0.0016298049595206976,0.0,0.0,0.0,0.0,5013,0.00784593727439642,5013,0.00947574246674776
0.0004999469965696335,0.0,0.0,0.0,0.0,5014,0.0071505652740597725,5014,0.007650512270629406
0.0008908268646337092,0.0,0.0,0.0,0.0,5015,0.006534077227115631,5015,0.007424904033541679
0.0008180445292964578,0.0,0.0,0.0,0.0,5016,0.0062163220718503,5016,0.007034366484731436
0.001105454983189702,0.0,0.0,0.0,0.0,5017,0.006060556508600712,5017,0.00716601125895977
0.000955798604991287,0.0,0.0,0.0,0.0,5018,0.006022926419973373,5018,0.006978724617511034
0.0009419757407158613,0.0,0.0,0.0,0.0,5019,0.006119881756603718,5019,0.007061857730150223
0.0010763088939711452,0.0,0.0,0.0,0.0,5020,0.006342294625937939,5020,0.007418604101985693
0.0006379784899763763,0.0,0.0,0.0,0.0,5021,0.006542881019413471,5021,0.007180859334766865
0.0006166563252918422,0.0,0.0,0.0,0.0,5022,0.006602627225220203,5022,0.00721928384155035
0.0006771421176381409,0.0,0.0,0.0,0.0,5023,0.006419700104743242,5023,0.007096842397004366
0.0005999325076118112,0.0,0.0,0.0,0.0,5024,0.006106327287852764,5024,0.006706259213387966
0.0013672567438334227,0.0,0.0,0.0,0.0,5025,0.00575645174831152,5025,0.007123708724975586
0.0016391596291214228,0.0,0.0,0.0,0.0,5026,0.00548773305490613,5026,0.007126892916858196
0.0017223359318450093,0.0,0.0,0.0,0.0,5027,0.0053634243085980415,5027,0.007085760124027729
0.0010397826554253697,0.0,0.0,0.0,0.0,5028,0.005373205989599228,5028,0.006412988528609276
0.00247867195867002,0.0,0.0,0.0,0.0,5029,0.005452373065054417,5029,0.00793104525655508
0.005371453706175089,0.0,0.0,0.0,0.0,5030,0.005747605115175247,5030,0.011119058355689049
0.0055997176095843315,0.0,0.0,0.0,0.0,5031,0.006454032845795155,5031,0.012053750455379486
0.004191794898360968,0.0,0.0,0.0,0.0,5032,0.0075610061176121235,5032,0.011752801015973091
0.009889466688036919,0.0,0.0,0.0,0.0,5033,0.008718025870621204,5033,0.018607493489980698
0.00832781009376049,0.0,0.0,0.0,0.0,5034,0.009762924164533615,5034,0.018090734258294106
0.008692759089171886,0.0,0.0,0.0,0.0,5035,0.010567452758550644,5035,0.019260212779045105
0.008334561251103878,0.0,0.0,0.0,0.0,5036,0.010912948288023472,5036,0.01924750953912735
0.006867255084216595,0.0,0.0,0.0,0.0,5037,0.010744449682533741,5037,0.017611704766750336
0.007208843715488911,0.0,0.0,0.0,0.0,5038,0.01007027830928564,5038,0.01727912202477455
0.005028177984058857,0.0,0.0,0.0,0.0,5039,0.00926940143108368,5039,0.014297579415142536
0.0011012076865881681,0.0,0.0,0.0,0.0,5040,0.008310497738420963,5040,0.009411705657839775
0.0010730316862463951,0.0,0.0,0.0,0.0,5041,0.007334351073950529,5041,0.008407382294535637
0.001123103778809309,0.0,0.0,0.0,0.0,5042,0.006420070771127939,5042,0.007543174549937248
0.0018172299023717642,0.0,0.0,0.0,0.0,5043,0.006088143214583397,5043,0.00790537241846323
0.001981105888262391,0.0,0.0,0.0,0.0,5044,0.006000804714858532,5044,0.00798191037029028
0.001999729312956333,0.0,0.0,0.0,0.0,5045,0.005924263037741184,5045,0.007923992350697517
0.0009898650459945202,0.0,0.0,0.0,0.0,5046,0.006103520281612873,5046,0.007093384861946106
0.0004964669351466,0.0,0.0,0.0,0.0,5047,0.006772617809474468,5047,0.007269085384905338
0.0009144829818978906,0.0,0.0,0.0,0.0,5048,0.007450805511325598,5048,0.008365288376808167
0.0015992168337106705,0.0,0.0,0.0,0.0,5049,0.007393033243715763,5049,0.008992250077426434
0.0009687678539194167,0.0,0.0,0.0,0.0,5050,0.007024446036666632,5050,0.007993213832378387
0.0008029367891140282,0.0,0.0,0.0,0.0,5051,0.006228920072317123,5051,0.007031857036054134
0.001487799221649766,0.0,0.0,0.0,0.0,5052,0.0056280032731592655,5052,0.007115802727639675
0.0017497886437922716,0.0,0.0,0.0,0.0,5053,0.005380915477871895,5053,0.0071307034231722355
0.001675932900980115,0.0,0.0,0.0,0.0,5054,0.005347382742911577,5054,0.007023315876722336
0.001075287931598723,0.0,0.0,0.0,0.0,5055,0.005502917803823948,5055,0.006578205153346062
0.0005672675906680524,0.0,0.0,0.0,0.0,5056,0.005839534569531679,5056,0.00640680268406868
0.004222338553518057,0.0,0.0,0.0,0.0,5057,0.006148281507194042,5057,0.010370619595050812
0.003219201695173979,0.0,0.0,0.0,0.0,5058,0.006802225951105356,5058,0.010021427646279335
0.0038466870319098234,0.0,0.0,0.0,0.0,5059,0.007527986541390419,5059,0.011374672874808311
0.0031496789306402206,0.0,0.0,0.0,0.0,5060,0.008202989585697651,5060,0.011352668516337872
0.0028338951524347067,0.0,0.0,0.0,0.0,5061,0.008687488734722137,5061,0.011521384119987488
0.0027812460903078318,0.0,0.0,0.0,0.0,5062,0.00877229031175375,5062,0.011553537100553513
0.0029660866130143404,0.0,0.0,0.0,0.0,5063,0.00844691414386034,5063,0.011413000524044037
0.0029146880842745304,0.0,0.0,0.0,0.0,5064,0.007939307950437069,5064,0.010853996500372887
0.0033240255434066057,0.0,0.0,0.0,0.0,5065,0.007252138573676348,5065,0.010576164349913597
0.0038423901423811913,0.0,0.0,0.0,0.0,5066,0.00675970409065485,5066,0.010602094233036041
0.0007284400635398924,0.0,0.0,0.0,0.0,5067,0.006597601342946291,5067,0.0073260413482785225
0.00047529005678370595,0.0,0.0,0.0,0.0,5068,0.006420551799237728,5068,0.006895842030644417
0.0006375586963258684,0.0,0.0,0.0,0.0,5069,0.006047676783055067,5069,0.006685235537588596
0.0007565837586298585,0.0,0.0,0.0,0.0,5070,0.0057602874003350735,5070,0.006516871973872185
0.0009952597320079803,0.0,0.0,0.0,0.0,5071,0.005588378757238388,5071,0.006583638489246368
0.0009114419808611274,0.0,0.0,0.0,0.0,5072,0.005524222273379564,5072,0.006435663904994726
0.0005830157897435129,0.0,0.0,0.0,0.0,5073,0.005558111239224672,5073,0.006141127087175846
0.0003359651891514659,0.0,0.0,0.0,0.0,5074,0.005678494926542044,5074,0.006014460232108831
0.0003898740978911519,0.0,0.0,0.0,0.0,5075,0.0057639479637146,5075,0.00615382194519043
0.0028589610010385513,0.0,0.0,0.0,0.0,5076,0.005759716499596834,5076,0.008618677966296673
0.006160777527838945,0.0,0.0,0.0,0.0,5077,0.005923076532781124,5077,0.012083854526281357
0.010958883911371231,0.0,0.0,0.0,0.0,5078,0.006486634723842144,5078,0.01744551956653595
0.011378237046301365,0.0,0.0,0.0,0.0,5079,0.0075040701776742935,5079,0.018882308155298233
0.010255394503474236,0.0,0.0,0.0,0.0,5080,0.008853740990161896,5080,0.01910913549363613
0.009883873164653778,0.0,0.0,0.0,0.0,5081,0.010340357199311256,5081,0.020224230363965034
0.008851810358464718,0.0,0.0,0.0,0.0,5082,0.011380008421838284,5082,0.020231818780303
0.008587283082306385,0.0,0.0,0.0,0.0,5083,0.011462866328656673,5083,0.02005014941096306
0.009005521424114704,0.0,0.0,0.0,0.0,5084,0.010669385083019733,5084,0.019674906507134438
0.00890990998595953,0.0,0.0,0.0,0.0,5085,0.009474476799368858,5085,0.018384385854005814
0.0038742960896342993,0.0,0.0,0.0,0.0,5086,0.008364127017557621,5086,0.012238423340022564
0.0006969766691327095,0.0,0.0,0.0,0.0,5087,0.0073377825319767,5087,0.00803475920110941
0.0005673961713910103,0.0,0.0,0.0,0.0,5088,0.006252479739487171,5088,0.0068198759108781815
0.0019523212686181068,0.0,0.0,0.0,0.0,5089,0.005945404525846243,5089,0.007897726260125637
0.0028075429145246744,0.0,0.0,0.0,0.0,5090,0.006012949161231518,5090,0.008820491842925549
0.0021016355603933334,0.0,0.0,0.0,0.0,5091,0.0059999641962349415,5091,0.008101600222289562
0.0011237520957365632,0.0,0.0,0.0,0.0,5092,0.006219294387847185,5092,0.0073430463671684265
0.0005261835176497698,0.0,0.0,0.0,0.0,5093,0.0069848354905843735,5093,0.0075110187754035
0.0007774817058816552,0.0,0.0,0.0,0.0,5094,0.007822600193321705,5094,0.008600082248449326
0.0008417569915764034,0.0,0.0,0.0,0.0,5095,0.007876930758357048,5095,0.008718688040971756
0.0005298450705595315,0.0,0.0,0.0,0.0,5096,0.007131858728826046,5096,0.00766170397400856
0.000843927962705493,0.0,0.0,0.0,0.0,5097,0.0062867761589586735,5097,0.0071307034231722355
0.0012427459005266428,0.0,0.0,0.0,0.0,5098,0.005842671263962984,5098,0.0070854173973202705
0.0019025227520614862,0.0,0.0,0.0,0.0,5099,0.005673624575138092,5099,0.007576147094368935
0.0016387621872127056,0.0,0.0,0.0,0.0,5100,0.005620175506919622,5100,0.007258937694132328
0.0009232204174622893,0.0,0.0,0.0,0.0,5101,0.005718540400266647,5101,0.006641760468482971
0.0014155686367303133,0.0,0.0,0.0,0.0,5102,0.006030261516571045,5102,0.007445829920470715
0.003372721141204238,0.0,0.0,0.0,0.0,5103,0.006579909473657608,5103,0.00995263084769249
0.004251334350556135,0.0,0.0,0.0,0.0,5104,0.0073884944431483746,5104,0.01163982879370451
0.003829443594440818,0.0,0.0,0.0,0.0,5105,0.008071462623775005,5105,0.011900906451046467
0.00333068217150867,0.0,0.0,0.0,0.0,5106,0.008253643289208412,5106,0.011584324762225151
0.003298023948445916,0.0,0.0,0.0,0.0,5107,0.008058887906372547,5107,0.01135691162198782
0.00218057818710804,0.0,0.0,0.0,0.0,5108,0.007666727527976036,5108,0.009847305715084076
0.0035192363429814577,0.0,0.0,0.0,0.0,5109,0.007180963642895222,5109,0.010700198821723461
0.003887681756168604,0.0,0.0,0.0,0.0,5110,0.006834615487605333,5110,0.010722297243773937
0.004014287609606981,0.0,0.0,0.0,0.0,5111,0.006724072620272636,5111,0.01073835976421833
0.004470862448215485,0.0,0.0,0.0,0.0,5112,0.006878248415887356,5112,0.011349109932780266
0.00360274245031178,0.0,0.0,0.0,0.0,5113,0.0074018556624650955,5113,0.011004597879946232
0.0027333665639162064,0.0,0.0,0.0,0.0,5114,0.008138568140566349,5114,0.010871934704482555
0.007982028648257256,0.0,0.0,0.0,0.0,5115,0.008762804791331291,5115,0.016744833439588547
0.007271823473274708,0.0,0.0,0.0,0.0,5116,0.009442638605833054,5116,0.016714461147785187
0.007647174410521984,0.0,0.0,0.0,0.0,5117,0.00990007072687149,5117,0.0175472442060709
0.00743129150941968,0.0,0.0,0.0,0.0,5118,0.009989449754357338,5118,0.01742074079811573
0.0074793435633182526,0.0,0.0,0.0,0.0,5119,0.009723562747240067,5119,0.01720290631055832
0.006702382583171129,0.0,0.0,0.0,0.0,5120,0.009267629124224186,5120,0.015970012173056602
0.0026811910793185234,0.0,0.0,0.0,0.0,5121,0.008803359232842922,5121,0.011484550312161446
0.001710946555249393,0.0,0.0,0.0,0.0,5122,0.00804416835308075,5122,0.009755115024745464
0.0007490672869607806,0.0,0.0,0.0,0.0,5123,0.0067238230258226395,5123,0.007472890429198742
0.0016112446319311857,0.0,0.0,0.0,0.0,5124,0.006202698219567537,5124,0.007813943549990654
0.0025333103258162737,0.0,0.0,0.0,0.0,5125,0.0062508550472557545,5125,0.008784165605902672
0.00244268705137074,0.0,0.0,0.0,0.0,5126,0.006134888157248497,5126,0.008577575907111168
0.0011095651425421238,0.0,0.0,0.0,0.0,5127,0.0060063311830163,5127,0.007115896325558424
0.000572020246181637,0.0,0.0,0.0,0.0,5128,0.006423742510378361,5128,0.006995762698352337
0.0009427253971807659,0.0,0.0,0.0,0.0,5129,0.0071128071285784245,5129,0.008055532351136208
0.00081919803051278,0.0,0.0,0.0,0.0,5130,0.007206677924841642,5130,0.008025876246392727
0.0008940281113609672,0.0,0.0,0.0,0.0,5131,0.0065938690677285194,5131,0.007487896829843521
0.0031071489211171865,0.0,0.0,0.0,0.0,5132,0.005790122784674168,5132,0.008897271938621998
0.003983757924288511,0.0,0.0,0.0,0.0,5133,0.005403412040323019,5133,0.00938716996461153
0.004052568227052689,0.0,0.0,0.0,0.0,5134,0.005279697943478823,5134,0.009332265704870224
0.003207975998520851,0.0,0.0,0.0,0.0,5135,0.005356051959097385,5135,0.008564027026295662
0.0020498887170106173,0.0,0.0,0.0,0.0,5136,0.005699970293790102,5136,0.00774985970929265
0.002362134400755167,0.0,0.0,0.0,0.0,5137,0.006201451178640127,5137,0.008563585579395294
0.0011634182883426547,0.0,0.0,0.0,0.0,5138,0.006790400017052889,5138,0.007953818887472153
0.0030192455742508173,0.0,0.0,0.0,0.0,5139,0.007216054480522871,5139,0.010235300287604332
0.0037256930954754353,0.0,0.0,0.0,0.0,5140,0.007615992799401283,5140,0.011341685429215431
0.0028682348784059286,0.0,0.0,0.0,0.0,5141,0.007900102995336056,5141,0.010768338106572628
0.002855869708582759,0.0,0.0,0.0,0.0,5142,0.00789645966142416,5142,0.010752329602837563
0.0030155791901052,0.0,0.0,0.0,0.0,5143,0.007624583784490824,5143,0.010640162974596024
0.003258940763771534,0.0,0.0,0.0,0.0,5144,0.007214029785245657,5144,0.010472970083355904
0.0032805621158331633,0.0,0.0,0.0,0.0,5145,0.006850216072052717,5145,0.010130777955055237
0.004887699615210295,0.0,0.0,0.0,0.0,5146,0.006551514379680157,5146,0.011439214460551739
0.0047904374077916145,0.0,0.0,0.0,0.0,5147,0.006595054175704718,5147,0.01138549204915762
0.00427708774805069,0.0,0.0,0.0,0.0,5148,0.006912068463861942,5148,0.011189155280590057
0.004407970700412989,0.0,0.0,0.0,0.0,5149,0.0074048349633812904,5149,0.011812806129455566
0.0037856674753129482,0.0,0.0,0.0,0.0,5150,0.00796918012201786,5150,0.011754848062992096
0.009814605116844177,0.0,0.0,0.0,0.0,5151,0.008398642763495445,5151,0.018213247880339622
0.009118417277932167,0.0,0.0,0.0,0.0,5152,0.00891934148967266,5152,0.018037758767604828
0.008651112206280231,0.0,0.0,0.0,0.0,5153,0.009399205446243286,5153,0.018050316721200943
0.008160063065588474,0.0,0.0,0.0,0.0,5154,0.009689715690910816,5154,0.01784977875649929
0.007822593674063683,0.0,0.0,0.0,0.0,5155,0.009762988425791264,5155,0.01758558303117752
0.007665018551051617,0.0,0.0,0.0,0.0,5156,0.009609433822333813,5156,0.01727445237338543
0.007322642486542463,0.0,0.0,0.0,0.0,5157,0.00938011147081852,5157,0.01670275442302227
0.00738620525225997,0.0,0.0,0.0,0.0,5158,0.00907256081700325,5158,0.016458766534924507
0.0024119054432958364,0.0,0.0,0.0,0.0,5159,0.008863317780196667,5159,0.011275224387645721
0.00047293465468101203,0.0,0.0,0.0,0.0,5160,0.008413635194301605,5160,0.008886570110917091
0.001396053354255855,0.0,0.0,0.0,0.0,5161,0.007545981556177139,5161,0.008942035026848316
0.001392803038470447,0.0,0.0,0.0,0.0,5162,0.006639017257839441,5162,0.008031819947063923
0.002391895279288292,0.0,0.0,0.0,0.0,5163,0.006395589094609022,5163,0.008787484839558601
0.003231638576835394,0.0,0.0,0.0,0.0,5164,0.006415214389562607,5164,0.009646853432059288
0.0026927629951387644,0.0,0.0,0.0,0.0,5165,0.006283826660364866,5165,0.008976589888334274
0.0016308092745020986,0.0,0.0,0.0,0.0,5166,0.0062027061358094215,5166,0.007833515293896198
0.0012601877097040415,0.0,0.0,0.0,0.0,5167,0.006415212526917458,5167,0.007675400003790855
0.0012065662303939462,0.0,0.0,0.0,0.0,5168,0.006816261913627386,5168,0.00802282802760601
0.001412737532518804,0.0,0.0,0.0,0.0,5169,0.0068968357518315315,5169,0.008309573866426945
0.0012743546394631267,0.0,0.0,0.0,0.0,5170,0.006488229148089886,5170,0.007762583903968334
0.0013658077223226428,0.0,0.0,0.0,0.0,5171,0.0059090545400977135,5171,0.007274862378835678
0.0018983270274475217,0.0,0.0,0.0,0.0,5172,0.005513323005288839,5172,0.007411649916321039
0.002204987220466137,0.0,0.0,0.0,0.0,5173,0.005324388388544321,5173,0.007529375609010458
0.0018835116643458605,0.0,0.0,0.0,0.0,5174,0.0052827089093625546,5174,0.007166220806539059
0.0013007459929212928,0.0,0.0,0.0,0.0,5175,0.005426984280347824,5175,0.006727730389684439
0.0010030486155301332,0.0,0.0,0.0,0.0,5176,0.005712045822292566,5176,0.006715093739330769
0.0025601894594728947,0.0,0.0,0.0,0.0,5177,0.005872256122529507,5177,0.008432445116341114
0.0056761340238153934,0.0,0.0,0.0,0.0,5178,0.006087655201554298,5178,0.011763788759708405
0.005471651908010244,0.0,0.0,0.0,0.0,5179,0.006540413945913315,5179,0.012012066319584846
0.004896255210042,0.0,0.0,0.0,0.0,5180,0.0070327576249837875,5180,0.011929011903703213
0.0032504494301974773,0.0,0.0,0.0,0.0,5181,0.007327405735850334,5181,0.010577855631709099
0.003052333602681756,0.0,0.0,0.0,0.0,5182,0.0074804797768592834,5182,0.010532813146710396
0.0030291820876300335,0.0,0.0,0.0,0.0,5183,0.007461667992174625,5183,0.010490849614143372
0.0031904075294733047,0.0,0.0,0.0,0.0,5184,0.007323798723518848,5184,0.010514205321669579
0.00327649200335145,0.0,0.0,0.0,0.0,5185,0.0072388965636491776,5185,0.01051538810133934
0.0032096020877361298,0.0,0.0,0.0,0.0,5186,0.007257415913045406,5186,0.010467018000781536
0.001965999836102128,0.0,0.0,0.0,0.0,5187,0.007374649867415428,5187,0.009340649470686913
0.00188374740537256,0.0,0.0,0.0,0.0,5188,0.00736103393137455,5188,0.009244780987501144
0.0007933597662486136,0.0,0.0,0.0,0.0,5189,0.007242382504045963,5189,0.008035742677748203
0.0009516264544799924,0.0,0.0,0.0,0.0,5190,0.006638665683567524,5190,0.0075902920216321945
0.0010440967744216323,0.0,0.0,0.0,0.0,5191,0.005827468354254961,5191,0.0068715657107532024
0.0014717474114149809,0.0,0.0,0.0,0.0,5192,0.005071846768260002,5192,0.006543594412505627
0.002302611479535699,0.0,0.0,0.0,0.0,5193,0.004724522121250629,5193,0.007027133367955685
0.00236459169536829,0.0,0.0,0.0,0.0,5194,0.004625582601875067,5194,0.006990174762904644
0.0020454253535717726,0.0,0.0,0.0,0.0,5195,0.004715587943792343,5195,0.006761013530194759
0.0012037046253681183,0.0,0.0,0.0,0.0,5196,0.005150011274963617,5196,0.006353715900331736
0.001097378903068602,0.0,0.0,0.0,0.0,5197,0.005741295404732227,5197,0.00683867372572422
0.0027219541370868683,0.0,0.0,0.0,0.0,5198,0.00593940494582057,5198,0.008661358617246151
0.00830494612455368,0.0,0.0,0.0,0.0,5199,0.005920374765992165,5199,0.01422532182186842
0.007864994928240776,0.0,0.0,0.0,0.0,5200,0.006107650697231293,5200,0.013972645625472069
0.007155659142881632,0.0,0.0,0.0,0.0,5201,0.006438636686652899,5201,0.01359429582953453
0.012542040087282658,0.0,0.0,0.0,0.0,5202,0.006758465897291899,5202,0.01930050551891327
0.011330868117511272,0.0,0.0,0.0,0.0,5203,0.007247950881719589,5203,0.018578819930553436
0.008388714864850044,0.0,0.0,0.0,0.0,5204,0.0077515398152172565,5204,0.016140254214406013
0.0068548754788935184,0.0,0.0,0.0,0.0,5205,0.008021813817322254,5205,0.01487668976187706
0.008339311927556992,0.0,0.0,0.0,0.0,5206,0.008073724806308746,5206,0.016413036733865738
0.003280606819316745,0.0,0.0,0.0,0.0,5207,0.008146136999130249,5207,0.011426744051277637
0.0015049423091113567,0.0,0.0,0.0,0.0,5208,0.00790224876254797,5208,0.00940719060599804
0.003917197696864605,0.0,0.0,0.0,0.0,5209,0.007179321255534887,5209,0.011096518486738205
0.003430751385167241,0.0,0.0,0.0,0.0,5210,0.00633870018646121,5210,0.009769451804459095
0.0043565137311816216,0.0,0.0,0.0,0.0,5211,0.006137270014733076,5211,0.01049378328025341
0.004564258269965649,0.0,0.0,0.0,0.0,5212,0.0060714175924658775,5212,0.010635675862431526
0.002808873075991869,0.0,0.0,0.0,0.0,5213,0.0057671088725328445,5213,0.008575982414186
0.0011211622040718794,0.0,0.0,0.0,0.0,5214,0.005675677675753832,5214,0.00679683918133378
0.00102637626696378,0.0,0.0,0.0,0.0,5215,0.006007440388202667,5215,0.0070338174700737
0.001205438980832696,0.0,0.0,0.0,0.0,5216,0.006180478259921074,5216,0.007385917007923126
0.0009061878663487732,0.0,0.0,0.0,0.0,5217,0.0057579223066568375,5217,0.0066641103476285934
0.001048834528774023,0.0,0.0,0.0,0.0,5218,0.00507010193541646,5218,0.006118936464190483
0.0018878384726122022,0.0,0.0,0.0,0.0,5219,0.004597404506057501,5219,0.0064852433279156685
0.003097732551395893,0.0,0.0,0.0,0.0,5220,0.004398144781589508,5220,0.0074958777986466885
0.0021663678344339132,0.0,0.0,0.0,0.0,5221,0.00432721059769392,5221,0.006493578664958477
0.0021311731543391943,0.0,0.0,0.0,0.0,5222,0.004415005911141634,5222,0.006546178832650185
0.003869827836751938,0.0,0.0,0.0,0.0,5223,0.0047259340062737465,5223,0.008595761843025684
0.0029589796904474497,0.0,0.0,0.0,0.0,5224,0.005378552712500095,5224,0.008337532170116901
0.0013271595817059278,0.0,0.0,0.0,0.0,5225,0.006031963508576155,5225,0.007359122391790152
0.001435856451280415,0.0,0.0,0.0,0.0,5226,0.0063164327293634415,5226,0.007752288598567247
0.001247190753929317,0.0,0.0,0.0,0.0,5227,0.006093721836805344,5227,0.0073409127071499825
0.0026293655391782522,0.0,0.0,0.0,0.0,5228,0.005472924094647169,5228,0.008102289400994778
0.0030038224067538977,0.0,0.0,0.0,0.0,5229,0.004790303763002157,5229,0.007794125936925411
0.003373449668288231,0.0,0.0,0.0,0.0,5230,0.004359126556664705,5230,0.007732576224952936
0.002837980166077614,0.0,0.0,0.0,0.0,5231,0.004231613129377365,5231,0.007069593295454979
0.0028545171953737736,0.0,0.0,0.0,0.0,5232,0.004352061077952385,5232,0.007206578738987446
0.002397528849542141,0.0,0.0,0.0,0.0,5233,0.004695940762758255,5233,0.007093469612300396
0.001974542159587145,0.0,0.0,0.0,0.0,5234,0.005119704641401768,5234,0.007094246335327625
0.0018110027303919196,0.0,0.0,0.0,0.0,5235,0.005367742385715246,5235,0.007178745232522488
0.001866032020188868,0.0,0.0,0.0,0.0,5236,0.005270121153444052,5236,0.007136153057217598
0.0020445403642952442,0.0,0.0,0.0,0.0,5237,0.004944234620779753,5237,0.006988775450736284
0.0024205949157476425,0.0,0.0,0.0,0.0,5238,0.004631486255675554,5238,0.007052081637084484
0.002011783653870225,0.0,0.0,0.0,0.0,5239,0.004466166719794273,5239,0.006477950606495142
0.002673942595720291,0.0,0.0,0.0,0.0,5240,0.00447048107162118,5240,0.007144423667341471
0.004653431475162506,0.0,0.0,0.0,0.0,5241,0.0046049561351537704,5241,0.009258387610316277
0.0036075233947485685,0.0,0.0,0.0,0.0,5242,0.0051216501742601395,5242,0.008729173801839352
0.006497462745755911,0.0,0.0,0.0,0.0,5243,0.005869860760867596,5243,0.012367323972284794
0.004663787316530943,0.0,0.0,0.0,0.0,5244,0.006870722863823175,5244,0.011534510180354118
0.0050311521627008915,0.0,0.0,0.0,0.0,5245,0.007749122101813555,5245,0.012780274264514446
0.004616564605385065,0.0,0.0,0.0,0.0,5246,0.00819703284651041,5246,0.012813596986234188
0.004471457097679377,0.0,0.0,0.0,0.0,5247,0.008008133620023727,5247,0.012479590252041817
0.00380823016166687,0.0,0.0,0.0,0.0,5248,0.007370475679636002,5248,0.011178705841302872
0.0022529277484863997,0.0,0.0,0.0,0.0,5249,0.006567307282239199,5249,0.008820234797894955
0.002555669052526355,0.0,0.0,0.0,0.0,5250,0.005515180062502623,5250,0.008070848882198334
0.0016590007580816746,0.0,0.0,0.0,0.0,5251,0.004837654531002045,5251,0.006496655289083719
0.002470277948305011,0.0,0.0,0.0,0.0,5252,0.004472412634640932,5252,0.006942690350115299
0.0012916290434077382,0.0,0.0,0.0,0.0,5253,0.004406399559229612,5253,0.005698028486222029
0.0013409217353910208,0.0,0.0,0.0,0.0,5254,0.004471162334084511,5254,0.005812084302306175
0.0006264967378228903,0.0,0.0,0.0,0.0,5255,0.004716143943369389,5255,0.00534264137968421
0.0013791423989459872,0.0,0.0,0.0,0.0,5256,0.004969304893165827,5256,0.0063484469428658485
0.0015841993736103177,0.0,0.0,0.0,0.0,5257,0.005100132431834936,5257,0.006684331689029932
0.004158947616815567,0.0,0.0,0.0,0.0,5258,0.00496275071054697,5258,0.009121698327362537
0.00395232206210494,0.0,0.0,0.0,0.0,5259,0.005080205854028463,5259,0.009032527916133404
0.006926955655217171,0.0,0.0,0.0,0.0,5260,0.005380982533097267,5260,0.012307937256991863
0.00584532180801034,0.0,0.0,0.0,0.0,5261,0.006028291769325733,5261,0.01187361404299736
0.00619933195412159,0.0,0.0,0.0,0.0,5262,0.00681399367749691,5262,0.0130133256316185
0.010427610948681831,0.0,0.0,0.0,0.0,5263,0.0075124106369912624,5263,0.01794002205133438
0.009740659967064857,0.0,0.0,0.0,0.0,5264,0.008307788521051407,5264,0.018048448488116264
0.008766976185142994,0.0,0.0,0.0,0.0,5265,0.008991153910756111,5265,0.01775813102722168
0.007921476848423481,0.0,0.0,0.0,0.0,5266,0.0092117078602314,5266,0.017133183777332306
0.004870525561273098,0.0,0.0,0.0,0.0,5267,0.008774319663643837,5267,0.013644845224916935
0.00470839673653245,0.0,0.0,0.0,0.0,5268,0.00782053917646408,5268,0.012528935447335243
0.0030742569360882044,0.0,0.0,0.0,0.0,5269,0.00685647688806057,5269,0.009930734522640705
0.0011036344803869724,0.0,0.0,0.0,0.0,5270,0.005458929110318422,5270,0.006562563590705395
0.0030941921286284924,0.0,0.0,0.0,0.0,5271,0.005342258606106043,5271,0.008436450734734535
0.005464707035571337,0.0,0.0,0.0,0.0,5272,0.005764484405517578,5272,0.011229190975427628
0.004171445034444332,0.0,0.0,0.0,0.0,5273,0.005510197952389717,5273,0.00968164298683405
0.0014446626883000135,0.0,0.0,0.0,0.0,5274,0.00490596191957593,5274,0.006350624840706587
0.0006074403063394129,0.0,0.0,0.0,0.0,5275,0.005177752580493689,5275,0.005785193294286728
0.0012296768836677074,0.0,0.0,0.0,0.0,5276,0.006096263416111469,5276,0.007325940299779177
0.0020030273590236902,0.0,0.0,0.0,0.0,5277,0.006713421083986759,5277,0.008716448210179806
0.0018276608316227794,0.0,0.0,0.0,0.0,5278,0.006247874349355698,5278,0.008075535297393799
0.0017923631239682436,0.0,0.0,0.0,0.0,5279,0.0051733446307480335,5279,0.006965707987546921
0.0025663666892796755,0.0,0.0,0.0,0.0,5280,0.004370622802525759,5280,0.006936989258974791
0.0034200255759060383,0.0,0.0,0.0,0.0,5281,0.004070592578500509,5281,0.007490618620067835
0.003699568100273609,0.0,0.0,0.0,0.0,5282,0.004033083561807871,5282,0.007732651196420193
0.002781196031719446,0.0,0.0,0.0,0.0,5283,0.00429200055077672,5283,0.007073196582496166
0.0019816982094198465,0.0,0.0,0.0,0.0,5284,0.0049140132032334805,5284,0.006895712111145258
0.003632781095802784,0.0,0.0,0.0,0.0,5285,0.0055281417444348335,5285,0.009160922840237617
0.005056922789663076,0.0,0.0,0.0,0.0,5286,0.0060826013796031475,5286,0.011139525100588799
0.005129470955580473,0.0,0.0,0.0,0.0,5287,0.006524766329675913,5287,0.011654237285256386
0.0045947725884616375,0.0,0.0,0.0,0.0,5288,0.00695432024076581,5288,0.011549092829227448
0.00458860956132412,0.0,0.0,0.0,0.0,5289,0.007185602094978094,5289,0.011774212121963501
0.002650169190019369,0.0,0.0,0.0,0.0,5290,0.007194470148533583,5290,0.009844639338552952
0.003362968098372221,0.0,0.0,0.0,0.0,5291,0.006719307042658329,5291,0.010082274675369263
0.0020371738355606794,0.0,0.0,0.0,0.0,5292,0.0059793624095618725,5292,0.008016536012291908
0.0012817180249840021,0.0,0.0,0.0,0.0,5293,0.005223267246037722,5293,0.006504985969513655
0.0018841210985556245,0.0,0.0,0.0,0.0,5294,0.004600122570991516,5294,0.006484243553131819
0.0027796062640845776,0.0,0.0,0.0,0.0,5295,0.00439269095659256,5295,0.007172297220677137
0.0026850318536162376,0.0,0.0,0.0,0.0,5296,0.004429270047694445,5296,0.007114301901310682
0.001814363757148385,0.0,0.0,0.0,0.0,5297,0.0046792300418019295,5297,0.006493594031780958
0.001155233010649681,0.0,0.0,0.0,0.0,5298,0.00518131023272872,5298,0.006336543243378401
0.0012525605270639062,0.0,0.0,0.0,0.0,5299,0.005629374645650387,5299,0.006881935987621546
0.001229886431246996,0.0,0.0,0.0,0.0,5300,0.00559715460985899,5300,0.006827041041105986
0.0011915623908862472,0.0,0.0,0.0,0.0,5301,0.005103441420942545,5301,0.006295003928244114
0.001380218076519668,0.0,0.0,0.0,0.0,5302,0.004552104044705629,5302,0.005932321771979332
0.0019305943278595805,0.0,0.0,0.0,0.0,5303,0.00423156563192606,5303,0.006162160076200962
0.0015792096965014935,0.0,0.0,0.0,0.0,5304,0.004132388159632683,5304,0.005711597856134176
0.001780080609023571,0.0,0.0,0.0,0.0,5305,0.00421116640791297,5305,0.005991247016936541
0.0014119232073426247,0.0,0.0,0.0,0.0,5306,0.004444414749741554,5306,0.005856337957084179
0.002974744187667966,0.0,0.0,0.0,0.0,5307,0.004683176055550575,5307,0.0076579200103878975
0.006946977693587542,0.0,0.0,0.0,0.0,5308,0.005067410878837109,5308,0.012014389038085938
0.007039893884211779,0.0,0.0,0.0,0.0,5309,0.005727327428758144,5309,0.01276722177863121
0.006807834841310978,0.0,0.0,0.0,0.0,5310,0.006692034192383289,5310,0.013499869033694267
0.011868718080222607,0.0,0.0,0.0,0.0,5311,0.007641805801540613,5311,0.019510524347424507
0.01171636488288641,0.0,0.0,0.0,0.0,5312,0.008507698774337769,5312,0.020224062725901604
0.010397245176136494,0.0,0.0,0.0,0.0,5313,0.008847377263009548,5313,0.019244622439146042
0.008204313926398754,0.0,0.0,0.0,0.0,5314,0.00863603688776493,5314,0.01684034988284111
0.008282862603664398,0.0,0.0,0.0,0.0,5315,0.007903093472123146,5315,0.016185956075787544
0.004857438616454601,0.0,0.0,0.0,0.0,5316,0.007102295756340027,5316,0.011959734372794628
0.0030563650652766228,0.0,0.0,0.0,0.0,5317,0.006375378463417292,5317,0.009431743994355202
0.0014933347702026367,0.0,0.0,0.0,0.0,5318,0.0050860499031841755,5318,0.006579384673386812
0.002123819198459387,0.0,0.0,0.0,0.0,5319,0.004788631573319435,5319,0.006912450771778822
0.00431843614205718,0.0,0.0,0.0,0.0,5320,0.005008903332054615,5320,0.009327339008450508
0.002700004493817687,0.0,0.0,0.0,0.0,5321,0.0047942171804606915,5321,0.007494221441447735
0.0013438601745292544,0.0,0.0,0.0,0.0,5322,0.004829593002796173,5322,0.006173452828079462
0.001604042830877006,0.0,0.0,0.0,0.0,5323,0.005526129622012377,5323,0.007130172569304705
0.002067781751975417,0.0,0.0,0.0,0.0,5324,0.005987363401800394,5324,0.008055144920945168
0.0015289055882021785,0.0,0.0,0.0,0.0,5325,0.005511423107236624,5325,0.007040328811854124
0.0010061849607154727,0.0,0.0,0.0,0.0,5326,0.004644501488655806,5326,0.005650686100125313
0.0018319794908165932,0.0,0.0,0.0,0.0,5327,0.004162647295743227,5327,0.00599462678655982
0.0027482465375214815,0.0,0.0,0.0,0.0,5328,0.004032941069453955,5328,0.00678118783980608
0.002451961860060692,0.0,0.0,0.0,0.0,5329,0.003942862153053284,5329,0.006394823547452688
0.0015145300421863794,0.0,0.0,0.0,0.0,5330,0.0040286811999976635,5330,0.005543211475014687
0.0018983414629474282,0.0,0.0,0.0,0.0,5331,0.004442424047738314,5331,0.006340765859931707
0.0013696051901206374,0.0,0.0,0.0,0.0,5332,0.005138759966939688,5332,0.00650836480781436
0.0019928952679038048,0.0,0.0,0.0,0.0,5333,0.005721431225538254,5333,0.007714326027780771
0.001976054860278964,0.0,0.0,0.0,0.0,5334,0.0057493713684380054,5334,0.0077254255302250385
0.002045865636318922,0.0,0.0,0.0,0.0,5335,0.00521858362480998,5335,0.0072644492611289024
0.0017559326952323318,0.0,0.0,0.0,0.0,5336,0.004545432049781084,5336,0.006301364861428738
0.0029569282196462154,0.0,0.0,0.0,0.0,5337,0.004059546627104282,5337,0.007016474846750498
0.0035217225085943937,0.0,0.0,0.0,0.0,5338,0.0037963958457112312,5338,0.007318118587136269
0.0035241679288446903,0.0,0.0,0.0,0.0,5339,0.003758898703381419,5339,0.007283066399395466
0.0030414266511797905,0.0,0.0,0.0,0.0,5340,0.003922570031136274,5340,0.006963996682316065
0.002506503602489829,0.0,0.0,0.0,0.0,5341,0.004244049079716206,5341,0.006750552915036678
0.005237576086074114,0.0,0.0,0.0,0.0,5342,0.0045593902468681335,5342,0.00979696586728096
0.004465289879590273,0.0,0.0,0.0,0.0,5343,0.005021858029067516,5343,0.009487148374319077
0.003223054576665163,0.0,0.0,0.0,0.0,5344,0.005421129055321217,5344,0.008644184097647667
0.00227653281763196,0.0,0.0,0.0,0.0,5345,0.005729614291340113,5345,0.008006147108972073
0.003013498615473509,0.0,0.0,0.0,0.0,5346,0.005703495815396309,5346,0.008716994896531105
0.002889365889132023,0.0,0.0,0.0,0.0,5347,0.005225085653364658,5347,0.008114451542496681
0.003212455427274108,0.0,0.0,0.0,0.0,5348,0.004670841619372368,5348,0.00788329727947712
0.002702399855479598,0.0,0.0,0.0,0.0,5349,0.004415152128785849,5349,0.007117551751434803
0.001240275101736188,0.0,0.0,0.0,0.0,5350,0.004385047592222691,5350,0.005625322461128235
0.0013955513713881373,0.0,0.0,0.0,0.0,5351,0.004275674931704998,5351,0.005671226419508457
0.0027707060799002647,0.0,0.0,0.0,0.0,5352,0.004178536590188742,5352,0.006949243135750294
0.0024181578774005175,0.0,0.0,0.0,0.0,5353,0.004315233323723078,5353,0.006733391433954239
0.0018003195291385055,0.0,0.0,0.0,0.0,5354,0.004675723612308502,5354,0.0064760432578623295
0.004941623192280531,0.0,0.0,0.0,0.0,5355,0.005167604889720678,5355,0.01010922808200121
0.011553232558071613,0.0,0.0,0.0,0.0,5356,0.005993501748889685,5356,0.01754673384130001
0.010536146350204945,0.0,0.0,0.0,0.0,5357,0.007232458796352148,5357,0.017768604680895805
0.009126132354140282,0.0,0.0,0.0,0.0,5358,0.008285989984869957,5358,0.01741212233901024
0.009520027786493301,0.0,0.0,0.0,0.0,5359,0.00886947475373745,5359,0.01838950254023075
0.00931747630238533,0.0,0.0,0.0,0.0,5360,0.008888376876711845,5360,0.018205853179097176
0.008845186792314053,0.0,0.0,0.0,0.0,5361,0.008441532962024212,5361,0.017286719754338264
0.007124335505068302,0.0,0.0,0.0,0.0,5362,0.007737186271697283,5362,0.014861522242426872
0.0036654979921877384,0.0,0.0,0.0,0.0,5363,0.006999530363827944,5363,0.010665028356015682
0.0043958630412817,0.0,0.0,0.0,0.0,5364,0.006277000531554222,5364,0.010672862641513348
0.002532130805775523,0.0,0.0,0.0,0.0,5365,0.0059199025854468346,5365,0.008452033624053001
0.0023463056422770023,0.0,0.0,0.0,0.0,5366,0.0056457845494151115,5366,0.007992090657353401
0.003122074529528618,0.0,0.0,0.0,0.0,5367,0.005408997647464275,5367,0.008531072176992893
0.0026515843346714973,0.0,0.0,0.0,0.0,5368,0.005130751524120569,5368,0.007782335858792067
0.002524487441405654,0.0,0.0,0.0,0.0,5369,0.004951664246618748,5369,0.007476151920855045
0.0021677548065781593,0.0,0.0,0.0,0.0,5370,0.004816965665668249,5370,0.006984720006585121
0.0018489602953195572,0.0,0.0,0.0,0.0,5371,0.004722652491182089,5371,0.006571612786501646
0.0015055222902446985,0.0,0.0,0.0,0.0,5372,0.004713111091405153,5372,0.0062186336144804955
0.001394316554069519,0.0,0.0,0.0,0.0,5373,0.004713322501629591,5373,0.006107639521360397
0.0013473876751959324,0.0,0.0,0.0,0.0,5374,0.004617428872734308,5374,0.005964816547930241
0.0013749405043199658,0.0,0.0,0.0,0.0,5375,0.004402610938996077,5375,0.005777550861239433
0.0015472933882847428,0.0,0.0,0.0,0.0,5376,0.004175576381385326,5376,0.005722869653254747
0.0018051833612844348,0.0,0.0,0.0,0.0,5377,0.004013907164335251,5377,0.0058190906420350075
0.001948174904100597,0.0,0.0,0.0,0.0,5378,0.003931733313947916,5378,0.005879908334463835
0.0015688934363424778,0.0,0.0,0.0,0.0,5379,0.0039288923144340515,5379,0.005497785750776529
0.003352200612425804,0.0,0.0,0.0,0.0,5380,0.004013844300061464,5380,0.007366044446825981
0.002198762260377407,0.0,0.0,0.0,0.0,5381,0.004400644917041063,5381,0.00659940717741847
0.0050116791389882565,0.0,0.0,0.0,0.0,5382,0.004989646840840578,5382,0.010001325979828835
0.004323216620832682,0.0,0.0,0.0,0.0,5383,0.005791133735328913,5383,0.010114350356161594
0.004066028166562319,0.0,0.0,0.0,0.0,5384,0.006359848193824291,5384,0.010425876826047897
0.004051264841109514,0.0,0.0,0.0,0.0,5385,0.0063246083445847034,5385,0.010375873185694218
0.004216975998133421,0.0,0.0,0.0,0.0,5386,0.0057582007721066475,5386,0.009975176304578781
0.0035486118867993355,0.0,0.0,0.0,0.0,5387,0.0050370292738080025,5387,0.008585641160607338
0.0032107545994222164,0.0,0.0,0.0,0.0,5388,0.004391396418213844,5388,0.007602151017636061
0.0036430421750992537,0.0,0.0,0.0,0.0,5389,0.003955400083214045,5389,0.007598442025482655
0.0036241854541003704,0.0,0.0,0.0,0.0,5390,0.0038093847688287497,5390,0.007433570455759764
0.004399872850626707,0.0,0.0,0.0,0.0,5391,0.003937610890716314,5391,0.008337483741343021
0.0031236116774380207,0.0,0.0,0.0,0.0,5392,0.0044361199252307415,5392,0.007559731602668762
0.0026511733885854483,0.0,0.0,0.0,0.0,5393,0.0052024805918335915,5393,0.007853654213249683
0.002551352372393012,0.0,0.0,0.0,0.0,5394,0.005758835002779961,5394,0.008310186676681042
0.0021531647071242332,0.0,0.0,0.0,0.0,5395,0.005720574874430895,5395,0.00787373911589384
0.0018996319267898798,0.0,0.0,0.0,0.0,5396,0.005183021537959576,5396,0.007082653697580099
0.0023275334388017654,0.0,0.0,0.0,0.0,5397,0.00466473214328289,5397,0.006992265582084656
0.0027975833509117365,0.0,0.0,0.0,0.0,5398,0.004410018213093281,5398,0.007207601331174374
0.0027589225210249424,0.0,0.0,0.0,0.0,5399,0.004427801351994276,5399,0.0071867238730192184
0.007890889421105385,0.0,0.0,0.0,0.0,5400,0.004670040216296911,5400,0.012560929171741009
0.006058050319552422,0.0,0.0,0.0,0.0,5401,0.005494327750056982,5401,0.011552376672625542
0.01022210530936718,0.0,0.0,0.0,0.0,5402,0.006822635419666767,5402,0.01704474166035652
0.008114192634820938,0.0,0.0,0.0,0.0,5403,0.0085019301623106,5403,0.01661612279713154
0.007801074534654617,0.0,0.0,0.0,0.0,5404,0.009949060156941414,5404,0.01775013469159603
0.005767132621258497,0.0,0.0,0.0,0.0,5405,0.010440198704600334,5405,0.01620732992887497
0.005727427080273628,0.0,0.0,0.0,0.0,5406,0.009664862416684628,5406,0.015392289496958256
0.005779219325631857,0.0,0.0,0.0,0.0,5407,0.00825468823313713,5407,0.014033908024430275
0.0034986441023647785,0.0,0.0,0.0,0.0,5408,0.006973910145461559,5408,0.010472554713487625
0.003196223173290491,0.0,0.0,0.0,0.0,5409,0.006143775302916765,5409,0.009339998476207256
0.004203330259770155,0.0,0.0,0.0,0.0,5410,0.005834623239934444,5410,0.010037953034043312
0.003350497456267476,0.0,0.0,0.0,0.0,5411,0.005496119149029255,5411,0.008846616372466087
0.003462377469986677,0.0,0.0,0.0,0.0,5412,0.005397961940616369,5412,0.008860339410603046
0.0031523590441793203,0.0,0.0,0.0,0.0,5413,0.005269486457109451,5413,0.008421845734119415
0.002207280835136771,0.0,0.0,0.0,0.0,5414,0.0050539360381662846,5414,0.007261216640472412
0.0017709200037643313,0.0,0.0,0.0,0.0,5415,0.00496837729588151,5415,0.006739297416061163
0.0013835553545504808,0.0,0.0,0.0,0.0,5416,0.005002657417207956,5416,0.006386213470250368
0.0015435863751918077,0.0,0.0,0.0,0.0,5417,0.005210870411247015,5417,0.006754457019269466
0.0025405599735677242,0.0,0.0,0.0,0.0,5418,0.0053145806305110455,5418,0.00785514060407877
0.002819786313921213,0.0,0.0,0.0,0.0,5419,0.0053697507828474045,5419,0.008189537562429905
0.003026145277544856,0.0,0.0,0.0,0.0,5420,0.005272424779832363,5420,0.008298570290207863
0.0032923249527812004,0.0,0.0,0.0,0.0,5421,0.005058226175606251,5421,0.008350551128387451
0.0035695310216397047,0.0,0.0,0.0,0.0,5422,0.004824901930987835,5422,0.008394433185458183
0.003596393158659339,0.0,0.0,0.0,0.0,5423,0.00466452119871974,5423,0.008260914124548435
0.00351885543204844,0.0,0.0,0.0,0.0,5424,0.004648273810744286,5424,0.008167129009962082
0.003230712143704295,0.0,0.0,0.0,0.0,5425,0.004769394174218178,5425,0.008000106550753117
0.0028721236158162355,0.0,0.0,0.0,0.0,5426,0.004972042515873909,5426,0.007844165898859501
0.0025434501003473997,0.0,0.0,0.0,0.0,5427,0.005153232719749212,5427,0.007696682587265968
0.0021266709081828594,0.0,0.0,0.0,0.0,5428,0.0052203647792339325,5428,0.007347035687416792
0.002088290872052312,0.0,0.0,0.0,0.0,5429,0.005104700569063425,5429,0.007192991673946381
0.0021396621596068144,0.0,0.0,0.0,0.0,5430,0.004888095427304506,5430,0.007027757819741964
0.002201596274971962,0.0,0.0,0.0,0.0,5431,0.004707317799329758,5431,0.00690891407430172
0.001490238937549293,0.0,0.0,0.0,0.0,5432,0.004644282627850771,5432,0.006134521681815386
0.0015118170995265245,0.0,0.0,0.0,0.0,5433,0.004593093879520893,5433,0.006104911211878061
0.0015007854672148824,0.0,0.0,0.0,0.0,5434,0.0045867240987718105,5434,0.006087509915232658
0.0014470689930021763,0.0,0.0,0.0,0.0,5435,0.004628886003047228,5435,0.006075954996049404
0.0013663249555975199,0.0,0.0,0.0,0.0,5436,0.004700752440840006,5436,0.006067077629268169
0.0071715423837304115,0.0,0.0,0.0,0.0,5437,0.004766036756336689,5437,0.0119375791400671
0.005927165970206261,0.0,0.0,0.0,0.0,5438,0.00532350642606616,5438,0.011250672861933708
0.004573318175971508,0.0,0.0,0.0,0.0,5439,0.0063081462867558,5439,0.010881464928388596
0.004093632567673922,0.0,0.0,0.0,0.0,5440,0.007116952445358038,5440,0.01121058501303196
0.008712008595466614,0.0,0.0,0.0,0.0,5441,0.00730589684098959,5441,0.016017906367778778
0.006261720787733793,0.0,0.0,0.0,0.0,5442,0.007166869007050991,5442,0.013428589329123497
0.003572178306058049,0.0,0.0,0.0,0.0,5443,0.006676554214209318,5443,0.010248732753098011
0.004400355741381645,0.0,0.0,0.0,0.0,5444,0.006090681534260511,5444,0.010491037741303444
0.0048223924823105335,0.0,0.0,0.0,0.0,5445,0.005764335859566927,5445,0.01058672834187746
0.0026505521964281797,0.0,0.0,0.0,0.0,5446,0.005755196791142225,5446,0.008405748754739761
0.002569529227912426,0.0,0.0,0.0,0.0,5447,0.005821292754262686,5447,0.008390821516513824
0.002057846635580063,0.0,0.0,0.0,0.0,5448,0.005941425450146198,5448,0.007999272085726261
0.003608429804444313,0.0,0.0,0.0,0.0,5449,0.005481263622641563,5449,0.009089693427085876
0.0025927075184881687,0.0,0.0,0.0,0.0,5450,0.004803103394806385,5450,0.007395810913294554
0.0033294339664280415,0.0,0.0,0.0,0.0,5451,0.0046774535439908504,5451,0.008006887510418892
0.0034763047005981207,0.0,0.0,0.0,0.0,5452,0.004673205316066742,5452,0.008149510249495506
0.0023301958572119474,0.0,0.0,0.0,0.0,5453,0.0043692393228411674,5453,0.0066994354128837585
0.001391042722389102,0.0,0.0,0.0,0.0,5454,0.004187188111245632,5454,0.005578231066465378
0.001360961003229022,0.0,0.0,0.0,0.0,5455,0.004360813181847334,5455,0.005721773952245712
0.0012771898182108998,0.0,0.0,0.0,0.0,5456,0.004464794881641865,5456,0.005741984583437443
0.0013879449106752872,0.0,0.0,0.0,0.0,5457,0.0044895075261592865,5457,0.005877452436834574
0.0015576576115563512,0.0,0.0,0.0,0.0,5458,0.0043766614980995655,5458,0.005934318993240595
0.001792736235074699,0.0,0.0,0.0,0.0,5459,0.004163546022027731,5459,0.005956282373517752
0.0012354133650660515,0.0,0.0,0.0,0.0,5460,0.003951686434447765,5460,0.005187099799513817
0.001195079181343317,0.0,0.0,0.0,0.0,5461,0.003604017198085785,5461,0.004799096379429102
0.0017983777215704322,0.0,0.0,0.0,0.0,5462,0.003387308679521084,5462,0.005185686517506838
0.00211852858774364,0.0,0.0,0.0,0.0,5463,0.003302172292023897,5463,0.0054207006469368935
0.001986895455047488,0.0,0.0,0.0,0.0,5464,0.003267515916377306,5464,0.0052544111385941505
0.0013956984039396048,0.0,0.0,0.0,0.0,5465,0.0033105278853327036,5465,0.004706226289272308
0.004109456669539213,0.0,0.0,0.0,0.0,5466,0.003480302868410945,5466,0.0075897593051195145
0.008610819466412067,0.0,0.0,0.0,0.0,5467,0.003983893431723118,5467,0.012594712898135185
0.006646424066275358,0.0,0.0,0.0,0.0,5468,0.005009362008422613,5468,0.011655786074697971
0.007102844305336475,0.0,0.0,0.0,0.0,5469,0.00630468362942338,5469,0.013407527469098568
0.004557551816105843,0.0,0.0,0.0,0.0,5470,0.007367160636931658,5470,0.011924712918698788
0.004186881240457296,0.0,0.0,0.0,0.0,5471,0.007883910089731216,5471,0.0120707917958498
0.004189177416265011,0.0,0.0,0.0,0.0,5472,0.007615446113049984,5472,0.011804623529314995
0.006058138329535723,0.0,0.0,0.0,0.0,5473,0.006771201267838478,5473,0.012829339131712914
0.006072654854506254,0.0,0.0,0.0,0.0,5474,0.00561994593590498,5474,0.011692600324749947
0.00544060580432415,0.0,0.0,0.0,0.0,5475,0.004738780204206705,5475,0.010179385542869568
0.0019314659293740988,0.0,0.0,0.0,0.0,5476,0.004290803801268339,5476,0.006222269497811794
0.0009186376701109111,0.0,0.0,0.0,0.0,5477,0.004096255172044039,5477,0.005014892667531967
0.0012439795536920428,0.0,0.0,0.0,0.0,5478,0.003950453829020262,5478,0.005194433499127626
0.001414177706465125,0.0,0.0,0.0,0.0,5479,0.003822276834398508,5479,0.0052364543080329895
0.001662654452957213,0.0,0.0,0.0,0.0,5480,0.003781952429562807,5480,0.005444606766104698
0.0016420850297436118,0.0,0.0,0.0,0.0,5481,0.0037774064112454653,5481,0.00541949225589633
0.0013920924393460155,0.0,0.0,0.0,0.0,5482,0.0037981891073286533,5482,0.005190281197428703
0.001234741066582501,0.0,0.0,0.0,0.0,5483,0.003868608269840479,5483,0.005103349220007658
0.00113639363553375,0.0,0.0,0.0,0.0,5484,0.003927088342607021,5484,0.005063482094556093
0.0010449648834764957,0.0,0.0,0.0,0.0,5485,0.0038745012134313583,5485,0.004919466096907854
0.0009582045604474843,0.0,0.0,0.0,0.0,5486,0.003708768170326948,5486,0.004666972905397415
0.0009703859686851501,0.0,0.0,0.0,0.0,5487,0.003527928376570344,5487,0.0044983141124248505
0.001068277982994914,0.0,0.0,0.0,0.0,5488,0.0033970291260629892,5488,0.004465307109057903
0.0010696231620386243,0.0,0.0,0.0,0.0,5489,0.0033212145790457726,5489,0.004390838090330362
0.0009718589717522264,0.0,0.0,0.0,0.0,5490,0.003294881898909807,5490,0.004266740754246712
0.0008935256628319621,0.0,0.0,0.0,0.0,5491,0.003318527014926076,5491,0.004212052561342716
0.0008806588593870401,0.0,0.0,0.0,0.0,5492,0.003345900448039174,5492,0.0042265597730875015
0.0008865674608387053,0.0,0.0,0.0,0.0,5493,0.0033170583192259073,5493,0.004203625954687595
0.0008733842405490577,0.0,0.0,0.0,0.0,5494,0.0032189630437642336,5494,0.004092347342520952
0.0011645595077425241,0.0,0.0,0.0,0.0,5495,0.0031095200683921576,5495,0.004274079576134682
0.0013106644619256258,0.0,0.0,0.0,0.0,5496,0.0030061891302466393,5496,0.004316853359341621
0.001341945375315845,0.0,0.0,0.0,0.0,5497,0.0029433337040245533,5497,0.00428527919575572
0.0012644039234146476,0.0,0.0,0.0,0.0,5498,0.002922220155596733,5498,0.0041866241954267025
0.0014567984035238624,0.0,0.0,0.0,0.0,5499,0.0029427448753267527,5499,0.004399543162435293
0.0023701381869614124,0.0,0.0,0.0,0.0,5500,0.0029535468202084303,5500,0.005323684774339199
0.013573821634054184,0.0,0.0,0.0,0.0,5501,0.0030310554429888725,5501,0.01660487800836563
0.01191670261323452,0.0,0.0,0.0,0.0,5502,0.0036625072825700045,5502,0.015579208731651306
0.017332829535007477,0.0,0.0,0.0,0.0,5503,0.00500388303771615,5503,0.02233671396970749
0.01299162395298481,0.0,0.0,0.0,0.0,5504,0.007199534215033054,5504,0.02019115909934044
0.008811604231595993,0.0,0.0,0.0,0.0,5505,0.009774797596037388,5505,0.018586400896310806
0.004808342084288597,0.0,0.0,0.0,0.0,5506,0.011989989317953587,5506,0.01679833047091961
0.004104926250874996,0.0,0.0,0.0,0.0,5507,0.012785778380930424,5507,0.01689070463180542
0.00439930846914649,0.0,0.0,0.0,0.0,5508,0.01186123676598072,5508,0.016260545700788498
0.0052720969542860985,0.0,0.0,0.0,0.0,5509,0.009897287003695965,5509,0.015169383957982063
0.0076005663722753525,0.0,0.0,0.0,0.0,5510,0.007807667832821608,5510,0.015408234670758247
0.008160270750522614,0.0,0.0,0.0,0.0,5511,0.0061241933144629,5511,0.014284463599324226
0.002672482281923294,0.0,0.0,0.0,0.0,5512,0.005262280348688364,5512,0.00793476216495037
0.0031334194354712963,0.0,0.0,0.0,0.0,5513,0.004933456424623728,5513,0.008066875860095024
0.005185564514249563,0.0,0.0,0.0,0.0,5514,0.005338553339242935,5514,0.010524118319153786
0.005253427661955357,0.0,0.0,0.0,0.0,5515,0.005473952740430832,5515,0.010727380402386189
0.002597678452730179,0.0,0.0,0.0,0.0,5516,0.004961555823683739,5516,0.00755923381075263
0.0014657146530225873,0.0,0.0,0.0,0.0,5517,0.004683106206357479,5517,0.006148820742964745
0.001954447478055954,0.0,0.0,0.0,0.0,5518,0.004893116652965546,5518,0.0068475641310215
0.0019898905884474516,0.0,0.0,0.0,0.0,5519,0.004871019162237644,5519,0.0068609099835157394
0.0012634953018277884,0.0,0.0,0.0,0.0,5520,0.004359415732324123,5520,0.005622911266982555
0.0011078055249527097,0.0,0.0,0.0,0.0,5521,0.003899875096976757,5521,0.005007680505514145
0.0019096563337370753,0.0,0.0,0.0,0.0,5522,0.0037614849861711264,5522,0.00567114120349288
0.0024416903033852577,0.0,0.0,0.0,0.0,5523,0.003649151185527444,5523,0.006090841256082058
0.0020623786840587854,0.0,0.0,0.0,0.0,5524,0.0034755610395222902,5524,0.005537939723581076
0.0018647464457899332,0.0,0.0,0.0,0.0,5525,0.0035355789586901665,5525,0.005400325637310743
0.002667907625436783,0.0,0.0,0.0,0.0,5526,0.0038619008846580982,5526,0.006529808510094881
0.0031553234439343214,0.0,0.0,0.0,0.0,5527,0.003996474668383598,5527,0.007151797413825989
0.006084504537284374,0.0,0.0,0.0,0.0,5528,0.003929964266717434,5528,0.010014468804001808
0.010502786375582218,0.0,0.0,0.0,0.0,5529,0.004027919843792915,5529,0.014530706219375134
0.010643871501088142,0.0,0.0,0.0,0.0,5530,0.004533113446086645,5530,0.015176985412836075
0.007502411492168903,0.0,0.0,0.0,0.0,5531,0.005339896306395531,5531,0.012842307798564434
0.006291016936302185,0.0,0.0,0.0,0.0,5532,0.006322578527033329,5532,0.012613595463335514
0.005478962790220976,0.0,0.0,0.0,0.0,5533,0.007037934847176075,5533,0.012516896240413189
0.00505329854786396,0.0,0.0,0.0,0.0,5534,0.007146873045712709,5534,0.012200171127915382
0.004956787917762995,0.0,0.0,0.0,0.0,5535,0.0066522955894470215,5535,0.011609082110226154
0.006043293513357639,0.0,0.0,0.0,0.0,5536,0.005900367628782988,5536,0.01194366067647934
0.00526546873152256,0.0,0.0,0.0,0.0,5537,0.005125934723764658,5537,0.01039140298962593
0.00221031391993165,0.0,0.0,0.0,0.0,5538,0.004682376515120268,5538,0.006892690435051918
0.0023765340447425842,0.0,0.0,0.0,0.0,5539,0.004335318226367235,5539,0.006711852271109819
0.002287016250193119,0.0,0.0,0.0,0.0,5540,0.004262877162545919,5540,0.006549893878400326
0.002556184073910117,0.0,0.0,0.0,0.0,5541,0.004074729047715664,5541,0.006630913354456425
0.0028988425619900227,0.0,0.0,0.0,0.0,5542,0.0039826128631830215,5542,0.0068814558908343315
0.0030131316743791103,0.0,0.0,0.0,0.0,5543,0.0039795879274606705,5543,0.006992719601839781
0.002803610172122717,0.0,0.0,0.0,0.0,5544,0.004020863678306341,5544,0.006824473850429058
0.0024532685056328773,0.0,0.0,0.0,0.0,5545,0.004091221839189529,5545,0.006544490344822407
0.0029296898283064365,0.0,0.0,0.0,0.0,5546,0.004160979297012091,5546,0.007090669125318527
0.0016717789694666862,0.0,0.0,0.0,0.0,5547,0.0045442343689501286,5547,0.006216013804078102
0.0033063620794564486,0.0,0.0,0.0,0.0,5548,0.005126470699906349,5548,0.008432832546532154
0.0070474110543727875,0.0,0.0,0.0,0.0,5549,0.005722487810999155,5549,0.012769898399710655
0.007133807986974716,0.0,0.0,0.0,0.0,5550,0.00628611771389842,5550,0.01341992523521185
0.010509837418794632,0.0,0.0,0.0,0.0,5551,0.006644030101597309,5551,0.017153866589069366
0.01013716496527195,0.0,0.0,0.0,0.0,5552,0.006843717768788338,5552,0.016980882734060287
0.009215539321303368,0.0,0.0,0.0,0.0,5553,0.006832694169133902,5553,0.016048233956098557
0.009111610241234303,0.0,0.0,0.0,0.0,5554,0.006508157588541508,5554,0.01561976782977581
0.00459654163569212,0.0,0.0,0.0,0.0,5555,0.006091516464948654,5555,0.010688058100640774
0.0018205676460638642,0.0,0.0,0.0,0.0,5556,0.005617995746433735,5556,0.00743856281042099
0.001383900991640985,0.0,0.0,0.0,0.0,5557,0.0051187509670853615,5557,0.006502652075141668
0.0020984970033168793,0.0,0.0,0.0,0.0,5558,0.004631358198821545,5558,0.006729855202138424
0.002706038998439908,0.0,0.0,0.0,0.0,5559,0.004523339215666056,5559,0.007229378446936607
0.0053786118514835835,0.0,0.0,0.0,0.0,5560,0.004651273600757122,5560,0.010029885917901993
0.005287952721118927,0.0,0.0,0.0,0.0,5561,0.004650313872843981,5561,0.00993826612830162
0.004652469418942928,0.0,0.0,0.0,0.0,5562,0.004457980860024691,5562,0.009110450744628906
0.004018732812255621,0.0,0.0,0.0,0.0,5563,0.0043487814255058765,5563,0.008367514237761497
0.001410754630342126,0.0,0.0,0.0,0.0,5564,0.004466797690838575,5564,0.005877552554011345
0.0018974056001752615,0.0,0.0,0.0,0.0,5565,0.004693510476499796,5565,0.006590915843844414
0.004275816027075052,0.0,0.0,0.0,0.0,5566,0.004631207324564457,5566,0.008907023817300797
0.0034436089918017387,0.0,0.0,0.0,0.0,5567,0.004193142522126436,5567,0.007636751979589462
0.003297653282061219,0.0,0.0,0.0,0.0,5568,0.0039132824167609215,5568,0.007210935465991497
0.003736811922863126,0.0,0.0,0.0,0.0,5569,0.0039069801568984985,5569,0.007643791846930981
0.003327770624309778,0.0,0.0,0.0,0.0,5570,0.0038241080474108458,5570,0.00715187843888998
0.002190348459407687,0.0,0.0,0.0,0.0,5571,0.0036904553417116404,5571,0.005880804266780615
0.0026796222664415836,0.0,0.0,0.0,0.0,5572,0.0037931380793452263,5572,0.00647276034578681
0.0024386036675423384,0.0,0.0,0.0,0.0,5573,0.004215202294290066,5573,0.006653806194663048
0.004606183618307114,0.0,0.0,0.0,0.0,5574,0.004601189401000738,5574,0.009207373484969139
0.004146734718233347,0.0,0.0,0.0,0.0,5575,0.004956231918185949,5575,0.009102966636419296
0.003699939465150237,0.0,0.0,0.0,0.0,5576,0.005129156168550253,5576,0.008829095400869846
0.0034460569731891155,0.0,0.0,0.0,0.0,5577,0.005104237236082554,5577,0.008550293743610382
0.0033865151926875114,0.0,0.0,0.0,0.0,5578,0.00495572667568922,5578,0.008342241868376732
0.0034422685857862234,0.0,0.0,0.0,0.0,5579,0.004821634851396084,5579,0.008263903670012951
0.0034719703253358603,0.0,0.0,0.0,0.0,5580,0.004783753305673599,5580,0.008255723863840103
0.0031815567053854465,0.0,0.0,0.0,0.0,5581,0.004879450891166925,5581,0.008061007596552372
0.0028845646884292364,0.0,0.0,0.0,0.0,5582,0.005100036505609751,5582,0.007984600961208344
0.003916459623724222,0.0,0.0,0.0,0.0,5583,0.005388645920902491,5583,0.009305105544626713
0.0034180069342255592,0.0,0.0,0.0,0.0,5584,0.0058235772885382175,5584,0.009241584688425064
0.0030034317169338465,0.0,0.0,0.0,0.0,5585,0.006253955420106649,5585,0.009257386438548565
0.009558216668665409,0.0,0.0,0.0,0.0,5586,0.006488869898021221,5586,0.01604708656668663
0.008898070082068443,0.0,0.0,0.0,0.0,5587,0.006992241367697716,5587,0.01589031144976616
0.008172707632184029,0.0,0.0,0.0,0.0,5588,0.007594797294586897,5588,0.015767503529787064
0.007603581063449383,0.0,0.0,0.0,0.0,5589,0.008070582523941994,5589,0.015674162656068802
0.007272185757756233,0.0,0.0,0.0,0.0,5590,0.008226724341511726,5590,0.01549891009926796
0.008601253852248192,0.0,0.0,0.0,0.0,5591,0.008035519160330296,5591,0.016636773943901062
0.008698112331330776,0.0,0.0,0.0,0.0,5592,0.007583868224173784,5592,0.016281981021165848
0.008893181569874287,0.0,0.0,0.0,0.0,5593,0.007090833503752947,5593,0.01598401553928852
0.002082373481243849,0.0,0.0,0.0,0.0,5594,0.006732218898832798,5594,0.008814592845737934
0.0014216990675777197,0.0,0.0,0.0,0.0,5595,0.00616550212725997,5595,0.007587200962007046
0.001858032075688243,0.0,0.0,0.0,0.0,5596,0.005387833341956139,5596,0.007245865650475025
0.0023842293303459883,0.0,0.0,0.0,0.0,5597,0.004893203731626272,5597,0.007277432829141617
0.002794364234432578,0.0,0.0,0.0,0.0,5598,0.004814464133232832,5598,0.007608828134834766
0.003856099210679531,0.0,0.0,0.0,0.0,5599,0.004834077786654234,5599,0.008690176531672478
0.0029271389357745647,0.0,0.0,0.0,0.0,5600,0.004582663532346487,5600,0.007509802468121052
0.0015719764633104205,0.0,0.0,0.0,0.0,5601,0.004437444265931845,5601,0.006009420845657587
0.0014195760013535619,0.0,0.0,0.0,0.0,5602,0.004600971005856991,5602,0.0060205464251339436
0.0016138659557327628,0.0,0.0,0.0,0.0,5603,0.00461963564157486,5603,0.006233501248061657
0.0013427865924313664,0.0,0.0,0.0,0.0,5604,0.00426172511652112,5604,0.005604512058198452
0.001265056198462844,0.0,0.0,0.0,0.0,5605,0.0038329774979501963,5605,0.00509803369641304
0.0018123968038707972,0.0,0.0,0.0,0.0,5606,0.0036223563365638256,5606,0.005434753373265266
0.0031243737321347,0.0,0.0,0.0,0.0,5607,0.003519278485327959,5607,0.006643651984632015
0.003063413081690669,0.0,0.0,0.0,0.0,5608,0.0033972777891904116,5608,0.006460690870881081
0.0026375993620604277,0.0,0.0,0.0,0.0,5609,0.0033503486774861813,5609,0.005987948272377253
0.0023844619281589985,0.0,0.0,0.0,0.0,5610,0.003459807951003313,5610,0.0058442698791623116
0.0021769904997199774,0.0,0.0,0.0,0.0,5611,0.003571609500795603,5611,0.005748600233346224
0.0016791030066087842,0.0,0.0,0.0,0.0,5612,0.003520393744111061,5612,0.0051994966343045235
0.0013430065009742975,0.0,0.0,0.0,0.0,5613,0.0033296241890639067,5613,0.004672630690038204
0.0016345512121915817,0.0,0.0,0.0,0.0,5614,0.0031809380743652582,5614,0.004815489053726196
0.0016322237206622958,0.0,0.0,0.0,0.0,5615,0.0031317113898694515,5615,0.004763935226947069
0.001089697703719139,0.0,0.0,0.0,0.0,5616,0.0031345493625849485,5616,0.004224247299134731
0.002570901531726122,0.0,0.0,0.0,0.0,5617,0.0031795543618500233,5617,0.005750455893576145
0.005564562976360321,0.0,0.0,0.0,0.0,5618,0.0034485887736082077,5618,0.009013151749968529
0.004308947827666998,0.0,0.0,0.0,0.0,5619,0.004303764086216688,5619,0.008612711913883686
0.0033123220782727003,0.0,0.0,0.0,0.0,5620,0.005588283762335777,5620,0.008900605142116547
0.0027140676975250244,0.0,0.0,0.0,0.0,5621,0.006492705550044775,5621,0.009206773713231087
0.0025180717930197716,0.0,0.0,0.0,0.0,5622,0.0064609055407345295,5622,0.008978977799415588
0.002443650970235467,0.0,0.0,0.0,0.0,5623,0.005644327960908413,5623,0.008087978698313236
0.0029687988571822643,0.0,0.0,0.0,0.0,5624,0.004756039008498192,5624,0.0077248383313417435
0.004205718636512756,0.0,0.0,0.0,0.0,5625,0.004214087501168251,5625,0.008419806137681007
0.004391691647469997,0.0,0.0,0.0,0.0,5626,0.004153010901063681,5626,0.00854470208287239
0.005407543387264013,0.0,0.0,0.0,0.0,5627,0.0044571403414011,5627,0.0098646841943264
0.003455000463873148,0.0,0.0,0.0,0.0,5628,0.0053505259566009045,5628,0.008805526420474052
0.00952618382871151,0.0,0.0,0.0,0.0,5629,0.006493020337074995,5629,0.016019204631447792
0.008156937547028065,0.0,0.0,0.0,0.0,5630,0.007965254597365856,5630,0.01612219214439392
0.007306164596229792,0.0,0.0,0.0,0.0,5631,0.009088633581995964,5631,0.01639479771256447
0.006925344001501799,0.0,0.0,0.0,0.0,5632,0.009340270422399044,5632,0.016265613958239555
0.006872790865600109,0.0,0.0,0.0,0.0,5633,0.00865472573786974,5633,0.015527516603469849
0.007257493212819099,0.0,0.0,0.0,0.0,5634,0.007530482020229101,5634,0.014787975698709488
0.008015625178813934,0.0,0.0,0.0,0.0,5635,0.006534100044518709,5635,0.014549724757671356
0.004058508202433586,0.0,0.0,0.0,0.0,5636,0.006078613921999931,5636,0.010137122124433517
0.0018914012471213937,0.0,0.0,0.0,0.0,5637,0.0059048174880445,5637,0.0077962190844118595
0.0022991830483078957,0.0,0.0,0.0,0.0,5638,0.005512607749551535,5638,0.007811791263520718
0.003564810147508979,0.0,0.0,0.0,0.0,5639,0.0050195371732115746,5639,0.008584347553551197
0.003374466672539711,0.0,0.0,0.0,0.0,5640,0.004697333090007305,5640,0.008071799762547016
0.0046612052246928215,0.0,0.0,0.0,0.0,5641,0.004774392582476139,5641,0.00943559780716896
0.0042181299068033695,0.0,0.0,0.0,0.0,5642,0.004641391336917877,5642,0.00885952077805996
0.0024207676760852337,0.0,0.0,0.0,0.0,5643,0.004334884695708752,5643,0.006755651906132698
0.00145825557410717,0.0,0.0,0.0,0.0,5644,0.004333836026489735,5644,0.005792091600596905
0.0016518605407327414,0.0,0.0,0.0,0.0,5645,0.004496132023632526,5645,0.006147993262857199
0.001488036010414362,0.0,0.0,0.0,0.0,5646,0.004333654884248972,5646,0.005821690894663334
0.0014779686462134123,0.0,0.0,0.0,0.0,5647,0.003887896193191409,5647,0.005365864839404821
0.0017380774952471256,0.0,0.0,0.0,0.0,5648,0.0035788044333457947,5648,0.005316881462931633
0.002667739288881421,0.0,0.0,0.0,0.0,5649,0.0034940631594508886,5649,0.00616180244833231
0.0027573907282203436,0.0,0.0,0.0,0.0,5650,0.0034071796108037233,5650,0.006164570339024067
0.002143445424735546,0.0,0.0,0.0,0.0,5651,0.0033285808749496937,5651,0.00547202629968524
0.002357303397729993,0.0,0.0,0.0,0.0,5652,0.0033941150177270174,5652,0.005751418881118298
0.001970776356756687,0.0,0.0,0.0,0.0,5653,0.0034600519575178623,5653,0.0054308283142745495
0.001741368556395173,0.0,0.0,0.0,0.0,5654,0.0033668053802102804,5654,0.0051081739366054535
0.0018003582954406738,0.0,0.0,0.0,0.0,5655,0.00321168708615005,5655,0.005012045614421368
0.0014576525427401066,0.0,0.0,0.0,0.0,5656,0.0031361295841634274,5656,0.004593782126903534
0.001439770101569593,0.0,0.0,0.0,0.0,5657,0.003118991618975997,5657,0.004558761604130268
0.0011744181392714381,0.0,0.0,0.0,0.0,5658,0.003103559836745262,5658,0.004277978092432022
0.0009659853531047702,0.0,0.0,0.0,0.0,5659,0.0031295933295041323,5659,0.004095578566193581
0.0008968336624093354,0.0,0.0,0.0,0.0,5660,0.003194799181073904,5660,0.004091633018106222
0.0009257150231860578,0.0,0.0,0.0,0.0,5661,0.0032158219255506992,5661,0.004141537006944418
0.0014037720393389463,0.0,0.0,0.0,0.0,5662,0.0031376483384519815,5662,0.004541420377790928
0.0013550746953114867,0.0,0.0,0.0,0.0,5663,0.0029797577299177647,5663,0.004334832075983286
0.0013694119406864047,0.0,0.0,0.0,0.0,5664,0.0028511618729680777,5664,0.004220574162900448
0.0014840937219560146,0.0,0.0,0.0,0.0,5665,0.002750929445028305,5665,0.00423502316698432
0.0469135120511055,0.0,0.0,0.0,0.0,5666,0.002673465758562088,5666,0.049586981534957886
0.030778389424085617,0.0,0.0,0.0,0.0,5667,0.004776546265929937,5667,0.03555493429303169
0.017558706924319267,0.0,0.0,0.0,0.0,5668,0.01198163814842701,5668,0.029540345072746277
0.016739968210458755,0.0,0.0,0.0,0.0,5669,0.0224705021828413,5669,0.03921046853065491
0.011305401101708412,0.0,0.0,0.0,0.0,5670,0.03224734216928482,5670,0.043552737683057785
0.00810186192393303,0.0,0.0,0.0,0.0,5671,0.03743644803762436,5671,0.04553830996155739
0.007819014601409435,0.0,0.0,0.0,0.0,5672,0.03635340929031372,5672,0.04417242482304573
0.009533612057566643,0.0,0.0,0.0,0.0,5673,0.03000030294060707,5673,0.039533913135528564
0.011908159591257572,0.0,0.0,0.0,0.0,5674,0.02120494656264782,5674,0.033113107085227966
0.020356493070721626,0.0,0.0,0.0,0.0,5675,0.013107819482684135,5675,0.03346431255340576
0.020937815308570862,0.0,0.0,0.0,0.0,5676,0.007736322470009327,5676,0.028674134984612465
0.024538354948163033,0.0,0.0,0.0,0.0,5677,0.005351172294467688,5677,0.029889529570937157
0.026742663234472275,0.0,0.0,0.0,0.0,5678,0.00492182606831193,5678,0.031664490699768066
0.017654186114668846,0.0,0.0,0.0,0.0,5679,0.005564454477280378,5679,0.023218641057610512
0.013027247041463852,0.0,0.0,0.0,0.0,5680,0.0070930602960288525,5680,0.02012030780315399
0.007048081140965223,0.0,0.0,0.0,0.0,5681,0.009561327286064625,5681,0.01660940796136856
0.01110827922821045,0.0,0.0,0.0,0.0,5682,0.012513009831309319,5682,0.023621289059519768
0.008612968027591705,0.0,0.0,0.0,0.0,5683,0.014846177771687508,5683,0.023459143936634064
0.007681797258555889,0.0,0.0,0.0,0.0,5684,0.01587088033556938,5684,0.023552678525447845
0.00745075149461627,0.0,0.0,0.0,0.0,5685,0.015366020612418652,5685,0.022816771641373634
0.006019591819494963,0.0,0.0,0.0,0.0,5686,0.013570389710366726,5686,0.01958998292684555
0.005094893276691437,0.0,0.0,0.0,0.0,5687,0.011013834737241268,5687,0.01610872894525528
0.002954128198325634,0.0,0.0,0.0,0.0,5688,0.008595215156674385,5688,0.011549343355000019
0.007660777308046818,0.0,0.0,0.0,0.0,5689,0.006933108437806368,5689,0.014593886211514473
0.011390733532607555,0.0,0.0,0.0,0.0,5690,0.006196034140884876,5690,0.01758676767349243
0.010825884528458118,0.0,0.0,0.0,0.0,5691,0.006177457049489021,5691,0.017003342509269714
0.007949001155793667,0.0,0.0,0.0,0.0,5692,0.006855708546936512,5692,0.014804708771407604
0.004493040032684803,0.0,0.0,0.0,0.0,5693,0.008374795317649841,5693,0.01286783441901207
0.006825671065598726,0.0,0.0,0.0,0.0,5694,0.010268314741551876,5694,0.01709398627281189
0.00704823387786746,0.0,0.0,0.0,0.0,5695,0.011917776428163052,5695,0.018966011703014374
0.006381672341376543,0.0,0.0,0.0,0.0,5696,0.01257260050624609,5696,0.01895427331328392
0.006732333451509476,0.0,0.0,0.0,0.0,5697,0.012022636830806732,5697,0.018754970282316208
0.007281406316906214,0.0,0.0,0.0,0.0,5698,0.010517972521483898,5698,0.0177993793040514
0.00822441466152668,0.0,0.0,0.0,0.0,5699,0.008670181035995483,5699,0.016894595697522163
0.006804851349443197,0.0,0.0,0.0,0.0,5700,0.007053675130009651,5700,0.013858526945114136
0.004188308026641607,0.0,0.0,0.0,0.0,5701,0.006271386053413153,5701,0.010459693148732185
0.004819336347281933,0.0,0.0,0.0,0.0,5702,0.006039799191057682,5702,0.010859135538339615
0.003927052952349186,0.0,0.0,0.0,0.0,5703,0.00635463185608387,5703,0.010281684808433056
0.007905248552560806,0.0,0.0,0.0,0.0,5704,0.007081209681928158,5704,0.014986458234488964
0.0035402278881520033,0.0,0.0,0.0,0.0,5705,0.008178023621439934,5705,0.01171825174242258
0.005211570765823126,0.0,0.0,0.0,0.0,5706,0.008773461915552616,5706,0.013985032215714455
0.011830423027276993,0.0,0.0,0.0,0.0,5707,0.008628337644040585,5707,0.020458761602640152
0.012634210288524628,0.0,0.0,0.0,0.0,5708,0.008315837942063808,5708,0.02095004729926586
0.012489426881074905,0.0,0.0,0.0,0.0,5709,0.007994190789759159,5709,0.02048361673951149
0.0073876334354281425,0.0,0.0,0.0,0.0,5710,0.007709079887717962,5710,0.015096713788807392
0.004684222862124443,0.0,0.0,0.0,0.0,5711,0.0076536452397704124,5711,0.012337868101894855
0.0052233194001019,0.0,0.0,0.0,0.0,5712,0.007772736717015505,5712,0.01299605704843998
0.004453922621905804,0.0,0.0,0.0,0.0,5713,0.007934601046144962,5713,0.012388522736728191
0.003642969997599721,0.0,0.0,0.0,0.0,5714,0.007955199107527733,5714,0.01159816887229681
0.0021304874680936337,0.0,0.0,0.0,0.0,5715,0.00732515100389719,5715,0.009455638006329536
0.0052584996446967125,0.0,0.0,0.0,0.0,5716,0.006222420837730169,5716,0.011480921879410744
0.005623959004878998,0.0,0.0,0.0,0.0,5717,0.005709588993340731,5717,0.011333546601235867
0.0032391983550041914,0.0,0.0,0.0,0.0,5718,0.005744545720517635,5718,0.00898374430835247
0.0030272859148681164,0.0,0.0,0.0,0.0,5719,0.005801941733807325,5719,0.008829227648675442
0.004794958047568798,0.0,0.0,0.0,0.0,5720,0.0058196415193378925,5720,0.010614600032567978
0.004358449950814247,0.0,0.0,0.0,0.0,5721,0.00599928293377161,5721,0.010357732884585857
0.004373267758637667,0.0,0.0,0.0,0.0,5722,0.006222724448889494,5722,0.01059599220752716
0.004099109675735235,0.0,0.0,0.0,0.0,5723,0.006277954671531916,5723,0.010377064347267151
0.0029685888439416885,0.0,0.0,0.0,0.0,5724,0.006083814427256584,5724,0.009052403271198273
0.004863314796239138,0.0,0.0,0.0,0.0,5725,0.0058198533952236176,5725,0.010683167725801468
0.004853817168623209,0.0,0.0,0.0,0.0,5726,0.006019587628543377,5726,0.010873405262827873
0.009372387081384659,0.0,0.0,0.0,0.0,5727,0.006592815276235342,5727,0.015965202823281288
0.004803268238902092,0.0,0.0,0.0,0.0,5728,0.007370620034635067,5728,0.012173888273537159
0.004514660686254501,0.0,0.0,0.0,0.0,5729,0.0076419454999268055,5729,0.01215660572052002
0.004574199672788382,0.0,0.0,0.0,0.0,5730,0.007300468627363443,5730,0.011874668300151825
0.007634590845555067,0.0,0.0,0.0,0.0,5731,0.006522304378449917,5731,0.014156894758343697
0.003155193291604519,0.0,0.0,0.0,0.0,5732,0.005994933657348156,5732,0.009150126948952675
0.003320340532809496,0.0,0.0,0.0,0.0,5733,0.005528674926608801,5733,0.008849015459418297
0.003516244934871793,0.0,0.0,0.0,0.0,5734,0.005302028730511665,5734,0.008818273432552814
0.0015523817855864763,0.0,0.0,0.0,0.0,5735,0.005349704530090094,5735,0.006902086082845926
0.001368397381156683,0.0,0.0,0.0,0.0,5736,0.005091737490147352,5736,0.0064601353369653225
0.001690045464783907,0.0,0.0,0.0,0.0,5737,0.0046640560030937195,5737,0.006354101002216339
0.004455747082829475,0.0,0.0,0.0,0.0,5738,0.004277386236935854,5738,0.008733132854104042
0.001719435560517013,0.0,0.0,0.0,0.0,5739,0.004473409149795771,5739,0.0061928448267281055
0.002663115970790386,0.0,0.0,0.0,0.0,5740,0.004666472319513559,5740,0.007329588755965233
0.002172900829464197,0.0,0.0,0.0,0.0,5741,0.004991511814296246,5741,0.007164412643760443
0.0017517661908641458,0.0,0.0,0.0,0.0,5742,0.005252988077700138,5742,0.007004754152148962
0.0016620088135823607,0.0,0.0,0.0,0.0,5743,0.00528230145573616,5743,0.0069443099200725555
0.004069416783750057,0.0,0.0,0.0,0.0,5744,0.00506730517372489,5744,0.00913672149181366
0.004664563573896885,0.0,0.0,0.0,0.0,5745,0.005211478099226952,5745,0.009876041673123837
0.004624714143574238,0.0,0.0,0.0,0.0,5746,0.0056403204798698425,5746,0.01026503462344408
0.00626373291015625,0.0,0.0,0.0,0.0,5747,0.005957747343927622,5747,0.012221479788422585
0.0065739038400352,0.0,0.0,0.0,0.0,5748,0.00602618046104908,5748,0.012600084766745567
0.010223151184618473,0.0,0.0,0.0,0.0,5749,0.005884021986275911,5749,0.01610717363655567
0.002600595122203231,0.0,0.0,0.0,0.0,5750,0.005944239906966686,5750,0.00854483526200056
0.0019570966251194477,0.0,0.0,0.0,0.0,5751,0.005629123188555241,5751,0.007586219813674688
0.002321105683222413,0.0,0.0,0.0,0.0,5752,0.005188008304685354,5752,0.007509113755077124
0.0027072171214967966,0.0,0.0,0.0,0.0,5753,0.0048263417556881905,5753,0.007533558644354343
0.002947606611996889,0.0,0.0,0.0,0.0,5754,0.004603521898388863,5754,0.007551128510385752
0.001152465702034533,0.0,0.0,0.0,0.0,5755,0.004559795372188091,5755,0.00571226142346859
0.00223283632658422,0.0,0.0,0.0,0.0,5756,0.004271016921848059,5756,0.006503853015601635
0.002368528163060546,0.0,0.0,0.0,0.0,5757,0.004131981637328863,5757,0.006500509101897478
0.002261803951114416,0.0,0.0,0.0,0.0,5758,0.004182992037385702,5758,0.0064447964541614056
0.0019116898765787482,0.0,0.0,0.0,0.0,5759,0.004364479798823595,5759,0.006276170257478952
0.004583797417581081,0.0,0.0,0.0,0.0,5760,0.004520837217569351,5760,0.009104634635150433
0.0018919272115454078,0.0,0.0,0.0,0.0,5761,0.005001607816666365,5761,0.006893535144627094
0.0016747895861044526,0.0,0.0,0.0,0.0,5762,0.005239476449787617,5762,0.0069142659194767475
0.001337795052677393,0.0,0.0,0.0,0.0,5763,0.005084021482616663,5763,0.006421816535294056
0.0030485433526337147,0.0,0.0,0.0,0.0,5764,0.004597966093569994,5764,0.007646508980542421
0.003149403026327491,0.0,0.0,0.0,0.0,5765,0.004422599915415049,5765,0.0075720022432506084
0.003646839177235961,0.0,0.0,0.0,0.0,5766,0.0045609138906002045,5766,0.008207753300666809
0.0013395819114521146,0.0,0.0,0.0,0.0,5767,0.005023152567446232,5767,0.006362734362483025
0.001485526212491095,0.0,0.0,0.0,0.0,5768,0.005125726573169231,5768,0.006611252669245005
0.0007008142420090735,0.0,0.0,0.0,0.0,5769,0.004783925134688616,5769,0.005484739318490028
0.001970897428691387,0.0,0.0,0.0,0.0,5770,0.004016497638076544,5770,0.005987395066767931
0.005503429565578699,0.0,0.0,0.0,0.0,5771,0.003618087852373719,5771,0.009121516719460487
0.0049803294241428375,0.0,0.0,0.0,0.0,5772,0.0038024764508008957,5772,0.008782805874943733
0.004087887238711119,0.0,0.0,0.0,0.0,5773,0.0045281401835381985,5773,0.008616027422249317
0.0035676502157002687,0.0,0.0,0.0,0.0,5774,0.005439916159957647,5774,0.009007565677165985
0.0030926568433642387,0.0,0.0,0.0,0.0,5775,0.006074944976717234,5775,0.009167601354420185
0.002972313668578863,0.0,0.0,0.0,0.0,5776,0.006137756165117025,5776,0.009110070765018463
0.0029023755341768265,0.0,0.0,0.0,0.0,5777,0.005662205163389444,5777,0.008564581163227558
0.0021967797074466944,0.0,0.0,0.0,0.0,5778,0.0049581220373511314,5778,0.007154901511967182
0.0026292488910257816,0.0,0.0,0.0,0.0,5779,0.00409791711717844,5779,0.006727166008204222
0.005529787857085466,0.0,0.0,0.0,0.0,5780,0.003507899818941951,5780,0.009037687443196774
0.004097961355000734,0.0,0.0,0.0,0.0,5781,0.0035467385314404964,5781,0.007644699886441231
0.002012320328503847,0.0,0.0,0.0,0.0,5782,0.003971178084611893,5782,0.00598349841311574
0.0018224973464384675,0.0,0.0,0.0,0.0,5783,0.004247215110808611,5783,0.006069712340831757
0.002322589745745063,0.0,0.0,0.0,0.0,5784,0.004178943578153849,5784,0.006501533091068268
0.002866456750780344,0.0,0.0,0.0,0.0,5785,0.004021563567221165,5785,0.006888020318001509
0.001829188084229827,0.0,0.0,0.0,0.0,5786,0.00425170361995697,5786,0.0060808914713561535
0.0012214119778946042,0.0,0.0,0.0,0.0,5787,0.004367528948932886,5787,0.0055889408104121685
0.0019697698298841715,0.0,0.0,0.0,0.0,5788,0.004203096963465214,5788,0.006172867026180029
0.00198449962772429,0.0,0.0,0.0,0.0,5789,0.004093525931239128,5789,0.006078025326132774
0.0029797435272485018,0.0,0.0,0.0,0.0,5790,0.0040665664710104465,5790,0.007046310231089592
0.0028725473675876856,0.0,0.0,0.0,0.0,5791,0.00433114729821682,5791,0.007203694432973862
0.0008688494563102722,0.0,0.0,0.0,0.0,5792,0.004745540674775839,5792,0.005614390131086111
0.0006395320524461567,0.0,0.0,0.0,0.0,5793,0.004562931600958109,5793,0.005202463828027248
0.0022216616198420525,0.0,0.0,0.0,0.0,5794,0.003729016287252307,5794,0.005950677674263716
0.002898026257753372,0.0,0.0,0.0,0.0,5795,0.003274552756920457,5795,0.006172578781843185
0.0029053615871816874,0.0,0.0,0.0,0.0,5796,0.0032350283581763506,5796,0.006140389945358038
0.0016768400091677904,0.0,0.0,0.0,0.0,5797,0.0035578501410782337,5797,0.005234690383076668
0.001241876045241952,0.0,0.0,0.0,0.0,5798,0.0039488570764660835,5798,0.005190732888877392
0.0014839947689324617,0.0,0.0,0.0,0.0,5799,0.004136081784963608,5799,0.005620076321065426
0.0015154759166762233,0.0,0.0,0.0,0.0,5800,0.004079240839928389,5800,0.005594716873019934
0.0012757002841681242,0.0,0.0,0.0,0.0,5801,0.0038314745761454105,5801,0.005107174627482891
0.0016317113768309355,0.0,0.0,0.0,0.0,5802,0.0034816241823136806,5802,0.00511333579197526
0.0019461391493678093,0.0,0.0,0.0,0.0,5803,0.003258190117776394,5803,0.005204329267144203
0.003985145594924688,0.0,0.0,0.0,0.0,5804,0.003189544891938567,5804,0.007174690254032612
0.0017198475543409586,0.0,0.0,0.0,0.0,5805,0.0036146503407508135,5805,0.005334497895091772
0.004029678646475077,0.0,0.0,0.0,0.0,5806,0.004055290948599577,5806,0.008084969595074654
0.001706843264400959,0.0,0.0,0.0,0.0,5807,0.0044411104172468185,5807,0.0061479536816477776
0.0013242397690191865,0.0,0.0,0.0,0.0,5808,0.004426189698278904,5808,0.005750429350882769
0.003985888324677944,0.0,0.0,0.0,0.0,5809,0.004027978051453829,5809,0.00801386684179306
0.0020617737900465727,0.0,0.0,0.0,0.0,5810,0.003845366882160306,5810,0.005907140672206879
0.001977787120267749,0.0,0.0,0.0,0.0,5811,0.003880320116877556,5811,0.005858107469975948
0.00050332210958004,0.0,0.0,0.0,0.0,5812,0.004086088389158249,5812,0.004589410498738289
0.0006960745668038726,0.0,0.0,0.0,0.0,5813,0.0039461771957576275,5813,0.004642251878976822
0.0022376670967787504,0.0,0.0,0.0,0.0,5814,0.003640406997874379,5814,0.00587807409465313
0.0008193450630642474,0.0,0.0,0.0,0.0,5815,0.0036526184994727373,5815,0.00447196327149868
0.000820227200165391,0.0,0.0,0.0,0.0,5816,0.0035977887455374002,5816,0.004418015945702791
0.0026051828172057867,0.0,0.0,0.0,0.0,5817,0.0034332629293203354,5817,0.006038445979356766
0.0007433227146975696,0.0,0.0,0.0,0.0,5818,0.003589060390368104,5818,0.0043323831632733345
0.0006803993601351976,0.0,0.0,0.0,0.0,5819,0.0036256180610507727,5819,0.00430601742118597
0.0019534507300704718,0.0,0.0,0.0,0.0,5820,0.0035375896841287613,5820,0.005491040647029877
0.0014483747072517872,0.0,0.0,0.0,0.0,5821,0.0036793311592191458,5821,0.005127705633640289
0.0012556645087897778,0.0,0.0,0.0,0.0,5822,0.003833786118775606,5822,0.005089450627565384
0.0015299752121791244,0.0,0.0,0.0,0.0,5823,0.0039441208355128765,5823,0.005474096164107323
0.0021535262931138277,0.0,0.0,0.0,0.0,5824,0.003997028339654207,5824,0.006150554865598679
0.0019780483562499285,0.0,0.0,0.0,0.0,5825,0.00412384606897831,5825,0.0061018941923975945
0.0016583723481744528,0.0,0.0,0.0,0.0,5826,0.0042706080712378025,5826,0.005928980652242899
0.0011856837663799524,0.0,0.0,0.0,0.0,5827,0.004332941956818104,5827,0.005518625490367413
0.0016634658677503467,0.0,0.0,0.0,0.0,5828,0.004159471485763788,5828,0.005822937004268169
0.0015657510375604033,0.0,0.0,0.0,0.0,5829,0.004046645015478134,5829,0.005612396169453859
0.000992049346677959,0.0,0.0,0.0,0.0,5830,0.004034732468426228,5830,0.005026781931519508
0.0013401502510532737,0.0,0.0,0.0,0.0,5831,0.0038934783078730106,5831,0.005233628675341606
0.0022039643954485655,0.0,0.0,0.0,0.0,5832,0.0038532260805368423,5832,0.0060571907088160515
0.003102927003055811,0.0,0.0,0.0,0.0,5833,0.004031436052173376,5833,0.007134363055229187
0.0029116326477378607,0.0,0.0,0.0,0.0,5834,0.004251687787473202,5834,0.007163320668041706
0.0008717827149666846,0.0,0.0,0.0,0.0,5835,0.00437934510409832,5835,0.005251127760857344
0.0010538266506046057,0.0,0.0,0.0,0.0,5836,0.004128727130591869,5836,0.005182554014027119
0.0008262168848887086,0.0,0.0,0.0,0.0,5837,0.003699567401781678,5837,0.004525784403085709
0.001249510096386075,0.0,0.0,0.0,0.0,5838,0.00330177741125226,5838,0.004551287740468979
0.0027569159865379333,0.0,0.0,0.0,0.0,5839,0.0030984666664153337,5839,0.0058553824201226234
0.0022588453721255064,0.0,0.0,0.0,0.0,5840,0.0032457606866955757,5840,0.0055046058259904385
0.001615071902051568,0.0,0.0,0.0,0.0,5841,0.003726059338077903,5841,0.005341131240129471
0.001722998800687492,0.0,0.0,0.0,0.0,5842,0.004396926146000624,5842,0.006119925063103437
0.002130810869857669,0.0,0.0,0.0,0.0,5843,0.0048555065877735615,5843,0.006986317224800587
0.0029110244940966368,0.0,0.0,0.0,0.0,5844,0.004873744677752256,5844,0.0077847689390182495
0.0016805267659947276,0.0,0.0,0.0,0.0,5845,0.004562517162412405,5845,0.0062430440448224545
0.0005933671491220593,0.0,0.0,0.0,0.0,5846,0.003987105097621679,5846,0.004580472130328417
0.0013743177987635136,0.0,0.0,0.0,0.0,5847,0.003178258193656802,5847,0.004552575759589672
0.0023392648436129093,0.0,0.0,0.0,0.0,5848,0.0027508942876011133,5848,0.005090159364044666
0.00243288092315197,0.0,0.0,0.0,0.0,5849,0.0026868439745157957,5849,0.005119724664837122
0.0030311914160847664,0.0,0.0,0.0,0.0,5850,0.0029287084471434355,5850,0.0059599000960588455
0.0005280667683109641,0.0,0.0,0.0,0.0,5851,0.003710161428898573,5851,0.004238228313624859
0.00032900855876505375,0.0,0.0,0.0,0.0,5852,0.004313686862587929,5852,0.004642695188522339
0.000316102261422202,0.0,0.0,0.0,0.0,5853,0.004246408119797707,5853,0.004562510177493095
0.0005069506587460637,0.0,0.0,0.0,0.0,5854,0.0036080179270356894,5854,0.004114968702197075
0.001066970406100154,0.0,0.0,0.0,0.0,5855,0.002916926285251975,5855,0.003983896691352129
0.0036392800975590944,0.0,0.0,0.0,0.0,5856,0.002518421970307827,5856,0.006157702300697565
0.0014686202630400658,0.0,0.0,0.0,0.0,5857,0.0026287708897143602,5857,0.004097390919923782
0.000986615545116365,0.0,0.0,0.0,0.0,5858,0.002948261797428131,5858,0.003934877458959818
0.000615108700003475,0.0,0.0,0.0,0.0,5859,0.003353886539116502,5859,0.003968995064496994
0.0005940506816841662,0.0,0.0,0.0,0.0,5860,0.0036095818504691124,5860,0.004203632939606905
0.0006084496853873134,0.0,0.0,0.0,0.0,5861,0.003560168668627739,5861,0.004168618004769087
0.0006222484516911209,0.0,0.0,0.0,0.0,5862,0.003264240687713027,5862,0.003886488964781165
0.0024170654360204935,0.0,0.0,0.0,0.0,5863,0.002898621605709195,5863,0.005315687041729689
0.0014922480331733823,0.0,0.0,0.0,0.0,5864,0.0029243973549455404,5864,0.0044166455045342445
0.000853082980029285,0.0,0.0,0.0,0.0,5865,0.0030938186682760715,5865,0.003946901764720678
0.00020349152327980846,0.0,0.0,0.0,0.0,5866,0.003251570276916027,5866,0.0034550619311630726
0.0009720487869344652,0.0,0.0,0.0,0.0,5867,0.0029711269307881594,5867,0.003943175543099642
0.0014376983745023608,0.0,0.0,0.0,0.0,5868,0.002786636119708419,5868,0.004224334377795458
0.0013627972221001983,0.0,0.0,0.0,0.0,5869,0.0028033542912453413,5869,0.004166151396930218
0.0006268922588787973,0.0,0.0,0.0,0.0,5870,0.002986326115205884,5870,0.0036132181994616985
0.0005475949728861451,0.0,0.0,0.0,0.0,5871,0.0030861669220030308,5871,0.003633761778473854
0.0005674008862115443,0.0,0.0,0.0,0.0,5872,0.003048210870474577,5872,0.0036156114656478167
0.0061063747853040695,0.0,0.0,0.0,0.0,5873,0.0029072167817503214,5873,0.009013591334223747
0.006274088751524687,0.0,0.0,0.0,0.0,5874,0.002640559570863843,5874,0.008914647623896599
0.01208474487066269,0.0,0.0,0.0,0.0,5875,0.0024695878382772207,5875,0.014554332941770554
0.016533050686120987,0.0,0.0,0.0,0.0,5876,0.0025890464894473553,5876,0.01912209764122963
0.0066800303757190704,0.0,0.0,0.0,0.0,5877,0.0026193209923803806,5877,0.009299350902438164
0.005988049320876598,0.0,0.0,0.0,0.0,5878,0.0027738797944039106,5878,0.008761929348111153
0.005751235410571098,0.0,0.0,0.0,0.0,5879,0.002890090923756361,5879,0.008641326799988747
0.006649508606642485,0.0,0.0,0.0,0.0,5880,0.002973865484818816,5880,0.009623374789953232
0.0064074755646288395,0.0,0.0,0.0,0.0,5881,0.0031789904460310936,5881,0.009586465544998646
0.006698568817228079,0.0,0.0,0.0,0.0,5882,0.0034918515011668205,5882,0.010190420784056187
0.00295033841393888,0.0,0.0,0.0,0.0,5883,0.0038551390171051025,5883,0.006805477663874626
0.002233278937637806,0.0,0.0,0.0,0.0,5884,0.004256703890860081,5884,0.006489982828497887
0.0036363385152071714,0.0,0.0,0.0,0.0,5885,0.004542458802461624,5885,0.00817879755049944
0.007887179963290691,0.0,0.0,0.0,0.0,5886,0.004730053246021271,5886,0.012617233209311962
0.008310678415000439,0.0,0.0,0.0,0.0,5887,0.004886750131845474,5887,0.013197428546845913
0.003999148029834032,0.0,0.0,0.0,0.0,5888,0.004948971327394247,5888,0.008948119357228279
0.003779961494728923,0.0,0.0,0.0,0.0,5889,0.004613326396793127,5889,0.008393287658691406
0.0014702326152473688,0.0,0.0,0.0,0.0,5890,0.004031028598546982,5890,0.005501260980963707
0.0023996620438992977,0.0,0.0,0.0,0.0,5891,0.0033621930051594973,5891,0.005761855281889439
0.002943473868072033,0.0,0.0,0.0,0.0,5892,0.002964687766507268,5892,0.00590816093608737
0.0028575374744832516,0.0,0.0,0.0,0.0,5893,0.0029000481590628624,5893,0.005757586099207401
0.0019365891348570585,0.0,0.0,0.0,0.0,5894,0.0031548207625746727,5894,0.005091410130262375
0.0006244346150197089,0.0,0.0,0.0,0.0,5895,0.003571041626855731,5895,0.004195476416498423
0.0005512620555236936,0.0,0.0,0.0,0.0,5896,0.0035000406205654144,5896,0.004051302559673786
0.00042020416003651917,0.0,0.0,0.0,0.0,5897,0.0029527852311730385,5897,0.003372989362105727
0.002544662682339549,0.0,0.0,0.0,0.0,5898,0.0021913188975304365,5898,0.004735981579869986
0.0029011606238782406,0.0,0.0,0.0,0.0,5899,0.001932733110152185,5899,0.004833893850445747
0.0026966535951942205,0.0,0.0,0.0,0.0,5900,0.001999178435653448,5900,0.004695831798017025
0.0008900100365281105,0.0,0.0,0.0,0.0,5901,0.0023692427203059196,5901,0.00325925275683403
0.0007841132464818656,0.0,0.0,0.0,0.0,5902,0.00263282866217196,5902,0.0034169419668614864
0.0007605364080518484,0.0,0.0,0.0,0.0,5903,0.0025824473705142736,5903,0.003342983778566122
0.0008260626927949488,0.0,0.0,0.0,0.0,5904,0.0023028352297842503,5904,0.003128898097202182
0.001029975595884025,0.0,0.0,0.0,0.0,5905,0.0020283740013837814,5905,0.0030583497136831284
0.0014562902506440878,0.0,0.0,0.0,0.0,5906,0.0018934688996523619,5906,0.0033497591502964497
0.0013589870650321245,0.0,0.0,0.0,0.0,5907,0.0019087644759565592,5907,0.0032677517738193274
0.00209812936373055,0.0,0.0,0.0,0.0,5908,0.002053778851404786,5908,0.004151908215135336
0.0010664104484021664,0.0,0.0,0.0,0.0,5909,0.0024941428564488888,5909,0.003560553304851055
0.0006155491573736072,0.0,0.0,0.0,0.0,5910,0.003061750205233693,5910,0.0036772992461919785
0.00046871823724359274,0.0,0.0,0.0,0.0,5911,0.003361068433150649,5911,0.0038297870196402073
0.0005852771573700011,0.0,0.0,0.0,0.0,5912,0.0031830898951739073,5912,0.003768367227166891
0.0006414679228328168,0.0,0.0,0.0,0.0,5913,0.002770753111690283,5913,0.0034122213255614042
0.0010005850344896317,0.0,0.0,0.0,0.0,5914,0.0023894107434898615,5914,0.003389995777979493
0.002912470605224371,0.0,0.0,0.0,0.0,5915,0.002202961128205061,5915,0.005115431733429432
0.00234193610958755,0.0,0.0,0.0,0.0,5916,0.002396036870777607,5916,0.004737973213195801
0.0006147555541247129,0.0,0.0,0.0,0.0,5917,0.0029879766516387463,5917,0.003602732438594103
0.0003934009582735598,0.0,0.0,0.0,0.0,5918,0.003517852397635579,5918,0.003911253530532122
0.0003827246546279639,0.0,0.0,0.0,0.0,5919,0.0035898268688470125,5919,0.003972551319748163
0.00134991982486099,0.0,0.0,0.0,0.0,5920,0.0032007484696805477,5920,0.00455066841095686
0.0016761771403253078,0.0,0.0,0.0,0.0,5921,0.0029352912679314613,5921,0.004611468408256769
0.0020157655235379934,0.0,0.0,0.0,0.0,5922,0.002876304555684328,5922,0.004892069846391678
0.0005634587723761797,0.0,0.0,0.0,0.0,5923,0.0030546137131750584,5923,0.003618072485551238
0.0006943891057744622,0.0,0.0,0.0,0.0,5924,0.0030354394111782312,5924,0.0037298284005373716
0.0008162343292497098,0.0,0.0,0.0,0.0,5925,0.0028902238700538874,5925,0.0037064584903419018
0.0010686451569199562,0.0,0.0,0.0,0.0,5926,0.002722572535276413,5926,0.003791217692196369
0.0012026361655443907,0.0,0.0,0.0,0.0,5927,0.002627553418278694,5927,0.0038301898166537285
0.0021441688295453787,0.0,0.0,0.0,0.0,5928,0.0026412203442305326,5928,0.004785389173775911
0.0007623729179613292,0.0,0.0,0.0,0.0,5929,0.002929909620434046,5929,0.003692282596603036
0.0006402265862561762,0.0,0.0,0.0,0.0,5930,0.0030907364562153816,5930,0.003730962984263897
0.0006251504528336227,0.0,0.0,0.0,0.0,5931,0.002990441396832466,5931,0.0036155919078737497
0.0007088272832334042,0.0,0.0,0.0,0.0,5932,0.002734293695539236,5932,0.0034431207459419966
0.002157502109184861,0.0,0.0,0.0,0.0,5933,0.0024745818227529526,5933,0.00463208369910717
0.001934869447723031,0.0,0.0,0.0,0.0,5934,0.0025543025694787502,5934,0.004489172250032425
0.00046311120968312025,0.0,0.0,0.0,0.0,5935,0.0029328493401408195,5935,0.0033959608990699053
0.0019859313033521175,0.0,0.0,0.0,0.0,5936,0.003135912586003542,5936,0.0051218438893556595
0.0024749096482992172,0.0,0.0,0.0,0.0,5937,0.003342641517519951,5937,0.005817551165819168
0.0020509695168584585,0.0,0.0,0.0,0.0,5938,0.0034613122697919607,5938,0.0055122822523117065
0.0019967013504356146,0.0,0.0,0.0,0.0,5939,0.0034165324177592993,5939,0.005413234233856201
0.00046584586380049586,0.0,0.0,0.0,0.0,5940,0.003220866434276104,5940,0.0036867123562842607
0.0010030256817117333,0.0,0.0,0.0,0.0,5941,0.0024982276372611523,5941,0.0035012532025575638
0.0017208113567903638,0.0,0.0,0.0,0.0,5942,0.002162452321499586,5942,0.003883263561874628
0.0018334445776417851,0.0,0.0,0.0,0.0,5943,0.002128480700775981,5943,0.003961925394833088
0.0012626133393496275,0.0,0.0,0.0,0.0,5944,0.002330063609406352,5944,0.003592676715925336
0.0005163074238225818,0.0,0.0,0.0,0.0,5945,0.0027955833356827497,5945,0.0033118906430900097
0.00031299059628508985,0.0,0.0,0.0,0.0,5946,0.003228721208870411,5946,0.0035417117178440094
0.0003126982192043215,0.0,0.0,0.0,0.0,5947,0.0031981656793504953,5947,0.003510863520205021
0.008201676420867443,0.0,0.0,0.0,0.0,5948,0.0027758334763348103,5948,0.010977509431540966
0.008209733292460442,0.0,0.0,0.0,0.0,5949,0.0024123338516801596,5949,0.010622067376971245
0.00813588872551918,0.0,0.0,0.0,0.0,5950,0.002293624449521303,5950,0.010429512709379196
0.005694472696632147,0.0,0.0,0.0,0.0,5951,0.0024278871715068817,5951,0.008122360333800316
0.004423464182764292,0.0,0.0,0.0,0.0,5952,0.0025615403428673744,5952,0.006985004525631666
0.006635309662669897,0.0,0.0,0.0,0.0,5953,0.002584602916613221,5953,0.009219912812113762
0.0023920757230371237,0.0,0.0,0.0,0.0,5954,0.0026988941244781017,5954,0.005090969614684582
0.0030904156155884266,0.0,0.0,0.0,0.0,5955,0.002842831192538142,5955,0.005933246575295925
0.0032028357964009047,0.0,0.0,0.0,0.0,5956,0.0029074803460389376,5956,0.006110316142439842
0.0031116846948862076,0.0,0.0,0.0,0.0,5957,0.003037729999050498,5957,0.006149414926767349
0.0023076448123902082,0.0,0.0,0.0,0.0,5958,0.003262201091274619,5958,0.005569844972342253
0.0019653027411550283,0.0,0.0,0.0,0.0,5959,0.0035609740298241377,5959,0.005526277702301741
0.0016293855151161551,0.0,0.0,0.0,0.0,5960,0.0036680700723081827,5960,0.005297455936670303
0.002138894982635975,0.0,0.0,0.0,0.0,5961,0.0034099346958100796,5961,0.005548829212784767
0.0035586776211857796,0.0,0.0,0.0,0.0,5962,0.0031465624924749136,5962,0.006705240346491337
0.0032144486904144287,0.0,0.0,0.0,0.0,5963,0.0031938706524670124,5963,0.006408319342881441
0.002608512993901968,0.0,0.0,0.0,0.0,5964,0.0035081589594483376,5964,0.0061166719533503056
0.0022662831470370293,0.0,0.0,0.0,0.0,5965,0.00392399076372385,5965,0.0061902739107608795
0.0020059857051819563,0.0,0.0,0.0,0.0,5966,0.00414320221170783,5966,0.006149187684059143
0.000566852861084044,0.0,0.0,0.0,0.0,5967,0.0040061818435788155,5967,0.004573034588247538
0.0010724550811573863,0.0,0.0,0.0,0.0,5968,0.0031978506594896317,5968,0.0042703053914010525
0.0018696124898269773,0.0,0.0,0.0,0.0,5969,0.002490264130756259,5969,0.004359876736998558
0.002460794523358345,0.0,0.0,0.0,0.0,5970,0.002170734805986285,5970,0.004631529562175274
0.0020338830072432756,0.0,0.0,0.0,0.0,5971,0.0022350403014570475,5971,0.004268923308700323
0.0005926354206167161,0.0,0.0,0.0,0.0,5972,0.002570049138739705,5972,0.003162684850394726
0.0002038618258666247,0.0,0.0,0.0,0.0,5973,0.002717304276302457,5973,0.002921166131272912
0.00020936706278007478,0.0,0.0,0.0,0.0,5974,0.002366124652326107,5974,0.002575491787865758
0.0004981718375347555,0.0,0.0,0.0,0.0,5975,0.0019053234718739986,5975,0.002403495367616415
0.0011645032791420817,0.0,0.0,0.0,0.0,5976,0.0016499015036970377,5976,0.0028144048992544413
0.0014269701205193996,0.0,0.0,0.0,0.0,5977,0.0016039656475186348,5977,0.003030936000868678
0.001125976792536676,0.0,0.0,0.0,0.0,5978,0.001671339850872755,5978,0.002797316759824753
0.0005427744472399354,0.0,0.0,0.0,0.0,5979,0.0019002542831003666,5979,0.00244302861392498
0.00021481289877556264,0.0,0.0,0.0,0.0,5980,0.002259831177070737,5980,0.002474643988534808
0.0005622147000394762,0.0,0.0,0.0,0.0,5981,0.0024296888150274754,5981,0.0029919035732746124
0.0005061733536422253,0.0,0.0,0.0,0.0,5982,0.002499676076695323,5982,0.0030058494303375483
0.0005444308626465499,0.0,0.0,0.0,0.0,5983,0.0024261334910988808,5983,0.0029705644119530916
0.0006586023373529315,0.0,0.0,0.0,0.0,5984,0.002267594914883375,5984,0.0029261973686516285
0.0009787284070625901,0.0,0.0,0.0,0.0,5985,0.0021170764230191708,5985,0.0030958049464970827
0.0023728725500404835,0.0,0.0,0.0,0.0,5986,0.002079063793644309,5986,0.004451936110854149
0.0004953468451276422,0.0,0.0,0.0,0.0,5987,0.0024098434951156378,5987,0.0029051904566586018
0.0006166149396449327,0.0,0.0,0.0,0.0,5988,0.002648011315613985,5988,0.003264626255258918
0.001583869569003582,0.0,0.0,0.0,0.0,5989,0.0027177666779607534,5989,0.004301636479794979
0.0013843514025211334,0.0,0.0,0.0,0.0,5990,0.00287161348387599,5990,0.004255964886397123
0.00045846597640775144,0.0,0.0,0.0,0.0,5991,0.0030376187060028315,5991,0.0034960845950990915
0.001334234606474638,0.0,0.0,0.0,0.0,5992,0.002841487992554903,5992,0.004175722133368254
0.0009647812694311142,0.0,0.0,0.0,0.0,5993,0.002706499770283699,5993,0.003671281272545457
0.0010446071391925216,0.0,0.0,0.0,0.0,5994,0.002613932592794299,5994,0.0036585398484021425
0.0010335010010749102,0.0,0.0,0.0,0.0,5995,0.0026043280959129333,5995,0.0036378290969878435
0.00027794443303719163,0.0,0.0,0.0,0.0,5996,0.002669178880751133,5996,0.0029471232555806637
0.00024689853307791054,0.0,0.0,0.0,0.0,5997,0.0022949439007788897,5997,0.0025418424047529697
0.0014664371265098453,0.0,0.0,0.0,0.0,5998,0.0019389888038858771,5998,0.0034054259303957224
0.0016687826719135046,0.0,0.0,0.0,0.0,5999,0.001883943099528551,5999,0.0035527257714420557
0.00039058882975950837,0.0,0.0,0.0,0.0,6000,0.0020373351871967316,6000,0.002427923958748579
0.00025813523097895086,0.0,0.0,0.0,0.0,6001,0.0022197780199348927,6001,0.002477913163602352
0.00022239089594222605,0.0,0.0,0.0,0.0,6002,0.002291768090799451,6002,0.0025141590740531683
0.00024180917534977198,0.0,0.0,0.0,0.0,6003,0.0021844578441232443,6003,0.0024262669030576944
0.0010582944378256798,0.0,0.0,0.0,0.0,6004,0.001984270056709647,6004,0.003042564494535327
0.0010911404388025403,0.0,0.0,0.0,0.0,6005,0.0019501086790114641,6005,0.0030412492342293262
0.0008538718102499843,0.0,0.0,0.0,0.0,6006,0.0020707177463918924,6006,0.002924589440226555
0.000582006701733917,0.0,0.0,0.0,0.0,6007,0.00230745249427855,6007,0.002889459254220128
0.0021149783860892057,0.0,0.0,0.0,0.0,6008,0.0025305773597210646,6008,0.00464555574581027
0.0018715506885200739,0.0,0.0,0.0,0.0,6009,0.002929702866822481,6009,0.004801253322511911
0.001374696148559451,0.0,0.0,0.0,0.0,6010,0.0032980130054056644,6010,0.004672708921134472
0.0012660608626902103,0.0,0.0,0.0,0.0,6011,0.003395629348233342,6011,0.004661690443754196
0.002809642581269145,0.0,0.0,0.0,0.0,6012,0.0031809047795832157,6012,0.005990547128021717
0.0028363580349832773,0.0,0.0,0.0,0.0,6013,0.00305943307466805,6013,0.00589579064399004
0.0025058609899133444,0.0,0.0,0.0,0.0,6014,0.0030476409010589123,6014,0.005553501658141613
0.005754511337727308,0.0,0.0,0.0,0.0,6015,0.0031836905982345343,6015,0.008938201703131199
0.005396692082285881,0.0,0.0,0.0,0.0,6016,0.0025733571965247393,6016,0.007970049045979977
0.00961859617382288,0.0,0.0,0.0,0.0,6017,0.0019873620476573706,6017,0.011605958454310894
0.009204518981277943,0.0,0.0,0.0,0.0,6018,0.0018713695462793112,6018,0.011075888760387897
0.008154544048011303,0.0,0.0,0.0,0.0,6019,0.002022935077548027,6019,0.01017747912555933
0.0063231876119971275,0.0,0.0,0.0,0.0,6020,0.002228050958365202,6020,0.008551238104701042
0.0019269429612904787,0.0,0.0,0.0,0.0,6021,0.0026279923040419817,6021,0.00455493526533246
0.0023637281265109777,0.0,0.0,0.0,0.0,6022,0.0032417846377938986,6022,0.005605513229966164
0.002700798911973834,0.0,0.0,0.0,0.0,6023,0.003808386391028762,6023,0.006509185768663883
0.0029322474729269743,0.0,0.0,0.0,0.0,6024,0.003936081193387508,6024,0.006868328899145126
0.002807465149089694,0.0,0.0,0.0,0.0,6025,0.003600524505600333,6025,0.0064079901203513145
0.0027753692120313644,0.0,0.0,0.0,0.0,6026,0.0031085298396646976,6026,0.005883898586034775
0.0035432896111160517,0.0,0.0,0.0,0.0,6027,0.00274983374401927,6027,0.006293123122304678
0.0032040304504334927,0.0,0.0,0.0,0.0,6028,0.002590408781543374,6028,0.00579443946480751
0.002582869026809931,0.0,0.0,0.0,0.0,6029,0.0026354265864938498,6029,0.005218295380473137
0.0016051471466198564,0.0,0.0,0.0,0.0,6030,0.002952484181150794,6030,0.004557631444185972
0.0009209758718498051,0.0,0.0,0.0,0.0,6031,0.003352568717673421,6031,0.004273544531315565
0.0009776331717148423,0.0,0.0,0.0,0.0,6032,0.0034257981460541487,6032,0.004403431434184313
0.0015476703410968184,0.0,0.0,0.0,0.0,6033,0.003127321135252714,6033,0.004674991592764854
0.0012690817238762975,0.0,0.0,0.0,0.0,6034,0.002817820757627487,6034,0.00408690283074975
0.0013367356732487679,0.0,0.0,0.0,0.0,6035,0.0025354521349072456,6035,0.003872188040986657
0.001592320972122252,0.0,0.0,0.0,0.0,6036,0.002372488845139742,6036,0.003964809700846672
0.001634301501326263,0.0,0.0,0.0,0.0,6037,0.002378651173785329,6037,0.00401295255869627
0.0018249283311888576,0.0,0.0,0.0,0.0,6038,0.002541995607316494,6038,0.004366924054920673
0.0016211618203669786,0.0,0.0,0.0,0.0,6039,0.0027746660634875298,6039,0.004395828116685152
0.0014521791599690914,0.0,0.0,0.0,0.0,6040,0.0029667888302356005,6040,0.0044189682230353355
0.001352975727058947,0.0,0.0,0.0,0.0,6041,0.0030085090547800064,6041,0.004361484665423632
0.001376551459543407,0.0,0.0,0.0,0.0,6042,0.002896158490329981,6042,0.00427271006628871
0.000413133529946208,0.0,0.0,0.0,0.0,6043,0.0026956137735396624,6043,0.003108747536316514
0.00026780134066939354,0.0,0.0,0.0,0.0,6044,0.0022186406422406435,6044,0.002486441982910037
0.0013887144159525633,0.0,0.0,0.0,0.0,6045,0.0016871100524440408,6045,0.0030758248176425695
0.0008610548684373498,0.0,0.0,0.0,0.0,6046,0.001571193104609847,6046,0.002432247856631875
0.000877948070410639,0.0,0.0,0.0,0.0,6047,0.0015731763560324907,6047,0.002451124368235469
0.0006078626029193401,0.0,0.0,0.0,0.0,6048,0.0016656889347359538,6048,0.0022735516540706158
0.00034280624822713435,0.0,0.0,0.0,0.0,6049,0.0018657254986464977,6049,0.0022085318341851234
0.0006377176032401621,0.0,0.0,0.0,0.0,6050,0.0020729701500386,6050,0.002710687695071101
0.0005106762982904911,0.0,0.0,0.0,0.0,6051,0.00229526381008327,6051,0.002805940108373761
0.0004466543614398688,0.0,0.0,0.0,0.0,6052,0.0023931742180138826,6052,0.0028398283757269382
0.0004338286817073822,0.0,0.0,0.0,0.0,6053,0.0022903212811797857,6053,0.002724149962887168
0.0007119833608157933,0.0,0.0,0.0,0.0,6054,0.0020857572089880705,6054,0.002797740511596203
0.000868080067448318,0.0,0.0,0.0,0.0,6055,0.0019415150163695216,6055,0.002809594850987196
0.0008912517805583775,0.0,0.0,0.0,0.0,6056,0.0019098882330581546,6056,0.002801140071824193
0.0007678623078390956,0.0,0.0,0.0,0.0,6057,0.0019775740802288055,6057,0.0027454362716525793
0.0004626647278200835,0.0,0.0,0.0,0.0,6058,0.0021166119258850813,6058,0.0025792766828089952
0.00038408374530263245,0.0,0.0,0.0,0.0,6059,0.002198744798079133,6059,0.002582828514277935
0.00038324706838466227,0.0,0.0,0.0,0.0,6060,0.002176674548536539,6060,0.0025599217042326927
0.00045320947538129985,0.0,0.0,0.0,0.0,6061,0.00206611561588943,6061,0.0025193251203745604
0.0015323972329497337,0.0,0.0,0.0,0.0,6062,0.0019422650802880526,6062,0.00347466254606843
0.0012804456055164337,0.0,0.0,0.0,0.0,6063,0.002067625755444169,6063,0.0033480713609606028
0.0009501343010924757,0.0,0.0,0.0,0.0,6064,0.002401812467724085,6064,0.0033519468270242214
0.0006219723727554083,0.0,0.0,0.0,0.0,6065,0.0027810665778815746,6065,0.003403038950636983
0.0005643521435558796,0.0,0.0,0.0,0.0,6066,0.002967657521367073,6066,0.003532009432092309
0.0006131416885182261,0.0,0.0,0.0,0.0,6067,0.002849033335223794,6067,0.003462175140157342
0.0008098309626802802,0.0,0.0,0.0,0.0,6068,0.002533542923629284,6068,0.003343374002724886
0.0010824836790561676,0.0,0.0,0.0,0.0,6069,0.0022879454772919416,6069,0.0033704289235174656
0.001187008572742343,0.0,0.0,0.0,0.0,6070,0.0022063872311264277,6070,0.0033933958038687706
0.0003455723053775728,0.0,0.0,0.0,0.0,6071,0.002295744838193059,6071,0.0026413172017782927
0.000372033886378631,0.0,0.0,0.0,0.0,6072,0.002252777572721243,6072,0.0026248113717883825
0.00020999791740905493,0.0,0.0,0.0,0.0,6073,0.0021305775735527277,6073,0.002340575447306037
0.0008890377939678729,0.0,0.0,0.0,0.0,6074,0.0018502870807424188,6074,0.0027393244672566652
0.0010757119162008166,0.0,0.0,0.0,0.0,6075,0.001772766001522541,6075,0.002848477568477392
0.0002621655585244298,0.0,0.0,0.0,0.0,6076,0.0018482718151062727,6076,0.0021104374900460243
0.00023099681129679084,0.0,0.0,0.0,0.0,6077,0.0018832979258149862,6077,0.002114294795319438
0.0002362270897720009,0.0,0.0,0.0,0.0,6078,0.0018378084059804678,6078,0.00207403558306396
0.0009531892719678581,0.0,0.0,0.0,0.0,6079,0.0017403600504621863,6079,0.0026935492642223835
0.0008419986697845161,0.0,0.0,0.0,0.0,6080,0.0017765489174053073,6080,0.0026185475289821625
0.000653263006825,0.0,0.0,0.0,0.0,6081,0.0019425398204475641,6081,0.0025958027690649033
0.0004561745445244014,0.0,0.0,0.0,0.0,6082,0.002162006450816989,6082,0.0026181810535490513
0.0003836948599200696,0.0,0.0,0.0,0.0,6083,0.0022822213359177113,6083,0.0026659162249416113
0.001171364914625883,0.0,0.0,0.0,0.0,6084,0.002200211863964796,6084,0.0033715765457600355
0.0011221992317587137,0.0,0.0,0.0,0.0,6085,0.0022356400731951,6085,0.0033578393049538136
0.0009747852454893291,0.0,0.0,0.0,0.0,6086,0.0023549110628664494,6086,0.0033296963665634394
0.0008256155415438116,0.0,0.0,0.0,0.0,6087,0.0024920457508414984,6087,0.003317661350592971
0.00023072719341143966,0.0,0.0,0.0,0.0,6088,0.0025577933993190527,6088,0.0027885204181075096
0.0009024715982377529,0.0,0.0,0.0,0.0,6089,0.002200301270931959,6089,0.0031027726363390684
0.00042074525845237076,0.0,0.0,0.0,0.0,6090,0.001976627390831709,6090,0.002397372620180249
0.0008083474822342396,0.0,0.0,0.0,0.0,6091,0.0017721491167321801,6091,0.002580496482551098
0.0009069059742614627,0.0,0.0,0.0,0.0,6092,0.0017163596348837018,6092,0.0026232656091451645
0.0007506205001845956,0.0,0.0,0.0,0.0,6093,0.0017932936316356063,6093,0.002543914131820202
0.00040898838778957725,0.0,0.0,0.0,0.0,6094,0.0019747635815292597,6094,0.002383752027526498
0.0003202007501386106,0.0,0.0,0.0,0.0,6095,0.002112353453412652,6095,0.0024325542617589235
0.0003200331120751798,0.0,0.0,0.0,0.0,6096,0.0021104917395859957,6096,0.0024305249098688364
0.005841890815645456,0.0,0.0,0.0,0.0,6097,0.0019810101948678493,6097,0.007822901010513306
0.005915456917136908,0.0,0.0,0.0,0.0,6098,0.0017547034658491611,6098,0.007670160382986069
0.007013427559286356,0.0,0.0,0.0,0.0,6099,0.0016454659635201097,6099,0.008658893406391144
0.005150222685188055,0.0,0.0,0.0,0.0,6100,0.0017748012905940413,6100,0.006925024092197418
0.004346215631812811,0.0,0.0,0.0,0.0,6101,0.0019699332769960165,6101,0.006316148675978184
0.0006418410339392722,0.0,0.0,0.0,0.0,6102,0.002126976614817977,6102,0.002768817590549588
0.0006279849912971258,0.0,0.0,0.0,0.0,6103,0.0020932259503751993,6103,0.0027212107088416815
0.0007528130081482232,0.0,0.0,0.0,0.0,6104,0.0020037901122123003,6104,0.002756602829322219
0.0013756405096501112,0.0,0.0,0.0,0.0,6105,0.001966371899470687,6105,0.003342012409120798
0.0013528644340112805,0.0,0.0,0.0,0.0,6106,0.0019940275233238935,6106,0.003346892073750496
0.0009328249143436551,0.0,0.0,0.0,0.0,6107,0.0021675918251276016,6107,0.0031004163902252913
0.0009427274344488978,0.0,0.0,0.0,0.0,6108,0.002270675729960203,6108,0.003213403280824423
0.0008526063174940646,0.0,0.0,0.0,0.0,6109,0.00211378769017756,6109,0.002966394182294607
0.0008804454118944705,0.0,0.0,0.0,0.0,6110,0.001980585278943181,6110,0.0028610306326299906
0.0018111307872459292,0.0,0.0,0.0,0.0,6111,0.0018980508903041482,6111,0.0037091816775500774
0.0017078649252653122,0.0,0.0,0.0,0.0,6112,0.002091490663588047,6112,0.0037993555888533592
0.0004905037931166589,0.0,0.0,0.0,0.0,6113,0.0025921782944351435,6113,0.003082682378590107
0.00041831363341771066,0.0,0.0,0.0,0.0,6114,0.0027488702908158302,6114,0.003167183604091406
0.00045368485734798014,0.0,0.0,0.0,0.0,6115,0.002381059806793928,6115,0.0028347447514533997
0.0016616854118183255,0.0,0.0,0.0,0.0,6116,0.001838751952163875,6116,0.0035004373639822006
0.0020587712060660124,0.0,0.0,0.0,0.0,6117,0.0016479262849316,6117,0.0037066973745822906
0.0015176305314525962,0.0,0.0,0.0,0.0,6118,0.0017821359215304255,6118,0.0032997664529830217
0.00044403172796592116,0.0,0.0,0.0,0.0,6119,0.002148155588656664,6119,0.002592187374830246
0.000411816785344854,0.0,0.0,0.0,0.0,6120,0.002276892075315118,6120,0.002688708947971463
0.0005015216302126646,0.0,0.0,0.0,0.0,6121,0.00205189804546535,6121,0.0025534196756780148
0.000714298221282661,0.0,0.0,0.0,0.0,6122,0.00170715874992311,6122,0.002421457087621093
0.0010388408554717898,0.0,0.0,0.0,0.0,6123,0.0014680540189146996,6123,0.0025068947579711676
0.0013732302468270063,0.0,0.0,0.0,0.0,6124,0.0014095427468419075,6124,0.0027827732264995575
0.0003006989718414843,0.0,0.0,0.0,0.0,6125,0.0015384814469143748,6125,0.0018391803605481982
0.0009940406307578087,0.0,0.0,0.0,0.0,6126,0.0015691106673330069,6126,0.002563151530921459
0.00062047119718045,0.0,0.0,0.0,0.0,6127,0.0017111117485910654,6127,0.0023315828293561935
0.0004773701948579401,0.0,0.0,0.0,0.0,6128,0.001858197501860559,6128,0.0023355677258223295
0.0004321345768403262,0.0,0.0,0.0,0.0,6129,0.0019141812808811665,6129,0.002346315886825323
0.0006000802968628705,0.0,0.0,0.0,0.0,6130,0.001848222455009818,6130,0.0024483026936650276
0.0006793086649850011,0.0,0.0,0.0,0.0,6131,0.0017637587152421474,6131,0.0024430672638118267
0.0007383407209999859,0.0,0.0,0.0,0.0,6132,0.0017044495325535536,6132,0.0024427901953458786
0.0007289929199032485,0.0,0.0,0.0,0.0,6133,0.001700583496131003,6133,0.002429576590657234
0.0016010272083804011,0.0,0.0,0.0,0.0,6134,0.0017403917154297233,6134,0.0033414189238101244
0.00031199498334899545,0.0,0.0,0.0,0.0,6135,0.0020378162153065205,6135,0.002349811140447855
0.0003410829813219607,0.0,0.0,0.0,0.0,6136,0.002139757387340069,6136,0.0024808403104543686
0.00041429657721892,0.0,0.0,0.0,0.0,6137,0.0017684102058410645,6137,0.0021827067248523235
0.0009546642540954053,0.0,0.0,0.0,0.0,6138,0.0015233277808874846,6138,0.002477991860359907
0.001057752757333219,0.0,0.0,0.0,0.0,6139,0.0014865645207464695,6139,0.0025443171616643667
0.0007621016702614725,0.0,0.0,0.0,0.0,6140,0.00160732411313802,6140,0.0023694257251918316
0.0011138030095025897,0.0,0.0,0.0,0.0,6141,0.0018845644081011415,6141,0.002998367417603731
0.00019779207650572062,0.0,0.0,0.0,0.0,6142,0.0023715037386864424,6142,0.002569295931607485
0.00018885060853790492,0.0,0.0,0.0,0.0,6143,0.0025144543033093214,6143,0.0027033048681914806
0.0002439951349515468,0.0,0.0,0.0,0.0,6144,0.0022132238373160362,6144,0.0024572189431637526
0.005373575259000063,0.0,0.0,0.0,0.0,6145,0.0017760973423719406,6145,0.0071496726013720036
0.006838295143097639,0.0,0.0,0.0,0.0,6146,0.001478279009461403,6146,0.008316573686897755
0.006526956334710121,0.0,0.0,0.0,0.0,6147,0.0015005177119746804,6147,0.008027474395930767
0.004285335540771484,0.0,0.0,0.0,0.0,6148,0.0017379230121150613,6148,0.006023258436471224
0.00036406939034350216,0.0,0.0,0.0,0.0,6149,0.0020346036180853844,6149,0.002398672979325056
0.00046884233597666025,0.0,0.0,0.0,0.0,6150,0.0022818685974925756,6150,0.0027507110498845577
0.0008990659844130278,0.0,0.0,0.0,0.0,6151,0.0023994205985218287,6151,0.0032984868157655
0.0007980805239640176,0.0,0.0,0.0,0.0,6152,0.002107142936438322,6152,0.0029052235186100006
0.0007940894574858248,0.0,0.0,0.0,0.0,6153,0.0018494896357879043,6153,0.00264357915148139
0.002238339511677623,0.0,0.0,0.0,0.0,6154,0.0018299862276762724,6154,0.004068325739353895
0.001036740723066032,0.0,0.0,0.0,0.0,6155,0.0017632523085922003,6155,0.0027999929152429104
0.0007064501405693591,0.0,0.0,0.0,0.0,6156,0.0017684586346149445,6156,0.0024749087169766426
0.0006111107068136334,0.0,0.0,0.0,0.0,6157,0.0019298283150419593,6157,0.0025409390218555927
0.0005512750940397382,0.0,0.0,0.0,0.0,6158,0.001970656681805849,6158,0.0025219316594302654
0.0003594892914406955,0.0,0.0,0.0,0.0,6159,0.0017510064644739032,6159,0.002110495697706938
0.001058898284099996,0.0,0.0,0.0,0.0,6160,0.0014668703079223633,6160,0.002525768708437681
0.0011412203311920166,0.0,0.0,0.0,0.0,6161,0.0013780153822153807,6161,0.0025192357134073973
0.0019119030330330133,0.0,0.0,0.0,0.0,6162,0.001471265684813261,6162,0.003383168950676918
0.0006008028285577893,0.0,0.0,0.0,0.0,6163,0.002025725319981575,6163,0.0026265280321240425
0.00028557487530633807,0.0,0.0,0.0,0.0,6164,0.0026259804144501686,6164,0.0029115553479641676
0.0002781810471788049,0.0,0.0,0.0,0.0,6165,0.002690305933356285,6165,0.0029684873297810555
0.0004171862674411386,0.0,0.0,0.0,0.0,6166,0.0021820352412760258,6166,0.002599221421405673
0.0015168532263487577,0.0,0.0,0.0,0.0,6167,0.0015658328775316477,6167,0.0030826861038804054
0.0020223858300596476,0.0,0.0,0.0,0.0,6168,0.001347825163975358,6168,0.0033702109940350056
0.0017408038256689906,0.0,0.0,0.0,0.0,6169,0.0014559300616383553,6169,0.0031967340037226677
0.00023814865562599152,0.0,0.0,0.0,0.0,6170,0.0018715942278504372,6170,0.002109742956236005
0.00022272347996477038,0.0,0.0,0.0,0.0,6171,0.0018152145203202963,6171,0.0020379379857331514
0.0002059357357211411,0.0,0.0,0.0,0.0,6172,0.0014100305270403624,6172,0.0016159662045538425
0.0006049848743714392,0.0,0.0,0.0,0.0,6173,0.001129820360802114,6173,0.0017348052933812141
0.0022776080295443535,0.0,0.0,0.0,0.0,6174,0.001077589113265276,6174,0.003355197375640273
0.0005005912971682847,0.0,0.0,0.0,0.0,6175,0.0011689546518027782,6175,0.0016695460071787238
0.0002347462432226166,0.0,0.0,0.0,0.0,6176,0.0014461326645687222,6176,0.001680878922343254
0.00019726446771528572,0.0,0.0,0.0,0.0,6177,0.0017357870237901807,6177,0.0019330516224727035
0.00016649157623760402,0.0,0.0,0.0,0.0,6178,0.0016755483811721206,6178,0.0018420401029288769
0.0009715382475405931,0.0,0.0,0.0,0.0,6179,0.0013938414631411433,6179,0.0023653795942664146
0.001139388419687748,0.0,0.0,0.0,0.0,6180,0.0013109269784763455,6180,0.0024503152817487717
0.0009464569156989455,0.0,0.0,0.0,0.0,6181,0.0013934450689703226,6181,0.0023399018682539463
0.0006432163063436747,0.0,0.0,0.0,0.0,6182,0.0016249652253463864,6182,0.002268181648105383
0.0004067803965881467,0.0,0.0,0.0,0.0,6183,0.0018969390075653791,6183,0.0023037195205688477
0.00036860667751170695,0.0,0.0,0.0,0.0,6184,0.0020298913586884737,6184,0.002398498123511672
0.00034505545045249164,0.0,0.0,0.0,0.0,6185,0.0019352554809302092,6185,0.0022803109604865313
0.0002022991538979113,0.0,0.0,0.0,0.0,6186,0.0017092552734538913,6186,0.001911554136313498
0.0008863765397109091,0.0,0.0,0.0,0.0,6187,0.0013184251729398966,6187,0.002204801654443145
0.006066197529435158,0.0,0.0,0.0,0.0,6188,0.0012316369684413075,6188,0.0072978343814611435
0.0055037932470440865,0.0,0.0,0.0,0.0,6189,0.0012705210829153657,6189,0.00677431421354413
0.0016785820480436087,0.0,0.0,0.0,0.0,6190,0.0013985201949253678,6190,0.0030771021265536547
0.0003463169850874692,0.0,0.0,0.0,0.0,6191,0.0018755154451355338,6191,0.0022218325175344944
0.00025253312196582556,0.0,0.0,0.0,0.0,6192,0.002422334160655737,6192,0.0026748673990368843
0.0002567079500295222,0.0,0.0,0.0,0.0,6193,0.0025972374714910984,6193,0.0028539453633129597
0.00023577010142616928,0.0,0.0,0.0,0.0,6194,0.0022987958509474993,6194,0.002534565981477499
0.0003410383069422096,0.0,0.0,0.0,0.0,6195,0.0018439027480781078,6195,0.002184940967708826
0.001608127960935235,0.0,0.0,0.0,0.0,6196,0.0015450036153197289,6196,0.003153131576254964
0.0019261931302025914,0.0,0.0,0.0,0.0,6197,0.0015316387871280313,6197,0.0034578319173306227
0.00038847775431349874,0.0,0.0,0.0,0.0,6198,0.0017769525293260813,6198,0.002165430225431919
0.0002481747360434383,0.0,0.0,0.0,0.0,6199,0.002087407512590289,6199,0.002335582161322236
0.0002079494734061882,0.0,0.0,0.0,0.0,6200,0.0022007739171385765,6200,0.002408723346889019
0.00020960858091711998,0.0,0.0,0.0,0.0,6201,0.002007436705753207,6201,0.002217045286670327
0.0011670072562992573,0.0,0.0,0.0,0.0,6202,0.0016806437633931637,6202,0.0028476512525230646
0.0013128082500770688,0.0,0.0,0.0,0.0,6203,0.0016069677658379078,6203,0.0029197758994996548
0.0001964503462659195,0.0,0.0,0.0,0.0,6204,0.0017586987232789397,6204,0.001955148996785283
0.00034294193028472364,0.0,0.0,0.0,0.0,6205,0.0016558931674808264,6205,0.0019988350104540586
0.00043732175254262984,0.0,0.0,0.0,0.0,6206,0.0015651605790480971,6206,0.0020024823024868965
0.0004955545300617814,0.0,0.0,0.0,0.0,6207,0.0015186200616881251,6207,0.0020141745917499065
0.0004841815971303731,0.0,0.0,0.0,0.0,6208,0.0015309370355680585,6208,0.002015118720009923
0.0005422461545094848,0.0,0.0,0.0,0.0,6209,0.001577857998199761,6209,0.0021201041527092457
0.0005756411119364202,0.0,0.0,0.0,0.0,6210,0.0016516634495928884,6210,0.0022273045033216476
0.0005843641702085733,0.0,0.0,0.0,0.0,6211,0.001693518366664648,6211,0.0022778825368732214
0.0006259859655983746,0.0,0.0,0.0,0.0,6212,0.001685130293481052,6212,0.0023111163172870874
0.001469312934204936,0.0,0.0,0.0,0.0,6213,0.0016146114794537425,6213,0.0030839245300740004
0.0012406082823872566,0.0,0.0,0.0,0.0,6214,0.0017440032679587603,6214,0.002984611550346017
0.0015536925056949258,0.0,0.0,0.0,0.0,6215,0.0019907995592802763,6215,0.003544492181390524
0.0012821708805859089,0.0,0.0,0.0,0.0,6216,0.0023018685169517994,6216,0.0035840393975377083
0.0010677720420062542,0.0,0.0,0.0,0.0,6217,0.002457281108945608,6217,0.0035250529181212187
0.001004158752039075,0.0,0.0,0.0,0.0,6218,0.00239306828007102,6218,0.003397227032110095
0.00016652372141834348,0.0,0.0,0.0,0.0,6219,0.0021620087791234255,6219,0.002328532515093684
0.0056619299575686455,0.0,0.0,0.0,0.0,6220,0.0015941245947033167,6220,0.007256054785102606
0.005951451137661934,0.0,0.0,0.0,0.0,6221,0.0012935139238834381,6221,0.007244964595884085
0.006018780171871185,0.0,0.0,0.0,0.0,6222,0.0013479158515110612,6222,0.007366696838289499
0.005202374421060085,0.0,0.0,0.0,0.0,6223,0.001405644929036498,6223,0.006608019582927227
0.0038692301604896784,0.0,0.0,0.0,0.0,6224,0.0015732068568468094,6224,0.005442436784505844
0.0004217797250021249,0.0,0.0,0.0,0.0,6225,0.001912805368192494,6225,0.0023345849476754665
0.0005612416425719857,0.0,0.0,0.0,0.0,6226,0.0022086696699261665,6226,0.0027699111960828304
0.0009619083139114082,0.0,0.0,0.0,0.0,6227,0.0022176618222147226,6227,0.0031795701943337917
0.002648167312145233,0.0,0.0,0.0,0.0,6228,0.0022513691801577806,6228,0.00489953625947237
0.0013892115093767643,0.0,0.0,0.0,0.0,6229,0.002500375499948859,6229,0.0038895870093256235
0.001316992798820138,0.0,0.0,0.0,0.0,6230,0.0027316610794514418,6230,0.00404865387827158
0.0012212918372824788,0.0,0.0,0.0,0.0,6231,0.0028037691954523325,6231,0.004025061149150133
0.0009255186887457967,0.0,0.0,0.0,0.0,6232,0.0026812360156327486,6232,0.0036067550536245108
0.0009539681486785412,0.0,0.0,0.0,0.0,6233,0.0023713631089776754,6233,0.0033253312576562166
0.000964151753578335,0.0,0.0,0.0,0.0,6234,0.0020938413217663765,6234,0.0030579930171370506
0.0011057876981794834,0.0,0.0,0.0,0.0,6235,0.0019139766227453947,6235,0.003019764320924878
0.001022878335788846,0.0,0.0,0.0,0.0,6236,0.0018691584700718522,6236,0.0028920371551066637
0.0008041501278057694,0.0,0.0,0.0,0.0,6237,0.00195398204959929,6237,0.0027581320609897375
0.000662785314489156,0.0,0.0,0.0,0.0,6238,0.0021169709507375956,6238,0.0027797562070190907
0.00051352777518332,0.0,0.0,0.0,0.0,6239,0.0022390116937458515,6239,0.002752539236098528
0.0004914324381388724,0.0,0.0,0.0,0.0,6240,0.0021986879874020815,6240,0.002690120367333293
0.0005823929677717388,0.0,0.0,0.0,0.0,6241,0.002024667337536812,6241,0.0026070603635162115
0.0007482976652681828,0.0,0.0,0.0,0.0,6242,0.0018348509911447763,6242,0.0025831484235823154
0.00022993845050223172,0.0,0.0,0.0,0.0,6243,0.0017325483495369554,6243,0.0019624868873506784
0.00035672468948177993,0.0,0.0,0.0,0.0,6244,0.0015387401217594743,6244,0.0018954648403450847
0.0004962972598150373,0.0,0.0,0.0,0.0,6245,0.001393935875967145,6245,0.001890233252197504
0.0005766022950410843,0.0,0.0,0.0,0.0,6246,0.0013454518048092723,6246,0.0019220540998503566
0.001580243231728673,0.0,0.0,0.0,0.0,6247,0.0013880120823159814,6247,0.002968255430459976
0.001689154771156609,0.0,0.0,0.0,0.0,6248,0.0017264490015804768,6248,0.003415603656321764
0.0017924373969435692,0.0,0.0,0.0,0.0,6249,0.002344283275306225,6249,0.004136720672249794
0.0016007449012249708,0.0,0.0,0.0,0.0,6250,0.0029287224169820547,6250,0.0045294673182070255
0.0014942653942853212,0.0,0.0,0.0,0.0,6251,0.0030611054971814156,6251,0.004555370658636093
0.001412148936651647,0.0,0.0,0.0,0.0,6252,0.002697494113817811,6252,0.004109642934054136
0.00047604457358829677,0.0,0.0,0.0,0.0,6253,0.002157500945031643,6253,0.00263354554772377
0.0004576709179673344,0.0,0.0,0.0,0.0,6254,0.0014343654038384557,6254,0.0018920362927019596
0.001263525802642107,0.0,0.0,0.0,0.0,6255,0.0012986420188099146,6255,0.0025621678214520216
0.0013771906960755587,0.0,0.0,0.0,0.0,6256,0.001321463380008936,6256,0.0026986540760844946
0.0006745582213625312,0.0,0.0,0.0,0.0,6257,0.0013721784343943,6257,0.002046736655756831
0.00022507394896820188,0.0,0.0,0.0,0.0,6258,0.001761378487572074,6258,0.001986452378332615
0.00019115918257739395,0.0,0.0,0.0,0.0,6259,0.0023089605383574963,6259,0.0025001196190714836
0.00019695314404089004,0.0,0.0,0.0,0.0,6260,0.002345884218811989,6260,0.0025428372900933027
0.00017118676623795182,0.0,0.0,0.0,0.0,6261,0.0018671912839636207,6261,0.0020383780356496572
0.0005525498418137431,0.0,0.0,0.0,0.0,6262,0.001455053687095642,6262,0.002007603645324707
0.0009804036235436797,0.0,0.0,0.0,0.0,6263,0.00131185760255903,6263,0.0022922612261027098
0.0054811094887554646,0.0,0.0,0.0,0.0,6264,0.0013026016531512141,6264,0.0067837112583220005
0.0006901176529936492,0.0,0.0,0.0,0.0,6265,0.001379721681587398,6265,0.0020698392763733864
0.00033057754626497626,0.0,0.0,0.0,0.0,6266,0.001617753878235817,6266,0.0019483314827084541
0.00019890010298695415,0.0,0.0,0.0,0.0,6267,0.0019153067842125893,6267,0.002114206785336137
0.00020100870460737497,0.0,0.0,0.0,0.0,6268,0.0019586654379963875,6268,0.002159674186259508
0.000769859179854393,0.0,0.0,0.0,0.0,6269,0.0017106677405536175,6269,0.0024805269204080105
0.0009277123026549816,0.0,0.0,0.0,0.0,6270,0.0016099127242341638,6270,0.0025376249104738235
0.0006712492904625833,0.0,0.0,0.0,0.0,6271,0.0016629449091851711,6271,0.0023341942578554153
0.0005496197263710201,0.0,0.0,0.0,0.0,6272,0.0017963405698537827,6272,0.0023459603544324636
0.000426978018367663,0.0,0.0,0.0,0.0,6273,0.0019266892923042178,6273,0.0023536672815680504
0.0003910758823622018,0.0,0.0,0.0,0.0,6274,0.001964522758498788,6274,0.0023555986117571592
0.00044130912283435464,0.0,0.0,0.0,0.0,6275,0.0018849539337679744,6275,0.00232626311480999
0.0005490854964591563,0.0,0.0,0.0,0.0,6276,0.001756110810674727,6276,0.002305196365341544
0.005438571330159903,0.0,0.0,0.0,0.0,6277,0.0016616423381492496,6277,0.007100213784724474
0.005333407316356897,0.0,0.0,0.0,0.0,6278,0.0015898547135293484,6278,0.006923262495547533
0.005052085500210524,0.0,0.0,0.0,0.0,6279,0.0015884580789133906,6279,0.006640543695539236
0.0007380677270703018,0.0,0.0,0.0,0.0,6280,0.0016598774818703532,6280,0.002397945150732994
0.0008147609769366682,0.0,0.0,0.0,0.0,6281,0.0018279210198670626,6281,0.0026426820550113916
0.00041122775292024016,0.0,0.0,0.0,0.0,6282,0.0020662196911871433,6282,0.0024774475023150444
0.0011704482603818178,0.0,0.0,0.0,0.0,6283,0.0020700388122349977,6283,0.0032404870726168156
0.0005068550235591829,0.0,0.0,0.0,0.0,6284,0.0016786562046036124,6284,0.002185511402785778
0.0012542791664600372,0.0,0.0,0.0,0.0,6285,0.0015618476318195462,6285,0.0028161269146949053
0.0015132344560697675,0.0,0.0,0.0,0.0,6286,0.001568944426253438,6286,0.0030821789987385273
0.0004216072557028383,0.0,0.0,0.0,0.0,6287,0.0014887733850628138,6287,0.0019103805534541607
0.0004285721806809306,0.0,0.0,0.0,0.0,6288,0.0015736273489892483,6288,0.0020021996460855007
0.0004172755579929799,0.0,0.0,0.0,0.0,6289,0.0016587222926318645,6289,0.002075997879728675
0.000312162796035409,0.0,0.0,0.0,0.0,6290,0.0015372500056400895,6290,0.0018494128016754985
0.00024181972548831254,0.0,0.0,0.0,0.0,6291,0.0013043992221355438,6291,0.001546218991279602
0.00032563283457420766,0.0,0.0,0.0,0.0,6292,0.001150115393102169,6292,0.0014757482567802072
0.0013647486921399832,0.0,0.0,0.0,0.0,6293,0.0010747909545898438,6293,0.0024395394138991833
0.00025408665533177555,0.0,0.0,0.0,0.0,6294,0.0010843172203749418,6294,0.0013384039048105478
0.0006973881972953677,0.0,0.0,0.0,0.0,6295,0.0012472657253965735,6295,0.001944654039107263
0.0004994067712686956,0.0,0.0,0.0,0.0,6296,0.0016407282091677189,6296,0.0021401348058134317
0.0005769726121798158,0.0,0.0,0.0,0.0,6297,0.002018633997067809,6297,0.0025956067256629467
0.0006021101726219058,0.0,0.0,0.0,0.0,6298,0.0020197739358991385,6298,0.0026218839921057224
0.000765852746553719,0.0,0.0,0.0,0.0,6299,0.001661775866523385,6299,0.002427628729492426
0.0016081908252090216,0.0,0.0,0.0,0.0,6300,0.0012796963565051556,6300,0.002887887414544821
0.0017185506876558065,0.0,0.0,0.0,0.0,6301,0.0012233974412083626,6301,0.0029419483616948128
0.0012342996196821332,0.0,0.0,0.0,0.0,6302,0.00145077018532902,6302,0.0026850698050111532
0.0004793010011781007,0.0,0.0,0.0,0.0,6303,0.0018935294356197119,6303,0.002372830407693982
0.00042312394361943007,0.0,0.0,0.0,0.0,6304,0.0019863236229866743,6304,0.0024094474501907825
0.0005215437267906964,0.0,0.0,0.0,0.0,6305,0.0016765245236456394,6305,0.002198068192228675
0.0007459728512912989,0.0,0.0,0.0,0.0,6306,0.0011050017783418298,6306,0.0018509745132178068
0.0013129326980561018,0.0,0.0,0.0,0.0,6307,0.0010037237079814076,6307,0.0023166565224528313
0.0011257383739575744,0.0,0.0,0.0,0.0,6308,0.001034061424434185,6308,0.0021597999148070812
0.0001278938289033249,0.0,0.0,0.0,0.0,6309,0.0012190081179141998,6309,0.0013469021068885922
0.0002347462432226166,0.0,0.0,0.0,0.0,6310,0.0014252967666834593,6310,0.0016600430244579911
0.00022257074306253344,0.0,0.0,0.0,0.0,6311,0.001387057825922966,6311,0.0016096283216029406
0.00016473361756652594,0.0,0.0,0.0,0.0,6312,0.0011820107465609908,6312,0.0013467443641275167
0.004768831189721823,0.0,0.0,0.0,0.0,6313,0.001072680577635765,6313,0.005841512233018875
0.006046714726835489,0.0,0.0,0.0,0.0,6314,0.0010778795694932342,6314,0.007124594412744045
0.005431327037513256,0.0,0.0,0.0,0.0,6315,0.0010992198949679732,6315,0.006530547048896551
0.0005509404581971467,0.0,0.0,0.0,0.0,6316,0.0012834008084610105,6316,0.001834341324865818
0.0003466324706096202,0.0,0.0,0.0,0.0,6317,0.0017681005410850048,6317,0.0021147329825907946
0.00038007949478924274,0.0,0.0,0.0,0.0,6318,0.002165713347494602,6318,0.002545792842283845
0.0004244100709911436,0.0,0.0,0.0,0.0,6319,0.0021618534810841084,6319,0.0025862634647637606
0.00038765455246903,0.0,0.0,0.0,0.0,6320,0.0018072092207148671,6320,0.0021948637440800667
0.0005312156863510609,0.0,0.0,0.0,0.0,6321,0.001440943917259574,6321,0.001972159603610635
0.0011202110908925533,0.0,0.0,0.0,0.0,6322,0.001255155075341463,6322,0.0023753661662340164
0.0014210054650902748,0.0,0.0,0.0,0.0,6323,0.0012500976445153356,6323,0.002671102760359645
0.002125391736626625,0.0,0.0,0.0,0.0,6324,0.0012011895887553692,6324,0.0033265813253819942
0.00030688775586895645,0.0,0.0,0.0,0.0,6325,0.0016069678822532296,6325,0.0019138556672260165
0.0002957536780741066,0.0,0.0,0.0,0.0,6326,0.002342918422073126,6326,0.002638672012835741
0.00027829615282826126,0.0,0.0,0.0,0.0,6327,0.002610051305964589,6327,0.0028883477207273245
0.0002302598295500502,0.0,0.0,0.0,0.0,6328,0.0021079618018120527,6328,0.0023382215294986963
0.0008342021028511226,0.0,0.0,0.0,0.0,6329,0.0014067558804526925,6329,0.002240958157926798
0.001747451489791274,0.0,0.0,0.0,0.0,6330,0.0011195766273885965,6330,0.0028670283500105143
0.0016405286733061075,0.0,0.0,0.0,0.0,6331,0.0011342051438987255,6331,0.002774733817204833
0.0007574629271402955,0.0,0.0,0.0,0.0,6332,0.0014508109306916595,6332,0.002208273857831955
0.0002640199090819806,0.0,0.0,0.0,0.0,6333,0.002007995033636689,6333,0.0022720149718225002
0.0002637792786117643,0.0,0.0,0.0,0.0,6334,0.0021733089815825224,6334,0.0024370881728827953
0.0003025692712981254,0.0,0.0,0.0,0.0,6335,0.0018030847422778606,6335,0.0021056539844721556
0.0011858128709718585,0.0,0.0,0.0,0.0,6336,0.0013196187792345881,6336,0.0025054316502064466
0.0004355144628789276,0.0,0.0,0.0,0.0,6337,0.001175685552880168,6337,0.001611200044862926
0.0005232446710579097,0.0,0.0,0.0,0.0,6338,0.0011374043533578515,6338,0.0016606489662081003
0.00010894419392570853,0.0,0.0,0.0,0.0,6339,0.0011838744394481182,6339,0.0012928186915814877
0.00010531654697842896,0.0,0.0,0.0,0.0,6340,0.0011738137109205127,6340,0.0012791302287951112
0.00012288338621146977,0.0,0.0,0.0,0.0,6341,0.0011228673392906785,6341,0.0012457506963983178
0.00016264262376353145,0.0,0.0,0.0,0.0,6342,0.0010733518283814192,6342,0.0012359945103526115
0.0010420606704428792,0.0,0.0,0.0,0.0,6343,0.0010432401904836297,6343,0.002085300860926509
0.0007512322044931352,0.0,0.0,0.0,0.0,6344,0.001137714833021164,6344,0.001888947212137282
0.00043432749225758016,0.0,0.0,0.0,0.0,6345,0.0014351223362609744,6345,0.0018694499740377069
0.0003188293776474893,0.0,0.0,0.0,0.0,6346,0.001754024880938232,6346,0.0020728542003780603
0.00029980720137245953,0.0,0.0,0.0,0.0,6347,0.0018017258262261748,6347,0.0021015331149101257
0.00034415218397043645,0.0,0.0,0.0,0.0,6348,0.0015498234424740076,6348,0.0018939757719635963
0.0012663445668295026,0.0,0.0,0.0,0.0,6349,0.0012482820311561227,6349,0.0025146265979856253
0.0013165974523872137,0.0,0.0,0.0,0.0,6350,0.00120804354082793,6350,0.002524640876799822
0.0007761362940073013,0.0,0.0,0.0,0.0,6351,0.0013808016665279865,6351,0.002156937960535288
0.00023245110060088336,0.0,0.0,0.0,0.0,6352,0.0016834186390042305,6352,0.0019158697687089443
0.00019815978885162622,0.0,0.0,0.0,0.0,6353,0.0017641611630097032,6353,0.0019623208791017532
0.0004819110909011215,0.0,0.0,0.0,0.0,6354,0.00157846137881279,6354,0.00206037238240242
0.002801088383421302,0.0,0.0,0.0,0.0,6355,0.0011642093304544687,6355,0.003965297713875771
0.005137597676366568,0.0,0.0,0.0,0.0,6356,0.0011300202459096909,6356,0.006267618387937546
0.004944980144500732,0.0,0.0,0.0,0.0,6357,0.0011898947414010763,6357,0.006134875118732452
0.00393898319453001,0.0,0.0,0.0,0.0,6358,0.0012096039718016982,6358,0.00514858728274703
0.0034008268266916275,0.0,0.0,0.0,0.0,6359,0.0013990529114380479,6359,0.0047998796217143536
0.0006498857401311398,0.0,0.0,0.0,0.0,6360,0.0015168263344094157,6360,0.0021667121909558773
0.0007449990953318775,0.0,0.0,0.0,0.0,6361,0.0014895860804244876,6361,0.002234585117548704
0.0008432999602518976,0.0,0.0,0.0,0.0,6362,0.0014516074443235993,6362,0.002294907346367836
0.0010006112279370427,0.0,0.0,0.0,0.0,6363,0.001463285181671381,6363,0.002463896293193102
0.0010026063537225127,0.0,0.0,0.0,0.0,6364,0.0014311859849840403,6364,0.002433792222291231
0.001476955134421587,0.0,0.0,0.0,0.0,6365,0.0013655605725944042,6365,0.002842515707015991
0.0007713145460002124,0.0,0.0,0.0,0.0,6366,0.001509451656602323,6366,0.0022807663772255182
0.00048773863818496466,0.0,0.0,0.0,0.0,6367,0.001964190509170294,6367,0.0024519292637705803
0.00012762803817167878,0.0,0.0,0.0,0.0,6368,0.0022539845667779446,6368,0.0023816125467419624
0.00011574790551094338,0.0,0.0,0.0,0.0,6369,0.0019861538894474506,6369,0.0021019019186496735
0.0007817139849066734,0.0,0.0,0.0,0.0,6370,0.0014361364301294088,6370,0.0022178504150360823
0.0014973727520555258,0.0,0.0,0.0,0.0,6371,0.0011795435566455126,6371,0.002676916541531682
0.0012359549291431904,0.0,0.0,0.0,0.0,6372,0.0011929244501516223,6372,0.0024288794957101345
0.0006610061973333359,0.0,0.0,0.0,0.0,6373,0.0014602832961827517,6373,0.0021212894935160875
0.0004809692036360502,0.0,0.0,0.0,0.0,6374,0.0018475998658686876,6374,0.002328568836674094
0.00038758511072956026,0.0,0.0,0.0,0.0,6375,0.0020956979133188725,6375,0.0024832829367369413
0.0004252305079717189,0.0,0.0,0.0,0.0,6376,0.0019904086366295815,6376,0.00241563911549747
0.00015614248695783317,0.0,0.0,0.0,0.0,6377,0.001647170283831656,6377,0.001803312567062676
0.0003004383761435747,0.0,0.0,0.0,0.0,6378,0.001126555260270834,6378,0.0014269936364144087
0.0009635223541408777,0.0,0.0,0.0,0.0,6379,0.0009313912596553564,6379,0.001894913730211556
0.0010976978810504079,0.0,0.0,0.0,0.0,6380,0.0009279613732360303,6380,0.0020256591960787773
0.0005741735803894699,0.0,0.0,0.0,0.0,6381,0.001007291255518794,6381,0.0015814648941159248
0.0002521519490983337,0.0,0.0,0.0,0.0,6382,0.001328109996393323,6382,0.0015802619745954871
0.0003213898744434118,0.0,0.0,0.0,0.0,6383,0.001419035717844963,6383,0.001740425592288375
0.0001295442198170349,0.0,0.0,0.0,0.0,6384,0.0011554161319509149,6384,0.001284960308112204
0.00018917939451057464,0.0,0.0,0.0,0.0,6385,0.0009538964368402958,6385,0.0011430758750066161
0.0013590891612693667,0.0,0.0,0.0,0.0,6386,0.0009373350185342133,6386,0.002296424238011241
0.00141001190058887,0.0,0.0,0.0,0.0,6387,0.0009242620435543358,6387,0.002334273885935545
0.0005657558212988079,0.0,0.0,0.0,0.0,6388,0.001161125022917986,6388,0.0017268809024244547
0.00018053609528578818,0.0,0.0,0.0,0.0,6389,0.0018062933813780546,6389,0.001986829563975334
0.00021691380243282765,0.0,0.0,0.0,0.0,6390,0.00216960278339684,6390,0.002386516658589244
0.00019414303824305534,0.0,0.0,0.0,0.0,6391,0.0018128809751942754,6391,0.002007023897022009
0.00039744391688145697,0.0,0.0,0.0,0.0,6392,0.0012366631999611855,6392,0.001634107087738812
0.0009154406143352389,0.0,0.0,0.0,0.0,6393,0.000967864936683327,6393,0.001883305492810905
0.0014591182116419077,0.0,0.0,0.0,0.0,6394,0.0009389074402861297,6394,0.0023980257101356983
0.0009054054389707744,0.0,0.0,0.0,0.0,6395,0.0009981198236346245,6395,0.0019035253208130598
0.000585594738367945,0.0,0.0,0.0,0.0,6396,0.0012631764402613044,6396,0.0018487712368369102
0.0005231056711636484,0.0,0.0,0.0,0.0,6397,0.0016289352206513286,6397,0.002152040833607316
0.0005538688856177032,0.0,0.0,0.0,0.0,6398,0.0017427880084142089,6398,0.002296656835824251
0.000892229494638741,0.0,0.0,0.0,0.0,6399,0.0014754710718989372,6399,0.0023677004501223564
0.0010050005512312055,0.0,0.0,0.0,0.0,6400,0.001295241410844028,6400,0.0023002419620752335
0.0009222376975230873,0.0,0.0,0.0,0.0,6401,0.001247741631232202,6401,0.0021699792705476284
0.0006460612057708204,0.0,0.0,0.0,0.0,6402,0.0013357412535697222,6402,0.0019818025175482035
0.0004017113533336669,0.0,0.0,0.0,0.0,6403,0.0015124116325750947,6403,0.0019141229568049312
0.00035667448537424207,0.0,0.0,0.0,0.0,6404,0.0016747344052419066,6404,0.0020314089488238096
0.0006456936243921518,0.0,0.0,0.0,0.0,6405,0.0017032140167430043,6405,0.002348907757550478
0.00032232384546659887,0.0,0.0,0.0,0.0,6406,0.001659774105064571,6406,0.0019820979796350002
0.0002786472614388913,0.0,0.0,0.0,0.0,6407,0.0013442401541396976,6407,0.0016228874446824193
0.002331103663891554,0.0,0.0,0.0,0.0,6408,0.0011411872692406178,6408,0.0034722909331321716
0.002472221152856946,0.0,0.0,0.0,0.0,6409,0.0011160568101331592,6409,0.0035882778465747833
0.0023437300696969032,0.0,0.0,0.0,0.0,6410,0.0011344818631187081,6410,0.0034782118164002895
0.0020179064013063908,0.0,0.0,0.0,0.0,6411,0.0011970665073022246,6411,0.0032149730250239372
0.0017986013554036617,0.0,0.0,0.0,0.0,6412,0.001367700519040227,6412,0.003166301641613245
0.0005706249503418803,0.0,0.0,0.0,0.0,6413,0.001507252804003656,6413,0.0020778777543455362
0.00033773822360672057,0.0,0.0,0.0,0.0,6414,0.0017373212613165379,6414,0.002075059339404106
0.0009679444483481348,0.0,0.0,0.0,0.0,6415,0.0018577966839075089,6415,0.0028257411904633045
0.0008863060502335429,0.0,0.0,0.0,0.0,6416,0.0019316961988806725,6416,0.002818002365529537
0.0008712626295164227,0.0,0.0,0.0,0.0,6417,0.0019279357511550188,6417,0.0027991984970867634
0.00021567897056229413,0.0,0.0,0.0,0.0,6418,0.0018512388924136758,6418,0.0020669179502874613
0.0006079674349166453,0.0,0.0,0.0,0.0,6419,0.0015362099511548877,6419,0.0021441772114485502
0.0019050902919843793,0.0,0.0,0.0,0.0,6420,0.0013925201492384076,6420,0.0032976106740534306
0.001904573873616755,0.0,0.0,0.0,0.0,6421,0.0013795731356367469,6421,0.003284147009253502
0.0016819816082715988,0.0,0.0,0.0,0.0,6422,0.0014769673580303788,6422,0.003158948849886656
0.0004364746273495257,0.0,0.0,0.0,0.0,6423,0.0016646619187667966,6423,0.002101136604323983
0.00034453743137419224,0.0,0.0,0.0,0.0,6424,0.0018772612093016505,6424,0.002221798524260521
0.0003612672444432974,0.0,0.0,0.0,0.0,6425,0.001869940315373242,6425,0.002231207676231861
0.0004386997316032648,0.0,0.0,0.0,0.0,6426,0.0016754328971728683,6426,0.0021141325123608112
0.0011971790809184313,0.0,0.0,0.0,0.0,6427,0.0013523463858291507,6427,0.00254952535033226
0.002645651111379266,0.0,0.0,0.0,0.0,6428,0.001259969430975616,6428,0.0039056206587702036
0.002788805402815342,0.0,0.0,0.0,0.0,6429,0.0012822673888877034,6429,0.0040710726752877235
0.0025031561963260174,0.0,0.0,0.0,0.0,6430,0.0012624168302863836,6430,0.0037655732594430447
0.0009557412704452872,0.0,0.0,0.0,0.0,6431,0.0013308620546013117,6431,0.002286603208631277
0.00047522824024781585,0.0,0.0,0.0,0.0,6432,0.0015884223394095898,6432,0.0020636506378650665
0.0005532578215934336,0.0,0.0,0.0,0.0,6433,0.001974670682102442,6433,0.0025279284454882145
0.0010209725005552173,0.0,0.0,0.0,0.0,6434,0.002262418856844306,6434,0.0032833912409842014
0.0008759894408285618,0.0,0.0,0.0,0.0,6435,0.002436036244034767,6435,0.003312025684863329
0.0008729672408662736,0.0,0.0,0.0,0.0,6436,0.0023749328684061766,6436,0.0032478999346494675
0.00041048499406315386,0.0,0.0,0.0,0.0,6437,0.002124467631801963,6437,0.002534952713176608
0.000538221444003284,0.0,0.0,0.0,0.0,6438,0.0016697874525561929,6438,0.002208008896559477
0.0009521739557385445,0.0,0.0,0.0,0.0,6439,0.0013500949135050178,6439,0.002302268985658884
0.0011320123448967934,0.0,0.0,0.0,0.0,6440,0.0012538202572613955,6440,0.002385832602158189
0.0008949773036874831,0.0,0.0,0.0,0.0,6441,0.0013184809358790517,6441,0.0022134582977741957
0.0004768841608893126,0.0,0.0,0.0,0.0,6442,0.0015596715966239572,6442,0.0020365556702017784
0.00020890844461973757,0.0,0.0,0.0,0.0,6443,0.001855967566370964,6443,0.002064875792711973
0.00016934241284616292,0.0,0.0,0.0,0.0,6444,0.0017252069665119052,6444,0.0018945495830848813
0.00013466039672493935,0.0,0.0,0.0,0.0,6445,0.0013479654444381595,6445,0.0014826258411630988
0.0003781305276788771,0.0,0.0,0.0,0.0,6446,0.001073966035619378,6446,0.0014520965050905943
0.0007070566061884165,0.0,0.0,0.0,0.0,6447,0.0010123061947524548,6447,0.0017193626845255494
0.0019533776212483644,0.0,0.0,0.0,0.0,6448,0.0009892183588817716,6448,0.002942596096545458
0.000772134168073535,0.0,0.0,0.0,0.0,6449,0.0012336642248556018,6449,0.002005798276513815
0.0015638344921171665,0.0,0.0,0.0,0.0,6450,0.0020341500639915466,6450,0.003597984556108713
0.0012574336724355817,0.0,0.0,0.0,0.0,6451,0.0030174548737704754,6451,0.004274888429790735
0.0011035804636776447,0.0,0.0,0.0,0.0,6452,0.0034322242718189955,6452,0.0045358045026659966
0.0008596950210630894,0.0,0.0,0.0,0.0,6453,0.0029911003075540066,6453,0.003850795328617096
0.0010315085528418422,0.0,0.0,0.0,0.0,6454,0.002075978321954608,6454,0.0031074867583811283
0.0006891035009175539,0.0,0.0,0.0,0.0,6455,0.0013757910346612334,6455,0.002064894651994109
0.00017852697055786848,0.0,0.0,0.0,0.0,6456,0.001042179181240499,6456,0.0012207061517983675
0.005415386985987425,0.0,0.0,0.0,0.0,6457,0.001355584361590445,6457,0.006770970765501261
0.004047782626003027,0.0,0.0,0.0,0.0,6458,0.0013097265036776662,6458,0.005357509013265371
0.00040153396548703313,0.0,0.0,0.0,0.0,6459,0.0010992118623107672,6459,0.0015007457695901394
0.0007622666889801621,0.0,0.0,0.0,0.0,6460,0.0011862140381708741,6460,0.0019484807271510363
0.0004845297080464661,0.0,0.0,0.0,0.0,6461,0.001789440168067813,6461,0.002273969817906618
0.0006254500476643443,0.0,0.0,0.0,0.0,6462,0.0021826056763529778,6462,0.002808055840432644
0.00048709253314882517,0.0,0.0,0.0,0.0,6463,0.0018254065653309226,6463,0.0023124990984797478
0.0005881176330149174,0.0,0.0,0.0,0.0,6464,0.0012575394939631224,6464,0.0018456572433933616
0.0015274726320058107,0.0,0.0,0.0,0.0,6465,0.001053527113981545,6465,0.0025809998624026775
0.0013898960314691067,0.0,0.0,0.0,0.0,6466,0.0010352085810154676,6466,0.002425104845315218
0.0012379622785374522,0.0,0.0,0.0,0.0,6467,0.001063491334207356,6467,0.002301453612744808
0.00046386593021452427,0.0,0.0,0.0,0.0,6468,0.001391010475344956,6468,0.0018548764055594802
0.0004318410065025091,0.0,0.0,0.0,0.0,6469,0.0017820963403210044,6469,0.0022139372304081917
0.0004189390456303954,0.0,0.0,0.0,0.0,6470,0.0017457620706409216,6470,0.002164700999855995
0.00046233629109337926,0.0,0.0,0.0,0.0,6471,0.001342778792604804,6471,0.0018051150254905224
0.0008092892239801586,0.0,0.0,0.0,0.0,6472,0.0010167085565626621,6472,0.0018259978387504816
0.0011480120010674,0.0,0.0,0.0,0.0,6473,0.0009117100853472948,6473,0.002059722086414695
0.001070191152393818,0.0,0.0,0.0,0.0,6474,0.0009147446835413575,6474,0.0019849357195198536
0.0007184675778262317,0.0,0.0,0.0,0.0,6475,0.0010472137946635485,6475,0.001765681430697441
0.00046887213829904795,0.0,0.0,0.0,0.0,6476,0.001331158448010683,6476,0.001800030586309731
0.0003925643104594201,0.0,0.0,0.0,0.0,6477,0.0015362182166427374,6477,0.0019287826726213098
0.0004041066858917475,0.0,0.0,0.0,0.0,6478,0.0014485942665487528,6478,0.001852701068855822
0.0005386870470829308,0.0,0.0,0.0,0.0,6479,0.001184249296784401,6479,0.0017229362856596708
0.0007780394516885281,0.0,0.0,0.0,0.0,6480,0.0009857473196461797,6480,0.0017637867713347077
0.0009296588832512498,0.0,0.0,0.0,0.0,6481,0.0009237576159648597,6481,0.0018534164410084486
0.0008210111991502345,0.0,0.0,0.0,0.0,6482,0.0009613785077817738,6482,0.0017823895905166864
0.0005934620276093483,0.0,0.0,0.0,0.0,6483,0.0010975318728014827,6483,0.001690993900410831
0.00044819258619099855,0.0,0.0,0.0,0.0,6484,0.0012807318707928061,6484,0.0017289244569838047
0.0003911829262506217,0.0,0.0,0.0,0.0,6485,0.0013638294767588377,6485,0.001755012315697968
0.0004342927422840148,0.0,0.0,0.0,0.0,6486,0.0012784446589648724,6486,0.0017127373721450567
0.0031778672710061073,0.0,0.0,0.0,0.0,6487,0.0011220887536183,6487,0.0042999559082090855
0.0031637316569685936,0.0,0.0,0.0,0.0,6488,0.0010851506376639009,6488,0.004248882178217173
0.002493622014299035,0.0,0.0,0.0,0.0,6489,0.0011567027540877461,6489,0.003650324884802103
0.0023194821551442146,0.0,0.0,0.0,0.0,6490,0.0011852711904793978,6490,0.0035047533456236124
0.0021620311308652163,0.0,0.0,0.0,0.0,6491,0.00117406714707613,6491,0.003336098277941346
0.002037332858890295,0.0,0.0,0.0,0.0,6492,0.001163703273050487,6492,0.003201036248356104
0.001877622096799314,0.0,0.0,0.0,0.0,6493,0.001182896550744772,6493,0.0030605189967900515
0.000691390538122505,0.0,0.0,0.0,0.0,6494,0.0012324168346822262,6494,0.0019238073145970702
0.0006305756978690624,0.0,0.0,0.0,0.0,6495,0.0013147457502782345,6495,0.001945321448147297
0.0005910447216592729,0.0,0.0,0.0,0.0,6496,0.0014150254428386688,6496,0.0020060702227056026
0.0010970107978209853,0.0,0.0,0.0,0.0,6497,0.0014827343402430415,6497,0.002579745138064027
0.000853347301017493,0.0,0.0,0.0,0.0,6498,0.001321514486335218,6498,0.00217486172914505
0.001476465375162661,0.0,0.0,0.0,0.0,6499,0.0012535757850855589,6499,0.002730041276663542
0.0011312351562082767,0.0,0.0,0.0,0.0,6500,0.001224850071594119,6500,0.002356085227802396
0.0006000839057378471,0.0,0.0,0.0,0.0,6501,0.0011558403493836522,6501,0.0017559241969138384
0.0005781179643236101,0.0,0.0,0.0,0.0,6502,0.0011836744379252195,6502,0.0017617924604564905
0.0005479182000271976,0.0,0.0,0.0,0.0,6503,0.0011862493120133877,6503,0.0017341675702482462
0.0004570307210087776,0.0,0.0,0.0,0.0,6504,0.001074034022167325,6504,0.0015310646267607808
0.000438874849351123,0.0,0.0,0.0,0.0,6505,0.0009358872775919735,6505,0.0013747620396316051
0.0004998165532015264,0.0,0.0,0.0,0.0,6506,0.0008528855396434665,6506,0.0013527021510526538
0.0025615785270929337,0.0,0.0,0.0,0.0,6507,0.0008003587136045098,6507,0.0033619371242821217
0.0005896073416806757,0.0,0.0,0.0,0.0,6508,0.0009981426410377026,6508,0.0015877499245107174
0.00013368899817578495,0.0,0.0,0.0,0.0,6509,0.0016522846417501569,6509,0.0017859736690297723
0.00015334173804149032,0.0,0.0,0.0,0.0,6510,0.002056003315374255,6510,0.0022093451116234064
0.0001309515500906855,0.0,0.0,0.0,0.0,6511,0.0017084870487451553,6511,0.0018394385697320104
0.0003962916962336749,0.0,0.0,0.0,0.0,6512,0.0010907480027526617,6512,0.001487039728090167
0.0009876983240246773,0.0,0.0,0.0,0.0,6513,0.0007667652098461986,6513,0.0017544635338708758
0.001273880829103291,0.0,0.0,0.0,0.0,6514,0.000712143606506288,6514,0.001986024435609579
0.00010794839909067377,0.0,0.0,0.0,0.0,6515,0.000798451597802341,6515,0.0009064000332728028
8.184376201825216e-05,0.0,0.0,0.0,0.0,6516,0.000884777051396668,6516,0.0009666208643466234
0.00025787210324779153,0.0,0.0,0.0,0.0,6517,0.0008792104199528694,6517,0.001137082464993
0.0005923866992816329,0.0,0.0,0.0,0.0,6518,0.0007985286065377295,6518,0.0013909153640270233
0.0007401878829114139,0.0,0.0,0.0,0.0,6519,0.000798286811914295,6519,0.0015384749276563525
0.0005341031355783343,0.0,0.0,0.0,0.0,6520,0.000900399056263268,6520,0.0014345020754262805
0.0003825321327894926,0.0,0.0,0.0,0.0,6521,0.0010723955929279327,6521,0.0014549277257174253
0.0002441817196086049,0.0,0.0,0.0,0.0,6522,0.0012539743911474943,6522,0.0014981561107560992
0.00020861376833636314,0.0,0.0,0.0,0.0,6523,0.0013005660148337483,6523,0.0015091797104105353
0.00025378234568051994,0.0,0.0,0.0,0.0,6524,0.0011814548633992672,6524,0.0014352372381836176
0.0004938244237564504,0.0,0.0,0.0,0.0,6525,0.0010193041525781155,6525,0.0015131286345422268
0.0011710405815392733,0.0,0.0,0.0,0.0,6526,0.0009508657385595143,6526,0.0021219062618911266
0.00025315574021078646,0.0,0.0,0.0,0.0,6527,0.0010944991372525692,6527,0.0013476548483595252
0.00015298234939109534,0.0,0.0,0.0,0.0,6528,0.0012200267519801855,6528,0.0013730090577155352
0.0001331266830675304,0.0,0.0,0.0,0.0,6529,0.001234636059962213,6529,0.0013677626848220825
6.421531725209206e-05,0.0,0.0,0.0,0.0,6530,0.0011423872783780098,6530,0.0012066025519743562
0.0021193663123995066,0.0,0.0,0.0,0.0,6531,0.0009640881908126175,6531,0.003083454445004463
0.0021929065696895123,0.0,0.0,0.0,0.0,6532,0.0008820653893053532,6532,0.0030749717261642218
0.00235553621314466,0.0,0.0,0.0,0.0,6533,0.0008984098676592112,6533,0.003253946080803871
0.0019231722690165043,0.0,0.0,0.0,0.0,6534,0.0009305248386226594,6534,0.0028536971658468246
0.0021888413466513157,0.0,0.0,0.0,0.0,6535,0.0010223931167274714,6535,0.003211234463378787
0.00016422895714640617,0.0,0.0,0.0,0.0,6536,0.0013364653568714857,6536,0.0015006943140178919
0.0001890533894766122,0.0,0.0,0.0,0.0,6537,0.001623432501219213,6537,0.0018124858615919948
0.00021984129853080958,0.0,0.0,0.0,0.0,6538,0.001586402882821858,6538,0.0018062442541122437
0.00028206262504681945,0.0,0.0,0.0,0.0,6539,0.0013237231178209186,6539,0.001605785684660077
0.0017734061693772674,0.0,0.0,0.0,0.0,6540,0.001130375312641263,6540,0.0029037813656032085
0.0018343080300837755,0.0,0.0,0.0,0.0,6541,0.0011205467162653804,6541,0.002954854629933834
0.0008427260909229517,0.0,0.0,0.0,0.0,6542,0.001221895101480186,6542,0.002064621075987816
0.0003508900699671358,0.0,0.0,0.0,0.0,6543,0.0015025699976831675,6543,0.0018534600967541337
0.0003666975535452366,0.0,0.0,0.0,0.0,6544,0.0016679338878020644,6544,0.002034631557762623
0.000354912132024765,0.0,0.0,0.0,0.0,6545,0.0015347196022048593,6545,0.0018896317342296243
0.0003805940505117178,0.0,0.0,0.0,0.0,6546,0.0012709114234894514,6546,0.0016515054740011692
0.0012033353559672832,0.0,0.0,0.0,0.0,6547,0.0011077080853283405,6547,0.0023110434412956238
0.0010947423288598657,0.0,0.0,0.0,0.0,6548,0.0010987363057211041,6548,0.00219347863458097
0.0005957587854936719,0.0,0.0,0.0,0.0,6549,0.0012749370653182268,6549,0.0018706958508118987
0.00024168004165403545,0.0,0.0,0.0,0.0,6550,0.0016385563649237156,6550,0.0018802364356815815
0.00022038639872334898,0.0,0.0,0.0,0.0,6551,0.001675445819273591,6551,0.0018958322471007705
0.00033032690407708287,0.0,0.0,0.0,0.0,6552,0.0013294409727677703,6552,0.001659767935052514
0.0008251855615526438,0.0,0.0,0.0,0.0,6553,0.0010610584868118167,6553,0.0018862439319491386
0.000986317521892488,0.0,0.0,0.0,0.0,6554,0.0009970630053430796,6554,0.0019833804108202457
0.0006947425426915288,0.0,0.0,0.0,0.0,6555,0.0011041129473596811,6555,0.0017988552572205663
0.0001260467106476426,0.0,0.0,0.0,0.0,6556,0.0013856934383511543,6556,0.0015117400325834751
0.00012347979645710438,0.0,0.0,0.0,0.0,6557,0.0014490577159449458,6557,0.0015725374687463045
0.00040197756607085466,0.0,0.0,0.0,0.0,6558,0.0012219419004395604,6558,0.001623919466510415
0.000627403031103313,0.0,0.0,0.0,0.0,6559,0.0010615979554131627,6559,0.0016890008701011539
0.0007197784725576639,0.0,0.0,0.0,0.0,6560,0.001020737225189805,6560,0.001740515697747469
0.00035553594352677464,0.0,0.0,0.0,0.0,6561,0.0010982055682688951,6561,0.001453741337172687
0.0003343785065226257,0.0,0.0,0.0,0.0,6562,0.0009376899688504636,6562,0.0012720683589577675
0.0024502004962414503,0.0,0.0,0.0,0.0,6563,0.0008582217851653695,6563,0.0033084223978221416
0.002551747253164649,0.0,0.0,0.0,0.0,6564,0.0008372895536012948,6564,0.003389036748558283
0.002208263846114278,0.0,0.0,0.0,0.0,6565,0.000858316314406693,6565,0.003066580044105649
0.0003697160573210567,0.0,0.0,0.0,0.0,6566,0.0008608205243945122,6566,0.0012305366108193994
0.0003280996170360595,0.0,0.0,0.0,0.0,6567,0.0008581404108554125,6567,0.0011862399987876415
0.00023668004723731428,0.0,0.0,0.0,0.0,6568,0.0008491548942402005,6568,0.0010858349269255996
0.0008814063621684909,0.0,0.0,0.0,0.0,6569,0.000838363659568131,6569,0.0017197699053213
0.000342878105584532,0.0,0.0,0.0,0.0,6570,0.0009458056883886456,6570,0.0012886838521808386
0.00012312608305364847,0.0,0.0,0.0,0.0,6571,0.0011958518298342824,6571,0.0013189779128879309
0.00011138481204397976,0.0,0.0,0.0,0.0,6572,0.0013808924704790115,6572,0.0014922772534191608
0.000169531544088386,0.0,0.0,0.0,0.0,6573,0.0012927028583362699,6573,0.0014622343005612493
0.0007692890940234065,0.0,0.0,0.0,0.0,6574,0.0010529792634770274,6574,0.001822268357500434
0.0008998619159683585,0.0,0.0,0.0,0.0,6575,0.0009829167975112796,6575,0.0018827785970643163
0.0005383869865909219,0.0,0.0,0.0,0.0,6576,0.0010755658149719238,6576,0.0016139528015628457
0.0003016800619661808,0.0,0.0,0.0,0.0,6577,0.0012465555919334292,6577,0.0015482355374842882
6.395429954864085e-05,0.0,0.0,0.0,0.0,6578,0.0013864992652088404,6578,0.0014504536520689726
0.0002798820787575096,0.0,0.0,0.0,0.0,6579,0.001236580777913332,6579,0.0015164630021899939
0.0004437168827280402,0.0,0.0,0.0,0.0,6580,0.0010948395356535912,6580,0.0015385564183816314
0.0005180820007808506,0.0,0.0,0.0,0.0,6581,0.0010419884929433465,6581,0.001560070551931858
0.0004783353069797158,0.0,0.0,0.0,0.0,6582,0.0010757596464827657,6582,0.0015540949534624815
0.00013455912994686514,0.0,0.0,0.0,0.0,6583,0.0011805844260379672,6583,0.0013151435414329171
9.492411481915042e-05,0.0,0.0,0.0,0.0,6584,0.0010564164258539677,6584,0.0011513405479490757
0.0017739190952852368,0.0,0.0,0.0,0.0,6585,0.0009154166909866035,6585,0.0026893357280641794
0.0019233275670558214,0.0,0.0,0.0,0.0,6586,0.0008603824535384774,6586,0.0027837101370096207
0.0019125526305288076,0.0,0.0,0.0,0.0,6587,0.0008664614870212972,6587,0.0027790141757577658
0.001714040874503553,0.0,0.0,0.0,0.0,6588,0.0008929906762205064,6588,0.0026070314925163984
0.00014713445852976292,0.0,0.0,0.0,0.0,6589,0.0009738596272654831,6589,0.0011209941003471613
0.0003474706318229437,0.0,0.0,0.0,0.0,6590,0.0010972270974889398,6590,0.0014446977293118834
0.00014318989997263998,0.0,0.0,0.0,0.0,6591,0.0010320391738787293,6591,0.0011752290884032845
0.00025836084387265146,0.0,0.0,0.0,0.0,6592,0.0009499589796178043,6592,0.0012083197943866253
0.0012648222036659718,0.0,0.0,0.0,0.0,6593,0.000914106029085815,6593,0.0021789283491671085
0.0004515927575994283,0.0,0.0,0.0,0.0,6594,0.0010233522625640035,6594,0.0014749451074749231
0.00019311966025270522,0.0,0.0,0.0,0.0,6595,0.0013122794916853309,6595,0.0015053991228342056
0.00012367754243314266,0.0,0.0,0.0,0.0,6596,0.0015506910858675838,6596,0.0016743687447160482
0.0001281774020753801,0.0,0.0,0.0,0.0,6597,0.0014898976078256965,6597,0.0016180749516934156
0.0005395266343839467,0.0,0.0,0.0,0.0,6598,0.0012054031249135733,6598,0.0017449295846745372
0.00062940688803792,0.0,0.0,0.0,0.0,6599,0.0010339837754145265,6599,0.0016633906634524465
0.000671220535878092,0.0,0.0,0.0,0.0,6600,0.0010075416648760438,6600,0.0016787622589617968
0.0004891631542704999,0.0,0.0,0.0,0.0,6601,0.001113490667194128,6601,0.001602653763256967
0.0002610054798424244,0.0,0.0,0.0,0.0,6602,0.0013096885522827506,6602,0.0015706939157098532
7.615804497618228e-05,0.0,0.0,0.0,0.0,6603,0.001430039294064045,6603,0.001506197266280651
0.00010309869685443118,0.0,0.0,0.0,0.0,6604,0.0012494727270677686,6604,0.001352571533061564
0.00012611807323992252,0.0,0.0,0.0,0.0,6605,0.0009170694975182414,6605,0.001043187570758164
0.001974031561985612,0.0,0.0,0.0,0.0,6606,0.0008081651758402586,6606,0.0027821967378258705
0.0023160073906183243,0.0,0.0,0.0,0.0,6607,0.0008184731123037636,6607,0.003134480444714427
0.0019150315783917904,0.0,0.0,0.0,0.0,6608,0.0008121226564981043,6608,0.002727154176682234
0.0009043544414453208,0.0,0.0,0.0,0.0,6609,0.0008966982131823897,6609,0.0018010525964200497
8.44920941744931e-05,0.0,0.0,0.0,0.0,6610,0.0013563729589805007,6610,0.0014408649876713753
0.0014212662354111671,0.0,0.0,0.0,0.0,6611,0.0017009925795719028,6611,0.0031222589313983917
0.0012019467540085316,0.0,0.0,0.0,0.0,6612,0.001968458527699113,6612,0.0031704052817076445
0.0011238015722483397,0.0,0.0,0.0,0.0,6613,0.0019956789910793304,6613,0.00311948056332767
0.0009992715204134583,0.0,0.0,0.0,0.0,6614,0.001789121888577938,6614,0.0027883932925760746
0.0001701770961517468,0.0,0.0,0.0,0.0,6615,0.0015381088014692068,6615,0.0017082857666537166
0.00043401826405897737,0.0,0.0,0.0,0.0,6616,0.0010637840023264289,6616,0.0014978022081777453
0.0013911379501223564,0.0,0.0,0.0,0.0,6617,0.0009354841895401478,6617,0.002326622139662504
0.0017384446691721678,0.0,0.0,0.0,0.0,6618,0.0009564130450598896,6618,0.002694858005270362
0.00167988205794245,0.0,0.0,0.0,0.0,6619,0.0009699868969619274,6619,0.0026498690713196993
0.0012486448977142572,0.0,0.0,0.0,0.0,6620,0.0009742028196342289,6620,0.0022228476591408253
0.0016096102772280574,0.0,0.0,0.0,0.0,6621,0.0010697903344407678,6621,0.002679400844499469
0.0002888389863073826,0.0,0.0,0.0,0.0,6622,0.0013696154346689582,6622,0.001658454304561019
0.00031590345315635204,0.0,0.0,0.0,0.0,6623,0.0016610462917014956,6623,0.0019769498612731695
0.00044503691606223583,0.0,0.0,0.0,0.0,6624,0.001732814940623939,6624,0.0021778519731014967
0.0006429202621802688,0.0,0.0,0.0,0.0,6625,0.0016085758106783032,6625,0.002251496072858572
0.0007822262705303729,0.0,0.0,0.0,0.0,6626,0.0014679733430966735,6626,0.0022501996718347073
0.0003405744500923902,0.0,0.0,0.0,0.0,6627,0.0013879664475098252,6627,0.0017285411013290286
0.0004356786666903645,0.0,0.0,0.0,0.0,6628,0.0012355364160612226,6628,0.0016712150536477566
0.0006697862409055233,0.0,0.0,0.0,0.0,6629,0.0011301449267193675,6629,0.001799931051209569
0.0006335603538900614,0.0,0.0,0.0,0.0,6630,0.0011245693312957883,6630,0.0017581298016011715
0.0004535356711130589,0.0,0.0,0.0,0.0,6631,0.0012114065466448665,6631,0.0016649422468617558
0.0002927212917711586,0.0,0.0,0.0,0.0,6632,0.001356379478238523,6632,0.001649100799113512
0.00022848228400107473,0.0,0.0,0.0,0.0,6633,0.0014312994899228215,6633,0.0016597817884758115
0.00024166364164557308,0.0,0.0,0.0,0.0,6634,0.0013572124298661947,6634,0.0015988759696483612
0.0003380395064596087,0.0,0.0,0.0,0.0,6635,0.0012048340868204832,6635,0.0015428735641762614
0.00045957203838042915,0.0,0.0,0.0,0.0,6636,0.0010922931833192706,6636,0.0015518652508035302
0.0004817394074052572,0.0,0.0,0.0,0.0,6637,0.001066170516423881,6637,0.0015479099238291383
0.00037855381378903985,0.0,0.0,0.0,0.0,6638,0.0011252394178882241,6638,0.0015037932898849249
0.0002558321866672486,0.0,0.0,0.0,0.0,6639,0.0012367909075692296,6639,0.0014926231233403087
0.0001905592653201893,0.0,0.0,0.0,0.0,6640,0.0013184320414438844,6640,0.0015089913504198194
0.0001960887893801555,0.0,0.0,0.0,0.0,6641,0.0013015626464039087,6641,0.0014976514503359795
9.23097031773068e-05,0.0,0.0,0.0,0.0,6642,0.001207610941492021,6642,0.0012999206082895398
7.148922304622829e-05,0.0,0.0,0.0,0.0,6643,0.0009348776075057685,6643,0.0010063669178634882
0.00217267288826406,0.0,0.0,0.0,0.0,6644,0.0008273304556496441,6644,0.0030000032857060432
0.0023440332151949406,0.0,0.0,0.0,0.0,6645,0.0008319586631841958,6645,0.0031759915873408318
0.0021682833321392536,0.0,0.0,0.0,0.0,6646,0.0008176186238415539,6646,0.0029859018977731466
0.0009199504274874926,0.0,0.0,0.0,0.0,6647,0.0008729177061468363,6647,0.0017928681336343288
0.00011601753794820979,0.0,0.0,0.0,0.0,6648,0.0012938458239659667,6648,0.0014098633546382189
0.0007755029364489019,0.0,0.0,0.0,0.0,6649,0.0018131773686036468,6649,0.0025886804796755314
0.0019174902699887753,0.0,0.0,0.0,0.0,6650,0.002246410120278597,6650,0.004163900390267372
0.0018265631515532732,0.0,0.0,0.0,0.0,6651,0.0023213843815028667,6651,0.004147947765886784
0.00045140384463593364,0.0,0.0,0.0,0.0,6652,0.002028354210779071,6652,0.0024797581136226654
0.0001630836632102728,0.0,0.0,0.0,0.0,6653,0.0015010784845799208,6653,0.0016641620313748717
0.0007054753950797021,0.0,0.0,0.0,0.0,6654,0.0009639157215133309,6654,0.0016693909419700503
0.0024869476910680532,0.0,0.0,0.0,0.0,6655,0.0009296828065998852,6655,0.0034166304394602776
0.0013418213929980993,0.0,0.0,0.0,0.0,6656,0.0009470769437029958,6656,0.002288898453116417
0.00020561678684316576,0.0,0.0,0.0,0.0,6657,0.0009896809933707118,6657,0.001195297809317708
0.0001734098041197285,0.0,0.0,0.0,0.0,6658,0.0010650943731889129,6658,0.0012385041918605566
0.0001879577903309837,0.0,0.0,0.0,0.0,6659,0.0010963230160996318,6659,0.0012842807918787003
0.0005907290615141392,0.0,0.0,0.0,0.0,6660,0.0010400366736575961,6660,0.0016307657351717353
0.00047824258217588067,0.0,0.0,0.0,0.0,6661,0.0010783381294459105,6661,0.0015565806534141302
0.0002277532039443031,0.0,0.0,0.0,0.0,6662,0.0012130166869610548,6662,0.0014407698763534427
0.00015493840328417718,0.0,0.0,0.0,0.0,6663,0.0013217406813055277,6663,0.0014766791136935353
0.00023546362353954464,0.0,0.0,0.0,0.0,6664,0.0011741701746359468,6664,0.0014096337836235762
0.0004912523436360061,0.0,0.0,0.0,0.0,6665,0.0010325892362743616,6665,0.0015238417545333505
0.0005425428389571607,0.0,0.0,0.0,0.0,6666,0.0009952621767297387,6666,0.0015378049574792385
0.00040311182965524495,0.0,0.0,0.0,0.0,6667,0.0010577975772321224,6667,0.001460909377783537
0.00017719929746817797,0.0,0.0,0.0,0.0,6668,0.0011934544891119003,6668,0.0013706537429243326
0.00030279133352451026,0.0,0.0,0.0,0.0,6669,0.0012560434406623244,6669,0.001558834919705987
0.000299280189210549,0.0,0.0,0.0,0.0,6670,0.0012531396932899952,6670,0.0015524198533967137
0.00022963492665439844,0.0,0.0,0.0,0.0,6671,0.00119060801807791,6671,0.0014202429447323084
0.00010725556057877839,0.0,0.0,0.0,0.0,6672,0.0008751810528337955,6672,0.0009824365843087435
0.0018732859753072262,0.0,0.0,0.0,0.0,6673,0.0007809704984538257,6673,0.002654256299138069
0.002082372084259987,0.0,0.0,0.0,0.0,6674,0.0008036041399464011,6674,0.0028859765734523535
0.0018863931763917208,0.0,0.0,0.0,0.0,6675,0.0007709277560934424,6675,0.0026573208160698414
0.0009259115322493017,0.0,0.0,0.0,0.0,6676,0.0008242460899055004,6676,0.0017501575639471412
0.0001178845195681788,0.0,0.0,0.0,0.0,6677,0.0012924142647534609,6677,0.0014102988643571734
0.0001467936672270298,0.0,0.0,0.0,0.0,6678,0.0016491113929077983,6678,0.001795905060134828
0.00015175766020547599,0.0,0.0,0.0,0.0,6679,0.0015051844529807568,6679,0.001656942069530487
0.000190301492693834,0.0,0.0,0.0,0.0,6680,0.001076532294973731,6680,0.0012668338604271412
0.0011416495544835925,0.0,0.0,0.0,0.0,6681,0.0008069342584349215,6681,0.001948583871126175
0.0013068688567727804,0.0,0.0,0.0,0.0,6682,0.0007907889084890485,6682,0.0020976578816771507
0.0002850975433830172,0.0,0.0,0.0,0.0,6683,0.000913777039386332,6683,0.0011988745536655188
0.00018327204452361912,0.0,0.0,0.0,0.0,6684,0.001145798247307539,6684,0.0013290703063830733
0.0001581432152306661,0.0,0.0,0.0,0.0,6685,0.0012429808266460896,6685,0.0014011240564286709
0.00014255699352361262,0.0,0.0,0.0,0.0,6686,0.0010823395568877459,6686,0.001224896521307528
0.0002456045476719737,0.0,0.0,0.0,0.0,6687,0.0008793339948169887,6687,0.0011249384842813015
0.0010619305539876223,0.0,0.0,0.0,0.0,6688,0.0007880717748776078,6688,0.00185000232886523
0.00033854175126180053,0.0,0.0,0.0,0.0,6689,0.0008398769423365593,6689,0.0011784187518060207
8.460106619168073e-05,0.0,0.0,0.0,0.0,6690,0.000993246678262949,6690,0.0010778477881103754
5.1342056394787505e-05,0.0,0.0,0.0,0.0,6691,0.001111162593588233,6691,0.001162504660896957
6.0173417296027765e-05,0.0,0.0,0.0,0.0,6692,0.0010559764923527837,6692,0.0011161499423906207
0.0004350343660917133,0.0,0.0,0.0,0.0,6693,0.0008991366485133767,6693,0.0013341709272935987
0.0005247342051006854,0.0,0.0,0.0,0.0,6694,0.0008563543087802827,6694,0.00138108863029629
0.00041479282663203776,0.0,0.0,0.0,0.0,6695,0.0009123556665144861,6695,0.0013271484058350325
0.0002360680518904701,0.0,0.0,0.0,0.0,6696,0.001052016275934875,6696,0.0012880843132734299
0.00025424855994060636,0.0,0.0,0.0,0.0,6697,0.0011800207430496812,6697,0.0014342694776132703
9.621472418075427e-05,0.0,0.0,0.0,0.0,6698,0.0009347126469947398,6698,0.0010309274075552821
0.0019717214163392782,0.0,0.0,0.0,0.0,6699,0.00074497185414657,6699,0.002716693328693509
0.002233114093542099,0.0,0.0,0.0,0.0,6700,0.0007797338766977191,6700,0.0030128483194857836
0.002112317830324173,0.0,0.0,0.0,0.0,6701,0.000775046122726053,6701,0.002887364011257887
0.0001873088622232899,0.0,0.0,0.0,0.0,6702,0.0007635567453689873,6702,0.0009508655639365315
8.386635454371572e-05,0.0,0.0,0.0,0.0,6703,0.000942035811021924,6703,0.0010259021073579788
0.00016899456386454403,0.0,0.0,0.0,0.0,6704,0.0010688519105315208,6704,0.0012378464452922344
0.00011887519212905318,0.0,0.0,0.0,0.0,6705,0.001166924717836082,6705,0.00128579989541322
0.00014073030615691096,0.0,0.0,0.0,0.0,6706,0.0011456093052402139,6706,0.0012863395968452096
0.00022128313139546663,0.0,0.0,0.0,0.0,6707,0.0010411420371383429,6707,0.0012624252121895552
0.0004443703219294548,0.0,0.0,0.0,0.0,6708,0.0009467210620641708,6708,0.0013910913839936256
0.0004451732093002647,0.0,0.0,0.0,0.0,6709,0.0009464374161325395,6709,0.0013916108291596174
0.000235125538893044,0.0,0.0,0.0,0.0,6710,0.0010249800980091095,6710,0.0012601056369021535
0.00017151670181192458,0.0,0.0,0.0,0.0,6711,0.0011026845313608646,6711,0.0012742012040689588
7.68994796089828e-05,0.0,0.0,0.0,0.0,6712,0.0011155103566125035,6712,0.0011924097780138254
0.00039054418448358774,0.0,0.0,0.0,0.0,6713,0.0009623711230233312,6713,0.001352915307506919
0.0004884467925876379,0.0,0.0,0.0,0.0,6714,0.0009127899538725615,6714,0.0014012367464601994
7.779600127832964e-05,0.0,0.0,0.0,0.0,6715,0.0009609448025003076,6715,0.0010387408547103405
7.666000601602718e-05,0.0,0.0,0.0,0.0,6716,0.0008852597675286233,6716,0.0009619197808206081
0.00012411820353008807,0.0,0.0,0.0,0.0,6717,0.0007949129212647676,6717,0.0009190310374833643
0.0002126967447111383,0.0,0.0,0.0,0.0,6718,0.0007593538030050695,6718,0.0009720505913719535
0.000200946451514028,0.0,0.0,0.0,0.0,6719,0.0007463034125976264,6719,0.0009472498786635697
0.00010950106661766768,0.0,0.0,0.0,0.0,6720,0.0007620328105986118,6720,0.0008715338772162795
0.0006408779881894588,0.0,0.0,0.0,0.0,6721,0.0008189384825527668,6721,0.0014598164707422256
0.00023813897860236466,0.0,0.0,0.0,0.0,6722,0.001079905778169632,6722,0.0013180447276681662
0.0010848380625247955,0.0,0.0,0.0,0.0,6723,0.001397648942656815,6723,0.0024824868887662888
0.0010985502740368247,0.0,0.0,0.0,0.0,6724,0.0017097663367167115,6724,0.0028083166107535362
0.0010196699295192957,0.0,0.0,0.0,0.0,6725,0.001775701530277729,6725,0.0027953714597970247
0.0005946060991846025,0.0,0.0,0.0,0.0,6726,0.001568902051076293,6726,0.0021635082084685564
9.183234942611307e-05,0.0,0.0,0.0,0.0,6727,0.0012659599306061864,6727,0.0013577921781688929
5.504961882252246e-05,0.0,0.0,0.0,0.0,6728,0.0008972397772595286,6728,0.000952289323322475
0.0021083075553178787,0.0,0.0,0.0,0.0,6729,0.0007442501373589039,6729,0.0028525579255074263
0.0023520265240222216,0.0,0.0,0.0,0.0,6730,0.000848609022796154,6730,0.0032006355468183756
0.002137445844709873,0.0,0.0,0.0,0.0,6731,0.0008342023938894272,6731,0.0029716482385993004
0.0015542814508080482,0.0,0.0,0.0,0.0,6732,0.0008002182003110647,6732,0.0023544994182884693
0.0016440717736259103,0.0,0.0,0.0,0.0,6733,0.0009525557979941368,6733,0.0025966274552047253
0.00011757173342630267,0.0,0.0,0.0,0.0,6734,0.0012551676481962204,6734,0.001372739439830184
0.00014019434456713498,0.0,0.0,0.0,0.0,6735,0.0014181233709678054,6735,0.00155831768643111
0.00016990005678962916,0.0,0.0,0.0,0.0,6736,0.0012669989373534918,6736,0.001436899066902697
0.0003334357461426407,0.0,0.0,0.0,0.0,6737,0.0010401683393865824,6737,0.0013736039400100708
0.000707528437487781,0.0,0.0,0.0,0.0,6738,0.0009482256718911231,6738,0.0016557540511712432
0.0006624730885960162,0.0,0.0,0.0,0.0,6739,0.0009606638923287392,6739,0.0016231370391324162
0.0003130071854684502,0.0,0.0,0.0,0.0,6740,0.001080308691598475,6740,0.0013933158479630947
0.00020287767983973026,0.0,0.0,0.0,0.0,6741,0.001258221222087741,6741,0.0014610987855121493
0.00018515651754569262,0.0,0.0,0.0,0.0,6742,0.0012975077843293548,6742,0.0014826642582193017
0.0002587510389275849,0.0,0.0,0.0,0.0,6743,0.0011484537972137332,6743,0.001407204894348979
0.00039507990004494786,0.0,0.0,0.0,0.0,6744,0.00100278714671731,6744,0.001397866988554597
0.0004777374560944736,0.0,0.0,0.0,0.0,6745,0.0009407653706148267,6745,0.0014185027685016394
0.00041021715151146054,0.0,0.0,0.0,0.0,6746,0.0009625638485886157,6746,0.0013727810001000762
0.0002568776544649154,0.0,0.0,0.0,0.0,6747,0.0010637848172336817,6747,0.0013206624425947666
0.00016328819037880749,0.0,0.0,0.0,0.0,6748,0.001174558768980205,6748,0.001337846857495606
0.0001029877967084758,0.0,0.0,0.0,0.0,6749,0.0011862117098644376,6749,0.00128919945564121
0.00023390109708998352,0.0,0.0,0.0,0.0,6750,0.001047752215526998,6750,0.0012816532980650663
0.0003617910260800272,0.0,0.0,0.0,0.0,6751,0.0009349200990982354,6751,0.0012967110378667712
0.00040830581565387547,0.0,0.0,0.0,0.0,6752,0.0009025977342389524,6752,0.0013109035789966583
0.00022790281218476593,0.0,0.0,0.0,0.0,6753,0.000952610862441361,6753,0.0011805136455222964
0.00016838614828884602,0.0,0.0,0.0,0.0,6754,0.0010173867922276258,6754,0.0011857729405164719
0.00014646394993178546,0.0,0.0,0.0,0.0,6755,0.0010472167050465941,6755,0.00119368068408221
0.00020408976706676185,0.0,0.0,0.0,0.0,6756,0.0010144206462427974,6756,0.0012185104424133897
9.162337664747611e-05,0.0,0.0,0.0,0.0,6757,0.0007905125385150313,6757,0.0008821360534057021
0.002011347794905305,0.0,0.0,0.0,0.0,6758,0.0007380609749816358,6758,0.0027494088280946016
0.0021433767396956682,0.0,0.0,0.0,0.0,6759,0.0007628399762324989,6759,0.0029062165413051844
0.0019702541176229715,0.0,0.0,0.0,0.0,6760,0.0007320683216676116,6760,0.0027023223228752613
0.0001379579771310091,0.0,0.0,0.0,0.0,6761,0.0007618473609909415,6761,0.0008998052799142897
0.0003258621727582067,0.0,0.0,0.0,0.0,6762,0.0008967067115008831,6762,0.0012225689133629203
0.0001431232230970636,0.0,0.0,0.0,0.0,6763,0.0011719012400135398,6763,0.0013150244485586882
0.0001407095551257953,0.0,0.0,0.0,0.0,6764,0.001305797602981329,6764,0.0014465071726590395
0.00018340673705097288,0.0,0.0,0.0,0.0,6765,0.0011522106360644102,6765,0.0013356173876672983
0.0003710663295350969,0.0,0.0,0.0,0.0,6766,0.0009120901231653988,6766,0.0012831564527004957
0.0007294548559002578,0.0,0.0,0.0,0.0,6767,0.0008011428290046751,6767,0.001530597684904933
0.0006717792130075395,0.0,0.0,0.0,0.0,6768,0.0008205190533772111,6768,0.0014922983245924115
0.0003110811812803149,0.0,0.0,0.0,0.0,6769,0.0009694088366813958,6769,0.0012804900761693716
0.00019703283032868057,0.0,0.0,0.0,0.0,6770,0.001143083325587213,6770,0.0013401161413639784
0.0001514850155217573,0.0,0.0,0.0,0.0,6771,0.0010550090810284019,6771,0.0012064940528944135
0.000532760750502348,0.0,0.0,0.0,0.0,6772,0.0008434446062892675,6772,0.0013762052403762937
0.0006376265664584935,0.0,0.0,0.0,0.0,6773,0.0007980572991073132,6773,0.0014356839237734675
0.00014827786071691662,0.0,0.0,0.0,0.0,6774,0.0008670317474752665,6774,0.0010153095936402678
7.725079922238365e-05,0.0,0.0,0.0,0.0,6775,0.0009489388321526349,6775,0.0010261896532028913
6.558770837727934e-05,0.0,0.0,0.0,0.0,6776,0.0009642519289627671,6776,0.0010298396227881312
9.88781321211718e-05,0.0,0.0,0.0,0.0,6777,0.0008984723244793713,6777,0.0009973504347726703
0.00047738890862092376,0.0,0.0,0.0,0.0,6778,0.0008193657267838717,6778,0.0012967545771971345
0.0004216069064568728,0.0,0.0,0.0,0.0,6779,0.0008436143398284912,6779,0.0012652212753891945
6.923834007466212e-05,0.0,0.0,0.0,0.0,6780,0.0009649242274463177,6780,0.0010341625893488526
7.226901652757078e-05,0.0,0.0,0.0,0.0,6781,0.0009575639851391315,6781,0.001029832987114787
0.00042983359890058637,0.0,0.0,0.0,0.0,6782,0.0008408317808061838,6782,0.0012706653214991093
0.00033317707129754126,0.0,0.0,0.0,0.0,6783,0.0008255447028204799,6783,0.0011587217450141907
0.0005242307088337839,0.0,0.0,0.0,0.0,6784,0.0008732776623219252,6784,0.00139750842936337
0.0018069451907649636,0.0,0.0,0.0,0.0,6785,0.0007198996609076858,6785,0.0025268448516726494
0.0019212235929444432,0.0,0.0,0.0,0.0,6786,0.0007188343442976475,6786,0.0026400580536574125
0.001931895618326962,0.0,0.0,0.0,0.0,6787,0.0007438988541252911,6787,0.002675794530659914
0.0016910926206037402,0.0,0.0,0.0,0.0,6788,0.0007109143189154565,6788,0.002402006881311536
0.00028884096536785364,0.0,0.0,0.0,0.0,6789,0.000759027898311615,6789,0.0010478688636794686
0.0003234159084968269,0.0,0.0,0.0,0.0,6790,0.0007764115580357611,6790,0.001099827466532588
0.00019478252215776592,0.0,0.0,0.0,0.0,6791,0.000721204502042383,6791,0.0009159870096482337
0.00018376015941612422,0.0,0.0,0.0,0.0,6792,0.00074115174356848,6792,0.0009249118738807738
0.000648402376100421,0.0,0.0,0.0,0.0,6793,0.0007646888843737543,6793,0.0014130913186818361
0.00014744546206202358,0.0,0.0,0.0,0.0,6794,0.0006717900396324694,6794,0.0008192354580387473
0.00030895351665094495,0.0,0.0,0.0,0.0,6795,0.0006928243092261255,6795,0.0010017778258770704
9.783910354599357e-05,0.0,0.0,0.0,0.0,6796,0.0008922275737859309,6796,0.0009900666773319244
6.735578790539876e-05,0.0,0.0,0.0,0.0,6797,0.0011001896345987916,6797,0.0011675454443320632
6.458067218773067e-05,0.0,0.0,0.0,0.0,6798,0.0010349760996177793,6798,0.0010995568009093404
0.00015080385492183268,0.0,0.0,0.0,0.0,6799,0.0007926813559606671,6799,0.0009434851817786694
0.000382332771550864,0.0,0.0,0.0,0.0,6800,0.0006322150002233684,6800,0.0010145477717742324
0.0010287181939929724,0.0,0.0,0.0,0.0,6801,0.0005930420011281967,6801,0.001621760195121169
0.00021945191838312894,0.0,0.0,0.0,0.0,6802,0.0007117165951058269,6802,0.0009311685571447015
7.48137608752586e-05,0.0,0.0,0.0,0.0,6803,0.0009290280286222696,6803,0.0010038417531177402
5.830376176163554e-05,0.0,0.0,0.0,0.0,6804,0.0010230726329609752,6804,0.0010813763365149498
0.00044407712994143367,0.0,0.0,0.0,0.0,6805,0.0008834019536152482,6805,0.001327479025349021
0.00028472422854974866,0.0,0.0,0.0,0.0,6806,0.0005704080103896558,6806,0.0008551322389394045
0.0007401190814562142,0.0,0.0,0.0,0.0,6807,0.000590234762057662,6807,0.0013303537853062153
0.0005695000290870667,0.0,0.0,0.0,0.0,6808,0.0005672102561220527,6808,0.0011367102852091193
6.340981053654104e-05,0.0,0.0,0.0,0.0,6809,0.0006261801463551819,6809,0.0006895900005474687
0.00042537247645668685,0.0,0.0,0.0,0.0,6810,0.0008692655828781426,6810,0.001294638030230999
0.0002971844805870205,0.0,0.0,0.0,0.0,6811,0.0007728245109319687,6811,0.0010700089624151587
0.00028705268050543964,0.0,0.0,0.0,0.0,6812,0.0005597115959972143,6812,0.0008467643056064844
0.0005914957146160305,0.0,0.0,0.0,0.0,6813,0.000561971333809197,6813,0.0011534669902175665
0.0004102948005311191,0.0,0.0,0.0,0.0,6814,0.0005466217990033329,6814,0.000956916599534452
0.00031285331351682544,0.0,0.0,0.0,0.0,6815,0.0006344466819427907,6815,0.0009472999372519553
7.002573693171144e-05,0.0,0.0,0.0,0.0,6816,0.0009711057064123452,6816,0.0010411314433440566
8.070732292253524e-05,0.0,0.0,0.0,0.0,6817,0.0012106560170650482,6817,0.0012913633836433291
5.8810346672544256e-05,0.0,0.0,0.0,0.0,6818,0.0010162245016545057,6818,0.0010750348446890712
0.00020364763622637838,0.0,0.0,0.0,0.0,6819,0.000703048484865576,6819,0.0009066961356438696
0.0005143990856595337,0.0,0.0,0.0,0.0,6820,0.0005772024160251021,6820,0.0010916015598922968
0.0005597227136604488,0.0,0.0,0.0,0.0,6821,0.0005737346946261823,6821,0.001133457408286631
0.00028284674044698477,0.0,0.0,0.0,0.0,6822,0.0006400205893442035,6822,0.0009228672715835273
7.42995907785371e-05,0.0,0.0,0.0,0.0,6823,0.0008268266683444381,6823,0.0009011262445710599
4.14976202591788e-05,0.0,0.0,0.0,0.0,6824,0.0009878649143502116,6824,0.0010293625527992845
4.237375833326951e-05,0.0,0.0,0.0,0.0,6825,0.0009476884733885527,6825,0.000990062253549695
8.01953865448013e-05,0.0,0.0,0.0,0.0,6826,0.0007751829107291996,6826,0.0008553782245144248
0.0006381048006005585,0.0,0.0,0.0,0.0,6827,0.0006567683885805309,6827,0.0012948731891810894
0.0005738692707382143,0.0,0.0,0.0,0.0,6828,0.000673969101626426,6828,0.0012478383723646402
0.0002828940632753074,0.0,0.0,0.0,0.0,6829,0.0008127635228447616,6829,0.001095657586120069
3.5596178349805996e-05,0.0,0.0,0.0,0.0,6830,0.001035279710777104,6830,0.001070875907316804
3.683896647999063e-05,0.0,0.0,0.0,0.0,6831,0.0010365890339016914,6831,0.001073427964001894
0.00022225505381356925,0.0,0.0,0.0,0.0,6832,0.0008419404039159417,6832,0.0010641954140737653
0.0016769269714131951,0.0,0.0,0.0,0.0,6833,0.0006752574699930847,6833,0.002352184383198619
0.0019191356841474771,0.0,0.0,0.0,0.0,6834,0.0007871609413996339,6834,0.002706296509131789
0.0018275687471032143,0.0,0.0,0.0,0.0,6835,0.0007943203672766685,6835,0.002621889114379883
0.0014593728119507432,0.0,0.0,0.0,0.0,6836,0.0007060749339871109,6836,0.002165447687730193
0.00020639637659769505,0.0,0.0,0.0,0.0,6837,0.0008058515377342701,6837,0.0010122478706762195
0.00032709402148611844,0.0,0.0,0.0,0.0,6838,0.0008997077238745987,6838,0.0012268017744645476
0.00023383914958685637,0.0,0.0,0.0,0.0,6839,0.0008080886327661574,6839,0.0010419278405606747
0.00019001835607923567,0.0,0.0,0.0,0.0,6840,0.0007254573283717036,6840,0.0009154757135547698
0.0015175065491348505,0.0,0.0,0.0,0.0,6841,0.0007635370129719377,6841,0.00228104367852211
0.000593092234339565,0.0,0.0,0.0,0.0,6842,0.0007470787968486547,6842,0.0013401709729805589
0.00039252900751307607,0.0,0.0,0.0,0.0,6843,0.0006889633950777352,6843,0.0010814924025908113
0.0007613348425365984,0.0,0.0,0.0,0.0,6844,0.0007457116735167801,6844,0.0015070463996380568
0.0002911206101998687,0.0,0.0,0.0,0.0,6845,0.0010904705850407481,6845,0.0013815911952406168
0.0016079333145171404,0.0,0.0,0.0,0.0,6846,0.0015229323180392385,6846,0.0031308657489717007
0.001970508135855198,0.0,0.0,0.0,0.0,6847,0.0020807792898267508,6847,0.004051287658512592
0.0018426054157316685,0.0,0.0,0.0,0.0,6848,0.002226435113698244,6848,0.004069040529429913
0.00099134910851717,0.0,0.0,0.0,0.0,6849,0.001883221440948546,6849,0.002874570433050394
0.001002457574941218,0.0,0.0,0.0,0.0,6850,0.001373382518067956,6850,0.0023758402094244957
0.0003222021332476288,0.0,0.0,0.0,0.0,6851,0.0006709264707751572,6851,0.0009931286331266165
0.002337868558242917,0.0,0.0,0.0,0.0,6852,0.0009182145586237311,6852,0.0032560827676206827
0.002596476348116994,0.0,0.0,0.0,0.0,6853,0.001042835647240281,6853,0.003639311995357275
0.0016025227960199118,0.0,0.0,0.0,0.0,6854,0.0007144406554289162,6854,0.002316963393241167
0.00040579724009148777,0.0,0.0,0.0,0.0,6855,0.0008519866387359798,6855,0.001257783849723637
0.0019533925224095583,0.0,0.0,0.0,0.0,6856,0.0012594364816322923,6856,0.003212829353287816
0.0007858211174607277,0.0,0.0,0.0,0.0,6857,0.0009345388971269131,6857,0.0017203600145876408
0.0004421932972036302,0.0,0.0,0.0,0.0,6858,0.000703690922819078,6858,0.0011458841618150473
0.0017495449865236878,0.0,0.0,0.0,0.0,6859,0.0008861955138854682,6859,0.002635740442201495
0.0008070914191193879,0.0,0.0,0.0,0.0,6860,0.0008001739042811096,6860,0.0016072653234004974
0.00019538078049663454,0.0,0.0,0.0,0.0,6861,0.0006695240153931081,6861,0.0008649047813378274
0.0004649291804526001,0.0,0.0,0.0,0.0,6862,0.0008557921391911805,6862,0.001320721348747611
0.0004431121051311493,0.0,0.0,0.0,0.0,6863,0.0008437662036158144,6863,0.0012868782505393028
0.00018860060663428158,0.0,0.0,0.0,0.0,6864,0.0006307438598014414,6864,0.0008193445391952991
0.0002810597070492804,0.0,0.0,0.0,0.0,6865,0.0006029887008480728,6865,0.0008840484078973532
0.00046205500257201493,0.0,0.0,0.0,0.0,6866,0.0006503827753476799,6866,0.0011124378070235252
0.0002917262609116733,0.0,0.0,0.0,0.0,6867,0.0005561368889175355,6867,0.0008478630916215479
8.382955275010318e-05,0.0,0.0,0.0,0.0,6868,0.0005352823063731194,6868,0.0006191118736751378
0.00010895573359448463,0.0,0.0,0.0,0.0,6869,0.0006845325115136802,6869,0.0007934881723485887
0.00011109092156402767,0.0,0.0,0.0,0.0,6870,0.0007186983712017536,6870,0.0008297892636619508
4.658542457036674e-05,0.0,0.0,0.0,0.0,6871,0.0005668406956829131,6871,0.0006134260911494493
0.00016020906332414597,0.0,0.0,0.0,0.0,6872,0.00046255261986516416,6872,0.0006227616686373949
0.0017947944579645991,0.0,0.0,0.0,0.0,6873,0.00045529170893132687,6873,0.002250086050480604
0.0009834502125158906,0.0,0.0,0.0,0.0,6874,0.0005136457039043307,6874,0.0014970959164202213
0.0001543466787552461,0.0,0.0,0.0,0.0,6875,0.0010459079639986157,6875,0.001200254657305777
0.00014627219934482127,0.0,0.0,0.0,0.0,6876,0.0016254616202786565,6876,0.0017717338632792234
0.00010518443741602823,0.0,0.0,0.0,0.0,6877,0.0014467096189036965,6877,0.0015518940053880215
0.0002403765538474545,0.0,0.0,0.0,0.0,6878,0.0008146399050019681,6878,0.001055016415193677
0.0008002150570973754,0.0,0.0,0.0,0.0,6879,0.00047021874343045056,6879,0.0012704338878393173
0.0014917245134711266,0.0,0.0,0.0,0.0,6880,0.0006009408389218152,6880,0.002092665294185281
0.00015961778990458697,0.0,0.0,0.0,0.0,6881,0.00048683525528758764,6881,0.0006464530597440898
7.016147719696164e-05,0.0,0.0,0.0,0.0,6882,0.0005539556732401252,6882,0.0006241171504370868
0.00016754659009166062,0.0,0.0,0.0,0.0,6883,0.0007175015052780509,6883,0.0008850480662658811
8.146165782818571e-05,0.0,0.0,0.0,0.0,6884,0.0008935522055253386,6884,0.0009750138851813972
7.466976239811629e-05,0.0,0.0,0.0,0.0,6885,0.0009010517387650907,6885,0.0009757215157151222
0.00011728110257536173,0.0,0.0,0.0,0.0,6886,0.000751024461351335,6886,0.0008683056221343577
0.00030554740806110203,0.0,0.0,0.0,0.0,6887,0.0006068391958251595,6887,0.0009123865747824311
0.000388880172977224,0.0,0.0,0.0,0.0,6888,0.0005701177287846804,6888,0.0009589978726580739
0.00028774773818440735,0.0,0.0,0.0,0.0,6889,0.0006045500631444156,6889,0.0008922978304326534
9.904801117954776e-05,0.0,0.0,0.0,0.0,6890,0.0007040556520223618,6890,0.0008031036122702062
5.2640454669017345e-05,0.0,0.0,0.0,0.0,6891,0.0007893971051089466,6891,0.0008420374942943454
5.055936344433576e-05,0.0,0.0,0.0,0.0,6892,0.0007821859326213598,6892,0.0008327453397214413
8.110955241136253e-05,0.0,0.0,0.0,0.0,6893,0.0007039319025352597,6893,0.0007850414840504527
0.0005686262156814337,0.0,0.0,0.0,0.0,6894,0.0006370438495650887,6894,0.0012056700652465224
0.000431144202593714,0.0,0.0,0.0,0.0,6895,0.0006806094897910953,6895,0.0011117537505924702
0.0008593837264925241,0.0,0.0,0.0,0.0,6896,0.0008370907162316144,6896,0.0016964743845164776
5.8721532695926726e-05,0.0,0.0,0.0,0.0,6897,0.0006843524752184749,6897,0.0007430739933624864
0.0015074461698532104,0.0,0.0,0.0,0.0,6898,0.0006233000312931836,6898,0.002130746142938733
0.0016348205972462893,0.0,0.0,0.0,0.0,6899,0.0006907476345077157,6899,0.0023255683481693268
0.0015525443013757467,0.0,0.0,0.0,0.0,6900,0.0006847986951470375,6900,0.0022373429965227842
0.0013356596464291215,0.0,0.0,0.0,0.0,6901,0.0006376050296239555,6901,0.001973264617845416
0.00015089155931491405,0.0,0.0,0.0,0.0,6902,0.0006895734695717692,6902,0.0008404650143347681
0.00022125657415017486,0.0,0.0,0.0,0.0,6903,0.0007384693017229438,6903,0.0009597258758731186
0.0001827348314691335,0.0,0.0,0.0,0.0,6904,0.0006902856985107064,6904,0.0008730205008760095
0.00017845380352810025,0.0,0.0,0.0,0.0,6905,0.0006390505004674196,6905,0.0008175043039955199
0.00034275295911356807,0.0,0.0,0.0,0.0,6906,0.0006343480199575424,6906,0.0009771010372787714
0.00019719346892088652,0.0,0.0,0.0,0.0,6907,0.0006101810140535235,6907,0.0008073744829744101
0.00013035944721195847,0.0,0.0,0.0,0.0,6908,0.0006189256673678756,6908,0.0007492850418202579
0.00011279536556685343,0.0,0.0,0.0,0.0,6909,0.0006588742835447192,6909,0.0007716697291471064
0.0006236021290533245,0.0,0.0,0.0,0.0,6910,0.0006533160340040922,6910,0.0012769182212650776
0.0003057369031012058,0.0,0.0,0.0,0.0,6911,0.0007659479742869735,6911,0.0010716848773881793
0.0001751375530147925,0.0,0.0,0.0,0.0,6912,0.0009285236010327935,6912,0.0011036612559109926
0.0001379070890834555,0.0,0.0,0.0,0.0,6913,0.000997828203253448,6913,0.0011357353068888187
0.0001762238098308444,0.0,0.0,0.0,0.0,6914,0.0009062344906851649,6914,0.0010824583005160093
0.00028675992507487535,0.0,0.0,0.0,0.0,6915,0.000752348336391151,6915,0.0010391082614660263
0.0006429494824260473,0.0,0.0,0.0,0.0,6916,0.0006517497822642326,6916,0.00129469926469028
7.01244716765359e-05,0.0,0.0,0.0,0.0,6917,0.0006946216453798115,6917,0.0007647461025044322
5.383915049606003e-05,0.0,0.0,0.0,0.0,6918,0.0006083670305088162,6918,0.0006622062064707279
0.00017962284618988633,0.0,0.0,0.0,0.0,6919,0.0005334345623850822,6919,0.0007130574667826295
0.0002496621455065906,0.0,0.0,0.0,0.0,6920,0.000524455972481519,6920,0.0007741181179881096
0.0001610917825018987,0.0,0.0,0.0,0.0,6921,0.0005361487274058163,6921,0.0006972405244596303
5.8785553846973926e-05,0.0,0.0,0.0,0.0,6922,0.0005984526360407472,6922,0.0006572381826117635
5.885044811293483e-05,0.0,0.0,0.0,0.0,6923,0.0006737722433172166,6923,0.0007326226914301515
4.191127300146036e-05,0.0,0.0,0.0,0.0,6924,0.000630917667876929,6924,0.000672828929964453
8.105607412289828e-05,0.0,0.0,0.0,0.0,6925,0.0005595303373411298,6925,0.0006405864260159433
0.0011809314601123333,0.0,0.0,0.0,0.0,6926,0.0005253686103969812,6926,0.0017063000705093145
0.00024550643865950406,0.0,0.0,0.0,0.0,6927,0.0006345421425066888,6927,0.0008800486102700233
6.181553908390924e-05,0.0,0.0,0.0,0.0,6928,0.000880107400007546,6928,0.0009419230045750737
6.475262489402667e-05,0.0,0.0,0.0,0.0,6929,0.0009658046765252948,6929,0.0010305572068318725
6.756030052201822e-05,0.0,0.0,0.0,0.0,6930,0.0007854279829189181,6930,0.0008529882179573178
0.00020593857334461063,0.0,0.0,0.0,0.0,6931,0.0005993613158352673,6931,0.0008052999037317932
0.002551882527768612,0.0,0.0,0.0,0.0,6932,0.0005469293100759387,6932,0.003098812187090516
0.00019249478646088392,0.0,0.0,0.0,0.0,6933,0.0005818267236463726,6933,0.0007743214955553412
0.001708372961729765,0.0,0.0,0.0,0.0,6934,0.0005686943768523633,6934,0.002277067396789789
0.0016566207632422447,0.0,0.0,0.0,0.0,6935,0.0005973667139187455,6935,0.002253987593576312
0.0014093737117946148,0.0,0.0,0.0,0.0,6936,0.0006367531605064869,6936,0.0020461268723011017
0.0013041268102824688,0.0,0.0,0.0,0.0,6937,0.0006548036471940577,6937,0.0019589303992688656
0.00018211394490208477,0.0,0.0,0.0,0.0,6938,0.0006497540744021535,6938,0.0008318680338561535
0.00020694029808510095,0.0,0.0,0.0,0.0,6939,0.0006245651165954769,6939,0.0008315054001286626
0.00025307206669822335,0.0,0.0,0.0,0.0,6940,0.0006164474762044847,6940,0.000869519542902708
0.0002613572869449854,0.0,0.0,0.0,0.0,6941,0.0006085908971726894,6941,0.0008699481259100139
0.00019634970522020012,0.0,0.0,0.0,0.0,6942,0.0005938868853263557,6942,0.0007902365759946406
0.0001941618975251913,0.0,0.0,0.0,0.0,6943,0.0005783371161669493,6943,0.0007724990136921406
0.00018175126751884818,0.0,0.0,0.0,0.0,6944,0.0005551844951696694,6944,0.0007369357626885176
0.0001568474981468171,0.0,0.0,0.0,0.0,6945,0.0005306192324496806,6945,0.0006874667014926672
0.00013369321823120117,0.0,0.0,0.0,0.0,6946,0.0005173271638341248,6946,0.000651020382065326
0.00011330533743603155,0.0,0.0,0.0,0.0,6947,0.0005076126544736326,6947,0.0006209179991856217
9.606331877876073e-05,0.0,0.0,0.0,0.0,6948,0.0004884161171503365,6948,0.000584479421377182
0.00034092809073626995,0.0,0.0,0.0,0.0,6949,0.0004654002550523728,6949,0.0008063283166848123
0.00022564631944987923,0.0,0.0,0.0,0.0,6950,0.0004970874288119376,6950,0.0007227337337099016
0.00043144423398189247,0.0,0.0,0.0,0.0,6951,0.0006104644853621721,6951,0.001041908748447895
0.00013602961553260684,0.0,0.0,0.0,0.0,6952,0.0008604391478002071,6952,0.000996468821540475
0.00010230429325019941,0.0,0.0,0.0,0.0,6953,0.0009925116319209337,6953,0.0010948159033432603
0.0001423213689122349,0.0,0.0,0.0,0.0,6954,0.0008549046469852328,6954,0.0009972259867936373
0.0007315063267014921,0.0,0.0,0.0,0.0,6955,0.0006309226737357676,6955,0.0013624290004372597
7.066111720632762e-05,0.0,0.0,0.0,0.0,6956,0.0005934290238656104,6956,0.0006640901556238532
0.00011237716535106301,0.0,0.0,0.0,0.0,6957,0.0005107853794470429,6957,0.000623162544798106
0.00018260072101838887,0.0,0.0,0.0,0.0,6958,0.0004640418628696352,6958,0.0006466425838880241
0.00018214721058029681,0.0,0.0,0.0,0.0,6959,0.0004615133220795542,6959,0.0006436605472117662
0.00011595217074500397,0.0,0.0,0.0,0.0,6960,0.00048801902448758483,6960,0.0006039711879566312
0.00013428294914774597,0.0,0.0,0.0,0.0,6961,0.0005369552527554333,6961,0.0006712381727993488
5.501761916093528e-05,0.0,0.0,0.0,0.0,6962,0.0004931186558678746,6962,0.0005481363041326404
0.0003417826956138015,0.0,0.0,0.0,0.0,6963,0.00046266068238765,6963,0.0008044433780014515
5.832326496602036e-05,0.0,0.0,0.0,0.0,6964,0.0004684144223574549,6964,0.0005267377127893269
5.649631566484459e-05,0.0,0.0,0.0,0.0,6965,0.00047594663919880986,6965,0.0005324429366737604
0.0007179301464930177,0.0,0.0,0.0,0.0,6966,0.00047828108654357493,6966,0.0011962112039327621
0.0003395888488739729,0.0,0.0,0.0,0.0,6967,0.0005937995738349855,6967,0.0009333883645012975
0.00010628622840158641,0.0,0.0,0.0,0.0,6968,0.0008747651590965688,6968,0.0009810513583943248
0.00010425127402413636,0.0,0.0,0.0,0.0,6969,0.000998683855868876,6969,0.001102935173548758
0.00011534966324688867,0.0,0.0,0.0,0.0,6970,0.000817255990114063,6970,0.0009326056460849941
0.0003190295828972012,0.0,0.0,0.0,0.0,6971,0.0005881806719116867,6971,0.0009072102839127183
0.0004449852276593447,0.0,0.0,0.0,0.0,6972,0.0005145739996805787,6972,0.0009595592273399234
0.000913719180971384,0.0,0.0,0.0,0.0,6973,0.000520788598805666,6973,0.0014345078961923718
0.0002227205695817247,0.0,0.0,0.0,0.0,6974,0.0006642696680501103,6974,0.0008869902230799198
0.00012260219955351204,0.0,0.0,0.0,0.0,6975,0.0009056177805177867,6975,0.001028219936415553
0.00012971639807801694,0.0,0.0,0.0,0.0,6976,0.0009404990123584867,6976,0.001070215366780758
0.001146918279118836,0.0,0.0,0.0,0.0,6977,0.0007533004391007125,6977,0.0019002186600118876
0.0003545283107087016,0.0,0.0,0.0,0.0,6978,0.0005707749514840543,6978,0.0009253033204004169
0.0008636218844912946,0.0,0.0,0.0,0.0,6979,0.0007478200714103878,6979,0.0016114419559016824
0.0005406782729551196,0.0,0.0,0.0,0.0,6980,0.0006358345854096115,6980,0.0011765128001570702
0.00017437944188714027,0.0,0.0,0.0,0.0,6981,0.0005899053066968918,6981,0.0007642847485840321
0.001034348038956523,0.0,0.0,0.0,0.0,6982,0.0007679473492316902,6982,0.0018022953299805522
0.0006802967982366681,0.0,0.0,0.0,0.0,6983,0.0006412559887394309,6983,0.001321552786976099
0.00012998045713175088,0.0,0.0,0.0,0.0,6984,0.0005543261067941785,6984,0.0006843065493740141
0.0006438536220230162,0.0,0.0,0.0,0.0,6985,0.0006927596987225115,6985,0.0013366133207455277
0.0002828928118105978,0.0,0.0,0.0,0.0,6986,0.0005852303002029657,6986,0.000868123141117394
0.00021397587261162698,0.0,0.0,0.0,0.0,6987,0.0005069129983894527,6987,0.0007208888418972492
0.0003469542716629803,0.0,0.0,0.0,0.0,6988,0.000563176057767123,6988,0.0009101303294301033
0.00024028922780416906,0.0,0.0,0.0,0.0,6989,0.0005180194275453687,6989,0.0007583086262457073
8.623418398201466e-05,0.0,0.0,0.0,0.0,6990,0.00046023359755054116,6990,0.0005464677815325558
0.00010054351878352463,0.0,0.0,0.0,0.0,6991,0.0005222114268690348,6991,0.0006227549165487289
0.00016777784912846982,0.0,0.0,0.0,0.0,6992,0.0005653923726640642,6992,0.0007331701926887035
0.00011955905210925266,0.0,0.0,0.0,0.0,6993,0.0004827231459785253,6993,0.000602282234467566
6.697677599731833e-05,0.0,0.0,0.0,0.0,6994,0.00041232455987483263,6994,0.00047930132132023573
8.954698569141328e-05,0.0,0.0,0.0,0.0,6995,0.00045238924212753773,6995,0.0005419362569227815
0.00011166878539370373,0.0,0.0,0.0,0.0,6996,0.0004870464908890426,6996,0.0005987152690067887
6.548177043441683e-05,0.0,0.0,0.0,0.0,6997,0.0004365058848634362,6997,0.0005019876407459378
7.006261148490012e-05,0.0,0.0,0.0,0.0,6998,0.00038863715599291027,6998,0.00045869979658164084
0.00012854918895754963,0.0,0.0,0.0,0.0,6999,0.0003967723750974983,6999,0.0005253215786069632
0.00016034459986258298,0.0,0.0,0.0,0.0,7000,0.0004006114322692156,7000,0.0005609560175798833
0.00010332140664104372,0.0,0.0,0.0,0.0,7001,0.00038124705315567553,7001,0.0004845684743486345
5.3791121899848804e-05,0.0,0.0,0.0,0.0,7002,0.00039388862205669284,7002,0.00044767974759452045
5.572241570916958e-05,0.0,0.0,0.0,0.0,7003,0.00043606647523120046,7003,0.0004917889018543065
5.751284334110096e-05,0.0,0.0,0.0,0.0,7004,0.0004409588873386383,7004,0.0004984717816114426
4.9499165470479056e-05,0.0,0.0,0.0,0.0,7005,0.0004033726581837982,7005,0.00045287181274034083
0.00012445799075067043,0.0,0.0,0.0,0.0,7006,0.00037869464722462,7006,0.00050315260887146
0.0001472584845032543,0.0,0.0,0.0,0.0,7007,0.0003786365268751979,7007,0.0005258950404822826
0.00010658209794200957,0.0,0.0,0.0,0.0,7008,0.0003797058598138392,7008,0.00048628795775584877
4.095987242180854e-05,0.0,0.0,0.0,0.0,7009,0.0003990935510955751,7009,0.0004400534089654684
4.622886626748368e-05,0.0,0.0,0.0,0.0,7010,0.0004160013631917536,7010,0.0004622302367351949
0.0011569347698241472,0.0,0.0,0.0,0.0,7011,0.00040429821819998324,7011,0.0015612328425049782
0.0007333200774155557,0.0,0.0,0.0,0.0,7012,0.0005108469631522894,7012,0.001244167098775506
0.0003182114742230624,0.0,0.0,0.0,0.0,7013,0.0008140365825966001,7013,0.001132248085923493
0.0008191066444851458,0.0,0.0,0.0,0.0,7014,0.0011118779657408595,7014,0.0019309846684336662
0.0003574746078811586,0.0,0.0,0.0,0.0,7015,0.0006686871638521552,7015,0.0010261618299409747
0.001667069154791534,0.0,0.0,0.0,0.0,7016,0.0004122445243410766,7016,0.0020793136209249496
0.0023588621988892555,0.0,0.0,0.0,0.0,7017,0.0008397667552344501,7017,0.0031986290123313665
0.002275582402944565,0.0,0.0,0.0,0.0,7018,0.0009149204706773162,7018,0.0031905032228678465
0.001391352154314518,0.0,0.0,0.0,0.0,7019,0.0005142021109350026,7019,0.0019055540906265378
0.00022358595742844045,0.0,0.0,0.0,0.0,7020,0.0005112899816595018,7020,0.0007348759099841118
0.0005287718377076089,0.0,0.0,0.0,0.0,7021,0.0007167403819039464,7021,0.0012455121614038944
0.0004723098536487669,0.0,0.0,0.0,0.0,7022,0.0006729578017257154,7022,0.0011452676262706518
0.00024193839635699987,0.0,0.0,0.0,0.0,7023,0.0005184811889193952,7023,0.0007604195852763951
0.00031601861701346934,0.0,0.0,0.0,0.0,7024,0.0005946105811744928,7024,0.0009106291690841317
0.0004548572178464383,0.0,0.0,0.0,0.0,7025,0.0007276125834323466,7025,0.0011824697721749544
0.00037636494380421937,0.0,0.0,0.0,0.0,7026,0.000633848540019244,7026,0.0010102135129272938
0.00024803110864013433,0.0,0.0,0.0,0.0,7027,0.0004937931662425399,7027,0.0007418243330903351
0.00023248708748724312,0.0,0.0,0.0,0.0,7028,0.0005335470195859671,7028,0.0007660341216251254
0.0002815654734149575,0.0,0.0,0.0,0.0,7029,0.000604984990786761,7029,0.0008865504059940577
0.0001891153078759089,0.0,0.0,0.0,0.0,7030,0.00053375493735075,7030,0.0007228701724670827
0.0005514719523489475,0.0,0.0,0.0,0.0,7031,0.00043360108975321054,7031,0.000985073042102158
0.0007336045964621007,0.0,0.0,0.0,0.0,7032,0.00041560872341506183,7032,0.0011492132907733321
0.0005330745480023324,0.0,0.0,0.0,0.0,7033,0.0004123468534089625,7033,0.0009454214014112949
8.255133434431627e-05,0.0,0.0,0.0,0.0,7034,0.00048772504669614136,7034,0.0005702764028683305
9.494584082858637e-05,0.0,0.0,0.0,0.0,7035,0.0005288295797072351,7035,0.0006237754132598639
5.4943549912422895e-05,0.0,0.0,0.0,0.0,7036,0.000460133160231635,7036,0.0005150767392478883
6.115589349064976e-05,0.0,0.0,0.0,0.0,7037,0.00038740516174584627,7037,0.0004485610406845808
0.000136417307658121,0.0,0.0,0.0,0.0,7038,0.0003820137062575668,7038,0.0005184310139156878
0.0001582079567015171,0.0,0.0,0.0,0.0,7039,0.00038464966928586364,7039,0.0005428576259873807
9.392046194989234e-05,0.0,0.0,0.0,0.0,7040,0.0003705028793774545,7040,0.0004644232976716012
4.474119486985728e-05,0.0,0.0,0.0,0.0,7041,0.0003914251283276826,7041,0.0004361663304734975
4.891530625172891e-05,0.0,0.0,0.0,0.0,7042,0.00043894717236980796,7042,0.00048786247498355806
5.430543387774378e-05,0.0,0.0,0.0,0.0,7043,0.0004396502044983208,7043,0.0004939556820318103
4.831266778637655e-05,0.0,0.0,0.0,0.0,7044,0.0003941920876968652,7044,0.0004425047663971782
7.091320730978623e-05,0.0,0.0,0.0,0.0,7045,0.0003649243153631687,7045,0.00043583751539699733
0.00011110866034869105,0.0,0.0,0.0,0.0,7046,0.0003672663006000221,7046,0.0004783749463967979
0.0001063868694473058,0.0,0.0,0.0,0.0,7047,0.00036709936102852225,7047,0.00047348623047582805
6.875819963170215e-05,0.0,0.0,0.0,0.0,7048,0.00036261617788113654,7048,0.0004313743847887963
5.7701723562786356e-05,0.0,0.0,0.0,0.0,7049,0.0003742883855011314,7049,0.00043199010542593896
6.498612492578104e-05,0.0,0.0,0.0,0.0,7050,0.00038901486550457776,7050,0.0004540010413620621
6.701427628286183e-05,0.0,0.0,0.0,0.0,7051,0.0003805973392445594,7051,0.0004476116446312517
7.264886517077684e-05,0.0,0.0,0.0,0.0,7052,0.0003700195229612291,7052,0.00044266838813200593
8.326437819050625e-05,0.0,0.0,0.0,0.0,7053,0.0003636402543634176,7053,0.0004469046543817967
0.000153873028466478,0.0,0.0,0.0,0.0,7054,0.00036227493546903133,7054,0.0005161479348316789
0.0009919700678437948,0.0,0.0,0.0,0.0,7055,0.00037309277104213834,7055,0.0013650626642629504
0.0005697484593838453,0.0,0.0,0.0,0.0,7056,0.0005394993349909782,7056,0.0011092477943748236
0.00023776732268743217,0.0,0.0,0.0,0.0,7057,0.000927539134863764,7057,0.0011653064284473658
0.0001641822309466079,0.0,0.0,0.0,0.0,7058,0.0011820143554359674,7058,0.001346196630038321
0.00016635211068205535,0.0,0.0,0.0,0.0,7059,0.000993954367004335,7059,0.0011603065067902207
0.0002758344926405698,0.0,0.0,0.0,0.0,7060,0.0006233588792383671,7060,0.0008991933427751064
0.00010798325092764571,0.0,0.0,0.0,0.0,7061,0.0004239741829223931,7061,0.0005319574847817421
0.0020187709014862776,0.0,0.0,0.0,0.0,7062,0.00043149804696440697,7062,0.0024502689484506845
0.0019819033332169056,0.0,0.0,0.0,0.0,7063,0.00048146405606530607,7063,0.0024633673019707203
0.0002655944263096899,0.0,0.0,0.0,0.0,7064,0.00043269418529234827,7064,0.0006982886698096991
0.0004929640563204885,0.0,0.0,0.0,0.0,7065,0.0005717038875445724,7065,0.0010646679438650608
0.0005859053344465792,0.0,0.0,0.0,0.0,7066,0.0006203139782883227,7066,0.001206219312734902
0.00026314493152312934,0.0,0.0,0.0,0.0,7067,0.0004943735548295081,7067,0.000757518457248807
0.001467421418055892,0.0,0.0,0.0,0.0,7068,0.0005907252780161798,7068,0.002058146521449089
0.0010571596212685108,0.0,0.0,0.0,0.0,7069,0.000656021002214402,7069,0.0017131806816905737
0.0009975479915738106,0.0,0.0,0.0,0.0,7070,0.0006165095255710185,7070,0.0016140573425218463
0.00020505412248894572,0.0,0.0,0.0,0.0,7071,0.0005525798187591136,7071,0.0007576339412480593
0.0002692490234039724,0.0,0.0,0.0,0.0,7072,0.0005282597267068923,7072,0.0007975086919032037
0.0003113972779829055,0.0,0.0,0.0,0.0,7073,0.0005317577160894871,7073,0.0008431549649685621
0.0002572480298113078,0.0,0.0,0.0,0.0,7074,0.0005099757108837366,7074,0.0007672237697988749
0.0001949835568666458,0.0,0.0,0.0,0.0,7075,0.0004937750636599958,7075,0.0006887586205266416
0.0001859002950368449,0.0,0.0,0.0,0.0,7076,0.0004964291583746672,7076,0.0006823294679634273
0.00016941646754276007,0.0,0.0,0.0,0.0,7077,0.0004692063666880131,7077,0.0006386228487826884
0.0001232156646437943,0.0,0.0,0.0,0.0,7078,0.00041990174213424325,7078,0.0005431174067780375
9.574701107339934e-05,0.0,0.0,0.0,0.0,7079,0.00040227294084616005,7079,0.0004980199737474322
8.411204908043146e-05,0.0,0.0,0.0,0.0,7080,0.0004072256851941347,7080,0.0004913377342745662
5.873508416698314e-05,0.0,0.0,0.0,0.0,7081,0.0003899655712302774,7081,0.0004487006808631122
4.837370943278074e-05,0.0,0.0,0.0,0.0,7082,0.0003573050198610872,7082,0.0004056787001900375
7.298984564840794e-05,0.0,0.0,0.0,0.0,7083,0.0003388304612599313,7083,0.0004118203360121697
8.926138252718374e-05,0.0,0.0,0.0,0.0,7084,0.000331435032421723,7084,0.00042069642222486436
0.0004268768534529954,0.0,0.0,0.0,0.0,7085,0.0003333938948344439,7085,0.0007602707482874393
4.087539855390787e-05,0.0,0.0,0.0,0.0,7086,0.00042976511758752167,7086,0.0004706404870375991
6.593962461920455e-05,0.0,0.0,0.0,0.0,7087,0.0005007984000258148,7087,0.0005667380173690617
4.304455069359392e-05,0.0,0.0,0.0,0.0,7088,0.0004268914053682238,7088,0.0004699359415099025
0.0004430173721630126,0.0,0.0,0.0,0.0,7089,0.00033528541098348796,7089,0.0007783027249388397
0.00044721775338985026,0.0,0.0,0.0,0.0,7090,0.00033167380024679005,7090,0.0007788915536366403
4.348994843894616e-05,0.0,0.0,0.0,0.0,7091,0.0003953487903345376,7091,0.00043883873149752617
0.001029148930683732,0.0,0.0,0.0,0.0,7092,0.0004298933781683445,7092,0.0014590421924367547
0.000551353266928345,0.0,0.0,0.0,0.0,7093,0.0006583361537195742,7093,0.0012096894206479192
0.0002486849552951753,0.0,0.0,0.0,0.0,7094,0.0010046178940683603,7094,0.0012533029075711966
0.0018162144115194678,0.0,0.0,0.0,0.0,7095,0.0011286409571766853,7095,0.002944855485111475
0.0014232475077733397,0.0,0.0,0.0,0.0,7096,0.0013328177155926824,7096,0.0027560654561966658
0.0009730486781336367,0.0,0.0,0.0,0.0,7097,0.0014794133603572845,7097,0.0024524619802832603
0.00012528830848168582,0.0,0.0,0.0,0.0,7098,0.0013391092652454972,7098,0.0014643976464867592
0.0005366005934774876,0.0,0.0,0.0,0.0,7099,0.0007424975046887994,7099,0.001279098098166287
0.00010954038589261472,0.0,0.0,0.0,0.0,7100,0.0004953004536218941,7100,0.0006048408104106784
0.0021940749138593674,0.0,0.0,0.0,0.0,7101,0.0010843889322131872,7101,0.0032784640789031982
0.0011712628183886409,0.0,0.0,0.0,0.0,7102,0.0008054458303377032,7102,0.001976708648726344
0.00030975916888564825,0.0,0.0,0.0,0.0,7103,0.0005609586369246244,7103,0.0008707178640179336
0.0014246110804378986,0.0,0.0,0.0,0.0,7104,0.0009754691272974014,7104,0.0024000802077353
0.0011316394666209817,0.0,0.0,0.0,0.0,7105,0.0008339625201188028,7105,0.0019656019285321236
0.0001774802803993225,0.0,0.0,0.0,0.0,7106,0.000545406830497086,7106,0.0007228871108964086
0.0005687331431545317,0.0,0.0,0.0,0.0,7107,0.0008962973952293396,7107,0.0014650304801762104
0.0017235007835552096,0.0,0.0,0.0,0.0,7108,0.0010215002112090588,7108,0.0027450011111795902
0.00024413090432062745,0.0,0.0,0.0,0.0,7109,0.0006438124109990895,7109,0.0008879433735273778
0.0003578467294573784,0.0,0.0,0.0,0.0,7110,0.00052305543795228,7110,0.0008809021092019975
0.0006627487600781024,0.0,0.0,0.0,0.0,7111,0.0006791295018047094,7111,0.0013418782036751509
0.0004819409514311701,0.0,0.0,0.0,0.0,7112,0.0005925161531195045,7112,0.001074457075446844
0.00016972464800346643,0.0,0.0,0.0,0.0,7113,0.00044451531721279025,7113,0.0006142399506643414
0.0002405984268989414,0.0,0.0,0.0,0.0,7114,0.0005417317152023315,7114,0.0007823301129974425
0.0003783655702136457,0.0,0.0,0.0,0.0,7115,0.0006108438246883452,7115,0.0009892093949019909
0.00021119498705957085,0.0,0.0,0.0,0.0,7116,0.0004579946689773351,7116,0.0006691896705888212
7.465728413080797e-05,0.0,0.0,0.0,0.0,7117,0.0003786808520089835,7117,0.00045333817251957953
0.0001328611688222736,0.0,0.0,0.0,0.0,7118,0.0005043288692831993,7118,0.0006371900672093034
0.0001353952829958871,0.0,0.0,0.0,0.0,7119,0.0005496718222275376,7119,0.0006850670906715095
3.587417450034991e-05,0.0,0.0,0.0,0.0,7120,0.00041670669452287257,7120,0.00045258086174726486
7.698633999098092e-05,0.0,0.0,0.0,0.0,7121,0.0003317172813694924,7121,0.00040870363591238856
0.00022248538152780384,0.0,0.0,0.0,0.0,7122,0.00034886394860222936,7122,0.0005713493446819484
0.0002161348529625684,0.0,0.0,0.0,0.0,7123,0.0003369570476934314,7123,0.0005530918715521693
8.906954462872818e-05,0.0,0.0,0.0,0.0,7124,0.00032790369004942477,7124,0.00041697322740219533
4.3121362978126854e-05,0.0,0.0,0.0,0.0,7125,0.00041482687811367214,7125,0.0004579482483677566
6.374957592925057e-05,0.0,0.0,0.0,0.0,7126,0.0004942944506183267,7126,0.0005580440047197044
5.6019838666543365e-05,0.0,0.0,0.0,0.0,7127,0.00044266332406550646,7127,0.0004986831918358803
7.196203659987077e-05,0.0,0.0,0.0,0.0,7128,0.0003482364409137517,7128,0.0004201984847895801
0.00014956618542782962,0.0,0.0,0.0,0.0,7129,0.00031942164059728384,7129,0.00046898782602511346
0.00017740124894771725,0.0,0.0,0.0,0.0,7130,0.0003232916642446071,7130,0.0005006929277442396
0.0014564100420102477,0.0,0.0,0.0,0.0,7131,0.00031944451620802283,7131,0.0017758547328412533
0.0005962126888334751,0.0,0.0,0.0,0.0,7132,0.0004997285432182252,7132,0.0010959412902593613
0.00016552640590816736,0.0,0.0,0.0,0.0,7133,0.001072621438652277,7133,0.0012381478445604444
0.0001419072796124965,0.0,0.0,0.0,0.0,7134,0.001430862001143396,7134,0.0015727693680673838
0.00010782618483062834,0.0,0.0,0.0,0.0,7135,0.0010927087860181928,7135,0.0012005349854007363
0.00026698675355874,0.0,0.0,0.0,0.0,7136,0.0005577265983447433,7136,0.0008247133810073137
0.0006407296750694513,0.0,0.0,0.0,0.0,7137,0.00040242268005385995,7137,0.0010431522969156504
0.0029097769875079393,0.0,0.0,0.0,0.0,7138,0.0006529032834805548,7138,0.0035626802127808332
0.0008883691043592989,0.0,0.0,0.0,0.0,7139,0.00048419536324217916,7139,0.001372564467601478
0.00028519806801341474,0.0,0.0,0.0,0.0,7140,0.00048589726793579757,7140,0.0007710953359492123
0.0007556423079222441,0.0,0.0,0.0,0.0,7141,0.0007488530245609581,7141,0.001504495507106185
0.0005294308066368103,0.0,0.0,0.0,0.0,7142,0.000609450158663094,7142,0.0011388809652999043
0.00011394570901757106,0.0,0.0,0.0,0.0,7143,0.0004509816935751587,7143,0.0005649274098686874
0.00033382503897883,0.0,0.0,0.0,0.0,7144,0.0007063178345561028,7144,0.0010401428444311023
0.001474806573241949,0.0,0.0,0.0,0.0,7145,0.0007995791966095567,7145,0.0022743858862668276
0.00012188022083137184,0.0,0.0,0.0,0.0,7146,0.0005610960652120411,7146,0.0006829762714914978
0.00014116481179371476,0.0,0.0,0.0,0.0,7147,0.00044801595504395664,7147,0.0005891807959415019
0.00032825558446347713,0.0,0.0,0.0,0.0,7148,0.0005370938451960683,7148,0.0008653494296595454
0.0002860828535631299,0.0,0.0,0.0,0.0,7149,0.00052266736747697,7149,0.0008087502210400999
9.546738874632865e-05,0.0,0.0,0.0,0.0,7150,0.00041877003968693316,7150,0.000514237442985177
9.421726281289011e-05,0.0,0.0,0.0,0.0,7151,0.00043985838419757783,7151,0.0005340756615623832
0.0001891217689262703,0.0,0.0,0.0,0.0,7152,0.0004972435999661684,7152,0.0006863653543405235
0.00013564687105827034,0.0,0.0,0.0,0.0,7153,0.0004263548762537539,7153,0.0005620017182081938
3.85705498047173e-05,0.0,0.0,0.0,0.0,7154,0.00035551292239688337,7154,0.00039408350130543113
5.688074088538997e-05,0.0,0.0,0.0,0.0,7155,0.0004111168673262,7155,0.000467997626401484
8.244324999395758e-05,0.0,0.0,0.0,0.0,7156,0.0004579404485411942,7156,0.0005403836839832366
3.479798397165723e-05,0.0,0.0,0.0,0.0,7157,0.0003930236562155187,7157,0.0004278216219972819
4.150544555159286e-05,0.0,0.0,0.0,0.0,7158,0.00032283292966894805,7158,0.0003643383679445833
0.0001296313275815919,0.0,0.0,0.0,0.0,7159,0.00031971631688065827,7159,0.0004493476590141654
0.00015276101476047188,0.0,0.0,0.0,0.0,7160,0.000318069476634264,7160,0.00047083047684282064
0.0013978166971355677,0.0,0.0,0.0,0.0,7161,0.00030761424568481743,7161,0.0017054310301318765
0.0005564487655647099,0.0,0.0,0.0,0.0,7162,0.0005336327012628317,7162,0.0010900814086198807
0.00016129412688314915,0.0,0.0,0.0,0.0,7163,0.0011706488439813256,7163,0.0013319429708644748
0.00014311385166365653,0.0,0.0,0.0,0.0,7164,0.00152408960275352,7164,0.001667203614488244
0.0001267963380087167,0.0,0.0,0.0,0.0,7165,0.0011418672511354089,7165,0.0012686635600402951
0.00019263409194536507,0.0,0.0,0.0,0.0,7166,0.0005653793923556805,7166,0.000758013513404876
9.399356349604204e-05,0.0,0.0,0.0,0.0,7167,0.0003504031919874251,7167,0.0004443967482075095
0.0017803546506911516,0.0,0.0,0.0,0.0,7168,0.0007025905651971698,7168,0.0024829450994729996
0.00022242646082304418,0.0,0.0,0.0,0.0,7169,0.000479696987895295,7169,0.0007021235069260001
3.776823723455891e-05,0.0,0.0,0.0,0.0,7170,0.0003572815621737391,7170,0.0003950498066842556
0.00029040477238595486,0.0,0.0,0.0,0.0,7171,0.0005477641825564206,7171,0.0008381689549423754
0.0003498380247037858,0.0,0.0,0.0,0.0,7172,0.0005818797508254647,7172,0.000931717804633081
0.00010041985660791397,0.0,0.0,0.0,0.0,7173,0.0003983900824096054,7173,0.0004988099681213498
5.2900002629030496e-05,0.0,0.0,0.0,0.0,7174,0.00040187351987697184,7174,0.0004547735152300447
0.0003310556639917195,0.0,0.0,0.0,0.0,7175,0.0005571479559876025,7175,0.000888203619979322
0.0002457686932757497,0.0,0.0,0.0,0.0,7176,0.0004907413385808468,7176,0.0007365100318565965
3.709259908646345e-05,0.0,0.0,0.0,0.0,7177,0.0003563233476597816,7177,0.00039341591764241457
0.0004095209005754441,0.0,0.0,0.0,0.0,7178,0.0004144448321312666,7178,0.0008239657618105412
0.00012918724678456783,0.0,0.0,0.0,0.0,7179,0.0007307120249606669,7179,0.0008598992717452347
0.00011179658031323925,0.0,0.0,0.0,0.0,7180,0.0010135294869542122,7180,0.0011253260308876634
0.00011624594480963424,0.0,0.0,0.0,0.0,7181,0.0009027952328324318,7181,0.0010190411703661084
0.00021939702855888754,0.0,0.0,0.0,0.0,7182,0.0005676603177562356,7182,0.0007870573317632079
0.0004987699794583023,0.0,0.0,0.0,0.0,7183,0.0003853854432236403,7183,0.000884155451785773
0.0006729477318003774,0.0,0.0,0.0,0.0,7184,0.00036245849332772195,7184,0.0010354062542319298
0.0005353249725885689,0.0,0.0,0.0,0.0,7185,0.00038318600854836404,7185,0.0009185110102407634
0.00031946154194884,0.0,0.0,0.0,0.0,7186,0.0004905572859570384,7186,0.0008100188570097089
0.000974890892393887,0.0,0.0,0.0,0.0,7187,0.0006686201086267829,7187,0.00164351100102067
0.00029444671235978603,0.0,0.0,0.0,0.0,7188,0.00047239745617844164,7188,0.0007668441394343972
0.0006605864618904889,0.0,0.0,0.0,0.0,7189,0.00039762360393069685,7189,0.0010582100367173553
0.0022173651959747076,0.0,0.0,0.0,0.0,7190,0.00044344543130137026,7190,0.0026608107145875692
0.0005782616790384054,0.0,0.0,0.0,0.0,7191,0.0004160420794505626,7191,0.0009943037293851376
0.0002996025432366878,0.0,0.0,0.0,0.0,7192,0.0004416730662342161,7192,0.0007412756094709039
0.00020107497402932495,0.0,0.0,0.0,0.0,7193,0.0005929311737418175,7193,0.0007940061623230577
0.0006860052817501128,0.0,0.0,0.0,0.0,7194,0.0005691842525266111,7194,0.0012551895342767239
0.0001276473922189325,0.0,0.0,0.0,0.0,7195,0.0004155042115598917,7195,0.0005431516328826547
0.002102535218000412,0.0,0.0,0.0,0.0,7196,0.0004692418151535094,7196,0.0025717769749462605
0.00039016103255562484,0.0,0.0,0.0,0.0,7197,0.0004485747776925564,7197,0.0008387358393520117
0.00024434071383439004,0.0,0.0,0.0,0.0,7198,0.0004292813246138394,7198,0.0006736219511367381
0.0005175196565687656,0.0,0.0,0.0,0.0,7199,0.00047802497283555567,7199,0.0009955446003004909
0.00019410278764553368,0.0,0.0,0.0,0.0,7200,0.0004272493242751807,7200,0.0006213521119207144
8.882755355443805e-05,0.0,0.0,0.0,0.0,7201,0.0004111801099497825,7201,0.0005000076489523053
0.00013849901733919978,0.0,0.0,0.0,0.0,7202,0.00045710348058491945,7202,0.0005956025561317801
0.00012654915917664766,0.0,0.0,0.0,0.0,7203,0.00043261380051262677,7203,0.000559162930585444
5.721885463572107e-05,0.0,0.0,0.0,0.0,7204,0.0003699135850183666,7204,0.00042713244329206645
0.00016914978914428502,0.0,0.0,0.0,0.0,7205,0.00038281449815258384,7205,0.0005519642727449536
0.0001872340653790161,0.0,0.0,0.0,0.0,7206,0.000388795422622934,7206,0.0005760294734500349
6.927888171048835e-05,0.0,0.0,0.0,0.0,7207,0.00034373532980680466,7207,0.0004130142042413354
9.144529030891135e-05,0.0,0.0,0.0,0.0,7208,0.0003273439942859113,7208,0.00041878927731886506
0.00018754925986286253,0.0,0.0,0.0,0.0,7209,0.0003240023215766996,7209,0.0005115515668876469
4.328736031311564e-05,0.0,0.0,0.0,0.0,7210,0.00031551506253890693,7210,0.0003588024410419166
4.414467548485845e-05,0.0,0.0,0.0,0.0,7211,0.0003467455680947751,7211,0.0003908902290277183
5.2992108976468444e-05,0.0,0.0,0.0,0.0,7212,0.000354276126017794,7212,0.00040726823499426246
4.0426570194540545e-05,0.0,0.0,0.0,0.0,7213,0.000318962789606303,7213,0.0003593893488869071
6.0175756516400725e-05,0.0,0.0,0.0,0.0,7214,0.00030007559689693153,7214,0.00036025134613737464
9.685898839961737e-05,0.0,0.0,0.0,0.0,7215,0.0003058148722629994,7215,0.00040267384611070156
8.667857764521614e-05,0.0,0.0,0.0,0.0,7216,0.000300957151921466,7216,0.0003876357222907245
4.581579923979007e-05,0.0,0.0,0.0,0.0,7217,0.0002973571827169508,7217,0.00034317298559471965
3.087035656790249e-05,0.0,0.0,0.0,0.0,7218,0.0003187674155924469,7218,0.000349637761246413
3.522770930430852e-05,0.0,0.0,0.0,0.0,7219,0.0003365122538525611,7219,0.0003717399958986789
3.32453018927481e-05,0.0,0.0,0.0,0.0,7220,0.0003219077188987285,7220,0.00035515305353328586
3.983757778769359e-05,0.0,0.0,0.0,0.0,7221,0.00029891091980971396,7221,0.00033874850487336516
6.12056246609427e-05,0.0,0.0,0.0,0.0,7222,0.0002932133211288601,7222,0.00035441896761767566
6.720281089656055e-05,0.0,0.0,0.0,0.0,7223,0.00029419726342894137,7223,0.0003614000743255019
0.0011770387645810843,0.0,0.0,0.0,0.0,7224,0.00029280115268193185,7224,0.0014698399463668466
0.0005169458454474807,0.0,0.0,0.0,0.0,7225,0.00041941675590351224,7225,0.0009363626013509929
0.00014121319691184908,0.0,0.0,0.0,0.0,7226,0.0008594786049798131,7226,0.001000691787339747
0.0012510709930211306,0.0,0.0,0.0,0.0,7227,0.0011735133593901992,7227,0.002424584235996008
0.0010783218313008547,0.0,0.0,0.0,0.0,7228,0.0014099732507020235,7228,0.002488295082002878
0.00012281652016099542,0.0,0.0,0.0,0.0,7229,0.0013804767513647676,7229,0.001503293402493
0.0010816316353157163,0.0,0.0,0.0,0.0,7230,0.000778729619923979,7230,0.0018603613134473562
0.0006303754635155201,0.0,0.0,0.0,0.0,7231,0.0003890824445988983,7231,0.001019457820802927
0.002773619955405593,0.0,0.0,0.0,0.0,7232,0.00078134227078408,7232,0.003554962109774351
0.002248269272968173,0.0,0.0,0.0,0.0,7233,0.0006554053979925811,7233,0.002903674729168415
0.00022591523884329945,0.0,0.0,0.0,0.0,7234,0.0004407717497088015,7234,0.0006666869157925248
0.000979305012151599,0.0,0.0,0.0,0.0,7235,0.0006483285687863827,7235,0.0016276335809379816
0.000887300877366215,0.0,0.0,0.0,0.0,7236,0.0006273353355936706,7236,0.0015146362129598856
0.00035027042031288147,0.0,0.0,0.0,0.0,7237,0.0004990168381482363,7237,0.0008492872584611177
0.0002621144521981478,0.0,0.0,0.0,0.0,7238,0.0007428796379826963,7238,0.001004994148388505
0.0004650729533750564,0.0,0.0,0.0,0.0,7239,0.000933465373236686,7239,0.0013985384721308947
0.00025523724616505206,0.0,0.0,0.0,0.0,7240,0.000679618853610009,7240,0.0009348560706712306
0.00022870709653943777,0.0,0.0,0.0,0.0,7241,0.0004714327515102923,7241,0.0007001398480497301
0.0004391926631797105,0.0,0.0,0.0,0.0,7242,0.0005513777723535895,7242,0.0009905704064294696
0.0003972109698224813,0.0,0.0,0.0,0.0,7243,0.0005554247763939202,7243,0.0009526357753202319
0.00014796842879150063,0.0,0.0,0.0,0.0,7244,0.000425834150519222,7244,0.0005738025647588074
0.00010480003402335569,0.0,0.0,0.0,0.0,7245,0.00041532618342898786,7245,0.0005201262538321316
0.00021413549256976694,0.0,0.0,0.0,0.0,7246,0.000493276515044272,7246,0.0007074120221659541
0.00020526119624264538,0.0,0.0,0.0,0.0,7247,0.0004416389565449208,7247,0.0006469001527875662
8.189960499294102e-05,0.0,0.0,0.0,0.0,7248,0.00033295879256911576,7248,0.0004148583684582263
5.500431507243775e-05,0.0,0.0,0.0,0.0,7249,0.00036838138476014137,7249,0.00042338570347055793
6.219660281203687e-05,0.0,0.0,0.0,0.0,7250,0.0004669245972763747,7250,0.0005291212000884116
4.283882299205288e-05,0.0,0.0,0.0,0.0,7251,0.0004447471001185477,7251,0.0004875859303865582
2.9968969101901166e-05,0.0,0.0,0.0,0.0,7252,0.0003379549889359623,7252,0.00036792398896068335
0.00011696681031025946,0.0,0.0,0.0,0.0,7253,0.00028653789195232093,7253,0.0004035047022625804
0.00020134735677856952,0.0,0.0,0.0,0.0,7254,0.00028774584643542767,7254,0.000489093188662082
0.00016378314467146993,0.0,0.0,0.0,0.0,7255,0.00028168465360067785,7255,0.0004454677982721478
7.254076626850292e-05,0.0,0.0,0.0,0.0,7256,0.00030256848549470305,7256,0.00037510928814299405
3.8191938074305654e-05,0.0,0.0,0.0,0.0,7257,0.0003730629978235811,7257,0.0004112549650017172
4.177856317255646e-05,0.0,0.0,0.0,0.0,7258,0.00041181384585797787,7258,0.00045359236537478864
3.878833740600385e-05,0.0,0.0,0.0,0.0,7259,0.00036651763366535306,7259,0.00040530593832954764
5.628824874293059e-05,0.0,0.0,0.0,0.0,7260,0.00030218384927138686,7260,0.0003584721125662327
0.00010093923629028723,0.0,0.0,0.0,0.0,7261,0.00028144606039859354,7261,0.0003823853039648384
0.00011194578110007569,0.0,0.0,0.0,0.0,7262,0.000283234054222703,7262,0.00039517981349490583
6.932281394256279e-05,0.0,0.0,0.0,0.0,7263,0.00028260881663300097,7263,0.00035193163785152137
2.966013016703073e-05,0.0,0.0,0.0,0.0,7264,0.0002959768462460488,7264,0.0003256369673181325
2.5078183170990087e-05,0.0,0.0,0.0,0.0,7265,0.0003200549690518528,7265,0.0003451331576798111
2.8885291612823494e-05,0.0,0.0,0.0,0.0,7266,0.00032055977499112487,7266,0.00034944506478495896
2.1974961782689206e-05,0.0,0.0,0.0,0.0,7267,0.0002978480770252645,7267,0.0003198230406269431
0.0001662044378463179,0.0,0.0,0.0,0.0,7268,0.0002864380949176848,7268,0.0004526425327640027
0.00012661635992117226,0.0,0.0,0.0,0.0,7269,0.0002878282393794507,7269,0.00041444459930062294
3.758918319363147e-05,0.0,0.0,0.0,0.0,7270,0.0003075409622397274,7270,0.0003451301599852741
5.341793075785972e-05,0.0,0.0,0.0,0.0,7271,0.0003155643353238702,7271,0.0003689822624437511
3.3091477234847844e-05,0.0,0.0,0.0,0.0,7272,0.0002968611370306462,7272,0.0003299526288174093
0.00011011140304617584,0.0,0.0,0.0,0.0,7273,0.0002946510212495923,7273,0.00040476242429576814
0.00010037584434030578,0.0,0.0,0.0,0.0,7274,0.00029630260542035103,7274,0.0003966784570366144
3.820571873802692e-05,0.0,0.0,0.0,0.0,7275,0.00029575263033621013,7275,0.0003339583345223218
5.724452785216272e-05,0.0,0.0,0.0,0.0,7276,0.0003019876021426171,7276,0.0003592321590986103
4.257396358298138e-05,0.0,0.0,0.0,0.0,7277,0.00029628496849909425,7277,0.000338858924806118
2.1373714844230562e-05,0.0,0.0,0.0,0.0,7278,0.0002977459516841918,7278,0.00031911965925246477
2.0047204088768922e-05,0.0,0.0,0.0,0.0,7279,0.00031464590574614704,7279,0.000334693118929863
2.3410000721924007e-05,0.0,0.0,0.0,0.0,7280,0.00032041268423199654,7280,0.00034382272860966623
0.001371663878671825,0.0,0.0,0.0,0.0,7281,0.00030459905974566936,7281,0.0016762630548328161
0.0006097453297115862,0.0,0.0,0.0,0.0,7282,0.00037459449958987534,7282,0.0009843397419899702
0.00015508814249187708,0.0,0.0,0.0,0.0,7283,0.0008807239355519414,7283,0.0010358120780438185
0.00012388105096761137,0.0,0.0,0.0,0.0,7284,0.0013467412209138274,7284,0.0014706222573295236
0.0013120098737999797,0.0,0.0,0.0,0.0,7285,0.001155978417955339,7285,0.0024679882917553186
0.0002047531452262774,0.0,0.0,0.0,0.0,7286,0.00036189533420838416,7286,0.0005666484939865768
0.0031817087437957525,0.0,0.0,0.0,0.0,7287,0.0006625225651077926,7287,0.003844231367111206
0.0035007898695766926,0.0,0.0,0.0,0.0,7288,0.0008800823125056922,7288,0.004380872007459402
5.627625796478242e-05,0.0,0.0,0.0,0.0,7289,0.0003808228066191077,7289,0.0004370990500319749
0.0003719065571203828,0.0,0.0,0.0,0.0,7290,0.00047595371142961085,7290,0.0008478602394461632
0.0006960464525036514,0.0,0.0,0.0,0.0,7291,0.000709704530891031,7291,0.0014057510998100042
0.00040945489308796823,0.0,0.0,0.0,0.0,7292,0.0005370270810090005,7292,0.0009464819449931383
9.524772758595645e-05,0.0,0.0,0.0,0.0,7293,0.00038429879350587726,7293,0.0004795465210918337
0.00025270169135183096,0.0,0.0,0.0,0.0,7294,0.000589184754062444,7294,0.0008418864454142749
0.0003933992120437324,0.0,0.0,0.0,0.0,7295,0.0007074761670082808,7295,0.0011008753208443522
0.0001953215542016551,0.0,0.0,0.0,0.0,7296,0.0004974055336788297,7296,0.0006927271024324
7.341199670918286e-05,0.0,0.0,0.0,0.0,7297,0.0003688506258185953,7297,0.00044226262252777815
0.00020016894268337637,0.0,0.0,0.0,0.0,7298,0.000504605530295521,7298,0.0007047745166346431
0.00023272550606634468,0.0,0.0,0.0,0.0,7299,0.0005628734361380339,7299,0.0007955989567562938
8.068538591032848e-05,0.0,0.0,0.0,0.0,7300,0.0004132376634515822,7300,0.0004939230275340378
5.910564141231589e-05,0.0,0.0,0.0,0.0,7301,0.0003228930290788412,7301,0.0003819986595772207
0.0002071518829325214,0.0,0.0,0.0,0.0,7302,0.0003701701934915036,7302,0.0005773220909759402
0.00022927101235836744,0.0,0.0,0.0,0.0,7303,0.0003624378878157586,7303,0.0005917089292779565
9.208412666339427e-05,0.0,0.0,0.0,0.0,7304,0.0002966113679576665,7304,0.000388695509172976
2.2298487238003872e-05,0.0,0.0,0.0,0.0,7305,0.0003388116310816258,7305,0.00036111014196649194
5.558893099077977e-05,0.0,0.0,0.0,0.0,7306,0.0004432470886968076,7306,0.000498836045153439
4.935928154736757e-05,0.0,0.0,0.0,0.0,7307,0.00043112377170473337,7307,0.00048048305325210094
2.617722930153832e-05,0.0,0.0,0.0,0.0,7308,0.00032355455914512277,7308,0.0003497317957226187
9.047759522218257e-05,0.0,0.0,0.0,0.0,7309,0.0002719847543630749,7309,0.0003624623641371727
0.0001690714416326955,0.0,0.0,0.0,0.0,7310,0.0002815868647303432,7310,0.0004506582918111235
0.00014302892668638378,0.0,0.0,0.0,0.0,7311,0.00027448797482065856,7311,0.0004175169160589576
6.416779797291383e-05,0.0,0.0,0.0,0.0,7312,0.0002734856680035591,7312,0.00033765347325243056
3.872874367516488e-05,0.0,0.0,0.0,0.0,7313,0.00032219901913776994,7313,0.00036092777736485004
5.399041037890129e-05,0.0,0.0,0.0,0.0,7314,0.00035946027492173016,7314,0.00041345067438669503
4.879357948084362e-05,0.0,0.0,0.0,0.0,7315,0.0003293927584309131,7315,0.00037818634882569313
5.529743793886155e-05,0.0,0.0,0.0,0.0,7316,0.00027960637817159295,7316,0.00033490383066236973
9.327359293820336e-05,0.0,0.0,0.0,0.0,7317,0.0002706252271309495,7317,0.0003638987836893648
0.00011655886191874743,0.0,0.0,0.0,0.0,7318,0.00027885095914825797,7318,0.0003954098210670054
9.758509258972481e-05,0.0,0.0,0.0,0.0,7319,0.0002730194537434727,7319,0.00037060456816107035
8.053538476815447e-05,0.0,0.0,0.0,0.0,7320,0.0002743882068898529,7320,0.00035492359893396497
9.720602974994108e-05,0.0,0.0,0.0,0.0,7321,0.0002933027863036841,7321,0.0003905088233295828
0.0012303553521633148,0.0,0.0,0.0,0.0,7322,0.000297911639790982,7322,0.0015282670501619577
0.0007700985879637301,0.0,0.0,0.0,0.0,7323,0.0004422539204824716,7323,0.0012123525375500321
0.0004146310093346983,0.0,0.0,0.0,0.0,7324,0.0007821893086656928,7324,0.0011968202888965607
0.0003109030658379197,0.0,0.0,0.0,0.0,7325,0.00105290615465492,7325,0.0013638092204928398
0.00031248765299096704,0.0,0.0,0.0,0.0,7326,0.0009321591933257878,7326,0.0012446468463167548
0.0007542031817138195,0.0,0.0,0.0,0.0,7327,0.0005956575623713434,7327,0.001349860685877502
0.00019089759734924883,0.0,0.0,0.0,0.0,7328,0.00031302394927479327,7328,0.0005039215320721269
0.0007908927509561181,0.0,0.0,0.0,0.0,7329,0.0006650142604485154,7329,0.0014559070114046335
0.0007389341481029987,0.0,0.0,0.0,0.0,7330,0.0007050452986732125,7330,0.0014439794467762113
0.00013112285523675382,0.0,0.0,0.0,0.0,7331,0.0003651024599093944,7331,0.0004962253151461482
0.0003380340349394828,0.0,0.0,0.0,0.0,7332,0.0004505754623096436,7332,0.0007886094972491264
0.0008801689255051315,0.0,0.0,0.0,0.0,7333,0.0006364661967381835,7333,0.001516635064035654
0.00047904893290251493,0.0,0.0,0.0,0.0,7334,0.0004338112776167691,7334,0.000912860210519284
4.915475437883288e-05,0.0,0.0,0.0,0.0,7335,0.00037757240352220833,7335,0.00042672717245295644
0.0017854857724159956,0.0,0.0,0.0,0.0,7336,0.0006583872018381953,7336,0.002443872857838869
0.00011893392365891486,0.0,0.0,0.0,0.0,7337,0.00042590039083734155,7337,0.0005448342999443412
0.0002040929248323664,0.0,0.0,0.0,0.0,7338,0.0003473352990113199,7338,0.0005514282383956015
0.00037426597555167973,0.0,0.0,0.0,0.0,7339,0.0004372731491457671,7339,0.0008115390664897859
0.00026293456903658807,0.0,0.0,0.0,0.0,7340,0.00040345379966311157,7340,0.0006663883104920387
5.9447855164762586e-05,0.0,0.0,0.0,0.0,7341,0.0003259828081354499,7341,0.00038543064147233963
7.28216182324104e-05,0.0,0.0,0.0,0.0,7342,0.0003887722559738904,7342,0.000461593852378428
0.00015324895502999425,0.0,0.0,0.0,0.0,7343,0.0004554282932076603,7343,0.000608677277341485
0.00010437654418637976,0.0,0.0,0.0,0.0,7344,0.0003766820300370455,7344,0.0004810586106032133
2.6014815375674516e-05,0.0,0.0,0.0,0.0,7345,0.0002981765428557992,7345,0.0003241913509555161
6.776634836569428e-05,0.0,0.0,0.0,0.0,7346,0.0003471696691121906,7346,0.0004149360174778849
0.00010414078133180737,0.0,0.0,0.0,0.0,7347,0.0003973434504587203,7347,0.0005014842608943582
5.7490899052936584e-05,0.0,0.0,0.0,0.0,7348,0.00034168100683018565,7348,0.0003991718986071646
4.1601961129345e-05,0.0,0.0,0.0,0.0,7349,0.00027908399351872504,7349,0.00032068596919998527
0.00011803116649389267,0.0,0.0,0.0,0.0,7350,0.0002836133062373847,7350,0.00040164447273127735
0.0001477486512158066,0.0,0.0,0.0,0.0,7351,0.0002895789220929146,7351,0.0004373275733087212
7.842365448595956e-05,0.0,0.0,0.0,0.0,7352,0.00026879311189986765,7352,0.0003472167591098696
2.6269728550687432e-05,0.0,0.0,0.0,0.0,7353,0.00028534093871712685,7353,0.0003116106672678143
3.001340701302979e-05,0.0,0.0,0.0,0.0,7354,0.0003389123303350061,7354,0.0003689257428050041
3.433775054872967e-05,0.0,0.0,0.0,0.0,7355,0.0003475668781902641,7355,0.00038190465420484543
2.58034560829401e-05,0.0,0.0,0.0,0.0,7356,0.00030085432808846235,7356,0.00032665778417140245
4.858516695094295e-05,0.0,0.0,0.0,0.0,7357,0.0002671473484952003,7357,0.00031573252636007965
8.753004658501595e-05,0.0,0.0,0.0,0.0,7358,0.0002681637415662408,7358,0.00035569380270317197
8.193685789592564e-05,0.0,0.0,0.0,0.0,7359,0.0002689343236852437,7359,0.0003508711524773389
4.281450674170628e-05,0.0,0.0,0.0,0.0,7360,0.000267117953626439,7360,0.00030993245309218764
2.282474270032253e-05,0.0,0.0,0.0,0.0,7361,0.00028454558923840523,7361,0.00030737032648175955
2.5537261535646394e-05,0.0,0.0,0.0,0.0,7362,0.0003038993454538286,7362,0.0003294366179034114
2.2357942725648172e-05,0.0,0.0,0.0,0.0,7363,0.00029539410024881363,7363,0.0003177520411554724
1.7604223103262484e-05,0.0,0.0,0.0,0.0,7364,0.0002742442593444139,7364,0.0002918484969995916
2.7031001081923023e-05,0.0,0.0,0.0,0.0,7365,0.00026919852825812995,7365,0.00029622952570207417
3.6291803553467616e-05,0.0,0.0,0.0,0.0,7366,0.00027433581999503076,7366,0.0003106276271864772
2.815912193909753e-05,0.0,0.0,0.0,0.0,7367,0.00027237777248956263,7367,0.00030053689260967076
1.7119931726483628e-05,0.0,0.0,0.0,0.0,7368,0.00026972865452989936,7368,0.00028684857534244657
1.92251263797516e-05,0.0,0.0,0.0,0.0,7369,0.00027519496507011354,7369,0.0002944200823549181
2.3566450181533583e-05,0.0,0.0,0.0,0.0,7370,0.00027866160962730646,7370,0.00030222805798985064
1.9477807654766366e-05,0.0,0.0,0.0,0.0,7371,0.000273530458798632,7371,0.00029300825553946197
1.5719760995125398e-05,0.0,0.0,0.0,0.0,7372,0.00026981980772688985,7372,0.00028553957235999405
1.857895404100418e-05,0.0,0.0,0.0,0.0,7373,0.0002731436979956925,7373,0.00029172265203669667
1.9536981199053116e-05,0.0,0.0,0.0,0.0,7374,0.00027483541634865105,7374,0.00029437241028063
1.5698034985689446e-05,0.0,0.0,0.0,0.0,7375,0.00027087359922006726,7375,0.0002865716232918203
1.455395067750942e-05,0.0,0.0,0.0,0.0,7376,0.000268433999735862,7376,0.00028298795223236084
1.765880915627349e-05,0.0,0.0,0.0,0.0,7377,0.0002698475436773151,7377,0.0002875063510145992
1.8018374248640612e-05,0.0,0.0,0.0,0.0,7378,0.0002696006849873811,7378,0.00028761907014995813
1.5065726984175853e-05,0.0,0.0,0.0,0.0,7379,0.00026686658384278417,7379,0.0002819322980940342
1.4663857655250467e-05,0.0,0.0,0.0,0.0,7380,0.0002660914324223995,7380,0.00028075528098270297
1.6809499356895685e-05,0.0,0.0,0.0,0.0,7381,0.0002669349778443575,7381,0.0002837444772012532
1.6880616385606118e-05,0.0,0.0,0.0,0.0,7382,0.000265688868239522,7382,0.0002825694973580539
1.5179156434896868e-05,0.0,0.0,0.0,0.0,7383,0.00026344278012402356,7383,0.00027862194110639393
0.0013328180648386478,0.0,0.0,0.0,0.0,7384,0.0002633827389217913,7384,0.0015962007455527782
0.000677512027323246,0.0,0.0,0.0,0.0,7385,0.00039749551797285676,7385,0.0010750074870884418
0.00022216286743059754,0.0,0.0,0.0,0.0,7386,0.0008604659815318882,7386,0.0010826289653778076
0.00013982589007355273,0.0,0.0,0.0,0.0,7387,0.0012468264903873205,7387,0.0013866523513570428
0.0001296609698329121,0.0,0.0,0.0,0.0,7388,0.00108209322206676,7388,0.0012117541627958417
0.0005605987389571965,0.0,0.0,0.0,0.0,7389,0.0006076261051930487,7389,0.0011682248441502452
0.0017690402455627918,0.0,0.0,0.0,0.0,7390,0.00030189406243152916,7390,0.0020709342788904905
0.003424620721489191,0.0,0.0,0.0,0.0,7391,0.0007946266559883952,7391,0.004219247028231621
0.0027860666159540415,0.0,0.0,0.0,0.0,7392,0.0006411776994355023,7392,0.0034272444900125265
0.00021600088803097606,0.0,0.0,0.0,0.0,7393,0.0003442483430262655,7393,0.0005602492019534111
0.000845707836560905,0.0,0.0,0.0,0.0,7394,0.0006686762208119035,7394,0.0015143840573728085
0.0008819017675705254,0.0,0.0,0.0,0.0,7395,0.0006987012457102537,7395,0.0015806029550731182
0.0003411653160583228,0.0,0.0,0.0,0.0,7396,0.00041785434586927295,7396,0.0007590196328237653
0.0002124962629750371,0.0,0.0,0.0,0.0,7397,0.0005368992569856346,7397,0.0007493955199606717
0.0004731275257654488,0.0,0.0,0.0,0.0,7398,0.0008722079801373184,7398,0.0013453355059027672
0.0004112672759220004,0.0,0.0,0.0,0.0,7399,0.0007662897114641964,7399,0.0011775570455938578
0.00016469329420942813,0.0,0.0,0.0,0.0,7400,0.00043454443220980465,7400,0.000599237740971148
0.0002512694045435637,0.0,0.0,0.0,0.0,7401,0.0004280247667338699,7401,0.0006792941712774336
0.0004189159953966737,0.0,0.0,0.0,0.0,7402,0.000579070474486798,7402,0.0009979864116758108
0.0002711277629714459,0.0,0.0,0.0,0.0,7403,0.000494740845169872,7403,0.0007658685790374875
7.63825883041136e-05,0.0,0.0,0.0,0.0,7404,0.0003353370411787182,7404,0.0004117196367587894
0.00016255263471975923,0.0,0.0,0.0,0.0,7405,0.0003669917059596628,7405,0.0005295443115755916
0.0002836839121300727,0.0,0.0,0.0,0.0,7406,0.0004211742780171335,7406,0.0007048582192510366
0.0001764877379173413,0.0,0.0,0.0,0.0,7407,0.0003308025188744068,7407,0.0005072902422398329
3.6535169783746824e-05,0.0,0.0,0.0,0.0,7408,0.0002883659035433084,7408,0.000324901076965034
5.196180063649081e-05,0.0,0.0,0.0,0.0,7409,0.00040513669955544174,7409,0.0004570984747260809
8.065648580668494e-05,0.0,0.0,0.0,0.0,7410,0.0004716783296316862,7410,0.0005523348227143288
3.3605734643060714e-05,0.0,0.0,0.0,0.0,7411,0.0003726863069459796,7411,0.0004062920343130827
5.722575951949693e-05,0.0,0.0,0.0,0.0,7412,0.00026843108935281634,7412,0.00032565684523433447
0.00017326655506622046,0.0,0.0,0.0,0.0,7413,0.0002632604737300426,7413,0.0004365270142443478
0.0002055538643617183,0.0,0.0,0.0,0.0,7414,0.00026855067699216306,7414,0.0004741045122500509
0.00011306440137559548,0.0,0.0,0.0,0.0,7415,0.00025314479717053473,7415,0.0003662091912701726
4.327546412241645e-05,0.0,0.0,0.0,0.0,7416,0.0002927323221229017,7416,0.00033600779715925455
5.0634334911592305e-05,0.0,0.0,0.0,0.0,7417,0.00036488581099547446,7417,0.000415520160458982
5.48441857972648e-05,0.0,0.0,0.0,0.0,7418,0.00036155604175291955,7418,0.00041640023118816316
4.68080943392124e-05,0.0,0.0,0.0,0.0,7419,0.000292762037133798,7419,0.0003395701351109892
8.18224434624426e-05,0.0,0.0,0.0,0.0,7420,0.00025293955695815384,7420,0.00033476200769655406
0.0001278686395380646,0.0,0.0,0.0,0.0,7421,0.00025828229263424873,7421,0.0003861509030684829
0.00011561302380869165,0.0,0.0,0.0,0.0,7422,0.00025805438053794205,7422,0.0003736673970706761
7.325327169382945e-05,0.0,0.0,0.0,0.0,7423,0.0002544347080402076,7423,0.00032768797245807946
6.6789158154279e-05,0.0,0.0,0.0,0.0,7424,0.0002751378924585879,7424,0.0003419270506128669
8.641769818495959e-05,0.0,0.0,0.0,0.0,7425,0.0002953684306703508,7425,0.0003817861434072256
9.488638170296326e-05,0.0,0.0,0.0,0.0,7426,0.00028039037715643644,7426,0.0003752767515834421
0.0014885403215885162,0.0,0.0,0.0,0.0,7427,0.0002591387019492686,7427,0.001747678965330124
0.0010052976431325078,0.0,0.0,0.0,0.0,7428,0.00032277603168040514,7428,0.001328073674812913
0.00045096458052285016,0.0,0.0,0.0,0.0,7429,0.0006425466272048652,7429,0.0010935112368315458
0.0017893704352900386,0.0,0.0,0.0,0.0,7430,0.001053403946571052,7430,0.002842774149030447
0.00027477118419483304,0.0,0.0,0.0,0.0,7431,0.0015345384599640965,7431,0.0018093095859512687
0.00025398467550985515,0.0,0.0,0.0,0.0,7432,0.0012088035000488162,7432,0.0014627883210778236
0.0008434714400209486,0.0,0.0,0.0,0.0,7433,0.0005690105608664453,7433,0.001412482000887394
0.0003040323208551854,0.0,0.0,0.0,0.0,7434,0.0003950351383537054,7434,0.0006990674883127213
0.002111959271132946,0.0,0.0,0.0,0.0,7435,0.0009454970131628215,7435,0.0030574563425034285
0.0018470571376383305,0.0,0.0,0.0,0.0,7436,0.0008849349687807262,7436,0.0027319921646267176
0.00016564142424613237,0.0,0.0,0.0,0.0,7437,0.00041431208956055343,7437,0.0005799535429105163
0.0008457518997602165,0.0,0.0,0.0,0.0,7438,0.0004985904088243842,7438,0.0013443423667922616
0.0011854192707687616,0.0,0.0,0.0,0.0,7439,0.0006656855111941695,7439,0.0018511047819629312
0.0006400243728421628,0.0,0.0,0.0,0.0,7440,0.00044585217256098986,7440,0.0010858764871954918
0.0004021832428406924,0.0,0.0,0.0,0.0,7441,0.00047726414049975574,7441,0.0008794474415481091
0.001708989730104804,0.0,0.0,0.0,0.0,7442,0.0008939924300648272,7442,0.002602982334792614
0.0004290192446205765,0.0,0.0,0.0,0.0,7443,0.0005882096011191607,7443,0.0010172288166359067
0.00022483296925202012,0.0,0.0,0.0,0.0,7444,0.0003755995712708682,7444,0.0006004325696267188
0.00042057648533955216,0.0,0.0,0.0,0.0,7445,0.00043995381565764546,7445,0.0008605303009971976
0.00038837778265587986,0.0,0.0,0.0,0.0,7446,0.00046018650755286217,7446,0.0008485643193125725
0.0001515196345280856,0.0,0.0,0.0,0.0,7447,0.0003583882935345173,7447,0.0005099079571664333
7.664132135687396e-05,0.0,0.0,0.0,0.0,7448,0.0003562121419236064,7448,0.00043285347055643797
0.0001845118822529912,0.0,0.0,0.0,0.0,7449,0.0004313369863666594,7449,0.0006158488686196506
0.0001731908123474568,0.0,0.0,0.0,0.0,7450,0.0003950720129068941,7450,0.0005682628834620118
7.48225356801413e-05,0.0,0.0,0.0,0.0,7451,0.0003014854737557471,7451,0.000376308016711846
5.529365807888098e-05,0.0,0.0,0.0,0.0,7452,0.0003263504768256098,7452,0.00038164411671459675
9.520557796349749e-05,0.0,0.0,0.0,0.0,7453,0.0004115561314392835,7453,0.0005067617166787386
7.837644079700112e-05,0.0,0.0,0.0,0.0,7454,0.0003923170443158597,7454,0.00047069351421669126
5.9959285863442346e-05,0.0,0.0,0.0,0.0,7455,0.0003027089114766568,7455,0.0003626681864261627
0.00013205526920501143,0.0,0.0,0.0,0.0,7456,0.00026304699713364244,7456,0.00039510225178673863
0.00020327727543190122,0.0,0.0,0.0,0.0,7457,0.0002655813004821539,7457,0.00046885854681022465
0.00016486152890138328,0.0,0.0,0.0,0.0,7458,0.0002569809148553759,7458,0.00042184244375675917
7.073963206494227e-05,0.0,0.0,0.0,0.0,7459,0.0002736066817305982,7459,0.0003443463356234133
2.8475593353505246e-05,0.0,0.0,0.0,0.0,7460,0.00034262443659827113,7460,0.0003711000317707658
2.7947560738539323e-05,0.0,0.0,0.0,0.0,7461,0.0003869826905429363,7461,0.00041493025491945446
2.6802274078363553e-05,0.0,0.0,0.0,0.0,7462,0.00034652347676455975,7462,0.0003733257472049445
4.80041308037471e-05,0.0,0.0,0.0,0.0,7463,0.00027894764207303524,7463,0.0003269517619628459
9.856376709649339e-05,0.0,0.0,0.0,0.0,7464,0.00025206059217453003,7464,0.0003506243519950658
0.00011661700409604236,0.0,0.0,0.0,0.0,7465,0.00025175753398798406,7465,0.00036837454535998404
7.668523176107556e-05,0.0,0.0,0.0,0.0,7466,0.0002527004689909518,7466,0.0003293856862001121
3.195607860106975e-05,0.0,0.0,0.0,0.0,7467,0.0002684208157006651,7467,0.0003003769088536501
2.124442471540533e-05,0.0,0.0,0.0,0.0,7468,0.00029599867411889136,7468,0.0003172431024722755
2.1268744603730738e-05,0.0,0.0,0.0,0.0,7469,0.00029921490931883454,7469,0.0003204836684744805
1.5289502698578872e-05,0.0,0.0,0.0,0.0,7470,0.0002752370201051235,7470,0.0002905265137087554
2.0888037397526205e-05,0.0,0.0,0.0,0.0,7471,0.00025860354071483016,7471,0.0002794915926642716
3.290866152383387e-05,0.0,0.0,0.0,0.0,7472,0.0002618798171170056,7472,0.00029478847864083946
3.017895869561471e-05,0.0,0.0,0.0,0.0,7473,0.00026498435181565583,7473,0.00029516330687329173
1.6117799532366917e-05,0.0,0.0,0.0,0.0,7474,0.00026151936617679894,7474,0.00027763715479522943
1.3554438737628516e-05,0.0,0.0,0.0,0.0,7475,0.00026333981077186763,7475,0.00027689425041899085
2.115794450219255e-05,0.0,0.0,0.0,0.0,7476,0.0002686415973585099,7476,0.0002897995291277766
2.1444569938466884e-05,0.0,0.0,0.0,0.0,7477,0.0002668566594365984,7477,0.0002883012348320335
1.5101754797797184e-05,0.0,0.0,0.0,0.0,7478,0.00026275368873029947,7478,0.00027785543352365494
1.405277453159215e-05,0.0,0.0,0.0,0.0,7479,0.00026627068291418254,7479,0.0002803234674502164
1.6052288628998213e-05,0.0,0.0,0.0,0.0,7480,0.00027157331351190805,7480,0.00028762558940798044
1.445427187718451e-05,0.0,0.0,0.0,0.0,7481,0.00026882142992690206,7481,0.00028327570180408657
1.3219453649071511e-05,0.0,0.0,0.0,0.0,7482,0.0002626549976412207,7482,0.0002758744521997869
1.7139807823696174e-05,0.0,0.0,0.0,0.0,7483,0.0002607122587505728,7483,0.00027785205747932196
1.9697270545293577e-05,0.0,0.0,0.0,0.0,7484,0.00026077168877236545,7484,0.0002804689574986696
1.6286270692944527e-05,0.0,0.0,0.0,0.0,7485,0.00025903451023623347,7485,0.000275320780929178
1.2368596799205989e-05,0.0,0.0,0.0,0.0,7486,0.00025818950962275267,7486,0.00027055811369791627
1.2675848665821832e-05,0.0,0.0,0.0,0.0,7487,0.0002595831174403429,7487,0.00027225897065363824
1.364852323604282e-05,0.0,0.0,0.0,0.0,7488,0.0002591837546788156,7488,0.00027283228700980544
1.27537041407777e-05,0.0,0.0,0.0,0.0,7489,0.0002558760461397469,7489,0.000268629752099514
1.251956564374268e-05,0.0,0.0,0.0,0.0,7490,0.0002537737600505352,7490,0.0002662933256942779
1.3831258002028335e-05,0.0,0.0,0.0,0.0,7491,0.0002541180292610079,7491,0.0002679492754396051
1.3936855793872382e-05,0.0,0.0,0.0,0.0,7492,0.0002538123808335513,7492,0.000267749244812876
1.302366581512615e-05,0.0,0.0,0.0,0.0,7493,0.0002519015979487449,7493,0.00026492527103982866
1.3693447726836894e-05,0.0,0.0,0.0,0.0,7494,0.00025051605189219117,7494,0.00026420949143357575
1.5430494386237115e-05,0.0,0.0,0.0,0.0,7495,0.000250060431426391,7495,0.00026549093308858573
1.5570542018394917e-05,0.0,0.0,0.0,0.0,7496,0.00024934590328484774,7496,0.00026491645257920027
1.4515218936139718e-05,0.0,0.0,0.0,0.0,7497,0.00024886958999559283,7497,0.00026338480529375374
1.3711430256080348e-05,0.0,0.0,0.0,0.0,7498,0.00024962297175079584,7498,0.0002633343974594027
1.3682074495591223e-05,0.0,0.0,0.0,0.0,7499,0.0002503621217329055,7499,0.00026404421078041196
1.3618501725431997e-05,0.0,0.0,0.0,0.0,7500,0.0002496075176168233,7500,0.0002632260147947818
1.402997804689221e-05,0.0,0.0,0.0,0.0,7501,0.00024795549688860774,7501,0.00026198546402156353
1.5135188732529059e-05,0.0,0.0,0.0,0.0,7502,0.00024689172278158367,7502,0.0002620269078761339
1.5717307178420015e-05,0.0,0.0,0.0,0.0,7503,0.00024646089877933264,7503,0.0002621782186906785
1.4940677829144988e-05,0.0,0.0,0.0,0.0,7504,0.00024633444263599813,7504,0.00026127512683160603
1.3704698176297825e-05,0.0,0.0,0.0,0.0,7505,0.00024669012054800987,7505,0.0002603948232717812
1.307100956182694e-05,0.0,0.0,0.0,0.0,7506,0.00024735575425438583,7506,0.00026042675017379224
1.2893256098323036e-05,0.0,0.0,0.0,0.0,7507,0.0002473425993230194,7507,0.0002602358581498265
1.2947447430633474e-05,0.0,0.0,0.0,0.0,7508,0.000246497307671234,7508,0.0002594447578303516
1.3970128748042043e-05,0.0,0.0,0.0,0.0,7509,0.0002455277426633984,7509,0.00025949787232093513
1.4497974007099401e-05,0.0,0.0,0.0,0.0,7510,0.00024502878659404814,7510,0.00025952677242457867
1.4462877516052686e-05,0.0,0.0,0.0,0.0,7511,0.0002448078303132206,7511,0.0002592707169242203
1.396864445268875e-05,0.0,0.0,0.0,0.0,7512,0.0002447713341098279,7512,0.00025873997947201133
1.358381450700108e-05,0.0,0.0,0.0,0.0,7513,0.00024492270313203335,7513,0.0002585065085440874
1.3641016266774386e-05,0.0,0.0,0.0,0.0,7514,0.0002450362662784755,7514,0.0002586772898212075
1.3535831385524943e-05,0.0,0.0,0.0,0.0,7515,0.0002446959260851145,7515,0.00025823176838457584
1.3983787539473269e-05,0.0,0.0,0.0,0.0,7516,0.0002441178512526676,7516,0.0002581016451586038
1.4586456018150784e-05,0.0,0.0,0.0,0.0,7517,0.00024360294628422707,7517,0.0002581894223112613
0.001439576270058751,0.0,0.0,0.0,0.0,7518,0.0002432838809909299,7518,0.0016828604275360703
0.0007580681121908128,0.0,0.0,0.0,0.0,7519,0.00035480031510815024,7519,0.001112868427298963
0.00023928777955006808,0.0,0.0,0.0,0.0,7520,0.0008183328900486231,7520,0.0010576206259429455
0.00013300821592565626,0.0,0.0,0.0,0.0,7521,0.001252041314728558,7521,0.0013850495452061296
0.00011861781968036667,0.0,0.0,0.0,0.0,7522,0.0011050495086237788,7522,0.0012236672919243574
0.0005882587865926325,0.0,0.0,0.0,0.0,7523,0.000603291904553771,7523,0.0011915506329387426
3.358697358635254e-05,0.0,0.0,0.0,0.0,7524,0.00028844838379882276,7524,0.0003220353682991117
0.0024364362470805645,0.0,0.0,0.0,0.0,7525,0.0008255895227193832,7525,0.0032620257697999477
0.002361453603953123,0.0,0.0,0.0,0.0,7526,0.0008724777726456523,7526,0.003233931493014097
6.457864947151393e-05,0.0,0.0,0.0,0.0,7527,0.0003648642741609365,7527,0.0004294429090805352
0.00039859869866631925,0.0,0.0,0.0,0.0,7528,0.00039089572965167463,7528,0.0007894944283179939
0.0007440572371706367,0.0,0.0,0.0,0.0,7529,0.0005834111361764371,7529,0.0013274684315547347
0.0004596963699441403,0.0,0.0,0.0,0.0,7530,0.00043059157906100154,7530,0.0008902879781089723
0.00011662022006930783,0.0,0.0,0.0,0.0,7531,0.00033588611404411495,7531,0.0004525063559412956
0.0004656948149204254,0.0,0.0,0.0,0.0,7532,0.0005821736413054168,7532,0.0010478685144335032
0.0005653195548802614,0.0,0.0,0.0,0.0,7533,0.0006855926476418972,7533,0.0012509122025221586
0.00015415299276355654,0.0,0.0,0.0,0.0,7534,0.00044229222112335265,7534,0.0005964452284388244
9.954081906471401e-05,0.0,0.0,0.0,0.0,7535,0.00030203370261006057,7535,0.0004015745362266898
0.00025622869725339115,0.0,0.0,0.0,0.0,7536,0.0004097884229850024,7536,0.0006660171202383935
0.0002537731488700956,0.0,0.0,0.0,0.0,7537,0.0004341974563430995,7537,0.000687970663420856
8.173245441867039e-05,0.0,0.0,0.0,0.0,7538,0.0003087552322540432,7538,0.0003904877230525017
6.965055945329368e-05,0.0,0.0,0.0,0.0,7539,0.00027933355886489153,7539,0.0003489841183181852
0.00020653348474297673,0.0,0.0,0.0,0.0,7540,0.0003445985203143209,7540,0.0005511320196092129
0.00019509464618749917,0.0,0.0,0.0,0.0,7541,0.00031672182376496494,7541,0.0005118164699524641
9.236436017090455e-05,0.0,0.0,0.0,0.0,7542,0.000250525918090716,7542,0.00034289027098566294
9.533046977594495e-05,0.0,0.0,0.0,0.0,7543,0.00030448895995505154,7543,0.00039981940062716603
0.00017038943769875914,0.0,0.0,0.0,0.0,7544,0.000390564207918942,7544,0.0005609536310657859
0.0002051550691248849,0.0,0.0,0.0,0.0,7545,0.0003503512416500598,7545,0.00055550632532686
0.0002646814100444317,0.0,0.0,0.0,0.0,7546,0.00026239448925480247,7546,0.0005270758992992342
0.00042887619929388165,0.0,0.0,0.0,0.0,7547,0.00024217600002884865,7547,0.0006710521993227303
0.000570822274312377,0.0,0.0,0.0,0.0,7548,0.0002533011429477483,7548,0.0008241233881562948
0.0005673224222846329,0.0,0.0,0.0,0.0,7549,0.00024115412088576704,7549,0.0008084765286184847
0.00046682992251589894,0.0,0.0,0.0,0.0,7550,0.00025356540572829545,7550,0.0007203952991403639
0.000338594923960045,0.0,0.0,0.0,0.0,7551,0.00030479481210932136,7551,0.0006433897069655359
0.0001757166173774749,0.0,0.0,0.0,0.0,7552,0.0003238460049033165,7552,0.0004995625931769609
4.456374153960496e-05,0.0,0.0,0.0,0.0,7553,0.00027796512586064637,7553,0.00032252888195216656
3.78531331080012e-05,0.0,0.0,0.0,0.0,7554,0.0002413511829217896,7554,0.0002792043087538332
0.0001385415089316666,0.0,0.0,0.0,0.0,7555,0.00024299327924381942,7555,0.00038153480272740126
0.00022079027257859707,0.0,0.0,0.0,0.0,7556,0.00024590216344222426,7556,0.00046669243602082133
0.00021895905956625938,0.0,0.0,0.0,0.0,7557,0.00023981742560863495,7557,0.00045877648517489433
0.00016119818610604852,0.0,0.0,0.0,0.0,7558,0.0002507301396690309,7558,0.00041192834032699466
8.629100193502381e-05,0.0,0.0,0.0,0.0,7559,0.00026888135471381247,7559,0.00035517234937287867
2.6187857656623237e-05,0.0,0.0,0.0,0.0,7560,0.00026197300758212805,7560,0.0002881608670577407
1.7896934878081083e-05,0.0,0.0,0.0,0.0,7561,0.0002444881829433143,7561,0.0002623851178213954
6.618042971240357e-05,0.0,0.0,0.0,0.0,7562,0.00024362094700336456,7562,0.00030980139854364097
0.00011267376248724759,0.0,0.0,0.0,0.0,7563,0.000251490535447374,7563,0.00036416432703845203
0.0001064017487806268,0.0,0.0,0.0,0.0,7564,0.0002479264512658119,7564,0.0003543281927704811
6.278835644479841e-05,0.0,0.0,0.0,0.0,7565,0.00024251319700852036,7565,0.000305301568005234
2.8532163923955522e-05,0.0,0.0,0.0,0.0,7566,0.0002457855734974146,7566,0.00027431774651631713
2.0543197024380788e-05,0.0,0.0,0.0,0.0,7567,0.0002483773569110781,7567,0.0002689205575734377
3.143605499644764e-05,0.0,0.0,0.0,0.0,7568,0.00024388245947193354,7568,0.0002753185108304024
5.056176451034844e-05,0.0,0.0,0.0,0.0,7569,0.00024235698219854385,7569,0.0002929187612608075
6.075595229049213e-05,0.0,0.0,0.0,0.0,7570,0.000247253046836704,7570,0.00030800901004113257
4.7981600800994784e-05,0.0,0.0,0.0,0.0,7571,0.0002477832022123039,7571,0.00029576479573734105
0.0014524703146889806,0.0,0.0,0.0,0.0,7572,0.00024270934227388352,7572,0.0016951796133071184
0.000672890804708004,0.0,0.0,0.0,0.0,7573,0.0003552972339093685,7573,0.0010281880386173725
0.00018721942615229636,0.0,0.0,0.0,0.0,7574,0.0008771087159402668,7574,0.001064328127540648
0.0014034250052645802,0.0,0.0,0.0,0.0,7575,0.001318885711953044,7575,0.0027223106008023024
0.00017707000370137393,0.0,0.0,0.0,0.0,7576,0.0016042010392993689,7576,0.001781271188519895
0.00012554405839182436,0.0,0.0,0.0,0.0,7577,0.00102996954228729,7577,0.001155513571575284
0.00045079420669935644,0.0,0.0,0.0,0.0,7578,0.00040326910675503314,7578,0.0008540633716620505
0.0009466276969760656,0.0,0.0,0.0,0.0,7579,0.0004572425677906722,7579,0.0014038702938705683
0.0019304064335301518,0.0,0.0,0.0,0.0,7580,0.000771897379308939,7580,0.0027023034635931253
0.0002970959176309407,0.0,0.0,0.0,0.0,7581,0.000374661001842469,7581,0.0006717569194734097
0.0005120014538988471,0.0,0.0,0.0,0.0,7582,0.0003912283282261342,7582,0.0009032298112288117
0.0008130894275382161,0.0,0.0,0.0,0.0,7583,0.0005273199058137834,7583,0.0013404093915596604
0.00045065421727485955,0.0,0.0,0.0,0.0,7584,0.0003833839436993003,7584,0.0008340380736626685
5.694889114238322e-05,0.0,0.0,0.0,0.0,7585,0.0003932160616386682,7585,0.0004501649527810514
0.0002473236818332225,0.0,0.0,0.0,0.0,7586,0.0006339284009300172,7586,0.0008812521118670702
0.0002247621596325189,0.0,0.0,0.0,0.0,7587,0.00059014797443524,7587,0.0008149101631715894
5.6098280765581876e-05,0.0,0.0,0.0,0.0,7588,0.00035620061680674553,7588,0.0004122988902963698
0.00020181501167826355,0.0,0.0,0.0,0.0,7589,0.0003376511740498245,7589,0.0005394661566242576
0.00028090670821256936,0.0,0.0,0.0,0.0,7590,0.00038376558222807944,7590,0.0006646722904406488
0.00013802904868498445,0.0,0.0,0.0,0.0,7591,0.000323977175867185,7591,0.00046200622455216944
2.2829326553619467e-05,0.0,0.0,0.0,0.0,7592,0.00029325453215278685,7592,0.00031608386780135334
8.306837116833776e-05,0.0,0.0,0.0,0.0,7593,0.0003581432974897325,7593,0.00044121171231381595
0.00011952896602451801,0.0,0.0,0.0,0.0,7594,0.0003631763975135982,7594,0.0004827053635381162
4.8034413339337334e-05,0.0,0.0,0.0,0.0,7595,0.00028092655702494085,7595,0.000328960974002257
2.166296872019302e-05,0.0,0.0,0.0,0.0,7596,0.0002649459638632834,7596,0.0002866089344024658
6.090086026233621e-05,0.0,0.0,0.0,0.0,7597,0.0003273017064202577,7597,0.0003882025775965303
5.6142413086490706e-05,0.0,0.0,0.0,0.0,7598,0.00033122242894023657,7598,0.0003873648529406637
2.0927169316564687e-05,0.0,0.0,0.0,0.0,7599,0.0002681065525393933,7599,0.0002890337200369686
5.323727600625716e-05,0.0,0.0,0.0,0.0,7600,0.0002389964065514505,7600,0.00029223368619568646
0.00011207124771317467,0.0,0.0,0.0,0.0,7601,0.000249196746153757,7601,0.00036126800114288926
9.857898839982226e-05,0.0,0.0,0.0,0.0,7602,0.00024167558876797557,7602,0.0003402545989956707
4.308730422053486e-05,0.0,0.0,0.0,0.0,7603,0.00023905531270429492,7603,0.00028214260237291455
2.5068342438316904e-05,0.0,0.0,0.0,0.0,7604,0.0002776431501843035,7604,0.00030271150171756744
3.115979416179471e-05,0.0,0.0,0.0,0.0,7605,0.00030789605807513,7605,0.00033905587042681873
2.3145903469412588e-05,0.0,0.0,0.0,0.0,7606,0.00028410812956281006,7606,0.00030725402757525444
2.663922896317672e-05,0.0,0.0,0.0,0.0,7607,0.00024575190036557615,7607,0.00027239113114774227
5.566991967498325e-05,0.0,0.0,0.0,0.0,7608,0.00023730460088700056,7608,0.0002929745241999626
6.66075648041442e-05,0.0,0.0,0.0,0.0,7609,0.00024087607744149864,7609,0.00030748365679755807
4.0161365177482367e-05,0.0,0.0,0.0,0.0,7610,0.00023848007549531758,7610,0.00027864144067279994
1.5796191291883588e-05,0.0,0.0,0.0,0.0,7611,0.00024696195032447577,7611,0.00026275814161635935
1.5172701750998385e-05,0.0,0.0,0.0,0.0,7612,0.000265228416537866,7612,0.000280401116469875
1.5612065908499062e-05,0.0,0.0,0.0,0.0,7613,0.00026621087454259396,7613,0.0002818229258991778
1.0338729225622956e-05,0.0,0.0,0.0,0.0,7614,0.0002495092630852014,7614,0.00025984799140132964
1.4735786862729583e-05,0.0,0.0,0.0,0.0,7615,0.00024131423560902476,7615,0.00025605002883821726
2.4249717171187513e-05,0.0,0.0,0.0,0.0,7616,0.0002453747147228569,7616,0.0002696244337130338
2.0956951630068943e-05,0.0,0.0,0.0,0.0,7617,0.0002455682842992246,7617,0.00026652522501535714
1.1058603377023246e-05,0.0,0.0,0.0,0.0,7618,0.00024204458168242127,7618,0.00025310320779681206
1.1034904673579149e-05,0.0,0.0,0.0,0.0,7619,0.00024476152611896396,7619,0.0002557964180596173
1.538667311251629e-05,0.0,0.0,0.0,0.0,7620,0.00024858713732101023,7620,0.0002639738086145371
1.3038892575423233e-05,0.0,0.0,0.0,0.0,7621,0.0002453220949973911,7621,0.00025836098939180374
9.236984624294564e-06,0.0,0.0,0.0,0.0,7622,0.00024150579702109098,7622,0.00025074277073144913
1.1248449482081924e-05,0.0,0.0,0.0,0.0,7623,0.0002435470960335806,7623,0.0002547955373302102
1.3146540368325077e-05,0.0,0.0,0.0,0.0,7624,0.00024525096523575485,7624,0.00025839751469902694
1.066304412233876e-05,0.0,0.0,0.0,0.0,7625,0.00024203935754485428,7625,0.0002527023898437619
9.30207625060575e-06,0.0,0.0,0.0,0.0,7626,0.00023953117488417774,7626,0.00024883323931135237
1.1609060493356083e-05,0.0,0.0,0.0,0.0,7627,0.00024056958500295877,7627,0.000252178666414693
1.2057732419634704e-05,0.0,0.0,0.0,0.0,7628,0.00024050510546658188,7628,0.0002525628369767219
9.708685865916777e-06,0.0,0.0,0.0,0.0,7629,0.00023801012139301747,7629,0.0002477188245393336
9.499499356024899e-06,0.0,0.0,0.0,0.0,7630,0.00023686258646193892,7630,0.00024636206217110157
1.151522337750066e-05,0.0,0.0,0.0,0.0,7631,0.0002372406452195719,7631,0.0002487558813299984
1.1605822692217771e-05,0.0,0.0,0.0,0.0,7632,0.00023615555255673826,7632,0.0002477613743394613
1.0010568985308055e-05,0.0,0.0,0.0,0.0,7633,0.00023448417778126895,7633,0.00024449476040899754
9.760989996721037e-06,0.0,0.0,0.0,0.0,7634,0.0002347285917494446,7634,0.00024448957992717624
1.0326202755095437e-05,0.0,0.0,0.0,0.0,7635,0.00023547455202788115,7635,0.000245800765696913
9.99521307676332e-06,0.0,0.0,0.0,0.0,7636,0.00023431087902281433,7636,0.000244306109379977
1.008631988952402e-05,0.0,0.0,0.0,0.0,7637,0.00023229714133776724,7637,0.00024238346668425947
1.1615316907409579e-05,0.0,0.0,0.0,0.0,7638,0.00023130585032049567,7638,0.00024292118905577809
1.2582947420014534e-05,0.0,0.0,0.0,0.0,7639,0.000230854595429264,7639,0.00024343754921574146
1.1657774848572444e-05,0.0,0.0,0.0,0.0,7640,0.00023038164363242686,7640,0.0002420394157525152
1.0374463272455614e-05,0.0,0.0,0.0,0.0,7641,0.0002307277318323031,7641,0.00024110219965223223
1.0654853213054594e-05,0.0,0.0,0.0,0.0,7642,0.00023167143808677793,7642,0.000242326277657412
1.0582952199911233e-05,0.0,0.0,0.0,0.0,7643,0.00023163559671957046,7643,0.0002422185498289764
1.0684080734790768e-05,0.0,0.0,0.0,0.0,7644,0.00023033715842757374,7644,0.0002410212327959016
1.1452097169240005e-05,0.0,0.0,0.0,0.0,7645,0.00022911987616680562,7645,0.00024057197151705623
1.226141830557026e-05,0.0,0.0,0.0,0.0,7646,0.00022859495948068798,7646,0.00024085637414827943
1.1991548490186688e-05,0.0,0.0,0.0,0.0,7647,0.00022840786550659686,7647,0.00024039941490627825
1.0956435289699584e-05,0.0,0.0,0.0,0.0,7648,0.00022855518909636885,7648,0.00023951163166202605
1.0235119589196984e-05,0.0,0.0,0.0,0.0,7649,0.00022908294340595603,7649,0.00023931804753374308
1.0009239304054063e-05,0.0,0.0,0.0,0.0,7650,0.00022933004947844893,7650,0.00023933927877806127
9.327682164439466e-06,0.0,0.0,0.0,0.0,7651,0.00022877812443766743,7651,0.00023810580023564398
9.55178438744042e-06,0.0,0.0,0.0,0.0,7652,0.00022792410163674504,7652,0.00023747589148115367
9.974736713047605e-06,0.0,0.0,0.0,0.0,7653,0.00022738192637916654,7653,0.00023735666763968766
0.001481622806750238,0.0,0.0,0.0,0.0,7654,0.0002271379198646173,7654,0.0017087608575820923
0.0007612151093780994,0.0,0.0,0.0,0.0,7655,0.00034921971382573247,7655,0.0011104348814114928
0.00023252259416040033,0.0,0.0,0.0,0.0,7656,0.0008439766825176775,7656,0.0010764992330223322
0.000130862244986929,0.0,0.0,0.0,0.0,7657,0.0012822413118556142,7657,0.001413103542290628
0.00011645515769487247,0.0,0.0,0.0,0.0,7658,0.0010863234056159854,7658,0.001202778541482985
0.0005434684571810067,0.0,0.0,0.0,0.0,7659,0.0005542946746572852,7659,0.0010977631900459528
3.0002640414750203e-05,0.0,0.0,0.0,0.0,7660,0.0002844755945261568,7660,0.0003144782385788858
0.0025433313567191362,0.0,0.0,0.0,0.0,7661,0.000857693376019597,7661,0.0034010247327387333
0.002332242438569665,0.0,0.0,0.0,0.0,7662,0.0008157831034623086,7662,0.0031480256002396345
7.278435077751055e-05,0.0,0.0,0.0,0.0,7663,0.00031329013290815055,7663,0.0003860744764097035
0.000513826496899128,0.0,0.0,0.0,0.0,7664,0.0004266889882273972,7664,0.0009405155433341861
0.0007931472500786185,0.0,0.0,0.0,0.0,7665,0.0005877127405256033,7665,0.0013808599906042218
0.0003998274332843721,0.0,0.0,0.0,0.0,7666,0.00037980437627993524,7666,0.0007796317804604769
0.00010778802970889956,0.0,0.0,0.0,0.0,7667,0.0003549790708348155,7667,0.00046276708599179983
0.0002789990103337914,0.0,0.0,0.0,0.0,7668,0.0006525276694446802,7668,0.0009315266506746411
0.00032163862488232553,0.0,0.0,0.0,0.0,7669,0.0006791590712964535,7669,0.0010007977252826095
0.00011734189320122823,0.0,0.0,0.0,0.0,7670,0.00038567683077417314,7670,0.000503018731251359
0.0001361924223601818,0.0,0.0,0.0,0.0,7671,0.00029773186543025076,7671,0.00043392428779043257
0.0003085520293097943,0.0,0.0,0.0,0.0,7672,0.00042888466850854456,7672,0.0007374366978183389
0.00023431146109942347,0.0,0.0,0.0,0.0,7673,0.0004011710116174072,7673,0.0006354824872687459
4.86421849927865e-05,0.0,0.0,0.0,0.0,7674,0.0002674974384717643,7674,0.00031613963074050844
9.041409794008359e-05,0.0,0.0,0.0,0.0,7675,0.00028816756093874574,7675,0.0003785816952586174
0.0004630423500202596,0.0,0.0,0.0,0.0,7676,0.00035267043858766556,7676,0.0008157127886079252
0.00037725683068856597,0.0,0.0,0.0,0.0,7677,0.0002834542829077691,7677,0.0006607110844925046
1.702744521026034e-05,0.0,0.0,0.0,0.0,7678,0.00023972020426299423,7678,0.00025674764765426517
4.188813909422606e-05,0.0,0.0,0.0,0.0,7679,0.0003362243587616831,7679,0.00037811248330399394
6.656708137597889e-05,0.0,0.0,0.0,0.0,7680,0.00038939027581363916,7680,0.0004559573717415333
2.0225463231327012e-05,0.0,0.0,0.0,0.0,7681,0.0003040767915081233,7681,0.0003243022656533867
3.9949187339516357e-05,0.0,0.0,0.0,0.0,7682,0.00023001758381724358,7682,0.00026996678207069635
0.00013441221381071955,0.0,0.0,0.0,0.0,7683,0.00023933035845402628,7683,0.00037374257226474583
0.00014445296255871654,0.0,0.0,0.0,0.0,7684,0.0002409899898339063,7684,0.0003854429814964533
6.10976931056939e-05,0.0,0.0,0.0,0.0,7685,0.000225416079047136,7685,0.0002865137648768723
1.8372822523815557e-05,0.0,0.0,0.0,0.0,7686,0.00026445736875757575,7686,0.0002828301803674549
3.1474497518502176e-05,0.0,0.0,0.0,0.0,7687,0.0003183477383572608,7687,0.0003498221922200173
2.602490349090658e-05,0.0,0.0,0.0,0.0,7688,0.00029916802304796875,7688,0.00032519293017685413
1.8488955902284943e-05,0.0,0.0,0.0,0.0,7689,0.00024175057478714734,7689,0.0002602395252324641
5.210696690483019e-05,0.0,0.0,0.0,0.0,7690,0.00022476537560578436,7690,0.0002768723643384874
7.76832239353098e-05,0.0,0.0,0.0,0.0,7691,0.0002333383890800178,7691,0.00031102160573937
4.85863747599069e-05,0.0,0.0,0.0,0.0,7692,0.00022752299264539033,7692,0.00027610937831923366
1.3420369214145467e-05,0.0,0.0,0.0,0.0,7693,0.00022890331456437707,7693,0.00024232370196841657
1.5134752175072208e-05,0.0,0.0,0.0,0.0,7694,0.00025147045380435884,7694,0.00026660520234145224
2.1137622752576135e-05,0.0,0.0,0.0,0.0,7695,0.00025832257233560085,7695,0.0002794601896312088
1.1056670700781979e-05,0.0,0.0,0.0,0.0,7696,0.00023826799588277936,7696,0.0002493246574886143
1.105641968024429e-05,0.0,0.0,0.0,0.0,7697,0.00022718159016221762,7697,0.00023823798983357847
2.4034530724748038e-05,0.0,0.0,0.0,0.0,7698,0.0002354418975301087,7698,0.0002594764227978885
2.2729442207491957e-05,0.0,0.0,0.0,0.0,7699,0.00023726190556772053,7699,0.0002599913568701595
1.0066315553558525e-05,0.0,0.0,0.0,0.0,7700,0.0002292686840519309,7700,0.00023933500051498413
1.0682421816454735e-05,0.0,0.0,0.0,0.0,7701,0.00022985509713180363,7701,0.00024053749802988023
1.927599441842176e-05,0.0,0.0,0.0,0.0,7702,0.0002354877651669085,7702,0.00025476375594735146
1.6506470274180174e-05,0.0,0.0,0.0,0.0,7703,0.0002322649088455364,7703,0.0002487713936716318
8.927801900426857e-06,0.0,0.0,0.0,0.0,7704,0.00022750228527002037,7704,0.00023643008898943663
1.0162153557757847e-05,0.0,0.0,0.0,0.0,7705,0.00023155355302151293,7705,0.00024171570839826018
1.3110985491948668e-05,0.0,0.0,0.0,0.0,7706,0.00023523782147094607,7706,0.00024834880605340004
9.826164387050085e-06,0.0,0.0,0.0,0.0,7707,0.0002304628142155707,7707,0.00024028896586969495
8.382939995499328e-06,0.0,0.0,0.0,0.0,7708,0.0002257728629047051,7708,0.00023415579926222563
1.2578598216350656e-05,0.0,0.0,0.0,0.0,7709,0.00022696511587128043,7709,0.00023954368953127414
1.3605712410935666e-05,0.0,0.0,0.0,0.0,7710,0.0002273844147566706,7710,0.00024099012080114335
9.538807717035525e-06,0.0,0.0,0.0,0.0,7711,0.00022451774566434324,7711,0.00023405655520036817
8.348979463335127e-06,0.0,0.0,0.0,0.0,7712,0.00022391710081137717,7712,0.0002322660875506699
1.0834246495505795e-05,0.0,0.0,0.0,0.0,7713,0.00022551701113115996,7713,0.00023635124671272933
1.0855344044102821e-05,0.0,0.0,0.0,0.0,7714,0.0002243353519588709,7714,0.00023519070236943662
8.793417691776995e-06,0.0,0.0,0.0,0.0,7715,0.00022178424114827067,7715,0.0002305776724824682
0.0013726855395361781,0.0,0.0,0.0,0.0,7716,0.00022209709277376533,7716,0.0015947828069329262
0.0006651877774856985,0.0,0.0,0.0,0.0,7717,0.0003771199844777584,7717,0.0010423078201711178
0.00020690157543867826,0.0,0.0,0.0,0.0,7718,0.0008895273203961551,7718,0.0010964288376271725
0.0001330326485913247,0.0,0.0,0.0,0.0,7719,0.0012667254777625203,7719,0.0013997581554576755
0.00012536115536931902,0.0,0.0,0.0,0.0,7720,0.0010170235764235258,7720,0.0011423847172409296
0.0004828742239624262,0.0,0.0,0.0,0.0,7721,0.0005018432857468724,7721,0.0009847175097092986
3.0362205507117324e-05,0.0,0.0,0.0,0.0,7722,0.0002842782123479992,7722,0.0003146404051221907
0.002199198119342327,0.0,0.0,0.0,0.0,7723,0.0008363929810002446,7723,0.0030355912167578936
0.0024897116236388683,0.0,0.0,0.0,0.0,7724,0.0008878872613422573,7724,0.003377598710358143
0.00032271284726448357,0.0,0.0,0.0,0.0,7725,0.00032586712040938437,7725,0.0006485799676738679
0.0004927199333906174,0.0,0.0,0.0,0.0,7726,0.0003885634068865329,7726,0.0008812833111733198
0.0008584270253777504,0.0,0.0,0.0,0.0,7727,0.0005909677129238844,7727,0.0014493947383016348
0.0004987880238331854,0.0,0.0,0.0,0.0,7728,0.00038714910624548793,7728,0.0008859371300786734
0.00016268175386358052,0.0,0.0,0.0,0.0,7729,0.00032088239095173776,7729,0.00048356418847106397
0.0005758213810622692,0.0,0.0,0.0,0.0,7730,0.0006318418891169131,7730,0.0012076632119715214
0.0006701378151774406,0.0,0.0,0.0,0.0,7731,0.0006896099075675011,7731,0.0013597477227449417
0.00025122103397734463,0.0,0.0,0.0,0.0,7732,0.00038870552089065313,7732,0.0006399265839718282
0.00027698936173692346,0.0,0.0,0.0,0.0,7733,0.0002804246614687145,7733,0.0005574140232056379
0.00048615247942507267,0.0,0.0,0.0,0.0,7734,0.0004157451039645821,7734,0.0009018976124934852
0.0004269943747203797,0.0,0.0,0.0,0.0,7735,0.00039905670564621687,7735,0.0008260510512627661
0.00022479794279206544,0.0,0.0,0.0,0.0,7736,0.00025829061632975936,7736,0.00048308854456990957
0.00023789351689629257,0.0,0.0,0.0,0.0,7737,0.0002789819845929742,7737,0.0005168755305930972
0.0003257753560319543,0.0,0.0,0.0,0.0,7738,0.00035326520446687937,7738,0.0006790406187064946
0.00020555118680931628,0.0,0.0,0.0,0.0,7739,0.0002829783479683101,7739,0.0004885295638814569
4.869766053161584e-05,0.0,0.0,0.0,0.0,7740,0.00022851255198474973,7740,0.00027721020160242915
4.702651858679019e-05,0.0,0.0,0.0,0.0,7741,0.0003205600078217685,7741,0.0003675865300465375
7.213468779809773e-05,0.0,0.0,0.0,0.0,7742,0.00038087836583144963,7742,0.00045301305362954736
3.244465187890455e-05,0.0,0.0,0.0,0.0,7743,0.0002987062616739422,7743,0.0003311509208288044
6.07490110269282e-05,0.0,0.0,0.0,0.0,7744,0.00022329956118483096,7744,0.0002840485831256956
0.00017044087871909142,0.0,0.0,0.0,0.0,7745,0.0002344095555599779,7745,0.00040485040517523885
0.00019509988487698138,0.0,0.0,0.0,0.0,7746,0.00023759303439874202,7746,0.0004326929338276386
0.00011183587048435584,0.0,0.0,0.0,0.0,7747,0.00021896602993365377,7747,0.0003308019076939672
5.923997741774656e-05,0.0,0.0,0.0,0.0,7748,0.0002550337230786681,7748,0.00031427369685843587
6.025227048667148e-05,0.0,0.0,0.0,0.0,7749,0.00030889143818058074,7749,0.00036914367228746414
3.95034221583046e-05,0.0,0.0,0.0,0.0,7750,0.0002921501290984452,7750,0.00033165354398079216
1.9993012756458484e-05,0.0,0.0,0.0,0.0,7751,0.00023478444200009108,7751,0.0002547774638514966
4.999505836167373e-05,0.0,0.0,0.0,0.0,7752,0.00021895063400734216,7752,0.0002689457032829523
7.934940367704257e-05,0.0,0.0,0.0,0.0,7753,0.00022845088096801192,7753,0.0003078002773690969
5.666295328410342e-05,0.0,0.0,0.0,0.0,7754,0.00022176283528096974,7754,0.00027842578128911555
2.809112447721418e-05,0.0,0.0,0.0,0.0,7755,0.00022195462952367961,7755,0.0002500457630958408
3.3986558264587075e-05,0.0,0.0,0.0,0.0,7756,0.00024419944384135306,7756,0.0002781859948299825
3.977730011683889e-05,0.0,0.0,0.0,0.0,7757,0.0002514962397981435,7757,0.0002912735508289188
2.6091374820680358e-05,0.0,0.0,0.0,0.0,7758,0.0002306586247868836,7758,0.00025675000506453216
2.081551792798564e-05,0.0,0.0,0.0,0.0,7759,0.00021992879919707775,7759,0.00024074433895293623
2.899471110140439e-05,0.0,0.0,0.0,0.0,7760,0.00022864347556605935,7760,0.00025763819576241076
2.3682547180214897e-05,0.0,0.0,0.0,0.0,7761,0.00023003650130704045,7761,0.00025371904484927654
9.27040855458472e-06,0.0,0.0,0.0,0.0,7762,0.00022189406445249915,7762,0.00023116447846405208
1.093760602088878e-05,0.0,0.0,0.0,0.0,7763,0.0002229298697784543,7763,0.000233867482165806
2.144731661246624e-05,0.0,0.0,0.0,0.0,7764,0.00022877074661664665,7764,0.0002502180577721447
2.0469058654271066e-05,0.0,0.0,0.0,0.0,7765,0.0002251284458907321,7765,0.0002455975045450032
1.471099221816985e-05,0.0,0.0,0.0,0.0,7766,0.0002204381162300706,7766,0.00023514912754762918
1.705315116851125e-05,0.0,0.0,0.0,0.0,7767,0.00022482186614070088,7767,0.00024187503731809556
1.952045931830071e-05,0.0,0.0,0.0,0.0,7768,0.00022809399524703622,7768,0.00024761445820331573
1.4322873539640568e-05,0.0,0.0,0.0,0.0,7769,0.00022307137260213494,7769,0.0002373942406848073
1.1263721717114095e-05,0.0,0.0,0.0,0.0,7770,0.00021874318190384656,7770,0.00023000688815955073
1.3785915143671446e-05,0.0,0.0,0.0,0.0,7771,0.00022036745212972164,7771,0.0002341533690923825
0.0012553274864330888,0.0,0.0,0.0,0.0,7772,0.00022060939227230847,7772,0.0014759368496015668
0.0006585668306797743,0.0,0.0,0.0,0.0,7773,0.0003531556867528707,7773,0.0010117224883288145
0.00022084052034188062,0.0,0.0,0.0,0.0,7774,0.0007873056456446648,7774,0.001008146209642291
0.00012930954108014703,0.0,0.0,0.0,0.0,7775,0.001137118088081479,7775,0.0012664275709539652
0.000126293147332035,0.0,0.0,0.0,0.0,7776,0.0009488252690061927,7776,0.001075118430890143
0.0005242981715127826,0.0,0.0,0.0,0.0,7777,0.0004998790100216866,7777,0.0010241771815344691
3.8255770050454885e-05,0.0,0.0,0.0,0.0,7778,0.000271144526777789,7778,0.00030940028955228627
0.0012777611846104264,0.0,0.0,0.0,0.0,7779,0.0007945367251522839,7779,0.0020722979679703712
0.0010245071025565267,0.0,0.0,0.0,0.0,7780,0.0006750019965693355,7780,0.0016995090991258621
9.08315705601126e-05,0.0,0.0,0.0,0.0,7781,0.00025960756465792656,7781,0.0003504391643218696
0.0005849981098435819,0.0,0.0,0.0,0.0,7782,0.00045936519745737314,7782,0.0010443632490932941
0.0006902212044224143,0.0,0.0,0.0,0.0,7783,0.0005328782717697322,7783,0.0012230994179844856
0.00021772386389784515,0.0,0.0,0.0,0.0,7784,0.00029439249192364514,7784,0.0005121163558214903
0.0002917122037615627,0.0,0.0,0.0,0.0,7785,0.00036702651414088905,7785,0.0006587387761101127
0.0004908433766104281,0.0,0.0,0.0,0.0,7786,0.0006526696961373091,7786,0.0011435130145400763
0.0004394726420287043,0.0,0.0,0.0,0.0,7787,0.0005617275601252913,7787,0.0010012001730501652
3.139035834465176e-05,0.0,0.0,0.0,0.0,7788,0.00028442387701943517,7788,0.0003158142208121717
0.00013790364027954638,0.0,0.0,0.0,0.0,7789,0.0003013750829268247,7789,0.00043927872320637107
0.00027788878651335835,0.0,0.0,0.0,0.0,7790,0.0004198252863716334,7790,0.0006977139855735004
0.0001385121140629053,0.0,0.0,0.0,0.0,7791,0.0003302065597381443,7791,0.0004687186738010496
1.348195019090781e-05,0.0,0.0,0.0,0.0,7792,0.00023382576182484627,7792,0.00024730770383030176
0.00012789691390935332,0.0,0.0,0.0,0.0,7793,0.00030605908250436187,7793,0.00043395598186179996
0.00019614826305769384,0.0,0.0,0.0,0.0,7794,0.00033685550442896783,7794,0.0005330037092790008
8.496514783473685e-05,0.0,0.0,0.0,0.0,7795,0.00024528364883735776,7795,0.000330248789396137
1.4878898582537659e-05,0.0,0.0,0.0,0.0,7796,0.00023761922784615308,7796,0.00025249813916161656
6.877719715703279e-05,0.0,0.0,0.0,0.0,7797,0.00033473403891548514,7797,0.00040351119241677225
6.586613017134368e-05,0.0,0.0,0.0,0.0,7798,0.0003390805795788765,7798,0.00040494673885405064
1.458777205698425e-05,0.0,0.0,0.0,0.0,7799,0.00024604337522760034,7799,0.0002606311463750899
5.5643067753408104e-05,0.0,0.0,0.0,0.0,7800,0.0002144473255611956,7800,0.0002700903860386461
0.00013538176426663995,0.0,0.0,0.0,0.0,7801,0.0002392726601101458,7801,0.00037465442437678576
0.00010532524902373552,0.0,0.0,0.0,0.0,7802,0.0002262232155771926,7802,0.0003315484500490129
2.5254859792767093e-05,0.0,0.0,0.0,0.0,7803,0.00021453230874612927,7803,0.0002397871867287904
1.9014340068679303e-05,0.0,0.0,0.0,0.0,7804,0.0002604677283670753,7804,0.00027948207571171224
3.475230550975539e-05,0.0,0.0,0.0,0.0,7805,0.0002921059785876423,7805,0.0003268582804594189
1.6947902622632682e-05,0.0,0.0,0.0,0.0,7806,0.00025504486984573305,7806,0.0002719927579164505
1.68640381161822e-05,0.0,0.0,0.0,0.0,7807,0.00021592366101685911,7807,0.00023278771550394595
5.279812103253789e-05,0.0,0.0,0.0,0.0,7808,0.00022057458409108222,7808,0.00027337271603755653
5.9560836234595627e-05,0.0,0.0,0.0,0.0,7809,0.00022603121760766953,7809,0.00028559204656630754
2.4731712983339094e-05,0.0,0.0,0.0,0.0,7810,0.0002155219845008105,7810,0.0002402536920271814
8.137145414366387e-06,0.0,0.0,0.0,0.0,7811,0.00022356190311256796,7811,0.00023169904306996614
1.9013939891010523e-05,0.0,0.0,0.0,0.0,7812,0.00024367551668547094,7812,0.000262689427472651
1.774983866198454e-05,0.0,0.0,0.0,0.0,7813,0.00023858825443312526,7813,0.000256338098552078
7.709309102210682e-06,0.0,0.0,0.0,0.0,7814,0.00021894645760767162,7814,0.00022665575670544058
1.5395997252198867e-05,0.0,0.0,0.0,0.0,7815,0.0002178661379730329,7815,0.00023326213704422116
2.5501543859718367e-05,0.0,0.0,0.0,0.0,7816,0.00022573291789740324,7816,0.0002512344508431852
1.6965290342341177e-05,0.0,0.0,0.0,0.0,7817,0.0002209887170465663,7817,0.00023795399465598166
7.404491952911485e-06,0.0,0.0,0.0,0.0,7818,0.00021536530402954668,7818,0.0002227698132628575
1.3007458619540557e-05,0.0,0.0,0.0,0.0,7819,0.0002208984224125743,7819,0.00023390588467009366
1.7166967154480517e-05,0.0,0.0,0.0,0.0,7820,0.00022364537289831787,7820,0.0002408123400527984
1.0519505849515554e-05,0.0,0.0,0.0,0.0,7821,0.00021714332979172468,7821,0.00022766283655073494
7.75925309426384e-06,0.0,0.0,0.0,0.0,7822,0.00021479632414411753,7822,0.00022255557996686548
1.27635539683979e-05,0.0,0.0,0.0,0.0,7823,0.00021930760703980923,7823,0.00023207113554235548
1.2833061191486195e-05,0.0,0.0,0.0,0.0,7824,0.00021893938537687063,7824,0.00023177244293037802
8.243964657594915e-06,0.0,0.0,0.0,0.0,7825,0.00021379662211984396,7825,0.00022204057313501835
8.991944923764095e-06,0.0,0.0,0.0,0.0,7826,0.00021361185645218939,7826,0.0002226038050139323
1.2427222827682272e-05,0.0,0.0,0.0,0.0,7827,0.00021626219677273184,7827,0.0002286894159624353
1.1043819540645927e-05,0.0,0.0,0.0,0.0,7828,0.0002143894089385867,7828,0.00022543323575519025
8.912646990211215e-06,0.0,0.0,0.0,0.0,7829,0.00021124685008544475,7829,0.00022015949070919305
1.1606944099185057e-05,0.0,0.0,0.0,0.0,7830,0.00021167407976463437,7830,0.00022328102204483002
1.4375060345628299e-05,0.0,0.0,0.0,0.0,7831,0.00021214377193246037,7831,0.0002265188522869721
1.3226657756604254e-05,0.0,0.0,0.0,0.0,7832,0.0002101723221130669,7832,0.00022339896531775594
1.2897703527414706e-05,0.0,0.0,0.0,0.0,7833,0.00020954593492206186,7833,0.00022244361753109843
1.558659459988121e-05,0.0,0.0,0.0,0.0,7834,0.0002112623187713325,7834,0.00022684893338009715
0.0013719493290409446,0.0,0.0,0.0,0.0,7835,0.00021137007570359856,7835,0.001583319390192628
0.0007227436872199178,0.0,0.0,0.0,0.0,7836,0.00035313607077114284,7836,0.001075879787094891
0.0021106142085045576,0.0,0.0,0.0,0.0,7837,0.0008255434804596007,7837,0.0029361576307564974
0.0001391309342579916,0.0,0.0,0.0,0.0,7838,0.0016769099747762084,7838,0.0018160408362746239
0.00012741639511659741,0.0,0.0,0.0,0.0,7839,0.0016205664724111557,7839,0.0017479828093200922
0.00013039453187957406,0.0,0.0,0.0,0.0,7840,0.000793506798800081,7840,0.0009239013306796551
0.0002002646360779181,0.0,0.0,0.0,0.0,7841,0.0002680561156012118,7841,0.00046832073712721467
0.001747539034113288,0.0,0.0,0.0,0.0,7842,0.0005493857897818089,7842,0.0022969248238950968
0.0020472051110118628,0.0,0.0,0.0,0.0,7843,0.0010152508039027452,7843,0.003062455914914608
0.0015804287977516651,0.0,0.0,0.0,0.0,7844,0.0006677513010799885,7844,0.0022481800988316536
0.0002743172808550298,0.0,0.0,0.0,0.0,7845,0.0002966869797091931,7845,0.0005710042314603925
0.0008356759790331125,0.0,0.0,0.0,0.0,7846,0.0004309119249228388,7846,0.0012665878748521209
0.0009173119906336069,0.0,0.0,0.0,0.0,7847,0.00045516996760852635,7847,0.0013724819291383028
0.0004836927691940218,0.0,0.0,0.0,0.0,7848,0.00031612307066097856,7848,0.0007998158689588308
0.0005850310553796589,0.0,0.0,0.0,0.0,7849,0.0005003904807381332,7849,0.0010854215361177921
0.0008947397582232952,0.0,0.0,0.0,0.0,7850,0.0007695175590924919,7850,0.001664257375523448
0.0006754827336408198,0.0,0.0,0.0,0.0,7851,0.0005235465941950679,7851,0.0011990293860435486
0.00044604105642065406,0.0,0.0,0.0,0.0,7852,0.00029169395565986633,7852,0.0007377350120805204
0.0006193506997078657,0.0,0.0,0.0,0.0,7853,0.00033438674290664494,7853,0.0009537374135106802
0.0005991014768369496,0.0,0.0,0.0,0.0,7854,0.000358764169504866,7854,0.0009578656172379851
0.0003227175329811871,0.0,0.0,0.0,0.0,7855,0.00026504567358642817,7855,0.0005877632065676153
0.00017915201897267252,0.0,0.0,0.0,0.0,7856,0.00026488403091207147,7856,0.00044403603533282876
0.00020029282313771546,0.0,0.0,0.0,0.0,7857,0.0003367310855537653,7857,0.0005370238795876503
0.000138355084345676,0.0,0.0,0.0,0.0,7858,0.0002949120826087892,7858,0.00043326715240255
3.6643385101342574e-05,0.0,0.0,0.0,0.0,7859,0.00022199559316504747,7859,0.00025863898918032646
6.159844633657485e-05,0.0,0.0,0.0,0.0,7860,0.0002798072528094053,7860,0.0003414056554902345
0.00013119992217980325,0.0,0.0,0.0,0.0,7861,0.0003543576458469033,7861,0.0004855575680267066
0.00011974963854299858,0.0,0.0,0.0,0.0,7862,0.0003092044498771429,7862,0.0004289540811441839
0.00012025568867102265,0.0,0.0,0.0,0.0,7863,0.00022978210472501814,7863,0.00035003782249987125
0.00018154371355194598,0.0,0.0,0.0,0.0,7864,0.00022211612667888403,7864,0.0004036598256789148
0.00018278179049957544,0.0,0.0,0.0,0.0,7865,0.0002285166410729289,7865,0.00041129844612441957
9.073276305571198e-05,0.0,0.0,0.0,0.0,7866,0.0002187732607126236,7866,0.0003095060237683356
2.7302337912260555e-05,0.0,0.0,0.0,0.0,7867,0.00025235029170289636,7867,0.0002796526241581887
3.7931298720650375e-05,0.0,0.0,0.0,0.0,7868,0.0003084522904828191,7868,0.0003463836037553847
5.325173697201535e-05,0.0,0.0,0.0,0.0,7869,0.000302405416732654,7869,0.0003556571900844574
6.229243444977328e-05,0.0,0.0,0.0,0.0,7870,0.0002441520628053695,7870,0.0003064445045311004
9.424364543519914e-05,0.0,0.0,0.0,0.0,7871,0.00021436659153550863,7871,0.0003086102369707078
0.00011175963300047442,0.0,0.0,0.0,0.0,7872,0.0002158371062250808,7872,0.0003275967319495976
7.27764199837111e-05,0.0,0.0,0.0,0.0,7873,0.0002126744802808389,7873,0.0002854508929885924
2.173726534238085e-05,0.0,0.0,0.0,0.0,7874,0.00021599886531475931,7874,0.00023773612338118255
1.05175286080339e-05,0.0,0.0,0.0,0.0,7875,0.00023780394985806197,7875,0.00024832147755660117
1.8506949345464818e-05,0.0,0.0,0.0,0.0,7876,0.0002457640366628766,7876,0.00026427098782733083
1.9546989278751425e-05,0.0,0.0,0.0,0.0,7877,0.00022613578767050058,7877,0.0002456827787682414
2.6708439690992236e-05,0.0,0.0,0.0,0.0,7878,0.00021220359485596418,7878,0.0002389120199950412
0.00014558866678271443,0.0,0.0,0.0,0.0,7879,0.000217293287278153,7879,0.00036288192495703697
2.314751509402413e-05,0.0,0.0,0.0,0.0,7880,0.00021310170996002853,7880,0.00023624922323506325
1.88752164831385e-05,0.0,0.0,0.0,0.0,7881,0.00021761945390608162,7881,0.00023649468494113535
2.040774779743515e-05,0.0,0.0,0.0,0.0,7882,0.0002223464398412034,7882,0.00024275420582853258
1.3895533811592031e-05,0.0,0.0,0.0,0.0,7883,0.00021747869323007762,7883,0.00023137422977015376
9.245020009984728e-06,0.0,0.0,0.0,0.0,7884,0.00021478309645317495,7884,0.00022402811737265438
1.4420560546568595e-05,0.0,0.0,0.0,0.0,7885,0.00022052602434996516,7885,0.0002349465648876503
1.8114935301127844e-05,0.0,0.0,0.0,0.0,7886,0.00022290322522167116,7886,0.0002410181623417884
1.646530654397793e-05,0.0,0.0,0.0,0.0,7887,0.00021700089564546943,7887,0.00023346621310338378
1.6874218999873847e-05,0.0,0.0,0.0,0.0,7888,0.00021321879466995597,7888,0.00023009297729004174
1.9374141629668884e-05,0.0,0.0,0.0,0.0,7889,0.00021400731930043548,7889,0.000233381477301009
1.5372172128991224e-05,0.0,0.0,0.0,0.0,7890,0.00021298503270372748,7890,0.00022835721028968692
8.575814717914909e-06,0.0,0.0,0.0,0.0,7891,0.00021097624266985804,7891,0.00021955206466373056
7.0412233981187455e-06,0.0,0.0,0.0,0.0,7892,0.00021219260815996677,7892,0.0002192338288296014
9.032275556819513e-06,0.0,0.0,0.0,0.0,7893,0.00021329338778741658,7893,0.00022232565970625728
9.416752618562896e-06,0.0,0.0,0.0,0.0,7894,0.0002104840095853433,7894,0.00021990077220834792
9.437407243240159e-06,0.0,0.0,0.0,0.0,7895,0.00020778451289515942,7895,0.00021722191013395786
1.1400199582567438e-05,0.0,0.0,0.0,0.0,7896,0.00020812576985917985,7896,0.0002195259730797261
1.139508094638586e-05,0.0,0.0,0.0,0.0,7897,0.000208211102290079,7897,0.00021960618323646486
9.276711352868006e-06,0.0,0.0,0.0,0.0,7898,0.00020639746799133718,7898,0.00021567419753409922
8.549990525352769e-06,0.0,0.0,0.0,0.0,7899,0.0002051148476311937,7899,0.0002136648545274511
9.780899745237548e-06,0.0,0.0,0.0,0.0,7900,0.00020501275139395148,7900,0.00021479366114363074
1.0337032108509447e-05,0.0,0.0,0.0,0.0,7901,0.00020431303710211068,7901,0.000214650048292242
9.214440069627017e-06,0.0,0.0,0.0,0.0,7902,0.0002035823417827487,7902,0.00021279678912833333
9.213822522724513e-06,0.0,0.0,0.0,0.0,7903,0.00020426814444363117,7903,0.00021348193695303053
9.732390935823787e-06,0.0,0.0,0.0,0.0,7904,0.00020492587646003813,7904,0.0002146582555724308
9.733001206768677e-06,0.0,0.0,0.0,0.0,7905,0.00020395094179548323,7905,0.00021368394664023072
9.872812370304018e-06,0.0,0.0,0.0,0.0,7906,0.00020235076954122633,7906,0.00021222358918748796
1.0699891390686389e-05,0.0,0.0,0.0,0.0,7907,0.00020162027794867754,7907,0.00021232017024885863
1.0497215043869801e-05,0.0,0.0,0.0,0.0,7908,0.00020131566270720214,7908,0.00021181287593208253
9.079696610569954e-06,0.0,0.0,0.0,0.0,7909,0.00020113468053750694,7909,0.0002102143771480769
7.864781764510553e-06,0.0,0.0,0.0,0.0,7910,0.00020154895901214331,7910,0.00020941373077221215
7.531404662586283e-06,0.0,0.0,0.0,0.0,7911,0.0002020769752562046,7911,0.00020960837719030678
7.5253105933370534e-06,0.0,0.0,0.0,0.0,7912,0.00020168836636003107,7912,0.00020921367104165256
7.709194505878258e-06,0.0,0.0,0.0,0.0,7913,0.00020063985721208155,7913,0.00020834906899835914
8.29781038191868e-06,0.0,0.0,0.0,0.0,7914,0.0001999442611122504,7914,0.0002082420833176002
8.744027581997216e-06,0.0,0.0,0.0,0.0,7915,0.0001996667415369302,7915,0.0002084107545670122
8.25887946120929e-06,0.0,0.0,0.0,0.0,7916,0.0001994756021304056,7916,0.0002077344834106043
7.526431090809638e-06,0.0,0.0,0.0,0.0,7917,0.00019946863176301122,7917,0.0002069950569421053
7.188199106167303e-06,0.0,0.0,0.0,0.0,7918,0.00019961665384471416,7918,0.0002068048488581553
7.019410986686125e-06,0.0,0.0,0.0,0.0,7919,0.0001994248596020043,7919,0.0002064442669507116
6.929752544237999e-06,0.0,0.0,0.0,0.0,7920,0.00019884023640770465,7920,0.00020576998940669
7.080714112817077e-06,0.0,0.0,0.0,0.0,7921,0.0001982957764994353,7921,0.00020537649106699973
6.779234354326036e-06,0.0,0.0,0.0,0.0,7922,0.0001979609514819458,7922,0.00020474017946980894
0.0014850979205220938,0.0,0.0,0.0,0.0,7923,0.0001976603816729039,7923,0.0016827583312988281
0.0007281604339368641,0.0,0.0,0.0,0.0,7924,0.00033215893199667335,7924,0.0010603193659335375
0.00020831033180002123,0.0,0.0,0.0,0.0,7925,0.0008658849401399493,7925,0.0010741952573880553
0.0001179988612420857,0.0,0.0,0.0,0.0,7926,0.0012927106581628323,7926,0.0014107095776125789
0.0010881713824346662,0.0,0.0,0.0,0.0,7927,0.001010647974908352,7927,0.0020988192409276962
9.914213296724483e-05,0.0,0.0,0.0,0.0,7928,0.0002361812221352011,7928,0.00033532336237840354
0.0008396140765398741,0.0,0.0,0.0,0.0,7929,0.0006682840758003294,7929,0.0015078982105478644
0.0012956224381923676,0.0,0.0,0.0,0.0,7930,0.0010471701389178634,7930,0.0023427926935255527
0.00011993828229606152,0.0,0.0,0.0,0.0,7931,0.00043966170051135123,7931,0.0005595999537035823
0.00017636270786169916,0.0,0.0,0.0,0.0,7932,0.00026495367637835443,7932,0.0004413163987919688
0.0006821369170211256,0.0,0.0,0.0,0.0,7933,0.0005708449170924723,7933,0.0012529818341135979
0.0005414575571194291,0.0,0.0,0.0,0.0,7934,0.00048398104263469577,7934,0.0010254386579617858
6.880988803459331e-05,0.0,0.0,0.0,0.0,7935,0.00023227694327943027,7935,0.00030108680948615074
0.0001256191317224875,0.0,0.0,0.0,0.0,7936,0.0004273867525625974,7936,0.0005530058988370001
0.0005638074944727123,0.0,0.0,0.0,0.0,7937,0.000642872357275337,7937,0.0012066798517480493
0.00014435309276450425,0.0,0.0,0.0,0.0,7938,0.00041269982466474175,7938,0.0005570529028773308
1.9781286027864553e-05,0.0,0.0,0.0,0.0,7939,0.00021770237071905285,7939,0.00023748366220388561
0.00021422875579446554,0.0,0.0,0.0,0.0,7940,0.00035207546898163855,7940,0.0005663041956722736
0.0002617934951558709,0.0,0.0,0.0,0.0,7941,0.0004060216888319701,7941,0.0006678152130916715
5.8435227401787415e-05,0.0,0.0,0.0,0.0,7942,0.00025085115339607,7942,0.0003092863771598786
4.421625635586679e-05,0.0,0.0,0.0,0.0,7943,0.00022562957019545138,7943,0.00026984582655131817
0.00019097306358162314,0.0,0.0,0.0,0.0,7944,0.0003303391276858747,7944,0.0005213121767155826
0.0001618324895389378,0.0,0.0,0.0,0.0,7945,0.00029341987101361156,7945,0.00045525236055254936
3.1343366572400555e-05,0.0,0.0,0.0,0.0,7946,0.00020151026546955109,7946,0.00023285365023184568
4.3504900531843305e-05,0.0,0.0,0.0,0.0,7947,0.00026173042715527117,7947,0.0003052353276871145
9.982022311305627e-05,0.0,0.0,0.0,0.0,7948,0.00033866052399389446,7948,0.0004384807252790779
4.589340460370295e-05,0.0,0.0,0.0,0.0,7949,0.0002729755360633135,7949,0.00031886895885691047
2.3421049263561144e-05,0.0,0.0,0.0,0.0,7950,0.00019874911231454462,7950,0.00022217015794012696
0.00010093867604155093,0.0,0.0,0.0,0.0,7951,0.00022273680951911956,7951,0.0003236754855606705
0.0001261287834495306,0.0,0.0,0.0,0.0,7952,0.00023620016872882843,7952,0.00036232895217835903
5.280687764752656e-05,0.0,0.0,0.0,0.0,7953,0.00020082469563931227,7953,0.00025363158783875406
1.0794105946843047e-05,0.0,0.0,0.0,0.0,7954,0.00021494350221473724,7954,0.000225737618166022
3.79351076844614e-05,0.0,0.0,0.0,0.0,7955,0.00026634280220605433,7955,0.0003042778989765793
3.172830838593654e-05,0.0,0.0,0.0,0.0,7956,0.0002554058446548879,7956,0.00028713414212688804
8.412210263486486e-06,0.0,0.0,0.0,0.0,7957,0.00020623749878723174,7957,0.00021464971359819174
4.043973603984341e-05,0.0,0.0,0.0,0.0,7958,0.00020112180209252983,7958,0.00024156153085641563
6.702716200379655e-05,0.0,0.0,0.0,0.0,7959,0.00021673283481504768,7959,0.00028376001864671707
4.2002142436103895e-05,0.0,0.0,0.0,0.0,7960,0.00020505244901869446,7960,0.00024705461692065
8.073760909610428e-06,0.0,0.0,0.0,0.0,7961,0.00019844979397021234,7961,0.00020652356033679098
1.7558741092216223e-05,0.0,0.0,0.0,0.0,7962,0.00021940471197012812,7962,0.00023696344578638673
2.4619534087833017e-05,0.0,0.0,0.0,0.0,7963,0.0002258171298308298,7963,0.0002504366566427052
1.0404827662569005e-05,0.0,0.0,0.0,0.0,7964,0.0002053689386229962,7964,0.0002157737617380917
1.737336060614325e-05,0.0,0.0,0.0,0.0,7965,0.00019745153258554637,7965,0.00021482488955371082
3.2165797165362164e-05,0.0,0.0,0.0,0.0,7966,0.00020747986854985356,7966,0.00023964568390510976
2.897156991821248e-05,0.0,0.0,0.0,0.0,7967,0.00020605060853995383,7967,0.00023502216208726168
1.531437737867236e-05,0.0,0.0,0.0,0.0,7968,0.00019663432613015175,7968,0.00021194871806073934
1.0894916158576962e-05,0.0,0.0,0.0,0.0,7969,0.00020030104496981949,7969,0.0002111959911417216
1.816934673115611e-05,0.0,0.0,0.0,0.0,7970,0.00020679536100942641,7970,0.0002249646931886673
1.277244427910773e-05,0.0,0.0,0.0,0.0,7971,0.00020076091459486634,7971,0.0002135333779733628
1.4285663382906932e-05,0.0,0.0,0.0,0.0,7972,0.0001947667042259127,7972,0.00020905236306134611
1.9575572878238745e-05,0.0,0.0,0.0,0.0,7973,0.00019864695786964148,7973,0.00021822254348080605
2.16970711335307e-05,0.0,0.0,0.0,0.0,7974,0.00020017000497318804,7974,0.00022186707064975053
1.5930576410028152e-05,0.0,0.0,0.0,0.0,7975,0.00019481599156279117,7975,0.00021074656979180872
7.896091119619086e-06,0.0,0.0,0.0,0.0,7976,0.00019375515694264323,7976,0.00020165122987236828
1.1868982255691662e-05,0.0,0.0,0.0,0.0,7977,0.00019763784075621516,7977,0.00020950680482201278
1.1455103958724067e-05,0.0,0.0,0.0,0.0,7978,0.00019666401203721762,7978,0.0002081191196339205
8.872987564245705e-06,0.0,0.0,0.0,0.0,7979,0.00019213098858017474,7979,0.00020100397523492575
1.7807768017519265e-05,0.0,0.0,0.0,0.0,7980,0.00019169283041264862,7980,0.0002095006057061255
2.1696054318454117e-05,0.0,0.0,0.0,0.0,7981,0.00019284820882603526,7981,0.000214544270420447
2.051991759799421e-05,0.0,0.0,0.0,0.0,7982,0.00019097830227110535,7982,0.00021149823442101479
1.9626395442173816e-05,0.0,0.0,0.0,0.0,7983,0.00018997478764504194,7983,0.00020960118854418397
1.707408591755666e-05,0.0,0.0,0.0,0.0,7984,0.00019217043882235885,7984,0.00020924453565385193
2.4442018911940977e-05,0.0,0.0,0.0,0.0,7985,0.00019265709852334112,7985,0.00021709913562517613
2.5839468435151502e-05,0.0,0.0,0.0,0.0,7986,0.00019012652046512812,7986,0.00021596599253825843
4.0511393308406696e-05,0.0,0.0,0.0,0.0,7987,0.00018824059225153178,7987,0.0002287520037498325
5.438578227767721e-05,0.0,0.0,0.0,0.0,7988,0.00018817739328369498,7988,0.00024256316828541458
6.970806134631857e-05,0.0,0.0,0.0,0.0,7989,0.00018775154603645205,7989,0.00025745961465872824
9.112992120208219e-05,0.0,0.0,0.0,0.0,7990,0.00018734809418674558,7990,0.00027847799356095493
0.00011901676771230996,0.0,0.0,0.0,0.0,7991,0.0001882603974081576,7991,0.00030727716512046754
0.00015840362175367773,0.0,0.0,0.0,0.0,7992,0.00018945966439787298,7992,0.0003478633298072964
0.0002128363703377545,0.0,0.0,0.0,0.0,7993,0.00018792334594763815,7993,0.0004007597453892231
0.0002726353413891047,0.0,0.0,0.0,0.0,7994,0.00018644124793354422,7994,0.0004590765747707337
0.0003262350510340184,0.0,0.0,0.0,0.0,7995,0.00018561779870651662,7995,0.000511852849740535
0.00034627201966941357,0.0,0.0,0.0,0.0,7996,0.00018533424008637667,7996,0.0005316062597557902
0.00032525978167541325,0.0,0.0,0.0,0.0,7997,0.00018501454906072468,7997,0.0005102743161842227
0.0002480264811310917,0.0,0.0,0.0,0.0,7998,0.0001855210866779089,7998,0.0004335475678090006
0.0001435821468476206,0.0,0.0,0.0,0.0,7999,0.00018579645256977528,7999,0.0003293786139693111
5.406276250141673e-05,0.0,0.0,0.0,0.0,8000,0.00018559831369202584,8000,0.00023966107983142138
0.00015747726138215512,0.0,0.0,0.0,0.0,8001,0.00018438663391862065,8001,0.0003418639244046062
2.8333457521512173e-05,0.0,0.0,0.0,0.0,8002,0.00018367297889199108,8002,0.00021200644550845027
7.099824142642319e-05,0.0,0.0,0.0,0.0,8003,0.00018331516184844077,8003,0.00025431340327486396
0.0016356788109987974,0.0,0.0,0.0,0.0,8004,0.00018302875105291605,8004,0.0018187076784670353
0.0008735120063647628,0.0,0.0,0.0,0.0,8005,0.0003279957454651594,8005,0.001201507868245244
0.00032193755032494664,0.0,0.0,0.0,0.0,8006,0.0008843039395287633,8006,0.0012062415480613708
0.00015836607781238854,0.0,0.0,0.0,0.0,8007,0.001328072976320982,8007,0.00148643902502954
0.00013661365665029734,0.0,0.0,0.0,0.0,8008,0.0010492342989891768,8008,0.0011858479119837284
0.0004870942502748221,0.0,0.0,0.0,0.0,8009,0.0004617585218511522,8009,0.0009488528012298048
0.00021322380052879453,0.0,0.0,0.0,0.0,8010,0.00026864270330406725,8010,0.00048186653293669224
0.001130661927163601,0.0,0.0,0.0,0.0,8011,0.0008891861652955413,8011,0.002019848208874464
0.0009689167491160333,0.0,0.0,0.0,0.0,8012,0.0007856013835407794,8012,0.0017545182490721345
0.000251410820055753,0.0,0.0,0.0,0.0,8013,0.0002526931057218462,8013,0.0005041039548814297
0.0005534330266527832,0.0,0.0,0.0,0.0,8014,0.0003721859829965979,8014,0.0009256190387532115
0.0007844096980988979,0.0,0.0,0.0,0.0,8015,0.0005124016897752881,8015,0.001296811387874186
0.0003128721145913005,0.0,0.0,0.0,0.0,8016,0.00027837997185997665,8016,0.0005912521155551076
0.000294939789455384,0.0,0.0,0.0,0.0,8017,0.0003089126548729837,8017,0.0006038524443283677
0.000723197590559721,0.0,0.0,0.0,0.0,8018,0.0006299891974776983,8018,0.0013531867880374193
0.00040109414840117097,0.0,0.0,0.0,0.0,8019,0.0004681723949033767,8019,0.0008692665724083781
5.1839626394212246e-05,0.0,0.0,0.0,0.0,8020,0.0002267403033329174,8020,0.00027857994427904487
0.00022428049123845994,0.0,0.0,0.0,0.0,8021,0.00028440981986932456,8021,0.0005086903111077845
0.00028932769782841206,0.0,0.0,0.0,0.0,8022,0.00035111309261992574,8022,0.0006404407904483378
9.906914056045935e-05,0.0,0.0,0.0,0.0,8023,0.00024223908258136362,8023,0.0003413081867620349
3.260403173044324e-05,0.0,0.0,0.0,0.0,8024,0.00021438418480101973,8024,0.00024698820197954774
0.00015205261297523975,0.0,0.0,0.0,0.0,8025,0.0003070162492804229,8025,0.0004590688622556627
0.0001568428851896897,0.0,0.0,0.0,0.0,8026,0.00028434747946448624,8026,0.0004411903501022607
4.9406036850996315e-05,0.0,0.0,0.0,0.0,8027,0.0001943956594914198,8027,0.0002438016963424161
4.8792469897307456e-05,0.0,0.0,0.0,0.0,8028,0.00023309762764256448,8028,0.00028189009753987193
9.779816900845617e-05,0.0,0.0,0.0,0.0,8029,0.00030710018472746015,8029,0.00040489836828783154
5.259642057353631e-05,0.0,0.0,0.0,0.0,8030,0.0002601229934953153,8030,0.000312719406792894
2.5813755200942978e-05,0.0,0.0,0.0,0.0,8031,0.00018763350090011954,8031,0.00021344725973904133
0.00010363173350924626,0.0,0.0,0.0,0.0,8032,0.0001971165183931589,8032,0.00030074824462644756
0.00013485609088093042,0.0,0.0,0.0,0.0,8033,0.00020887954451609403,8033,0.0003437356499489397
6.460101576521993e-05,0.0,0.0,0.0,0.0,8034,0.00018383580027148128,8034,0.0002484368160367012
2.505205338820815e-05,0.0,0.0,0.0,0.0,8035,0.00020133644284214824,8035,0.0002263884962303564
4.18960589740891e-05,0.0,0.0,0.0,0.0,8036,0.0002517858811188489,8036,0.00029368195100687444
3.6441262636799365e-05,0.0,0.0,0.0,0.0,8037,0.00024463533191010356,8037,0.0002810765872709453
2.012360710068606e-05,0.0,0.0,0.0,0.0,8038,0.00019592107855714858,8038,0.00021604470384772867
4.6263900003395975e-05,0.0,0.0,0.0,0.0,8039,0.00018328404985368252,8039,0.00022954793530516326
7.193534838734195e-05,0.0,0.0,0.0,0.0,8040,0.00019336631521582603,8040,0.00026530164177529514
4.7229383199010044e-05,0.0,0.0,0.0,0.0,8041,0.00018613215070217848,8041,0.00023336154117714614
1.7987063984037377e-05,0.0,0.0,0.0,0.0,8042,0.00018649231060408056,8042,0.00020447938004508615
2.2590760636376217e-05,0.0,0.0,0.0,0.0,8043,0.00020849387510679662,8043,0.00023108463210519403
2.745423626038246e-05,0.0,0.0,0.0,0.0,8044,0.00021336744248401374,8044,0.000240821682382375
1.7295562429353595e-05,0.0,0.0,0.0,0.0,8045,0.00019263762806076556,8045,0.00020993317593820393
2.0718740415759385e-05,0.0,0.0,0.0,0.0,8046,0.00018373866623733193,8046,0.0002044574066530913
3.3921347494469956e-05,0.0,0.0,0.0,0.0,8047,0.00019103148952126503,8047,0.00022495283337775618
2.8497388484538533e-05,0.0,0.0,0.0,0.0,8048,0.0001894837769214064,8048,0.00021798118541482836
1.5626019376213662e-05,0.0,0.0,0.0,0.0,8049,0.00018334068590775132,8049,0.0001989667071029544
1.8413116777082905e-05,0.0,0.0,0.0,0.0,8050,0.00018829743203241378,8050,0.0002067105524474755
2.4242825020337477e-05,0.0,0.0,0.0,0.0,8051,0.0001929405116243288,8051,0.00021718333300668746
1.8882934455177747e-05,0.0,0.0,0.0,0.0,8052,0.0001865238300524652,8052,0.00020540675905067474
1.545853774587158e-05,0.0,0.0,0.0,0.0,8053,0.00018240422650706023,8053,0.00019786276970990002
2.010832577070687e-05,0.0,0.0,0.0,0.0,8054,0.00018654351879376918,8054,0.0002066518645733595
2.0433590179891326e-05,0.0,0.0,0.0,0.0,8055,0.00018687540432438254,8055,0.0002073090145131573
1.5039138816064224e-05,0.0,0.0,0.0,0.0,8056,0.00018194971198681742,8056,0.00019698885444086045
1.55529887706507e-05,0.0,0.0,0.0,0.0,8057,0.0001816495059756562,8057,0.00019720247655641288
1.891885040095076e-05,0.0,0.0,0.0,0.0,8058,0.00018430108320899308,8058,0.00020321995543781668
1.7316911907983012e-05,0.0,0.0,0.0,0.0,8059,0.00018235087918583304,8059,0.00019966778927482665
1.4728349924553186e-05,0.0,0.0,0.0,0.0,8060,0.00017932218906935304,8060,0.00019405054626986384
1.680674176895991e-05,0.0,0.0,0.0,0.0,8061,0.00018017119145952165,8061,0.00019697794050443918
1.8392931451671757e-05,0.0,0.0,0.0,0.0,8062,0.00018065837502945215,8062,0.00019905132649000734
1.6024992874008603e-05,0.0,0.0,0.0,0.0,8063,0.00017839788051787764,8063,0.0001944228570209816
1.4749567526450846e-05,0.0,0.0,0.0,0.0,8064,0.00017778870824258775,8064,0.00019253829668741673
1.5980980606400408e-05,0.0,0.0,0.0,0.0,8065,0.00017936660151463002,8065,0.00019534760212991387
1.5673804227844812e-05,0.0,0.0,0.0,0.0,8066,0.0001788741210475564,8066,0.0001945479161804542
1.4486120562651195e-05,0.0,0.0,0.0,0.0,8067,0.00017658143769949675,8067,0.00019106757827103138
1.5614945368724875e-05,0.0,0.0,0.0,0.0,8068,0.00017583055887371302,8068,0.0001914455060614273
1.6997026250464842e-05,0.0,0.0,0.0,0.0,8069,0.0001759082224452868,8069,0.00019290525233373046
1.5949846783769317e-05,0.0,0.0,0.0,0.0,8070,0.00017511726764496416,8070,0.00019106711260974407
1.4483500308415387e-05,0.0,0.0,0.0,0.0,8071,0.00017493776977062225,8071,0.00018942127644550055
1.4463295883615501e-05,0.0,0.0,0.0,0.0,8072,0.00017596312682144344,8072,0.00019042643543798476
1.4476270735030994e-05,0.0,0.0,0.0,0.0,8073,0.00017600470164325088,8073,0.00019048096146434546
1.4153869415167719e-05,0.0,0.0,0.0,0.0,8074,0.0001745218614814803,8074,0.00018867573817260563
0.0015407918253913522,0.0,0.0,0.0,0.0,8075,0.0001734425750328228,8075,0.001714234473183751
0.0007843342027626932,0.0,0.0,0.0,0.0,8076,0.0003045629127882421,8076,0.0010888969991356134
0.0002359118079766631,0.0,0.0,0.0,0.0,8077,0.0008411548333242536,8077,0.0010770666413009167
8.868265285855159e-05,0.0,0.0,0.0,0.0,8078,0.0012821330456063151,8078,0.0013708157930523157
9.148944081971422e-05,0.0,0.0,0.0,0.0,8079,0.0010353528195992112,8079,0.0011268422240391374
0.000502950104419142,0.0,0.0,0.0,0.0,8080,0.0004643663705792278,8080,0.0009673164458945394
3.956572982133366e-05,0.0,0.0,0.0,0.0,8081,0.0002558158594183624,8081,0.00029538158560171723
0.0023393300361931324,0.0,0.0,0.0,0.0,8082,0.0008865552954375744,8082,0.003225885331630707
0.0021465097088366747,0.0,0.0,0.0,0.0,8083,0.0008362277876585722,8083,0.002982737496495247
6.582292553503066e-05,0.0,0.0,0.0,0.0,8084,0.0002767824335023761,8084,0.0003426053444854915
0.0005034558707848191,0.0,0.0,0.0,0.0,8085,0.00034005881752818823,8085,0.0008435146883130074
0.0008121381397359073,0.0,0.0,0.0,0.0,8086,0.0005057658418081701,8086,0.0013179039815440774
0.00040187931153923273,0.0,0.0,0.0,0.0,8087,0.00029808402177877724,8087,0.0006999633042141795
0.00010101459338329732,0.0,0.0,0.0,0.0,8088,0.00030918873380869627,8088,0.0004102033271919936
0.0004974984913133085,0.0,0.0,0.0,0.0,8089,0.0006367660826072097,8089,0.0011342645157128572
0.00024998991284519434,0.0,0.0,0.0,0.0,8090,0.0006089830421842635,8090,0.0008589729550294578
9.218521881848574e-05,0.0,0.0,0.0,0.0,8091,0.00029080509557388723,8091,0.00038299031439237297
0.00018554010603111237,0.0,0.0,0.0,0.0,8092,0.00024391894112341106,8092,0.00042945900349877775
0.0003447691269684583,0.0,0.0,0.0,0.0,8093,0.00036013111821375787,8093,0.0007049002451822162
0.00019464408978819847,0.0,0.0,0.0,0.0,8094,0.00028321659192442894,8094,0.0004778606817126274
3.405626193853095e-05,0.0,0.0,0.0,0.0,8095,0.0001937383640324697,8095,0.00022779463324695826
0.00013113976456224918,0.0,0.0,0.0,0.0,8096,0.0002775123284664005,8096,0.0004086520930286497
0.00018835642549674958,0.0,0.0,0.0,0.0,8097,0.0003043865435756743,8097,0.0004927429836243391
6.902100722072646e-05,0.0,0.0,0.0,0.0,8098,0.0002017402439378202,8098,0.00027076125843450427
2.0977842723368667e-05,0.0,0.0,0.0,0.0,8099,0.00020317727467045188,8099,0.00022415511193685234
8.044972491916269e-05,0.0,0.0,0.0,0.0,8100,0.0003048032522201538,8100,0.00038525299169123173
6.235618639038876e-05,0.0,0.0,0.0,0.0,8101,0.00029235793044790626,8101,0.0003547141095623374
1.8399070540908724e-05,0.0,0.0,0.0,0.0,8102,0.00019791022350545973,8102,0.0002163093158742413
8.482608245685697e-05,0.0,0.0,0.0,0.0,8103,0.00018236426694784313,8103,0.00026719033485278487
0.0001533652248326689,0.0,0.0,0.0,0.0,8104,0.00020361033966764808,8104,0.000356975564500317
9.355214569950476e-05,0.0,0.0,0.0,0.0,8105,0.00018240034114569426,8105,0.0002759524795692414
2.6626139515428804e-05,0.0,0.0,0.0,0.0,8106,0.00019018429156858474,8106,0.00021681042562704533
3.346682569826953e-05,0.0,0.0,0.0,0.0,8107,0.00025016223662532866,8107,0.00028362905140966177
3.896622729371302e-05,0.0,0.0,0.0,0.0,8108,0.0002593673998489976,8108,0.0002983336162287742
2.123199919878971e-05,0.0,0.0,0.0,0.0,8109,0.00020348627003841102,8109,0.0002247182565042749
4.4165950384922326e-05,0.0,0.0,0.0,0.0,8110,0.00017394124006386846,8110,0.0002181071904487908
8.501617412548512e-05,0.0,0.0,0.0,0.0,8111,0.0001826506049837917,8111,0.0002676667645573616
6.163155194371939e-05,0.0,0.0,0.0,0.0,8112,0.00017821809160523117,8112,0.00023984964354895055
2.1123252736288123e-05,0.0,0.0,0.0,0.0,8113,0.00017394401947967708,8113,0.00019506725948303938
1.7893777112476528e-05,0.0,0.0,0.0,0.0,8114,0.00019616333884187043,8114,0.00021405710140243173
2.572691118984949e-05,0.0,0.0,0.0,0.0,8115,0.0002075653028441593,8115,0.0002332922158529982
1.5722700482001528e-05,0.0,0.0,0.0,0.0,8116,0.0001868128019850701,8116,0.00020253550610505044
1.5596509911119938e-05,0.0,0.0,0.0,0.0,8117,0.00017261550237890333,8117,0.00018821201229002327
3.085798380197957e-05,0.0,0.0,0.0,0.0,8118,0.00018034745880868286,8118,0.00021120544988662004
2.922764360846486e-05,0.0,0.0,0.0,0.0,8119,0.00018176340381614864,8119,0.00021099107107147574
1.4446948625845835e-05,0.0,0.0,0.0,0.0,8120,0.00017408624989911914,8120,0.00018853320216294378
1.5283729226212017e-05,0.0,0.0,0.0,0.0,8121,0.000177327252458781,8121,0.00019261098350398242
2.3357597456197254e-05,0.0,0.0,0.0,0.0,8122,0.00018373802595306188,8122,0.00020709563978016376
1.8720043954090215e-05,0.0,0.0,0.0,0.0,8123,0.0001785166241461411,8123,0.00019723667355719954
1.2746781976602506e-05,0.0,0.0,0.0,0.0,8124,0.00017364384257234633,8124,0.00018639063637237996
1.688037082203664e-05,0.0,0.0,0.0,0.0,8125,0.00017860301886685193,8125,0.00019548337149899453
2.274931284773629e-05,0.0,0.0,0.0,0.0,8126,0.00018040584109257907,8126,0.00020315515575930476
1.346081535302801e-05,0.0,0.0,0.0,0.0,8127,0.00017446767014916986,8127,0.00018792848277371377
1.3224587746663019e-05,0.0,0.0,0.0,0.0,8128,0.00017228299111593515,8128,0.00018550758250057697
1.746951056702528e-05,0.0,0.0,0.0,0.0,8129,0.00017494654457550496,8129,0.00019241604604758322
1.5961630197125487e-05,0.0,0.0,0.0,0.0,8130,0.0001735106052365154,8130,0.00018947225180454552
1.2091762982890941e-05,0.0,0.0,0.0,0.0,8131,0.00017016558558680117,8131,0.0001822573394747451
1.3650344953930471e-05,0.0,0.0,0.0,0.0,8132,0.00017097615636885166,8132,0.00018462649313732982
1.9889086615876295e-05,0.0,0.0,0.0,0.0,8133,0.0001718158891890198,8133,0.0001917049812618643
1.3980881703901105e-05,0.0,0.0,0.0,0.0,8134,0.00016924183000810444,8134,0.00018322271353099495
1.2724023690680042e-05,0.0,0.0,0.0,0.0,8135,0.00016797387797851115,8135,0.0001806978980312124
1.4512734196614474e-05,0.0,0.0,0.0,0.0,8136,0.00016964359383564442,8136,0.00018415632075630128
1.5044040083012078e-05,0.0,0.0,0.0,0.0,8137,0.00016948820848483592,8137,0.00018453224038239568
1.458893711969722e-05,0.0,0.0,0.0,0.0,8138,0.00016693639918230474,8138,0.00018152533448301256
1.670945312071126e-05,0.0,0.0,0.0,0.0,8139,0.00016590108862146735,8139,0.00018261055811308324
2.433379449939821e-05,0.0,0.0,0.0,0.0,8140,0.0001660271518630907,8140,0.00019036093726754189
2.573355595814064e-05,0.0,0.0,0.0,0.0,8141,0.00016521029465366155,8141,0.00019094384333584458
2.3065438654157333e-05,0.0,0.0,0.0,0.0,8142,0.00016486755339428782,8142,0.00018793299386743456
2.7927146220463328e-05,0.0,0.0,0.0,0.0,8143,0.0001660641428316012,8143,0.0001939912763191387
3.592794746509753e-05,0.0,0.0,0.0,0.0,8144,0.00016622681869193912,8144,0.00020215476979501545
4.716381590696983e-05,0.0,0.0,0.0,0.0,8145,0.00016483002400491387,8145,0.00021199385810177773
6.562401540577412e-05,0.0,0.0,0.0,0.0,8146,0.0001634144427953288,8146,0.0002290384582011029
9.720790694700554e-05,0.0,0.0,0.0,0.0,8147,0.00016311115177813917,8147,0.00026031906600110233
0.00013520760694518685,0.0,0.0,0.0,0.0,8148,0.00016283908917102963,8148,0.00029804668156430125
0.0001829870161600411,0.0,0.0,0.0,0.0,8149,0.0001627456076676026,8149,0.00034573260927572846
0.0002517104730941355,0.0,0.0,0.0,0.0,8150,0.00016308549675159156,8150,0.00041479594074189663
0.0003304648562334478,0.0,0.0,0.0,0.0,8151,0.00016375175619032234,8151,0.0004942166269756854
0.000403656653361395,0.0,0.0,0.0,0.0,8152,0.0001625827862881124,8152,0.0005662394687533379
0.00043785234447568655,0.0,0.0,0.0,0.0,8153,0.00016190695168916136,8153,0.0005997592816129327
0.000407292100135237,0.0,0.0,0.0,0.0,8154,0.0001613941858522594,8154,0.0005686862859874964
0.00029566860757768154,0.0,0.0,0.0,0.0,8155,0.00016117306950036436,8155,0.0004568416625261307
0.0001507305569248274,0.0,0.0,0.0,0.0,8156,0.00016093302110675722,8156,0.0003116635780315846
3.834819654002786e-05,0.0,0.0,0.0,0.0,8157,0.000161055926582776,8157,0.00019940412312280387
1.3401720934780315e-05,0.0,0.0,0.0,0.0,8158,0.0001611354382475838,8158,0.00017453715554438531
0.0015542547916993499,0.0,0.0,0.0,0.0,8159,0.00016068604600150138,8159,0.0017149409977719188
0.0008688173838891089,0.0,0.0,0.0,0.0,8160,0.00031672793556936085,8160,0.0011855453485623002
0.00038218984263949096,0.0,0.0,0.0,0.0,8161,0.0008668040973134339,8161,0.0012489939108490944
0.00023941548715811223,0.0,0.0,0.0,0.0,8162,0.0012915212428197265,8162,0.001530936686322093
0.00016930486890487373,0.0,0.0,0.0,0.0,8163,0.0009801294654607773,8163,0.0011494343634694815
0.0004834314459003508,0.0,0.0,0.0,0.0,8164,0.00040991074638441205,8164,0.0008933421922847629
0.00022372645616997033,0.0,0.0,0.0,0.0,8165,0.0002638535515870899,8165,0.000487579993205145
0.0016402561450377107,0.0,0.0,0.0,0.0,8166,0.0008913793717510998,8166,0.0025316355749964714
0.0005686821532435715,0.0,0.0,0.0,0.0,8167,0.0006143648643046618,8167,0.0011830469593405724
0.0003105382202193141,0.0,0.0,0.0,0.0,8168,0.0002143225137842819,8168,0.0005248607485555112
0.000566254835575819,0.0,0.0,0.0,0.0,8169,0.0003246687992941588,8169,0.0008909236639738083
0.0006503440672531724,0.0,0.0,0.0,0.0,8170,0.00038230654899962246,8170,0.0010326505871489644
0.00020658568246290088,0.0,0.0,0.0,0.0,8171,0.00021322499378584325,8171,0.0004198107053525746
4.1621755372034386e-05,0.0,0.0,0.0,0.0,8172,0.00033349840668961406,8172,0.00037512017297558486
0.00019482921925373375,0.0,0.0,0.0,0.0,8173,0.0005899688112549484,8173,0.0007847980596125126
0.0001549737062305212,0.0,0.0,0.0,0.0,8174,0.00046375070814974606,8174,0.0006187243852764368
6.0792699514422566e-05,0.0,0.0,0.0,0.0,8175,0.00021191959967836738,8175,0.0002727123210206628
0.00020855707407463342,0.0,0.0,0.0,0.0,8176,0.00023179360141512007,8176,0.00044035070459358394
0.0002738835464697331,0.0,0.0,0.0,0.0,8177,0.00029504590202122927,8177,0.0005689294775947928
9.4716546300333e-05,0.0,0.0,0.0,0.0,8178,0.00020598730770871043,8178,0.00030070386128500104
2.5978375560953282e-05,0.0,0.0,0.0,0.0,8179,0.00019029206305276603,8179,0.00021627044770866632
0.00013673384091816843,0.0,0.0,0.0,0.0,8180,0.00028435158310458064,8180,0.00042108542402274907
0.00014413698227144778,0.0,0.0,0.0,0.0,8181,0.000260048866039142,8181,0.0004041858483105898
4.585956412483938e-05,0.0,0.0,0.0,0.0,8182,0.00017142460274044424,8182,0.00021728416322730482
5.4326992540154606e-05,0.0,0.0,0.0,0.0,8183,0.00020557772950269282,8183,0.0002599047147668898
9.286590648116544e-05,0.0,0.0,0.0,0.0,8184,0.00026680625160224736,8184,0.0003596721508074552
4.447546598385088e-05,0.0,0.0,0.0,0.0,8185,0.00021873436344321817,8185,0.00026320983306504786
2.9154960429877974e-05,0.0,0.0,0.0,0.0,8186,0.0001646748132770881,8186,0.0001938297791639343
0.00010404448403278366,0.0,0.0,0.0,0.0,8187,0.00018474568787496537,8187,0.00028879017918370664
0.00012089021765859798,0.0,0.0,0.0,0.0,8188,0.0001895871973829344,8188,0.00031047742231749
5.1640898163896054e-05,0.0,0.0,0.0,0.0,8189,0.0001639320544200018,8189,0.00021557295985985547
2.3397928089252673e-05,0.0,0.0,0.0,0.0,8190,0.00018678406195249408,8190,0.00021018198458477855
3.8453348679468036e-05,0.0,0.0,0.0,0.0,8191,0.00022756187536288053,8191,0.0002660152385942638
2.675237919902429e-05,0.0,0.0,0.0,0.0,8192,0.00020798361219931394,8192,0.00023473598412238061
1.931324732140638e-05,0.0,0.0,0.0,0.0,8193,0.00016745047469157726,8193,0.0001867637038230896
5.238735684542917e-05,0.0,0.0,0.0,0.0,8194,0.00016645573487039655,8194,0.00021884309535380453
6.64427934680134e-05,0.0,0.0,0.0,0.0,8195,0.00017329168622381985,8195,0.00023973446513991803
3.396557440282777e-05,0.0,0.0,0.0,0.0,8196,0.00016337713168468326,8196,0.00019734271336346865
1.3105110156175215e-05,0.0,0.0,0.0,0.0,8197,0.00016963452799245715,8197,0.00018273963360115886
2.0535098883556202e-05,0.0,0.0,0.0,0.0,8198,0.00018951695528812706,8198,0.00021005205053370446
1.9301083739264868e-05,0.0,0.0,0.0,0.0,8199,0.00018469571659807116,8199,0.00020399679488036782
1.2122964108129963e-05,0.0,0.0,0.0,0.0,8200,0.00016574535402469337,8200,0.00017786832177080214
2.255037361464929e-05,0.0,0.0,0.0,0.0,8201,0.00016504291852470487,8201,0.00018759329395834357
3.136278974125162e-05,0.0,0.0,0.0,0.0,8202,0.00017104859580285847,8202,0.00020241137826815248
1.9343251551617868e-05,0.0,0.0,0.0,0.0,8203,0.00016575591871514916,8203,0.00018509916844777763
1.0205870239587966e-05,0.0,0.0,0.0,0.0,8204,0.00016355457773897797,8204,0.00017376044706907123
1.6521258658031e-05,0.0,0.0,0.0,0.0,8205,0.00017086748266592622,8205,0.0001873887376859784
1.766034802130889e-05,0.0,0.0,0.0,0.0,8206,0.00017079850658774376,8206,0.00018845884187612683
1.1066774277423974e-05,0.0,0.0,0.0,0.0,8207,0.00016327897901646793,8207,0.0001743457542033866
1.31303931993898e-05,0.0,0.0,0.0,0.0,8208,0.00016304804012179375,8208,0.00017617843695916235
1.800567224563565e-05,0.0,0.0,0.0,0.0,8209,0.00016640826652292162,8209,0.00018441393331158906
1.4526686754834373e-05,0.0,0.0,0.0,0.0,8210,0.00016337131091859192,8210,0.00017789799312595278
1.0227146958641242e-05,0.0,0.0,0.0,0.0,8211,0.00016026815865188837,8211,0.00017049531743396074
1.3256298188935034e-05,0.0,0.0,0.0,0.0,8212,0.00016282808792311698,8212,0.0001760843733791262
1.4265648133005016e-05,0.0,0.0,0.0,0.0,8213,0.00016352429520338774,8213,0.00017778994515538216
1.153279845311772e-05,0.0,0.0,0.0,0.0,8214,0.00015971515676937997,8214,0.0001712479570414871
1.2212302863190416e-05,0.0,0.0,0.0,0.0,8215,0.00015811738558113575,8215,0.00017032968753483146
1.4867863683321048e-05,0.0,0.0,0.0,0.0,8216,0.00015901333244983107,8216,0.00017388119886163622
1.3704333468922414e-05,0.0,0.0,0.0,0.0,8217,0.00015776870714034885,8217,0.00017147304606623948
1.0715202733990736e-05,0.0,0.0,0.0,0.0,8218,0.00015641999198123813,8218,0.00016713519289623946
1.0935469617834315e-05,0.0,0.0,0.0,0.0,8219,0.00015796870866324753,8219,0.00016890418191906065
1.1461358553788159e-05,0.0,0.0,0.0,0.0,8220,0.000158750539412722,8220,0.00017021190433297306
1.0715055395849049e-05,0.0,0.0,0.0,0.0,8221,0.0001565258571645245,8221,0.00016724091256037354
1.1001131497323513e-05,0.0,0.0,0.0,0.0,8222,0.00015468437050003558,8222,0.0001656855019973591
1.3199849490774795e-05,0.0,0.0,0.0,0.0,8223,0.00015453732339665294,8223,0.00016773719107732177
1.2960487765667494e-05,0.0,0.0,0.0,0.0,8224,0.00015409501793328673,8224,0.00016705550660844892
1.0999325240845792e-05,0.0,0.0,0.0,0.0,8225,0.00015381186676677316,8225,0.00016481119382660836
1.0947920600301586e-05,0.0,0.0,0.0,0.0,8226,0.00015489455836359411,8226,0.0001658424735069275
1.0975622899422888e-05,0.0,0.0,0.0,0.0,8227,0.0001554675109218806,8227,0.0001664431329118088
1.1076684131694492e-05,0.0,0.0,0.0,0.0,8228,0.0001541431702207774,8228,0.00016521985526196659
1.1660379641398322e-05,0.0,0.0,0.0,0.0,8229,0.00015269937284756452,8229,0.00016435974976047873
1.2889027857454494e-05,0.0,0.0,0.0,0.0,8230,0.00015229223936330527,8230,0.00016518126358278096
1.2912451893498655e-05,0.0,0.0,0.0,0.0,8231,0.00015205841918941587,8231,0.00016497087199240923
1.17630688691861e-05,0.0,0.0,0.0,0.0,8232,0.00015195392188616097,8232,0.00016371699166484177
1.1147249097120948e-05,0.0,0.0,0.0,0.0,8233,0.0001524846302345395,8233,0.00016363187751267105
1.0984140317304991e-05,0.0,0.0,0.0,0.0,8234,0.00015278506907634437,8234,0.00016376920393668115
1.0847898010979407e-05,0.0,0.0,0.0,0.0,8235,0.0001520514633739367,8235,0.00016289936320390552
1.0955926882161293e-05,0.0,0.0,0.0,0.0,8236,0.00015114530106075108,8236,0.00016210123430937529
1.1245028872508556e-05,0.0,0.0,0.0,0.0,8237,0.0001507807755842805,8237,0.00016202579718083143
1.126314964494668e-05,0.0,0.0,0.0,0.0,8238,0.00015058257849887013,8238,0.00016184573178179562
1.0710750757425558e-05,0.0,0.0,0.0,0.0,8239,0.00015042202721815556,8239,0.00016113277524709702
1.0399383427284192e-05,0.0,0.0,0.0,0.0,8240,0.00015053513925522566,8240,0.00016093451995402575
1.0337614185118582e-05,0.0,0.0,0.0,0.0,8241,0.00015058135613799095,8241,0.00016091896395664662
1.0278739864588715e-05,0.0,0.0,0.0,0.0,8242,0.00015011109644547105,8242,0.00016038984176702797
0.001540908357128501,0.0,0.0,0.0,0.0,8243,0.00014950655167922378,8243,0.0016904148506000638
0.0007448890246450901,0.0,0.0,0.0,0.0,8244,0.00030064216116443276,8244,0.001045531127601862
0.00018987341900356114,0.0,0.0,0.0,0.0,8245,0.0008769450942054391,8245,0.0010668184841051698
8.090812480077147e-05,0.0,0.0,0.0,0.0,8246,0.0013083363883197308,8246,0.0013892445713281631
7.408437522826716e-05,0.0,0.0,0.0,0.0,8247,0.000974122027400881,8247,0.0010482064681127667
0.0004423070640768856,0.0,0.0,0.0,0.0,8248,0.000380934274289757,8248,0.0008232413092628121
5.440294626168907e-05,0.0,0.0,0.0,0.0,8249,0.00027014888473786414,8249,0.0003245518309995532
0.0012273042229935527,0.0,0.0,0.0,0.0,8250,0.0009201337234117091,8250,0.0021474380046129227
0.0008374012541025877,0.0,0.0,0.0,0.0,8251,0.0006587531534023583,8251,0.001496154349297285
0.00011167852790094912,0.0,0.0,0.0,0.0,8252,0.00018570122483652085,8252,0.0002973797672893852
0.0007209418108686805,0.0,0.0,0.0,0.0,8253,0.00043756348895840347,8253,0.0011585053289309144
0.0007442306960001588,0.0,0.0,0.0,0.0,8254,0.0004551514866761863,8254,0.0011993821244686842
0.0001609767641639337,0.0,0.0,0.0,0.0,8255,0.00019143619283568114,8255,0.0003524129278957844
0.00034567047259770334,0.0,0.0,0.0,0.0,8256,0.0004102576058357954,8256,0.0007559280493296683
0.0005607515340670943,0.0,0.0,0.0,0.0,8257,0.0007025341037660837,8257,0.001263285637833178
0.00012729802983812988,0.0,0.0,0.0,0.0,8258,0.0004441766650415957,8258,0.0005714746657758951
3.6167915823170915e-05,0.0,0.0,0.0,0.0,8259,0.00017561664571985602,8259,0.00021178455790504813
0.00028494326397776604,0.0,0.0,0.0,0.0,8260,0.0002896412624977529,8260,0.0005745845264755189
0.0003138587926514447,0.0,0.0,0.0,0.0,8261,0.00033223023638129234,8261,0.000646089029032737
6.585140363313258e-05,0.0,0.0,0.0,0.0,8262,0.00018293128232471645,8262,0.000248782685957849
5.103199146105908e-05,0.0,0.0,0.0,0.0,8263,0.0002097278629662469,8263,0.00026075984351336956
0.0001955543557414785,0.0,0.0,0.0,0.0,8264,0.00032782467314973474,8264,0.000523379014339298
0.00013005662185605615,0.0,0.0,0.0,0.0,8265,0.00024640923948027194,8265,0.00037646584678441286
1.6352172679034993e-05,0.0,0.0,0.0,0.0,8266,0.00015403599536512047,8266,0.00017038815713021904
7.966037082951516e-05,0.0,0.0,0.0,0.0,8267,0.0002427276922389865,8267,0.0003223880776204169
0.00011334715964039788,0.0,0.0,0.0,0.0,8268,0.00029147410532459617,8268,0.00040482127224095166
3.167680188198574e-05,0.0,0.0,0.0,0.0,8269,0.00019545225950423628,8269,0.00022712904319632798
4.6521257900167257e-05,0.0,0.0,0.0,0.0,8270,0.00015276567137334496,8270,0.0001992869219975546
0.00013862330524716526,0.0,0.0,0.0,0.0,8271,0.0001942478265846148,8271,0.0003328711318317801
0.00011482082481961697,0.0,0.0,0.0,0.0,8272,0.00017873893375508487,8272,0.0002935597440227866
2.682669037312735e-05,0.0,0.0,0.0,0.0,8273,0.00015022052684798837,8273,0.0001770472154021263
2.7916783437831327e-05,0.0,0.0,0.0,0.0,8274,0.00020161995780654252,8274,0.00022953674488235265
4.9528825911693275e-05,0.0,0.0,0.0,0.0,8275,0.00023752168635837734,8275,0.0002870504977181554
2.0750680050696246e-05,0.0,0.0,0.0,0.0,8276,0.00018809217726811767,8276,0.00020884285913780332
2.4232285795733333e-05,0.0,0.0,0.0,0.0,8277,0.00014917872613295913,8277,0.00017341101192869246
7.369025843217969e-05,0.0,0.0,0.0,0.0,8278,0.00016360350127797574,8278,0.00023729375971015543
6.918301369296387e-05,0.0,0.0,0.0,0.0,8279,0.00016345996118616313,8279,0.0002326429821550846
2.008642150030937e-05,0.0,0.0,0.0,0.0,8280,0.00014896779612172395,8280,0.0001690542121650651
1.3435493201541249e-05,0.0,0.0,0.0,0.0,8281,0.0001691153593128547,8281,0.00018255085160490125
2.7727279302780516e-05,0.0,0.0,0.0,0.0,8282,0.00018978329899255186,8282,0.00021751057647634298
1.6459656762890518e-05,0.0,0.0,0.0,0.0,8283,0.00016962553490884602,8283,0.00018608520622365177
1.222576065629255e-05,0.0,0.0,0.0,0.0,8284,0.00014927066513337195,8284,0.0001614964276086539
3.5364137147553265e-05,0.0,0.0,0.0,0.0,8285,0.00015714352775830775,8285,0.00019250766490586102
3.756847945624031e-05,0.0,0.0,0.0,0.0,8286,0.0001599771494511515,8286,0.000197545625269413
1.4699362509418279e-05,0.0,0.0,0.0,0.0,8287,0.0001496838085586205,8287,0.00016438316379208118
1.2288943253224716e-05,0.0,0.0,0.0,0.0,8288,0.00015329466259572655,8288,0.00016558360948693007
2.1683828890672885e-05,0.0,0.0,0.0,0.0,8289,0.00016301793220918626,8289,0.00018470175564289093
1.6649211829644628e-05,0.0,0.0,0.0,0.0,8290,0.00015629509289283305,8290,0.00017294430290348828
1.0158224540646188e-05,0.0,0.0,0.0,0.0,8291,0.00014756918244529516,8291,0.00015772740880493075
2.0762585336342454e-05,0.0,0.0,0.0,0.0,8292,0.00015189257101155818,8292,0.00017265517089981586
2.3524882635683753e-05,0.0,0.0,0.0,0.0,8293,0.00015404672012664378,8293,0.00017757160821929574
1.5894105672487058e-05,0.0,0.0,0.0,0.0,8294,0.000147694576298818,8294,0.00016358868742827326
1.0639537322276738e-05,0.0,0.0,0.0,0.0,8295,0.00014699385792482644,8295,0.00015763338888064027
1.5405650628963485e-05,0.0,0.0,0.0,0.0,8296,0.0001515162002760917,8296,0.00016692184726707637
1.3597782526630908e-05,0.0,0.0,0.0,0.0,8297,0.00014931117766536772,8297,0.00016290895291604102
9.926573511620518e-06,0.0,0.0,0.0,0.0,8298,0.00014460188685916364,8298,0.00015452846128027886
1.6274480003630742e-05,0.0,0.0,0.0,0.0,8299,0.00014570656639989465,8299,0.0001619810500415042
1.8504066247260198e-05,0.0,0.0,0.0,0.0,8300,0.00014683969493489712,8300,0.00016534376482013613
1.5095653907337692e-05,0.0,0.0,0.0,0.0,8301,0.00014391264994628727,8301,0.00015900829748716205
1.3503160516847856e-05,0.0,0.0,0.0,0.0,8302,0.00014327603275887668,8302,0.00015677919145673513
1.2080957276339177e-05,0.0,0.0,0.0,0.0,8303,0.00014558748807758093,8303,0.0001576684444444254
1.1729501238733064e-05,0.0,0.0,0.0,0.0,8304,0.0001448173279641196,8304,0.00015654682647436857
1.3351698726182804e-05,0.0,0.0,0.0,0.0,8305,0.0001419643231201917,8305,0.0001553160254843533
1.4816372640780173e-05,0.0,0.0,0.0,0.0,8306,0.00014161730359774083,8306,0.0001564336707815528
1.6299385606544092e-05,0.0,0.0,0.0,0.0,8307,0.0001420334738213569,8307,0.00015833285578992218
1.461034389649285e-05,0.0,0.0,0.0,0.0,8308,0.00014081863628234714,8308,0.0001554289774503559
1.3166771168471314e-05,0.0,0.0,0.0,0.0,8309,0.00014056691725272685,8309,0.00015373369387816638
1.3706963727599941e-05,0.0,0.0,0.0,0.0,8310,0.00014180825382936746,8310,0.0001555152120999992
1.3611358554044273e-05,0.0,0.0,0.0,0.0,8311,0.00014145362365525216,8311,0.00015506497584283352
1.2986085494048893e-05,0.0,0.0,0.0,0.0,8312,0.00013968368875794113,8312,0.00015266977425199002
1.3822169421473518e-05,0.0,0.0,0.0,0.0,8313,0.00013901511556468904,8313,0.00015283728134818375
1.465419973101234e-05,0.0,0.0,0.0,0.0,8314,0.00013900735939387232,8314,0.00015366156003437936
1.3762993148702662e-05,0.0,0.0,0.0,0.0,8315,0.00013842286716680974,8315,0.0001521858648629859
1.278650506719714e-05,0.0,0.0,0.0,0.0,8316,0.000138271163450554,8316,0.00015105766942724586
1.2872416846221313e-05,0.0,0.0,0.0,0.0,8317,0.00013881638005841523,8317,0.00015168880054261535
1.2843612239521462e-05,0.0,0.0,0.0,0.0,8318,0.00013854900316800922,8318,0.00015139261086005718
1.2597299246408511e-05,0.0,0.0,0.0,0.0,8319,0.0001374454004690051,8319,0.00015004270244389772
1.3030802620050963e-05,0.0,0.0,0.0,0.0,8320,0.00013683665019925684,8320,0.0001498674537288025
1.3486776879290119e-05,0.0,0.0,0.0,0.0,8321,0.0001366440556012094,8321,0.00015013082884252071
1.3069950909994077e-05,0.0,0.0,0.0,0.0,8322,0.00013623641279991716,8322,0.00014930636098142713
1.2539456292870454e-05,0.0,0.0,0.0,0.0,8323,0.000136030517751351,8323,0.00014856997586321086
1.2543771845230367e-05,0.0,0.0,0.0,0.0,8324,0.00013617340300697833,8324,0.0001487171684857458
0.0001744607143336907,0.0,0.0,0.0,0.0,8325,0.00013589643640443683,8325,0.0003103571361862123
1.2878135748906061e-05,0.0,0.0,0.0,0.0,8326,0.00013537869381252676,8326,0.00014825683319941163
1.3506054528988898e-05,0.0,0.0,0.0,0.0,8327,0.00013475582818500698,8327,0.00014826188271399587
0.001592483022250235,0.0,0.0,0.0,0.0,8328,0.00013441867486108094,8328,0.0017269017407670617
0.0007518065976910293,0.0,0.0,0.0,0.0,8329,0.00028964667581021786,8329,0.001041453331708908
0.00018433660443406552,0.0,0.0,0.0,0.0,8330,0.000899102131370455,8330,0.0010834387503564358
8.561366121284664e-05,0.0,0.0,0.0,0.0,8331,0.0013519281055778265,8331,0.0014375417958945036
7.267888577189296e-05,0.0,0.0,0.0,0.0,8332,0.0009886372135952115,8332,0.0010613161139190197
0.00043214240577071905,0.0,0.0,0.0,0.0,8333,0.0003627884725574404,8333,0.000794930849224329
0.00036466450546868145,0.0,0.0,0.0,0.0,8334,0.0002682353078853339,8334,0.0006328998133540154
0.002801814815029502,0.0,0.0,0.0,0.0,8335,0.0009276554337702692,8335,0.003729470307007432
0.0005441205576062202,0.0,0.0,0.0,0.0,8336,0.0006259297952055931,8336,0.0011700503528118134
0.0002522345457691699,0.0,0.0,0.0,0.0,8337,0.00019086805696133524,8337,0.00044310258817858994
0.0005772304139100015,0.0,0.0,0.0,0.0,8338,0.0003346493758726865,8338,0.0009118798770941794
0.0006781922420486808,0.0,0.0,0.0,0.0,8339,0.0003860780270770192,8339,0.0010642702691257
0.0002098824770655483,0.0,0.0,0.0,0.0,8340,0.00019663930288515985,8340,0.0004065218090545386
7.593261398142204e-05,0.0,0.0,0.0,0.0,8341,0.0003652827872429043,8341,0.00044121540850028396
0.0002310101845068857,0.0,0.0,0.0,0.0,8342,0.0006321848486550152,8342,0.0008631950477138162
0.00012977309233974665,0.0,0.0,0.0,0.0,8343,0.00044390736729837954,8343,0.0005736805032938719
4.86107928736601e-05,0.0,0.0,0.0,0.0,8344,0.00018320453818887472,8344,0.0002318153128726408
0.000249401229666546,0.0,0.0,0.0,0.0,8345,0.00024058051349129528,8345,0.000489981728605926
0.00029075733618810773,0.0,0.0,0.0,0.0,8346,0.00028325215680524707,8346,0.0005740094929933548
8.181753219105303e-05,0.0,0.0,0.0,0.0,8347,0.00017164374003186822,8347,0.0002534612431190908
5.102899012854323e-05,0.0,0.0,0.0,0.0,8348,0.0001903818192658946,8348,0.00024141081667039543
0.00017965526785701513,0.0,0.0,0.0,0.0,8349,0.0002860856766346842,8349,0.00046574094449169934
0.0001533475733594969,0.0,0.0,0.0,0.0,8350,0.00022239518875721842,8350,0.0003757427621167153
9.226828115060925e-05,0.0,0.0,0.0,0.0,8351,0.00014336267486214638,8351,0.00023563095601275563
0.00019276037346571684,0.0,0.0,0.0,0.0,8352,0.00021340070816222578,8352,0.0004061610670760274
0.0002966288011521101,0.0,0.0,0.0,0.0,8353,0.0002578948624432087,8353,0.0005545236635953188
0.0003529187524691224,0.0,0.0,0.0,0.0,8354,0.00017834462050814182,8354,0.000531263358425349
0.0005183890461921692,0.0,0.0,0.0,0.0,8355,0.00014275008288677782,8355,0.0006611391436308622
0.0007463029469363391,0.0,0.0,0.0,0.0,8356,0.00017379630298819393,8356,0.0009200992644764483
0.0007922758813947439,0.0,0.0,0.0,0.0,8357,0.0001585757127031684,8357,0.0009508516523055732
0.0006266660057008266,0.0,0.0,0.0,0.0,8358,0.00014308594109024853,8358,0.0007697519613429904
0.00037253129994496703,0.0,0.0,0.0,0.0,8359,0.0001929764694068581,8359,0.0005655077984556556
0.00013286553439684212,0.0,0.0,0.0,0.0,8360,0.00021684046078007668,8360,0.0003497059806250036
1.9687009626068175e-05,0.0,0.0,0.0,0.0,8361,0.00017227856733370572,8361,0.0001919655769597739
0.00012680060171987861,0.0,0.0,0.0,0.0,8362,0.0001398476742906496,8362,0.0002666482760105282
0.0003155810118187219,0.0,0.0,0.0,0.0,8363,0.00014977307000663131,8363,0.00046535409637726843
0.0003538545861374587,0.0,0.0,0.0,0.0,8364,0.00014635575644206256,8364,0.000500210328027606
0.00021476093388628215,0.0,0.0,0.0,0.0,8365,0.00013906587264500558,8365,0.0003538267919793725
6.698314973618835e-05,0.0,0.0,0.0,0.0,8366,0.00015976953727658838,8366,0.0002267526724608615
2.436838622088544e-05,0.0,0.0,0.0,0.0,8367,0.00017213090904988348,8367,0.00019649931346066296
7.781658496242017e-05,0.0,0.0,0.0,0.0,8368,0.00015188759425655007,8368,0.00022970417921897024
0.00015938901924528182,0.0,0.0,0.0,0.0,8369,0.00013874744763597846,8369,0.0002981364668812603
0.0001759118604240939,0.0,0.0,0.0,0.0,8370,0.0001469117123633623,8370,0.00032282358733937144
9.80890981736593e-05,0.0,0.0,0.0,0.0,8371,0.0001463072549086064,8371,0.0002443963603582233
1.825015169742983e-05,0.0,0.0,0.0,0.0,8372,0.00013917795149609447,8372,0.0001574281050125137
2.6690975573728792e-05,0.0,0.0,0.0,0.0,8373,0.00014411161828320473,8373,0.00017080259567592293
8.390763105126098e-05,0.0,0.0,0.0,0.0,8374,0.00014980387641116977,8374,0.00023371151473838836
0.00010297998960595578,0.0,0.0,0.0,0.0,8375,0.00014237068535294384,8375,0.0002453506749588996
6.98036965331994e-05,0.0,0.0,0.0,0.0,8376,0.00013876469165552408,8376,0.00020856838091276586
2.99067614832893e-05,0.0,0.0,0.0,0.0,8377,0.00014413779717870057,8377,0.00017404454411007464
1.9101369616691954e-05,0.0,0.0,0.0,0.0,8378,0.00014352505968417972,8378,0.00016262642748188227
3.804142033914104e-05,0.0,0.0,0.0,0.0,8379,0.0001376873260596767,8379,0.00017572875367477536
6.291265890467912e-05,0.0,0.0,0.0,0.0,8380,0.00013843267515767366,8380,0.00020134531951043755
5.740091728512198e-05,0.0,0.0,0.0,0.0,8381,0.00014104795991443098,8381,0.00019844887719955295
2.7647463866742328e-05,0.0,0.0,0.0,0.0,8382,0.00013746805780101568,8382,0.0001651155180297792
1.1054616152250674e-05,0.0,0.0,0.0,0.0,8383,0.00013506357208825648,8383,0.00014611818187404424
2.3983522623893805e-05,0.0,0.0,0.0,0.0,8384,0.00013677249080501497,8384,0.00016075601160991937
4.02112455049064e-05,0.0,0.0,0.0,0.0,8385,0.00013620173558592796,8385,0.00017641298472881317
3.8529127778019756e-05,0.0,0.0,0.0,0.0,8386,0.00013343512546271086,8386,0.00017196427506860346
2.4571809262852184e-05,0.0,0.0,0.0,0.0,8387,0.0001343106123385951,8387,0.00015888242342043668
1.3056791431154124e-05,0.0,0.0,0.0,0.0,8388,0.0001359306334052235,8388,0.00014898742665536702
1.3047359061602037e-05,0.0,0.0,0.0,0.0,8389,0.0001339400332653895,8389,0.00014698739687446505
2.271818448207341e-05,0.0,0.0,0.0,0.0,8390,0.00013174503692425787,8390,0.0001544632250443101
2.9589904443128034e-05,0.0,0.0,0.0,0.0,8391,0.00013177776418160647,8391,0.0001613676722627133
2.403249527560547e-05,0.0,0.0,0.0,0.0,8392,0.00013146508717909455,8392,0.00015549758973065764
1.3489932825905271e-05,0.0,0.0,0.0,0.0,8393,0.00013070902787148952,8393,0.0001441989588784054
1.0596748325042427e-05,0.0,0.0,0.0,0.0,8394,0.00013168630539439619,8394,0.0001422830537194386
1.5553303455817513e-05,0.0,0.0,0.0,0.0,8395,0.00013252193457446992,8395,0.00014807523984927684
1.9618893929873593e-05,0.0,0.0,0.0,0.0,8396,0.0001312668900936842,8396,0.00015088578220456839
1.8870225176215172e-05,0.0,0.0,0.0,0.0,8397,0.00012959162995684892,8397,0.0001484618551330641
1.5241370419971645e-05,0.0,0.0,0.0,0.0,8398,0.00012922105088364333,8398,0.00014446242130361497
1.2024877833027858e-05,0.0,0.0,0.0,0.0,8399,0.0001289677165914327,8399,0.00014099258987698704
1.192192121379776e-05,0.0,0.0,0.0,0.0,8400,0.00012870367208961397,8400,0.00014062559057492763
1.440591768187005e-05,0.0,0.0,0.0,0.0,8401,0.00012926019553560764,8401,0.00014366611139848828
1.5423564036609605e-05,0.0,0.0,0.0,0.0,8402,0.00012954931298736483,8402,0.00014497287338599563
1.3177698747313116e-05,0.0,0.0,0.0,0.0,8403,0.00012876659457106143,8403,0.00014194429968483746
1.075384261639556e-05,0.0,0.0,0.0,0.0,8404,0.00012778678501490504,8404,0.00013854062126483768
1.0835539796971716e-05,0.0,0.0,0.0,0.0,8405,0.00012748911103699356,8405,0.0001383246562909335
1.231198893947294e-05,0.0,0.0,0.0,0.0,8406,0.00012727805005852133,8406,0.00013959003263153136
1.3004872016608715e-05,0.0,0.0,0.0,0.0,8407,0.0001270557113457471,8407,0.00014006058336235583
1.2440114915079903e-05,0.0,0.0,0.0,0.0,8408,0.00012720029917545617,8408,0.00013964041136205196
1.0947063856292516e-05,0.0,0.0,0.0,0.0,8409,0.00012720971426460892,8409,0.00013815677084494382
9.8034470283892e-06,0.0,0.0,0.0,0.0,8410,0.00012670294381678104,8410,0.00013650639448314905
1.0203316378465388e-05,0.0,0.0,0.0,0.0,8411,0.0001261363213416189,8411,0.0001363396440865472
1.1402015843486879e-05,0.0,0.0,0.0,0.0,8412,0.0001258666452486068,8412,0.0001372686674585566
1.1850047485495452e-05,0.0,0.0,0.0,0.0,8413,0.00012561144831124693,8413,0.00013746149488724768
1.099948804039741e-05,0.0,0.0,0.0,0.0,8414,0.0001253615046152845,8414,0.0001363609917461872
1.0038321306637954e-05,0.0,0.0,0.0,0.0,8415,0.00012530198728200048,8415,0.00013534030586015433
9.721533388074022e-06,0.0,0.0,0.0,0.0,8416,0.00012517280993051827,8416,0.0001348943478660658
1.0052889592770953e-05,0.0,0.0,0.0,0.0,8417,0.0001247542822966352,8417,0.00013480716734193265
0.0015698152128607035,0.0,0.0,0.0,0.0,8418,0.00012429918569978327,8418,0.001694114413112402
0.0007345658377744257,0.0,0.0,0.0,0.0,8419,0.00028835341800004244,8419,0.001022919313982129
0.0001768029178492725,0.0,0.0,0.0,0.0,8420,0.0009028614149428904,8420,0.001079664332792163
8.137476834235713e-05,0.0,0.0,0.0,0.0,8421,0.0013347072526812553,8421,0.00141608202829957
7.005230145296082e-05,0.0,0.0,0.0,0.0,8422,0.0009373411885462701,8422,0.00100739358458668
0.00039465384907089174,0.0,0.0,0.0,0.0,8423,0.0003205431276001036,8423,0.0007151969475671649
0.00023490504827350378,0.0,0.0,0.0,0.0,8424,0.0002797521301545203,8424,0.000514657178428024
0.0008034711936488748,0.0,0.0,0.0,0.0,8425,0.0009293003240600228,8425,0.0017327715177088976
0.0006348935421556234,0.0,0.0,0.0,0.0,8426,0.0007737500709481537,8426,0.0014086435548961163
0.00030894530937075615,0.0,0.0,0.0,0.0,8427,0.0002058536047115922,8427,0.0005147989140823483
0.0004900929634459317,0.0,0.0,0.0,0.0,8428,0.0002766632242128253,8428,0.000766756187658757
0.0007117448840290308,0.0,0.0,0.0,0.0,8429,0.00040420173900201917,8429,0.001115946564823389
0.00026859872741624713,0.0,0.0,0.0,0.0,8430,0.00018613217980600893,8430,0.0004547308781184256
3.159356492687948e-05,0.0,0.0,0.0,0.0,8431,0.000273345154710114,8431,0.0003049387305509299
0.0004793370026163757,0.0,0.0,0.0,0.0,8432,0.0005971956416033208,8432,0.0010765326442196965
0.00014191905211191624,0.0,0.0,0.0,0.0,8433,0.0004616798250935972,8433,0.0006035988917574286
1.8916174667538144e-05,0.0,0.0,0.0,0.0,8434,0.00016421762120444328,8434,0.00018313380132894963
0.00021313608158379793,0.0,0.0,0.0,0.0,8435,0.00021013033983763307,8435,0.0004232664650771767
0.0002997969277203083,0.0,0.0,0.0,0.0,8436,0.0002830474986694753,8436,0.0005828444263897836
8.747730316827074e-05,0.0,0.0,0.0,0.0,8437,0.00016419630264863372,8437,0.00025167359854094684
3.09976348944474e-05,0.0,0.0,0.0,0.0,8438,0.00016629777383059263,8438,0.00019729540508706123
0.00015755942149553448,0.0,0.0,0.0,0.0,8439,0.000280857173493132,8439,0.0004384166095405817
0.00012090295786038041,0.0,0.0,0.0,0.0,8440,0.00022510049166157842,8440,0.00034600344952195883
1.7567792383488268e-05,0.0,0.0,0.0,0.0,8441,0.0001316064881393686,8441,0.00014917427324689925
6.942318577785045e-05,0.0,0.0,0.0,0.0,8442,0.000200521171791479,8442,0.00026994437212124467
0.00010425504297018051,0.0,0.0,0.0,0.0,8443,0.0002484859724063426,8443,0.00035274101537652314
3.085218486376107e-05,0.0,0.0,0.0,0.0,8444,0.0001676026004133746,8444,0.00019845477072522044
3.87679974664934e-05,0.0,0.0,0.0,0.0,8445,0.00013244259753264487,8445,0.00017121058772318065
0.00012008204794256017,0.0,0.0,0.0,0.0,8446,0.00017007712449412793,8446,0.0002901591651607305
9.562524792272598e-05,0.0,0.0,0.0,0.0,8447,0.00015349277236964554,8447,0.0002491180202923715
2.1900952560827136e-05,0.0,0.0,0.0,0.0,8448,0.00012995413271710277,8448,0.0001518550852779299
2.8175523766549304e-05,0.0,0.0,0.0,0.0,8449,0.00017795394524000585,8449,0.00020612946536857635
4.288318086764775e-05,0.0,0.0,0.0,0.0,8450,0.00020297816081438214,8450,0.0002458613598719239
1.5533283658442087e-05,0.0,0.0,0.0,0.0,8451,0.0001552281464682892,8451,0.00017076142830774188
2.6464613256393932e-05,0.0,0.0,0.0,0.0,8452,0.00012750625319313258,8452,0.0001539708609925583
6.638449849560857e-05,0.0,0.0,0.0,0.0,8453,0.00014195602852851152,8453,0.0002083405270241201
5.198950748308562e-05,0.0,0.0,0.0,0.0,8454,0.00013667636085301638,8454,0.0001886658719740808
1.4004807781020645e-05,0.0,0.0,0.0,0.0,8455,0.00012798035459127277,8455,0.00014198516146279871
1.5878282283665612e-05,0.0,0.0,0.0,0.0,8456,0.00015105078637134284,8456,0.00016692906501702964
2.4343169570784084e-05,0.0,0.0,0.0,0.0,8457,0.00016193407645914704,8457,0.00018627724784892052
1.1540068044268992e-05,0.0,0.0,0.0,0.0,8458,0.00013895114534534514,8458,0.00015049120702315122
1.4806319086346775e-05,0.0,0.0,0.0,0.0,8459,0.0001276664261240512,8459,0.00014247273793444037
3.1991694413591176e-05,0.0,0.0,0.0,0.0,8460,0.00013680162373930216,8460,0.00016879332542885095
2.5449311578995548e-05,0.0,0.0,0.0,0.0,8461,0.00013407727237790823,8461,0.00015952657849993557
1.0333486898161937e-05,0.0,0.0,0.0,0.0,8462,0.00012732826871797442,8462,0.00013766175834462047
1.4709225979459006e-05,0.0,0.0,0.0,0.0,8463,0.00013557294732891023,8463,0.00015028216876089573
1.950261321326252e-05,0.0,0.0,0.0,0.0,8464,0.00013981194933876395,8464,0.00015931455709505826
1.1684546734613832e-05,0.0,0.0,0.0,0.0,8465,0.0001302242890233174,8465,0.00014190883666742593
1.1192273632332217e-05,0.0,0.0,0.0,0.0,8466,0.00012709312431979924,8466,0.00013828539522364736
1.8458506019669585e-05,0.0,0.0,0.0,0.0,8467,0.00013216608203947544,8467,0.00015062458987813443
1.5574569260934368e-05,0.0,0.0,0.0,0.0,8468,0.00012975971912965178,8468,0.00014533428475260735
9.374959518027026e-06,0.0,0.0,0.0,0.0,8469,0.00012529408559203148,8469,0.000134669040562585
1.258710017282283e-05,0.0,0.0,0.0,0.0,8470,0.0001286467449972406,8470,0.00014123384607955813
1.447231352358358e-05,0.0,0.0,0.0,0.0,8471,0.0001304640172747895,8471,0.0001449363335268572
1.0637524610501714e-05,0.0,0.0,0.0,0.0,8472,0.00012568249076139182,8472,0.00013632001355290413
1.0703086445573717e-05,0.0,0.0,0.0,0.0,8473,0.0001237372198374942,8473,0.00013444031355902553
1.4494975403067656e-05,0.0,0.0,0.0,0.0,8474,0.00012550172687042505,8474,0.0001399967004545033
1.2999836144444998e-05,0.0,0.0,0.0,0.0,8475,0.00012403812434058636,8475,0.00013703796139452606
9.523860171611886e-06,0.0,0.0,0.0,0.0,8476,0.00012229110870976,8476,0.0001318149734288454
1.057474310073303e-05,0.0,0.0,0.0,0.0,8477,0.00012441203580237925,8477,0.00013498678163159639
1.1400312359910458e-05,0.0,0.0,0.0,0.0,8478,0.00012509181397035718,8478,0.00013649213360622525
9.78834941633977e-06,0.0,0.0,0.0,0.0,8479,0.00012223958037793636,8479,0.00013202792615629733
1.0738406672317069e-05,0.0,0.0,0.0,0.0,8480,0.00012086133210686967,8480,0.00013159973605070263
1.2802931451005861e-05,0.0,0.0,0.0,0.0,8481,0.00012131147377658635,8481,0.00013411440886557102
1.1740939953597263e-05,0.0,0.0,0.0,0.0,8482,0.00012050827353959903,8482,0.0001322492171311751
9.733311344461981e-06,0.0,0.0,0.0,0.0,8483,0.00012007886834908277,8483,0.00012981219333596528
9.831855095399078e-06,0.0,0.0,0.0,0.0,8484,0.00012142879859311506,8484,0.00013126064732205123
9.963141565094702e-06,0.0,0.0,0.0,0.0,8485,0.00012155481817899272,8485,0.0001315179542871192
9.415701242687646e-06,0.0,0.0,0.0,0.0,8486,0.00011973979417234659,8486,0.00012915549450553954
1.0200435099250171e-05,0.0,0.0,0.0,0.0,8487,0.00011870986054418609,8487,0.00012891029473394156
1.129040992964292e-05,0.0,0.0,0.0,0.0,8488,0.00011866747081512585,8488,0.00012995788711123168
1.0475464478076901e-05,0.0,0.0,0.0,0.0,8489,0.00011821825319202617,8489,0.00012869371857959777
9.324709935754072e-06,0.0,0.0,0.0,0.0,8490,0.00011813094170065597,8490,0.00012745565618388355
9.28211557038594e-06,0.0,0.0,0.0,0.0,8491,0.00011878205987159163,8491,0.00012806417362298816
9.306385436502751e-06,0.0,0.0,0.0,0.0,8492,0.00011862131941597909,8492,0.00012792770576197654
9.135665095527656e-06,0.0,0.0,0.0,0.0,8493,0.00011752235877793282,8493,0.00012665802205447108
9.638178198656533e-06,0.0,0.0,0.0,0.0,8494,0.00011688596714520827,8494,0.00012652415898628533
1.0127539098903071e-05,0.0,0.0,0.0,0.0,8495,0.00011671714310068637,8495,0.00012684467947110534
9.689847502158955e-06,0.0,0.0,0.0,0.0,8496,0.00011637309944489971,8496,0.00012606295058503747
9.14047905098414e-06,0.0,0.0,0.0,0.0,8497,0.00011626890045590699,8497,0.00012540938041638583
9.125333235715516e-06,0.0,0.0,0.0,0.0,8498,0.00011647479550447315,8498,0.00012560012692119926
9.121907169173937e-06,0.0,0.0,0.0,0.0,8499,0.00011620051373029128,8499,0.0001253224181709811
9.101095201913267e-06,0.0,0.0,0.0,0.0,8500,0.0001154715646407567,8500,0.00012457265984266996
9.442928785574622e-06,0.0,0.0,0.0,0.0,8501,0.00011498478124849498,8501,0.0001244277082150802
9.695859262137674e-06,0.0,0.0,0.0,0.0,8502,0.00011471363541204482,8502,0.00012440948921721429
9.440699614060577e-06,0.0,0.0,0.0,0.0,8503,0.00011441963579272851,8503,0.00012386032904032618
9.135857908404432e-06,0.0,0.0,0.0,0.0,8504,0.00011432415340095758,8504,0.0001234600058523938
9.093259905057494e-06,0.0,0.0,0.0,0.0,8505,0.0001143442714237608,8505,0.0001234375376952812
9.100478564505465e-06,0.0,0.0,0.0,0.0,8506,0.00011404529504943639,8506,0.00012314577179495245
9.192058314511087e-06,0.0,0.0,0.0,0.0,8507,0.00011349210399203002,8507,0.0001226841559400782
9.470092663832474e-06,0.0,0.0,0.0,0.0,8508,0.0001130670279962942,8508,0.00012253712338861078
9.713363397167996e-06,0.0,0.0,0.0,0.0,8509,0.00011278784222668037,8509,0.00012250120926182717
9.54016468313057e-06,0.0,0.0,0.0,0.0,8510,0.00011257828009547666,8510,0.00012211845023557544
9.332225999969523e-06,0.0,0.0,0.0,0.0,8511,0.0001125108465203084,8511,0.00012184306979179382
9.268549547414295e-06,0.0,0.0,0.0,0.0,8512,0.00011245485802646726,8512,0.00012172341666882858
9.278882316721138e-06,0.0,0.0,0.0,0.0,8513,0.00011217028077226132,8513,0.00012144916399847716
9.38708308240166e-06,0.0,0.0,0.0,0.0,8514,0.00011173492384841666,8514,0.00012112201511627063
0.0016048070974647999,0.0,0.0,0.0,0.0,8515,0.00011137672117911279,8515,0.0017161838477477431
0.0007322548772208393,0.0,0.0,0.0,0.0,8516,0.00028944932273589075,8516,0.0010217042872682214
0.0017528755124658346,0.0,0.0,0.0,0.0,8517,0.0009362631826661527,8517,0.0026891387533396482
0.0001957375934580341,0.0,0.0,0.0,0.0,8518,0.001952325808815658,8518,0.002148063387721777
0.00016246899031102657,0.0,0.0,0.0,0.0,8519,0.0019209876190871,8519,0.0020834566093981266
5.49650976608973e-05,0.0,0.0,0.0,0.0,8520,0.0009555421420373023,8520,0.001010507345199585
0.00022237449593376368,0.0,0.0,0.0,0.0,8521,0.00017601237050257623,8521,0.00039838688098825514
0.0007764556212350726,0.0,0.0,0.0,0.0,8522,0.00043611644650809467,8522,0.0012125720968469977
0.0019705784507095814,0.0,0.0,0.0,0.0,8523,0.0006521514733321965,8523,0.002622729865834117
0.0003754834469873458,0.0,0.0,0.0,0.0,8524,0.0002840010274667293,8524,0.0006594844744540751
0.0009395499364472926,0.0,0.0,0.0,0.0,8525,0.0002632262767292559,8525,0.0012027762131765485
0.001128547708503902,0.0,0.0,0.0,0.0,8526,0.0003755511133931577,8526,0.0015040987636893988
0.0005521882558241487,0.0,0.0,0.0,0.0,8527,0.00020830162975471467,8527,0.0007604898419231176
0.0010231477208435535,0.0,0.0,0.0,0.0,8528,0.00048536164104007185,8528,0.001508509274572134
0.0017766407690942287,0.0,0.0,0.0,0.0,8529,0.0008532768697477877,8529,0.0026299175806343555
0.0001505015097791329,0.0,0.0,0.0,0.0,8530,0.0003825004387181252,8530,0.0005330019630491734
0.0006286134594120085,0.0,0.0,0.0,0.0,8531,0.00024137312720995396,8531,0.0008699866011738777
0.0008896831423044205,0.0,0.0,0.0,0.0,8532,0.00035269674845039845,8532,0.001242379890754819
0.00045999547000974417,0.0,0.0,0.0,0.0,8533,0.00022199218801688403,8533,0.0006819876725785434
0.0001377304142806679,0.0,0.0,0.0,0.0,8534,0.0002971665817312896,8534,0.0004348969960119575
0.00025745228049345315,0.0,0.0,0.0,0.0,8535,0.000568176677916199,8535,0.0008256289875134826
0.00021519152505788952,0.0,0.0,0.0,0.0,8536,0.0004553648759610951,8536,0.0006705563864670694
6.758753443136811e-05,0.0,0.0,0.0,0.0,8537,0.00017415557522326708,8537,0.0002417431096546352
0.00017805649258662015,0.0,0.0,0.0,0.0,8538,0.0002066768065560609,8538,0.0003847333136945963
0.000240325418417342,0.0,0.0,0.0,0.0,8539,0.0002927200112026185,8539,0.0005330453859642148
7.146256393752992e-05,0.0,0.0,0.0,0.0,8540,0.00018062438175547868,8540,0.00025208696024492383
4.5382777898339555e-05,0.0,0.0,0.0,0.0,8541,0.00013260537525638938,8541,0.00017798815679270774
0.00019032509590033442,0.0,0.0,0.0,0.0,8542,0.00020059406233485788,8542,0.0003909191582351923
0.00016351322119589895,0.0,0.0,0.0,0.0,8543,0.0001683546433923766,8543,0.000331867893692106
3.6387373256729916e-05,0.0,0.0,0.0,0.0,8544,0.00013175148342270404,8544,0.00016813886759337038
3.7156554753892124e-05,0.0,0.0,0.0,0.0,8545,0.00023752200650051236,8545,0.0002746785758063197
5.708476237487048e-05,0.0,0.0,0.0,0.0,8546,0.00029825660749338567,8546,0.0003553413844201714
2.5713761715451255e-05,0.0,0.0,0.0,0.0,8547,0.00020561365818139166,8547,0.00023132740170694888
7.514478784287348e-05,0.0,0.0,0.0,0.0,8548,0.00013372363173402846,8548,0.0002088683977490291
0.00016672976198606193,0.0,0.0,0.0,0.0,8549,0.00014134508091956377,8549,0.00030807487200945616
0.00013398670125752687,0.0,0.0,0.0,0.0,8550,0.00013385876081883907,8550,0.00026784546207636595
4.22345801780466e-05,0.0,0.0,0.0,0.0,8551,0.0001399222674081102,8551,0.000182156843948178
2.3704003979219124e-05,0.0,0.0,0.0,0.0,8552,0.00020062003750354052,8552,0.00022432404512073845
2.8384976758388802e-05,0.0,0.0,0.0,0.0,8553,0.00021790113532915711,8553,0.0002462861011736095
1.6771818991401233e-05,0.0,0.0,0.0,0.0,8554,0.0001585988065926358,8554,0.00017537063104100525
3.938224108424038e-05,0.0,0.0,0.0,0.0,8555,0.00012054338003508747,8555,0.00015992562111932784
7.448523683706298e-05,0.0,0.0,0.0,0.0,8556,0.00012666248949244618,8556,0.00020114771905355155
5.2872896048938856e-05,0.0,0.0,0.0,0.0,8557,0.0001223005965584889,8557,0.00017517349624540657
1.600865834916476e-05,0.0,0.0,0.0,0.0,8558,0.0001195746153825894,8558,0.00013558327918872237
1.973649523279164e-05,0.0,0.0,0.0,0.0,8559,0.00014059216482564807,8559,0.00016032866551540792
2.6975518267136067e-05,0.0,0.0,0.0,0.0,8560,0.00014494593779090792,8560,0.00017192144878208637
1.6028270692913793e-05,0.0,0.0,0.0,0.0,8561,0.00012397553655318916,8561,0.00014000380178913474
1.9573306417441927e-05,0.0,0.0,0.0,0.0,8562,0.00011971116327913478,8562,0.00013928445696365088
3.182281579938717e-05,0.0,0.0,0.0,0.0,8563,0.00013042250066064298,8563,0.00016224531282205135
2.4236012905021198e-05,0.0,0.0,0.0,0.0,8564,0.00012623598740901798,8564,0.00015047199849504977
1.6242640413111076e-05,0.0,0.0,0.0,0.0,8565,0.00011884293053299189,8565,0.00013508557458408177
2.5217026632162742e-05,0.0,0.0,0.0,0.0,8566,0.000124039375805296,8566,0.00014925640425644815
2.7826932637253776e-05,0.0,0.0,0.0,0.0,8567,0.00012511230306699872,8567,0.0001529392320662737
1.7918680896400474e-05,0.0,0.0,0.0,0.0,8568,0.00011865416308864951,8568,0.00013657283852808177
1.5952837202348746e-05,0.0,0.0,0.0,0.0,8569,0.00012093025725334883,8569,0.00013688309991266578
1.9507879187585786e-05,0.0,0.0,0.0,0.0,8570,0.00012613179569598287,8570,0.00014563967124558985
1.580545722390525e-05,0.0,0.0,0.0,0.0,8571,0.00012110094394301996,8571,0.0001369063975289464
1.3347056665224954e-05,0.0,0.0,0.0,0.0,8572,0.0001156202852143906,8572,0.00012896733824163675
1.6611604223726317e-05,0.0,0.0,0.0,0.0,8573,0.0001173978962469846,8573,0.00013400950410868973
1.6345273252227344e-05,0.0,0.0,0.0,0.0,8574,0.00011720847396645695,8574,0.00013355373812373728
1.1435285159677733e-05,0.0,0.0,0.0,0.0,8575,0.00011367522529326379,8575,0.00012511051318142563
1.2156167031207588e-05,0.0,0.0,0.0,0.0,8576,0.00011400716175558046,8576,0.00012616332969628274
1.4998433471191674e-05,0.0,0.0,0.0,0.0,8577,0.00011506428563734517,8577,0.00013006271910853684
1.3128242244420107e-05,0.0,0.0,0.0,0.0,8578,0.00011248631926719099,8578,0.0001256145624211058
1.1592539522098377e-05,0.0,0.0,0.0,0.0,8579,0.00011155912216054276,8579,0.00012315166532061994
1.3213173588155769e-05,0.0,0.0,0.0,0.0,8580,0.00011382983211660758,8580,0.00012704300752375275
1.3347124877327587e-05,0.0,0.0,0.0,0.0,8581,0.00011349462147336453,8581,0.00012684175453614444
1.3087706065562088e-05,0.0,0.0,0.0,0.0,8582,0.00011051933688577265,8582,0.00012360705295577645
1.5810001059435308e-05,0.0,0.0,0.0,0.0,8583,0.00010949307034024969,8583,0.00012530306412372738
1.7831678633228876e-05,0.0,0.0,0.0,0.0,8584,0.00010943113011308014,8584,0.000127262799651362
1.702544068393763e-05,0.0,0.0,0.0,0.0,8585,0.00010873741121031344,8585,0.00012576284643728286
1.6491887436131947e-05,0.0,0.0,0.0,0.0,8586,0.00010949424176942557,8586,0.00012598613102454692
1.809869172575418e-05,0.0,0.0,0.0,0.0,8587,0.00011114351218566298,8587,0.00012924220936838537
2.0303337805671617e-05,0.0,0.0,0.0,0.0,8588,0.00011029877350665629,8588,0.00013060211495030671
2.3258606233866885e-05,0.0,0.0,0.0,0.0,8589,0.00010827309597516432,8589,0.00013153170584701002
2.889137431338895e-05,0.0,0.0,0.0,0.0,8590,0.00010734850366134197,8590,0.0001362398761557415
3.497035868349485e-05,0.0,0.0,0.0,0.0,8591,0.00010716664110077545,8591,0.0001421369961462915
4.121064193896018e-05,0.0,0.0,0.0,0.0,8592,0.00010700970597099513,8592,0.00014822035154793411
5.031677574152127e-05,0.0,0.0,0.0,0.0,8593,0.00010773909161798656,8593,0.00015805586008355021
6.396075332304463e-05,0.0,0.0,0.0,0.0,8594,0.00010827265941770747,8594,0.00017223342729266733
8.132731454679742e-05,0.0,0.0,0.0,0.0,8595,0.00010782099707284942,8595,0.00018914831161964685
0.0001038411573972553,0.0,0.0,0.0,0.0,8596,0.00010657782695489004,8596,0.00021041897707618773
0.00013108798884786665,0.0,0.0,0.0,0.0,8597,0.00010622003901517019,8597,0.00023730802058707923
0.00016072441940195858,0.0,0.0,0.0,0.0,8598,0.00010611012839945033,8598,0.0002668345405254513
0.00018894051027018577,0.0,0.0,0.0,0.0,8599,0.00010600878158584237,8599,0.0002949492773041129
0.00021138299780432135,0.0,0.0,0.0,0.0,8600,0.00010614905477268621,8600,0.0003175320744048804
0.00021945392654743046,0.0,0.0,0.0,0.0,8601,0.0001065070609911345,8601,0.00032596098026260734
0.00020717925508506596,0.0,0.0,0.0,0.0,8602,0.00010580706293694675,8602,0.0003129863180220127
0.00017169619968626648,0.0,0.0,0.0,0.0,8603,0.00010530829604249448,8603,0.00027700449572876096
0.00012071504897903651,0.0,0.0,0.0,0.0,8604,0.0001049990751198493,8604,0.00022571413137484342
6.731313624186441e-05,0.0,0.0,0.0,0.0,8605,0.00010475919407326728,8605,0.0001720723375910893
2.6957079171552323e-05,0.0,0.0,0.0,0.0,8606,0.00010457699681865051,8606,0.00013153407780919224
9.675926776253618e-06,0.0,0.0,0.0,0.0,8607,0.00010461050987942144,8607,0.00011428644211264327
1.5165961485763546e-05,0.0,0.0,0.0,0.0,8608,0.00010453606955707073,8608,0.00011970203195232898
3.5149758332408965e-05,0.0,0.0,0.0,0.0,8609,0.00010407161607872695,8609,0.0001392213744111359
5.8069163060281426e-05,0.0,0.0,0.0,0.0,8610,0.0001036484754877165,8610,0.00016171764582395554
7.353832188528031e-05,0.0,0.0,0.0,0.0,8611,0.00010333020327379927,8611,0.00017686851788312197
7.464323425665498e-05,0.0,0.0,0.0,0.0,8612,0.00010311068763257936,8612,0.0001777539000613615
6.269387813517824e-05,0.0,0.0,0.0,0.0,8613,0.0001029490158543922,8613,0.0001656428794376552
4.296899714972824e-05,0.0,0.0,0.0,0.0,8614,0.00010297747212462127,8614,0.00014594648382626474
2.3845024770707823e-05,0.0,0.0,0.0,0.0,8615,0.00010277482215315104,8615,0.00012661983782891184
1.1951852684433106e-05,0.0,0.0,0.0,0.0,8616,0.00010244672739645466,8616,0.00011439857189543545
9.975109605875332e-06,0.0,0.0,0.0,0.0,8617,0.00010207152081420645,8617,0.0001120466404245235
1.5914540199446492e-05,0.0,0.0,0.0,0.0,8618,0.00010180386016145349,8618,0.00011771840217988938
2.5033958081621677e-05,0.0,0.0,0.0,0.0,8619,0.00010164685227209702,8619,0.0001266808103537187
3.2480773370480165e-05,0.0,0.0,0.0,0.0,8620,0.0001015347515931353,8620,0.00013401552860159427
3.506688881316222e-05,0.0,0.0,0.0,0.0,8621,0.00010153207404073328,8621,0.0001365989592159167
3.221938823116943e-05,0.0,0.0,0.0,0.0,8622,0.00010130104783456773,8622,0.00013352042878977954
2.5462290068389848e-05,0.0,0.0,0.0,0.0,8623,0.00010104548709932715,8623,0.0001265077735297382
1.784197593224235e-05,0.0,0.0,0.0,0.0,8624,0.00010072121222037822,8624,0.00011856318451464176
1.2019566383969504e-05,0.0,0.0,0.0,0.0,8625,0.00010052032303065062,8625,0.00011253988486714661
9.537686310068239e-06,0.0,0.0,0.0,0.0,8626,0.00010037385072791949,8626,0.00010991155431838706
0.0016124565154314041,0.0,0.0,0.0,0.0,8627,0.00010028713586507365,8627,0.0017127435421571136
0.0007160406094044447,0.0,0.0,0.0,0.0,8628,0.000297251099254936,8628,0.0010132917668670416
0.0001653286162763834,0.0,0.0,0.0,0.0,8629,0.0009700608788989484,8629,0.0011353895533829927
0.0014726294903084636,0.0,0.0,0.0,0.0,8630,0.0013681844575330615,8630,0.002840813947841525
0.0003547403321135789,0.0,0.0,0.0,0.0,8631,0.0003292666806373745,8631,0.0006840070127509534
0.0010967445559799671,0.0,0.0,0.0,0.0,8632,0.00035432082950137556,8632,0.0014510654145851731
0.001920019625686109,0.0,0.0,0.0,0.0,8633,0.0007839788449928164,8633,0.0027039984706789255
0.0006402214057743549,0.0,0.0,0.0,0.0,8634,0.00022619517403654754,8634,0.0008664166089147329
0.00047966252896003425,0.0,0.0,0.0,0.0,8635,0.00037890212843194604,8635,0.0008585646282881498
0.0010425715008750558,0.0,0.0,0.0,0.0,8636,0.0008031071629375219,8636,0.0018456786638125777
0.00044407485984265804,0.0,0.0,0.0,0.0,8637,0.0003551491245161742,8637,0.0007992239552550018
3.702648973558098e-05,0.0,0.0,0.0,0.0,8638,0.00021107080101501197,8638,0.00024809729075059295
0.0004556736093945801,0.0,0.0,0.0,0.0,8639,0.000741819676477462,8639,0.001197493402287364
0.0004097411292605102,0.0,0.0,0.0,0.0,8640,0.0006756586953997612,8640,0.0010853998828679323
3.495236160233617e-05,0.0,0.0,0.0,0.0,8641,0.00018823376740328968,8641,0.00022318612900562584
0.0002642697945702821,0.0,0.0,0.0,0.0,8642,0.0002729007974267006,8642,0.0005371705628931522
0.0004915429162792861,0.0,0.0,0.0,0.0,8643,0.0004662343126256019,8643,0.0009577772580087185
0.00018034831737168133,0.0,0.0,0.0,0.0,8644,0.00023991503985598683,8644,0.00042026335722766817
2.31208759942092e-05,0.0,0.0,0.0,0.0,8645,0.00015491183148697019,8645,0.00017803270020522177
0.00025848651421256363,0.0,0.0,0.0,0.0,8646,0.000370289315469563,8646,0.0006287758005782962
0.00023479407536797225,0.0,0.0,0.0,0.0,8647,0.000324160821037367,8647,0.0005589548964053392
2.225611387984827e-05,0.0,0.0,0.0,0.0,8648,0.00012733803305309266,8648,0.00014959415420889854
0.00010320976434741169,0.0,0.0,0.0,0.0,8649,0.00021242903312668204,8649,0.0003156387829221785
0.00018647543038241565,0.0,0.0,0.0,0.0,8650,0.0003163684450555593,8650,0.0005028438754379749
6.938003207324073e-05,0.0,0.0,0.0,0.0,8651,0.00018813653150573373,8651,0.00025751657085493207
3.8151392800500616e-05,0.0,0.0,0.0,0.0,8652,0.00011766879470087588,8652,0.0001558201911393553
0.00017727629165165126,0.0,0.0,0.0,0.0,8653,0.00019831596000585705,8653,0.00037559226620942354
0.0001535612827865407,0.0,0.0,0.0,0.0,8654,0.00017791803111322224,8654,0.0003314792993478477
2.7115804186905734e-05,0.0,0.0,0.0,0.0,8655,0.00011315980373183265,8655,0.00014027560246177018
4.622734195436351e-05,0.0,0.0,0.0,0.0,8656,0.00018093510880135,8656,0.00022716245439369231
8.280186011688784e-05,0.0,0.0,0.0,0.0,8657,0.00023159082047641277,8657,0.000314392673317343
2.648177178343758e-05,0.0,0.0,0.0,0.0,8658,0.00015603694191668183,8658,0.0001825187064241618
3.0116741982055828e-05,0.0,0.0,0.0,0.0,8659,0.0001144929337897338,8659,0.00014460967213381082
9.937586582964286e-05,0.0,0.0,0.0,0.0,8660,0.00014828229905106127,8660,0.00024765817215666175
7.802676555002108e-05,0.0,0.0,0.0,0.0,8661,0.00013753441453445703,8661,0.00021556118736043572
1.512322614871664e-05,0.0,0.0,0.0,0.0,8662,0.00011373698362149298,8662,0.00012886020704172552
2.5650982934166677e-05,0.0,0.0,0.0,0.0,8663,0.00015078717842698097,8663,0.00017643815954215825
4.190377876511775e-05,0.0,0.0,0.0,0.0,8664,0.00016973503807093948,8664,0.00021163883502595127
1.4590790669899434e-05,0.0,0.0,0.0,0.0,8665,0.0001301013253396377,8665,0.00014469210873357952
1.877693102869671e-05,0.0,0.0,0.0,0.0,8666,0.00011403681128285825,8666,0.00013281374413054436
4.890873969998211e-05,0.0,0.0,0.0,0.0,8667,0.000132293687784113,8667,0.0001812024274840951
3.491260213195346e-05,0.0,0.0,0.0,0.0,8668,0.00012504005280788988,8668,0.00015995265857782215
8.734326002013404e-06,0.0,0.0,0.0,0.0,8669,0.00011197829007869586,8669,0.00012071262608515099
1.9271114069852047e-05,0.0,0.0,0.0,0.0,8670,0.00012757429794874042,8670,0.00014684541383758187
2.6348616302129813e-05,0.0,0.0,0.0,0.0,8671,0.00013360167213249952,8671,0.00015995028661563993
1.0766023478936404e-05,0.0,0.0,0.0,0.0,8672,0.00011573971278266981,8672,0.00012650573626160622
1.1696389265125617e-05,0.0,0.0,0.0,0.0,8673,0.0001128993317252025,8673,0.00012459572462830693
2.4394586944254115e-05,0.0,0.0,0.0,0.0,8674,0.00012281820818316191,8674,0.00014721279148943722
1.7030355593306012e-05,0.0,0.0,0.0,0.0,8675,0.00011693398846546188,8675,0.0001339643495157361
7.445239589287667e-06,0.0,0.0,0.0,0.0,8676,0.00010964182729367167,8676,0.00011708706733770669
1.4628552889917046e-05,0.0,0.0,0.0,0.0,8677,0.0001166580623248592,8677,0.00013128662249073386
1.6758755009504966e-05,0.0,0.0,0.0,0.0,8678,0.00011828589776996523,8678,0.00013504464004654437
8.69062205310911e-06,0.0,0.0,0.0,0.0,8679,0.0001098923894460313,8679,0.00011858301149914041
1.0236272828478832e-05,0.0,0.0,0.0,0.0,8680,0.00010961099178530276,8680,0.00011984727461822331
1.6169025911949575e-05,0.0,0.0,0.0,0.0,8681,0.00011368141713319346,8681,0.00012985043576918542
1.1964169971179217e-05,0.0,0.0,0.0,0.0,8682,0.0001098114880733192,8682,0.00012177565804449841
7.806261237419676e-06,0.0,0.0,0.0,0.0,8683,0.00010707594628911465,8683,0.00011488219752209261
1.108526066673221e-05,0.0,0.0,0.0,0.0,8684,0.0001110886805690825,8684,0.0001221739366883412
1.130254713643808e-05,0.0,0.0,0.0,0.0,8685,0.00011108179751317948,8685,0.00012238434283062816
7.90894864621805e-06,0.0,0.0,0.0,0.0,8686,0.00010646104055922478,8686,0.00011436999193392694
9.98533778329147e-06,0.0,0.0,0.0,0.0,8687,0.00010605186980683357,8687,0.00011603721213759854
1.2868679732491728e-05,0.0,0.0,0.0,0.0,8688,0.00010724582534749061,8688,0.00012011449871351942
1.0076012586068828e-05,0.0,0.0,0.0,0.0,8689,0.00010526987171033397,8689,0.0001153458870248869
7.77956211095443e-06,0.0,0.0,0.0,0.0,8690,0.00010496127652004361,8690,0.00011274084681645036
9.028583917825017e-06,0.0,0.0,0.0,0.0,8691,0.00010738987475633621,8691,0.00011641845776466653
8.738817086850759e-06,0.0,0.0,0.0,0.0,8692,0.00010684376320568845,8692,0.00011558257392607629
7.78969842940569e-06,0.0,0.0,0.0,0.0,8693,0.00010401745385024697,8693,0.00011180714500369504
9.653032066125888e-06,0.0,0.0,0.0,0.0,8694,0.00010346814815420657,8694,0.00011312118294881657
1.1070608707086649e-05,0.0,0.0,0.0,0.0,8695,0.0001036624817061238,8695,0.00011473309132270515
9.276880518882535e-06,0.0,0.0,0.0,0.0,8696,0.00010281074355589226,8696,0.0001120876258937642
8.107498615572695e-06,0.0,0.0,0.0,0.0,8697,0.0001032001746352762,8697,0.00011130767234135419
8.588971468270756e-06,0.0,0.0,0.0,0.0,8698,0.00010443024075357243,8698,0.00011301919585093856
8.506707672495395e-06,0.0,0.0,0.0,0.0,8699,0.00010367290087742731,8699,0.0001121796085499227
8.522790267306846e-06,0.0,0.0,0.0,0.0,8700,0.00010206982551608235,8700,0.00011059261305490509
9.875007890514098e-06,0.0,0.0,0.0,0.0,8701,0.0001016695678117685,8701,0.000111544577521272
1.065814467438031e-05,0.0,0.0,0.0,0.0,8702,0.00010155103518627584,8702,0.00011220917804166675
9.930748092301656e-06,0.0,0.0,0.0,0.0,8703,0.00010113981261383742,8703,0.00011107056343462318
9.813994438445661e-06,0.0,0.0,0.0,0.0,8704,0.00010147305147256702,8704,0.00011128704500151798
1.0655503501766361e-05,0.0,0.0,0.0,0.0,8705,0.0001018900002236478,8705,0.00011254550190642476
1.1364979400241282e-05,0.0,0.0,0.0,0.0,8706,0.00010127520363312215,8706,0.00011264018394285813
1.2696138583123684e-05,0.0,0.0,0.0,0.0,8707,0.0001002986027742736,8707,0.00011299474135739729
1.4969259609642904e-05,0.0,0.0,0.0,0.0,8708,9.998452878789976e-05,8708,0.00011495378566905856
1.7276608559768647e-05,0.0,0.0,0.0,0.0,8709,9.976641013054177e-05,8709,0.00011704302596626803
1.975656778085977e-05,0.0,0.0,0.0,0.0,8710,9.952425170922652e-05,8710,0.00011928081221412867
2.3804401280358434e-05,0.0,0.0,0.0,0.0,8711,9.964741911971942e-05,8711,0.00012345181312412024
2.9704922781093046e-05,0.0,0.0,0.0,0.0,8712,9.978115849662572e-05,8712,0.00012948608491569757
3.792765346588567e-05,0.0,0.0,0.0,0.0,8713,9.917132410919294e-05,8713,0.0001370989775750786
4.9271726311417297e-05,0.0,0.0,0.0,0.0,8714,9.86426166491583e-05,8714,0.0001479143393225968
6.491553358500823e-05,0.0,0.0,0.0,0.0,8715,9.836523531703278e-05,8715,0.00016328076890204102
8.510809857398272e-05,0.0,0.0,0.0,0.0,8716,9.814657823881134e-05,8716,0.00018325468408875167
0.00011083919525844976,0.0,0.0,0.0,0.0,8717,9.796291851671413e-05,8717,0.00020880209922324866
0.00014202180318534374,0.0,0.0,0.0,0.0,8718,9.810798655962572e-05,8718,0.00024012978246901184
0.00017786341777537018,0.0,0.0,0.0,0.0,8719,9.785968723008409e-05,8719,0.0002757231122814119
0.0002121433790307492,0.0,0.0,0.0,0.0,8720,9.761183173395693e-05,8720,0.00030975521076470613
0.00023890796001069248,0.0,0.0,0.0,0.0,8721,9.709819278214127e-05,8721,0.0003360061382409185
0.000246087001869455,0.0,0.0,0.0,0.0,8722,9.690013393992558e-05,8722,0.00034298712853342295
0.00022660168178845197,0.0,0.0,0.0,0.0,8723,9.667293488746509e-05,8723,0.00032327460939995944
0.0001784484920790419,0.0,0.0,0.0,0.0,8724,9.662732190918177e-05,8724,0.00027507584309205413
0.00011472607002360746,0.0,0.0,0.0,0.0,8725,9.649870480643585e-05,8725,0.00021122477483004332
5.397558561526239e-05,0.0,0.0,0.0,0.0,8726,9.643600060371682e-05,8726,0.00015041159349493682
1.6133008102769963e-05,0.0,0.0,0.0,0.0,8727,9.60479155764915e-05,8727,0.00011218092549825087
8.488837011100259e-06,0.0,0.0,0.0,0.0,8728,9.574707655701786e-05,8728,0.00010423590720165521
2.5690198526717722e-05,0.0,0.0,0.0,0.0,8729,9.554049029247835e-05,8729,0.00012123068881919608
5.421953756012954e-05,0.0,0.0,0.0,0.0,8730,9.535915887681767e-05,8730,0.00014957870007492602
7.76881497586146e-05,0.0,0.0,0.0,0.0,8731,9.532320837024599e-05,8731,0.0001730113581288606
8.610133227193728e-05,0.0,0.0,0.0,0.0,8732,9.517565194983035e-05,8732,0.00018127699149772525
7.545088010374457e-05,0.0,0.0,0.0,0.0,8733,9.508317452855408e-05,8733,0.00017053405463229865
5.266691732686013e-05,0.0,0.0,0.0,0.0,8734,9.474012040300295e-05,8734,0.00014740703045390546
2.760675852186978e-05,0.0,0.0,0.0,0.0,8735,9.45276187849231e-05,8735,0.00012213437003083527
0.0016381611349061131,0.0,0.0,0.0,0.0,8736,9.43206250667572e-05,8736,0.0017324817599728703
0.0007068946142680943,0.0,0.0,0.0,0.0,8737,0.0002868013398256153,8737,0.000993696041405201
0.00014620283036492765,0.0,0.0,0.0,0.0,8738,0.0009817518293857574,8738,0.0011279546888545156
0.0005205111228860915,0.0,0.0,0.0,0.0,8739,0.001388802076689899,8739,0.0019093132577836514
0.0006663562380708754,0.0,0.0,0.0,0.0,8740,0.0005641485331580043,8740,0.0012305048294365406
6.374835356837139e-05,0.0,0.0,0.0,0.0,8741,0.00017636393022257835,8741,0.00024011229106690735
0.0021547346841543913,0.0,0.0,0.0,0.0,8742,0.0010421074694022536,8742,0.0031968422699719667
0.0011277368757873774,0.0,0.0,0.0,0.0,8743,0.0006240135990083218,8743,0.0017517504747956991
0.00017644197214394808,0.0,0.0,0.0,0.0,8744,0.00014697792357765138,8744,0.000323419866617769
0.0010159735102206469,0.0,0.0,0.0,0.0,8745,0.0007001167396083474,8745,0.0017160902498289943
0.0008430208545178175,0.0,0.0,0.0,0.0,8746,0.0005741029162891209,8746,0.0014171235961839557
8.858581713866442e-05,0.0,0.0,0.0,0.0,8747,0.00012983861961402,8747,0.00021842442220076919
0.0002654177078511566,0.0,0.0,0.0,0.0,8748,0.0005468971212394536,8748,0.0008123147999867797
0.0005354497116059065,0.0,0.0,0.0,0.0,8749,0.0008545678574591875,8749,0.0013900174526497722
0.000132270812173374,0.0,0.0,0.0,0.0,8750,0.00035566321457736194,8750,0.00048793404130265117
0.00012032489757984877,0.0,0.0,0.0,0.0,8751,0.00014451357128564268,8751,0.0002648384543135762
0.0004892398719675839,0.0,0.0,0.0,0.0,8752,0.000413054833188653,8752,0.0009022947051562369
0.00035491574089974165,0.0,0.0,0.0,0.0,8753,0.00033542647724971175,8753,0.0006903422763571143
2.487971869413741e-05,0.0,0.0,0.0,0.0,8754,0.0001151635151472874,8754,0.00014004323747940361
0.0001577540097059682,0.0,0.0,0.0,0.0,8755,0.00028244126588106155,8755,0.00044019523193128407
0.00029516874928958714,0.0,0.0,0.0,0.0,8756,0.00039174366975203156,8756,0.0006869123899377882
8.111175702651963e-05,0.0,0.0,0.0,0.0,8757,0.00017473219486419111,8757,0.0002558439446147531
4.358496153145097e-05,0.0,0.0,0.0,0.0,8758,0.00013505913375411183,8758,0.0001786440989235416
0.00019030766270589083,0.0,0.0,0.0,0.0,8759,0.00029488655854947865,8759,0.00048519420670345426
0.0001288073108298704,0.0,0.0,0.0,0.0,8760,0.0002444121637381613,8760,0.00037321948911994696
1.7813590602600016e-05,0.0,0.0,0.0,0.0,8761,0.00010821158502949402,8761,0.00012602517381310463
0.00012058609718224034,0.0,0.0,0.0,0.0,8762,0.00015896376862656325,8762,0.000279549858532846
0.00019110215362161398,0.0,0.0,0.0,0.0,8763,0.000200373018742539,8763,0.00039147515781223774
6.156482413643971e-05,0.0,0.0,0.0,0.0,8764,0.00011814170284196734,8764,0.00017970651970244944
1.9870443793479353e-05,0.0,0.0,0.0,0.0,8765,0.00013160370872355998,8765,0.00015147414524108171
8.243553020292893e-05,0.0,0.0,0.0,0.0,8766,0.00021887315961066633,8766,0.0003013086970895529
5.1480470574460924e-05,0.0,0.0,0.0,0.0,8767,0.0001819007156882435,8767,0.00023338118626270443
1.1388466191419866e-05,0.0,0.0,0.0,0.0,8768,0.00010637141531333327,8768,0.00011775988241424784
7.529550202889368e-05,0.0,0.0,0.0,0.0,8769,0.00012643173977266997,8769,0.00020172723452560604
9.807218884816393e-05,0.0,0.0,0.0,0.0,8770,0.00014159712009131908,8770,0.00023966931621544063
3.199280035914853e-05,0.0,0.0,0.0,0.0,8771,0.00010649524483596906,8771,0.0001384880451951176
1.2803487152268644e-05,0.0,0.0,0.0,0.0,8772,0.00012146211520303041,8772,0.00013426560326479375
4.197546513751149e-05,0.0,0.0,0.0,0.0,8773,0.0001610975305084139,8773,0.00020307301019784063
2.479022805346176e-05,0.0,0.0,0.0,0.0,8774,0.00013662167475558817,8774,0.00016141189553309232
8.176456503861118e-06,0.0,0.0,0.0,0.0,8775,0.00010279448179062456,8775,0.00011097093374701217
3.864021709887311e-05,0.0,0.0,0.0,0.0,8776,0.00011686441575875506,8776,0.00015550463285762817
4.3059655581600964e-05,0.0,0.0,0.0,0.0,8777,0.00012238130148034543,8777,0.0001654409570619464
1.2907844393339474e-05,0.0,0.0,0.0,0.0,8778,0.00010352532262913883,8778,0.00011643316247500479
1.1584454114199616e-05,0.0,0.0,0.0,0.0,8779,0.00010992040915880352,8779,0.00012150486145401374
2.7507157938089222e-05,0.0,0.0,0.0,0.0,8780,0.0001253619702765718,8780,0.00015286912093870342
1.647954741201829e-05,0.0,0.0,0.0,0.0,8781,0.00011226272908970714,8781,0.00012874227832071483
7.653796274098568e-06,0.0,0.0,0.0,0.0,8782,0.00010076530452352017,8782,0.00010841910261660814
2.1000787455704994e-05,0.0,0.0,0.0,0.0,8783,0.00011089349573012441,8783,0.00013189428136684
2.1506821212824434e-05,0.0,0.0,0.0,0.0,8784,0.00011146513861604035,8784,0.0001329719671048224
8.60391173773678e-06,0.0,0.0,0.0,0.0,8785,0.00010060064232675359,8785,0.00010920456406893209
1.130409145844169e-05,0.0,0.0,0.0,0.0,8786,0.00010350072261644527,8786,0.00011480481771286577
1.826258267101366e-05,0.0,0.0,0.0,0.0,8787,0.00010949337593046948,8787,0.00012775596405845135
1.1060668839490972e-05,0.0,0.0,0.0,0.0,8788,0.00010261723218718544,8788,0.0001136778955697082
7.452077625202946e-06,0.0,0.0,0.0,0.0,8789,9.87342864391394e-05,8789,0.00010618637315928936
1.4028098121343646e-05,0.0,0.0,0.0,0.0,8790,0.00010390427632955834,8790,0.00011793236626544967
1.3088816558592953e-05,0.0,0.0,0.0,0.0,8791,0.000102702782896813,8791,0.00011579161218833178
7.150409601308638e-06,0.0,0.0,0.0,0.0,8792,9.749908349476755e-05,8792,0.00010464949446031824
9.234066055796575e-06,0.0,0.0,0.0,0.0,8793,9.976430010283366e-05,8793,0.00010899837070610374
1.1806142538262066e-05,0.0,0.0,0.0,0.0,8794,0.00010204843420069665,8794,0.00011385457764845341
8.127502042043488e-06,0.0,0.0,0.0,0.0,8795,9.800740372156724e-05,8795,0.0001061348884832114
7.648181963304523e-06,0.0,0.0,0.0,0.0,8796,9.629894339013845e-05,8796,0.00010394712444394827
1.1261351573921274e-05,0.0,0.0,0.0,0.0,8797,9.837700781645253e-05,8797,0.0001096383566618897
1.0127429050044157e-05,0.0,0.0,0.0,0.0,8798,9.713148756418377e-05,8798,0.00010725892934715375
7.1687550189381e-06,0.0,0.0,0.0,0.0,8799,9.513061377219856e-05,8799,0.00010229937470285222
8.268116289400496e-06,0.0,0.0,0.0,0.0,8800,9.687443525763229e-05,8800,0.00010514255700400099
8.988165063783526e-06,0.0,0.0,0.0,0.0,8801,9.756132203619927e-05,8801,0.00010654947982402518
7.291336714843055e-06,0.0,0.0,0.0,0.0,8802,9.505395428277552e-05,8802,0.00010234530054731295
7.843059393053409e-06,0.0,0.0,0.0,0.0,8803,9.41385660553351e-05,8803,0.0001019816190819256
9.61040313995909e-06,0.0,0.0,0.0,0.0,8804,9.484314796281978e-05,8804,0.00010445355292176828
8.546460776415188e-06,0.0,0.0,0.0,0.0,8805,9.399224654771388e-05,8805,0.00010253870277665555
7.037569048407022e-06,0.0,0.0,0.0,0.0,8806,9.339678945252672e-05,8806,0.00010043435031548142
7.567007287434535e-06,0.0,0.0,0.0,0.0,8807,9.446517651667818e-05,8807,0.00010203218698734418
7.690330676268786e-06,0.0,0.0,0.0,0.0,8808,9.440324356546625e-05,8808,0.00010209357424173504
6.985523214098066e-06,0.0,0.0,0.0,0.0,8809,9.29354500840418e-05,8809,9.992098057409748e-05
7.5976704465574585e-06,0.0,0.0,0.0,0.0,8810,9.249548747902736e-05,8810,0.00010009315883507952
9.899836186377797e-06,0.0,0.0,0.0,0.0,8811,9.264855907531455e-05,8811,0.00010254838707624003
9.176435014524031e-06,0.0,0.0,0.0,0.0,8812,9.209228301187977e-05,8812,0.00010126872803084552
6.980837497394532e-06,0.0,0.0,0.0,0.0,8813,9.191708522848785e-05,8813,9.889792272588238e-05
7.268589797604363e-06,0.0,0.0,0.0,0.0,8814,9.239785140380263e-05,8814,9.966642392100766e-05
7.229137736430857e-06,0.0,0.0,0.0,0.0,8815,9.211579890688881e-05,8815,9.934493573382497e-05
8.533705113222823e-06,0.0,0.0,0.0,0.0,8816,9.125525684794411e-05,8816,9.978895104723051e-05
8.975753189588431e-06,0.0,0.0,0.0,0.0,8817,9.098061855183914e-05,8817,9.995637083193287e-05
9.276103810407221e-06,0.0,0.0,0.0,0.0,8818,9.08926158444956e-05,8818,0.0001001687123789452
7.3409014476055745e-06,0.0,0.0,0.0,0.0,8819,9.052346285898238e-05,8819,9.786437294678763e-05
7.045706297503784e-06,0.0,0.0,0.0,0.0,8820,9.047352068591863e-05,8820,9.751921606948599e-05
7.168382580857724e-06,0.0,0.0,0.0,0.0,8821,9.064313780982047e-05,8821,9.78115203906782e-05
7.125057436496718e-06,0.0,0.0,0.0,0.0,8822,9.030412911670282e-05,8822,9.742917609401047e-05
7.116201686585555e-06,0.0,0.0,0.0,0.0,8823,8.976119715953246e-05,8823,9.687739657238126e-05
7.448903488693759e-06,0.0,0.0,0.0,0.0,8824,8.953602082328871e-05,8824,9.698492067400366e-05
7.577652922918787e-06,0.0,0.0,0.0,0.0,8825,8.936481026466936e-05,8825,9.694245818536729e-05
7.3453393270028755e-06,0.0,0.0,0.0,0.0,8826,8.912329212762415e-05,8826,9.646864054957405e-05
7.2641873885004316e-06,0.0,0.0,0.0,0.0,8827,8.909287862479687e-05,8827,9.635707101551816e-05
7.382035164482659e-06,0.0,0.0,0.0,0.0,8828,8.907238952815533e-05,8828,9.645442332839593e-05
7.440204626618652e-06,0.0,0.0,0.0,0.0,8829,8.876415813574567e-05,8829,9.620437049306929e-05
7.641629963472951e-06,0.0,0.0,0.0,0.0,8830,8.838417124934494e-05,8830,9.6025803941302e-05
8.019848792173434e-06,0.0,0.0,0.0,0.0,8831,8.817555499263108e-05,8831,9.619540651328862e-05
8.288260687550064e-06,0.0,0.0,0.0,0.0,8832,8.799260103842244e-05,8832,9.62808626354672e-05
8.491829248669092e-06,0.0,0.0,0.0,0.0,8833,8.783633529674262e-05,8833,9.63281563599594e-05
8.966761924966704e-06,0.0,0.0,0.0,0.0,8834,8.77834390848875e-05,8834,9.67501982813701e-05
9.736800166137982e-06,0.0,0.0,0.0,0.0,8835,8.769460691837594e-05,8835,9.743140981299803e-05
1.0886056770686992e-05,0.0,0.0,0.0,0.0,8836,8.740203338675201e-05,8836,9.828809561440721e-05
1.2605893971340265e-05,0.0,0.0,0.0,0.0,8837,8.713642455404624e-05,8837,9.974232671083882e-05
1.5153014828683808e-05,0.0,0.0,0.0,0.0,8838,8.69423383846879e-05,8838,0.00010209534229943529
1.8726726921158843e-05,0.0,0.0,0.0,0.0,8839,8.678333688294515e-05,8839,0.0001055100656230934
2.4001021301955916e-05,0.0,0.0,0.0,0.0,8840,8.664486085763201e-05,8840,0.00011064588034059852
3.17030462611001e-05,0.0,0.0,0.0,0.0,8841,8.659574086777866e-05,8841,0.00011829879076685756
4.376325159682892e-05,0.0,0.0,0.0,0.0,8842,8.640951273264363e-05,8842,0.00013017276069149375
6.0729165852535516e-05,0.0,0.0,0.0,0.0,8843,8.622972381999716e-05,8843,0.00014695888967253268
8.595468534622341e-05,0.0,0.0,0.0,0.0,8844,8.597710984759033e-05,8844,0.0001719317806418985
0.0001207357709063217,0.0,0.0,0.0,0.0,8845,8.583308954257518e-05,8845,0.00020656886044889688
0.00016974574828054756,0.0,0.0,0.0,0.0,8846,8.564921881770715e-05,8846,0.0002553949598222971
0.00022662445553578436,0.0,0.0,0.0,0.0,8847,8.558059926144779e-05,8847,0.00031220505479723215
0.00029375162557698786,0.0,0.0,0.0,0.0,8848,8.536742097930983e-05,8848,0.0003791190392803401
0.00034853906254284084,0.0,0.0,0.0,0.0,8849,8.53242672747001e-05,8849,0.00043386337347328663
0.0003760265826713294,0.0,0.0,0.0,0.0,8850,8.500264812028036e-05,8850,0.00046102923806756735
0.00034432593383826315,0.0,0.0,0.0,0.0,8851,8.488708408549428e-05,8851,0.00042921301792375743
0.0002580539439804852,0.0,0.0,0.0,0.0,8852,8.466043800581247e-05,8852,0.000342714338330552
0.000138561925268732,0.0,0.0,0.0,0.0,8853,8.454855560557917e-05,8853,0.00022311050270218402
4.288065611035563e-05,0.0,0.0,0.0,0.0,8854,8.43737943796441e-05,8854,0.00012725444685202092
7.009326054685516e-06,0.0,0.0,0.0,0.0,8855,8.42490917420946e-05,8855,9.125841461354867e-05
3.306376311229542e-05,0.0,0.0,0.0,0.0,8856,8.408995199715719e-05,8856,0.0001171537151094526
8.984491432784125e-05,0.0,0.0,0.0,0.0,8857,8.385853288928047e-05,8857,0.00017370344721712172
0.000134926158352755,0.0,0.0,0.0,0.0,8858,8.372136653633788e-05,8858,0.00021864754671696573
0.0017624946776777506,0.0,0.0,0.0,0.0,8859,8.351868746103719e-05,8859,0.0018460135906934738
0.0007995830965228379,0.0,0.0,0.0,0.0,8860,0.0002804585383273661,8860,0.001080041634850204
0.00025135421310551465,0.0,0.0,0.0,0.0,8861,0.000977060990408063,8861,0.0012284151744097471
0.00021013528748881072,0.0,0.0,0.0,0.0,8862,0.0009255801560357213,8862,0.0011357153998687863
1.750092087604571e-05,0.0,0.0,0.0,0.0,8863,0.0002599138533696532,8863,0.00027741477242670953
0.0003650953876785934,0.0,0.0,0.0,0.0,8864,0.00013113471504766494,8864,0.0004962300881743431
0.0009989684913307428,0.0,0.0,0.0,0.0,8865,0.00029772298876196146,8865,0.0012966914800927043
0.0003096752625424415,0.0,0.0,0.0,0.0,8866,0.00013584925909526646,8866,0.00044552452163770795
6.798624235671014e-05,0.0,0.0,0.0,0.0,8867,0.00019835238344967365,8867,0.00026633861125446856
0.0001446234673494473,0.0,0.0,0.0,0.0,8868,0.0005080937989987433,8868,0.0006527172517962754
0.00011344024824211374,0.0,0.0,0.0,0.0,8869,0.0004615302896127105,8869,0.0005749705014750361
1.9544952010619454e-05,0.0,0.0,0.0,0.0,8870,0.00017238729924429208,8870,0.00019193226762581617
0.00015837731189094484,0.0,0.0,0.0,0.0,8871,0.00015131982218008488,8871,0.0003096971195191145
0.00030317663913592696,0.0,0.0,0.0,0.0,8872,0.00025519641349092126,8872,0.0005583730526268482
0.00018176442245021462,0.0,0.0,0.0,0.0,8873,0.0001762157044140622,8873,0.00035798014141619205
5.175855403649621e-05,0.0,0.0,0.0,0.0,8874,0.00012944718764629215,8874,0.00018120574532076716
0.0004326757334638387,0.0,0.0,0.0,0.0,8875,0.0002454344357829541,8875,0.0006781102274544537
0.00015627498214598745,0.0,0.0,0.0,0.0,8876,0.0005442514666356146,8876,0.0007005264633335173
8.122199506033212e-05,0.0,0.0,0.0,0.0,8877,0.0007145054405555129,8877,0.0007957274210639298
0.0001043481461238116,0.0,0.0,0.0,0.0,8878,0.0005296997842378914,8878,0.0006340479012578726
0.00023332067939918488,0.0,0.0,0.0,0.0,8879,0.00024757179198786616,8879,0.0004808924859389663
0.0019139068899676204,0.0,0.0,0.0,0.0,8880,0.00013688602484762669,8880,0.0020507927983999252
0.0006394580705091357,0.0,0.0,0.0,0.0,8881,0.00028208005824126303,8881,0.0009215380996465683
0.0021170543041080236,0.0,0.0,0.0,0.0,8882,0.0007388970116153359,8882,0.0028559511993080378
0.0006486899801529944,0.0,0.0,0.0,0.0,8883,0.0013299334095790982,8883,0.0019786234479397535
0.0014541239943355322,0.0,0.0,0.0,0.0,8884,0.0013433706481009722,8884,0.0027974946424365044
0.00011885198910022154,0.0,0.0,0.0,0.0,8885,0.0008090459741652012,8885,0.0009278979268856347
0.001543959486298263,0.0,0.0,0.0,0.0,8886,0.0002837098145391792,8886,0.0018276693299412727
0.0016500222263857722,0.0,0.0,0.0,0.0,8887,0.00026087393052875996,8887,0.0019108960404992104
0.0026805829256772995,0.0,0.0,0.0,0.0,8888,0.00047977830399759114,8888,0.00316036120057106
0.0004829792305827141,0.0,0.0,0.0,0.0,8889,0.001443561282940209,8889,0.001926540513522923
0.0015637242468073964,0.0,0.0,0.0,0.0,8890,0.0019770762883126736,8890,0.003540800418704748
0.001582762342877686,0.0,0.0,0.0,0.0,8891,0.001607646350748837,8891,0.0031904089264571667
0.0025383359752595425,0.0,0.0,0.0,0.0,8892,0.0008523299475200474,8892,0.0033906660974025726
0.0005333912558853626,0.0,0.0,0.0,0.0,8893,0.0005021325778216124,8893,0.001035523833706975
0.0004152935871388763,0.0,0.0,0.0,0.0,8894,0.00046985517838038504,8894,0.0008851487655192614
0.00031911031692288816,0.0,0.0,0.0,0.0,8895,0.0004959137877449393,8895,0.0008150241337716579
0.00032886600820347667,0.0,0.0,0.0,0.0,8896,0.000609035138040781,8896,0.0009379012044519186
0.00022658475791104138,0.0,0.0,0.0,0.0,8897,0.0008815521141514182,8897,0.0011081368429586291
0.00015171499399002641,0.0,0.0,0.0,0.0,8898,0.0010568840662017465,8898,0.001208599074743688
0.0002965670428238809,0.0,0.0,0.0,0.0,8899,0.0009351298213005066,8899,0.0012316968059167266
0.00042649591341614723,0.0,0.0,0.0,0.0,8900,0.0007207925082184374,8900,0.0011472884798422456
0.0001519317302154377,0.0,0.0,0.0,0.0,8901,0.0005830341251567006,8901,0.0007349657826125622
0.0002612062671687454,0.0,0.0,0.0,0.0,8902,0.0005034585483372211,8902,0.0007646647864021361
0.00015878678823355585,0.0,0.0,0.0,0.0,8903,0.0004886100650765002,8903,0.0006473968387581408
0.00010175169154535979,0.0,0.0,0.0,0.0,8904,0.000507420627400279,8904,0.0006091723334975541
6.685216794721782e-05,0.0,0.0,0.0,0.0,8905,0.0005382142844609916,8905,0.000605066423304379
6.631897122133523e-05,0.0,0.0,0.0,0.0,8906,0.0005240126047283411,8906,0.0005903315613977611
0.00010199085954809561,0.0,0.0,0.0,0.0,8907,0.0004610534815583378,8907,0.0005630443338304758
0.000153310495079495,0.0,0.0,0.0,0.0,8908,0.0004048385308124125,8908,0.0005581490113399923
0.00016926435637287796,0.0,0.0,0.0,0.0,8909,0.00038478628266602755,8909,0.000554050668142736
0.00013604499690700322,0.0,0.0,0.0,0.0,8910,0.0004026860115118325,8910,0.0005387309938669205
5.898150629946031e-05,0.0,0.0,0.0,0.0,8911,0.00043475054553709924,8911,0.0004937320481985807
0.00040714614442549646,0.0,0.0,0.0,0.0,8912,0.00036442314740270376,8912,0.0007715693209320307
0.00044308023643679917,0.0,0.0,0.0,0.0,8913,0.0003379106055945158,8913,0.0007809908129274845
0.000301478139590472,0.0,0.0,0.0,0.0,8914,0.0003619468188844621,8914,0.0006634249584749341
8.161849837051705e-05,0.0,0.0,0.0,0.0,8915,0.0003420061548240483,8915,0.0004236246459186077
0.00028385064797475934,0.0,0.0,0.0,0.0,8916,0.0002976171381305903,8916,0.0005814677570015192
0.00022161612287163734,0.0,0.0,0.0,0.0,8917,0.0003223828098271042,8917,0.0005439989035949111
6.227593257790431e-05,0.0,0.0,0.0,0.0,8918,0.00040335505036637187,8918,0.00046563101932406425
6.02333529968746e-05,0.0,0.0,0.0,0.0,8919,0.000381507066776976,8919,0.00044174044160172343
0.000247960357228294,0.0,0.0,0.0,0.0,8920,0.00030020929989404976,8920,0.0005481696571223438
0.00024848603061400354,0.0,0.0,0.0,0.0,8921,0.00029825567617081106,8921,0.0005467417067848146
0.0001347212091786787,0.0,0.0,0.0,0.0,8922,0.0003616024914663285,8922,0.000496323686093092
4.514142347034067e-05,0.0,0.0,0.0,0.0,8923,0.0004523160168901086,8923,0.0004974573967047036
3.918786023859866e-05,0.0,0.0,0.0,0.0,8924,0.0003898666182067245,8924,0.0004290544893592596
0.0002521374844945967,0.0,0.0,0.0,0.0,8925,0.0002965991443488747,8925,0.0005487366579473019
0.0020605067256838083,0.0,0.0,0.0,0.0,8926,0.0002950457273982465,8926,0.0023555525112897158
3.473520700936206e-05,0.0,0.0,0.0,0.0,8927,0.0003652817686088383,8927,0.00040001701563596725
2.9497488867491484e-05,0.0,0.0,0.0,0.0,8928,0.00041113392217084765,8928,0.0004406314401421696
3.4883578337030485e-05,0.0,0.0,0.0,0.0,8929,0.00037642120150849223,8929,0.00041130479075945914
0.00029877357883378863,0.0,0.0,0.0,0.0,8930,0.00033185232314281166,8930,0.0006306258728727698
7.765197369735688e-05,0.0,0.0,0.0,0.0,8931,0.00035885581746697426,8931,0.0004365078348200768
4.4982476538280025e-05,0.0,0.0,0.0,0.0,8932,0.00040044644265435636,8932,0.0004454289155546576
3.9406098949257284e-05,0.0,0.0,0.0,0.0,8933,0.00040951938717626035,8933,0.0004489255079533905
5.276862430036999e-05,0.0,0.0,0.0,0.0,8934,0.000372891197912395,8934,0.00042565978947095573
0.00023912667529657483,0.0,0.0,0.0,0.0,8935,0.000332982832333073,8935,0.0005721094785258174
0.00016118669009301811,0.0,0.0,0.0,0.0,8936,0.00035875197499990463,8936,0.0005199386505410075
2.6759907996165566e-05,0.0,0.0,0.0,0.0,8937,0.0004491394793149084,8937,0.0004758993745781481
2.5876224754028954e-05,0.0,0.0,0.0,0.0,8938,0.0004344647459220141,8938,0.0004603409906849265
0.00017764179210644215,0.0,0.0,0.0,0.0,8939,0.00033553055254742503,8939,0.0005131723592057824
0.00010098351776832715,0.0,0.0,0.0,0.0,8940,0.0003120711771771312,8940,0.00041305471677333117
0.00026227309717796743,0.0,0.0,0.0,0.0,8941,0.0002665709180291742,8941,0.0005288440152071416
0.0018333756597712636,0.0,0.0,0.0,0.0,8942,0.0002996784751303494,8942,0.0021330539602786303
0.0018150822725147009,0.0,0.0,0.0,0.0,8943,0.000293711171252653,8943,0.0021087934728711843
3.1845564080867916e-05,0.0,0.0,0.0,0.0,8944,0.0002537933469284326,8944,0.0002856389037333429
0.00012007237819489092,0.0,0.0,0.0,0.0,8945,0.0002732835419010371,8945,0.00039335587644018233
0.00010348135401727632,0.0,0.0,0.0,0.0,8946,0.0002636081480886787,8946,0.0003670895239338279
3.595999805838801e-05,0.0,0.0,0.0,0.0,8947,0.00024053468951024115,8947,0.00027649468393065035
0.00037069054087623954,0.0,0.0,0.0,0.0,8948,0.0002700946351978928,8948,0.0006407852051779628
0.0008919780375435948,0.0,0.0,0.0,0.0,8949,0.00022828082728665322,8949,0.0011202588211745024
2.9621627618325874e-05,0.0,0.0,0.0,0.0,8950,0.0004408416280057281,8950,0.0004704632447101176
0.00010758553253253922,0.0,0.0,0.0,0.0,8951,0.0009009235072880983,8951,0.0010085090762004256
8.60896980157122e-05,0.0,0.0,0.0,0.0,8952,0.0010009364923462272,8952,0.0010870262049138546
2.9698947400902398e-05,0.0,0.0,0.0,0.0,8953,0.0006301971734501421,8953,0.0006598961190320551
7.051615102682263e-05,0.0,0.0,0.0,0.0,8954,0.0002341694780625403,8954,0.0003046856145374477
0.0003091024118475616,0.0,0.0,0.0,0.0,8955,0.00040025211637839675,8955,0.0007093545864336193
0.0006666755070909858,0.0,0.0,0.0,0.0,8956,0.0005106027238070965,8956,0.0011772781144827604
3.8180376577656716e-05,0.0,0.0,0.0,0.0,8957,0.0002077840326819569,8957,0.0002459644165355712
0.00013550487346947193,0.0,0.0,0.0,0.0,8958,0.00039351164014078677,8958,0.0005290164845064282
7.630801701452583e-05,0.0,0.0,0.0,0.0,8959,0.0009318988886661828,8959,0.001008206862024963
0.0002257452142657712,0.0,0.0,0.0,0.0,8960,0.001089980360120535,8960,0.0013157256180420518
6.647149712080136e-05,0.0,0.0,0.0,0.0,8961,0.0007177545921877027,8961,0.0007842261111363769
0.00026888857246376574,0.0,0.0,0.0,0.0,8962,0.0002398057549726218,8962,0.0005086943274363875
4.393826748128049e-05,0.0,0.0,0.0,0.0,8963,0.00023802643408998847,8963,0.000281964719761163
0.00013212929479777813,0.0,0.0,0.0,0.0,8964,0.00032746256329119205,8964,0.0004595918580889702
5.3722207667306066e-05,0.0,0.0,0.0,0.0,8965,0.00026274091214872897,8965,0.00031646311981603503
0.0003688288270495832,0.0,0.0,0.0,0.0,8966,0.0002224775089416653,8966,0.000591306306887418
0.0004071980365552008,0.0,0.0,0.0,0.0,8967,0.0005263448692858219,8967,0.0009335429058410227
0.0003827800101134926,0.0,0.0,0.0,0.0,8968,0.0005262676859274507,8968,0.0009090476669371128
3.2901225495152175e-05,0.0,0.0,0.0,0.0,8969,0.0002323427179362625,8969,0.00026524392887949944
0.0010006320662796497,0.0,0.0,0.0,0.0,8970,0.00028896177536807954,8970,0.0012895938707515597
0.00013433152344077826,0.0,0.0,0.0,0.0,8971,0.00021998310694471002,8971,0.00035431465948931873
8.270573744084686e-05,0.0,0.0,0.0,0.0,8972,0.0002987747429870069,8972,0.000381480494979769
0.00013384368503466249,0.0,0.0,0.0,0.0,8973,0.0003770062467083335,8973,0.000510849931742996
4.2871757614193484e-05,0.0,0.0,0.0,0.0,8974,0.0002639488084241748,8974,0.00030682055512443185
5.30634933966212e-05,0.0,0.0,0.0,0.0,8975,0.00021004577865824103,8975,0.00026310927933081985
0.0005337176262401044,0.0,0.0,0.0,0.0,8976,0.00025888311211019754,8976,0.000792600738350302
5.5045475164661184e-05,0.0,0.0,0.0,0.0,8977,0.00019516973407007754,8977,0.0002502152055967599
4.043549779453315e-05,0.0,0.0,0.0,0.0,8978,0.0002562110894359648,8978,0.00029664658359251916
7.106445991666988e-05,0.0,0.0,0.0,0.0,8979,0.00032298764563165605,8979,0.0003940520982723683
5.112834696774371e-05,0.0,0.0,0.0,0.0,8980,0.0002494197688065469,8980,0.00030054812668822706
8.384430111618713e-05,0.0,0.0,0.0,0.0,8981,0.00017667666543275118,8981,0.00026052098837681115
0.00017678570293355733,0.0,0.0,0.0,0.0,8982,0.00018348034063819796,8982,0.0003602660435717553
0.0002651562390383333,0.0,0.0,0.0,0.0,8983,0.0001751193340169266,8983,0.0004402755876071751
0.0001376634172629565,0.0,0.0,0.0,0.0,8984,0.0001761879975674674,8984,0.00031385140027850866
0.0001711100194370374,0.0,0.0,0.0,0.0,8985,0.0002476075605954975,8985,0.0004187175945844501
0.0002625692286528647,0.0,0.0,0.0,0.0,8986,0.0002577645645942539,8986,0.0005203337641432881
0.0003321659751236439,0.0,0.0,0.0,0.0,8987,0.0002421916724415496,8987,0.0005743576330132782
0.00041521911043673754,0.0,0.0,0.0,0.0,8988,0.00021202368952799588,8988,0.0006272427854128182
0.0005697712767869234,0.0,0.0,0.0,0.0,8989,0.00019878186867572367,8989,0.0007685531163588166
0.0004905147943645716,0.0,0.0,0.0,0.0,8990,0.0002289912517881021,8990,0.000719506002496928
0.0003465969057288021,0.0,0.0,0.0,0.0,8991,0.0002961445425171405,8991,0.0006427414482459426
0.00021792085317429155,0.0,0.0,0.0,0.0,8992,0.00032169988844543695,8992,0.0005396207561716437
0.00011981695570284501,0.0,0.0,0.0,0.0,8993,0.0002798916830215603,8993,0.0003997086314484477
9.7193471447099e-05,0.0,0.0,0.0,0.0,8994,0.00022254421492107213,8994,0.0003197376790922135
0.0003472467651590705,0.0,0.0,0.0,0.0,8995,0.00020242230675648898,8995,0.0005496690282598138
8.29757991596125e-05,0.0,0.0,0.0,0.0,8996,0.00026758963940665126,8996,0.0003505654458422214
0.00015518706641159952,0.0,0.0,0.0,0.0,8997,0.00030848346068523824,8997,0.00046367052709683776
0.0001769641094142571,0.0,0.0,0.0,0.0,8998,0.0002452545741107315,8998,0.00042221866897307336
0.0005781693034805357,0.0,0.0,0.0,0.0,8999,0.0002155510155716911,8999,0.0007937203045003116
0.00010254161315970123,0.0,0.0,0.0,0.0,9000,0.0002677783777471632,9000,0.0003703199909068644
0.0017506415024399757,0.0,0.0,0.0,0.0,9001,0.00028960066265426576,9001,0.00204024207778275
0.0015430599451065063,0.0,0.0,0.0,0.0,9002,0.00035432129516266286,9002,0.0018973812693729997
0.0018128030933439732,0.0,0.0,0.0,0.0,9003,0.0006339696701616049,9003,0.002446772763505578
0.00030167814111337066,0.0,0.0,0.0,0.0,9004,0.00036626524524763227,9004,0.0006679433863610029
0.0007309071952477098,0.0,0.0,0.0,0.0,9005,0.00026762107154354453,9005,0.0009985282085835934
0.0005456611979752779,0.0,0.0,0.0,0.0,9006,0.00029154642834328115,9006,0.0008372076554223895
0.00021142128389328718,0.0,0.0,0.0,0.0,9007,0.0004422415513545275,9007,0.0006536628352478147
8.746801177039742e-05,0.0,0.0,0.0,0.0,9008,0.0006013181991875172,9008,0.0006887862109579146
5.998681444907561e-05,0.0,0.0,0.0,0.0,9009,0.00048822074313648045,9009,0.0005482075503095984
0.00011236521822866052,0.0,0.0,0.0,0.0,9010,0.000261734239757061,9010,0.0003740994434338063
0.0002356863406021148,0.0,0.0,0.0,0.0,9011,0.00017790848505683243,9011,0.0004135948547627777
0.00021132420806679875,0.0,0.0,0.0,0.0,9012,0.0001646707096369937,9012,0.00037599491770379245
8.348985284101218e-05,0.0,0.0,0.0,0.0,9013,0.0001660185371292755,9013,0.0002495083899702877
5.355284156394191e-05,0.0,0.0,0.0,0.0,9014,0.00020687139476649463,9014,0.00026042424724437296
5.663099727826193e-05,0.0,0.0,0.0,0.0,9015,0.0002019820676650852,9015,0.0002586130576673895
2.7638501705951057e-05,0.0,0.0,0.0,0.0,9016,0.0001503713137935847,9016,0.00017800982459448278
3.928370279027149e-05,0.0,0.0,0.0,0.0,9017,0.00015966349747031927,9017,0.00019894720753654838
6.076035788282752e-05,0.0,0.0,0.0,0.0,9018,0.0001900999341160059,9018,0.0002508602919988334
5.2199124183971435e-05,0.0,0.0,0.0,0.0,9019,0.00017266019131056964,9019,0.0002248593227704987
7.926624675747007e-05,0.0,0.0,0.0,0.0,9020,0.0001547353167552501,9020,0.00023400156351272017
0.00011264680506428704,0.0,0.0,0.0,0.0,9021,0.0001574255875311792,9021,0.00027007239987142384
8.445783169008791e-05,0.0,0.0,0.0,0.0,9022,0.0001579328818479553,9022,0.0002423907135380432
4.2880576074821874e-05,0.0,0.0,0.0,0.0,9023,0.0001802503247745335,9023,0.0002231309044873342
3.4315005905227736e-05,0.0,0.0,0.0,0.0,9024,0.00021067839406896383,9024,0.00024499339633621275
3.3726806577760726e-05,0.0,0.0,0.0,0.0,9025,0.00019808212528005242,9025,0.00023180892458185554
4.678155164583586e-05,0.0,0.0,0.0,0.0,9026,0.00016389202210120857,9026,0.00021067357738502324
7.713025115663186e-05,0.0,0.0,0.0,0.0,9027,0.00014898412337061018,9027,0.00022611436725128442
6.479115836555138e-05,0.0,0.0,0.0,0.0,9028,0.00014597695553675294,9028,0.0002107681066263467
3.33703683281783e-05,0.0,0.0,0.0,0.0,9029,0.00015042263839859515,9029,0.00018379300308879465
1.9262433852418326e-05,0.0,0.0,0.0,0.0,9030,0.00016440273611806333,9030,0.00018366514996159822
1.801940925361123e-05,0.0,0.0,0.0,0.0,9031,0.00016369270451832563,9031,0.00018171210831496865
1.9823248294414952e-05,0.0,0.0,0.0,0.0,9032,0.0001465405075578019,9032,0.00016636375221423805
3.152437784592621e-05,0.0,0.0,0.0,0.0,9033,0.00013786756608169526,9033,0.00016939194756560028
3.761535481316969e-05,0.0,0.0,0.0,0.0,9034,0.00013797522115055472,9034,0.0001755905686877668
2.9068829462630674e-05,0.0,0.0,0.0,0.0,9035,0.0001374720741296187,9035,0.00016654090723022819
2.4346089048776776e-05,0.0,0.0,0.0,0.0,9036,0.0001407587551511824,9036,0.00016510483692400157
2.589428004284855e-05,0.0,0.0,0.0,0.0,9037,0.00014365706010721624,9037,0.00016955133469309658
2.4638076865812764e-05,0.0,0.0,0.0,0.0,9038,0.00013927818508818746,9038,0.00016391626559197903
2.4682394723640755e-05,0.0,0.0,0.0,0.0,9039,0.0001363099436275661,9039,0.00016099233471322805
2.786194090731442e-05,0.0,0.0,0.0,0.0,9040,0.0001374603307340294,9040,0.00016532227164134383
2.6442001399118453e-05,0.0,0.0,0.0,0.0,9041,0.00013576036144513637,9041,0.00016220237012021244
2.4685250537004322e-05,0.0,0.0,0.0,0.0,9042,0.0001332438550889492,9042,0.00015792911290191114
2.601563755888492e-05,0.0,0.0,0.0,0.0,9043,0.0001330979139311239,9043,0.00015911355149000883
2.420961573079694e-05,0.0,0.0,0.0,0.0,9044,0.00013158295769244432,9044,0.00015579257160425186
2.0637651687138714e-05,0.0,0.0,0.0,0.0,9045,0.00012963298649992794,9045,0.00015027064364403486
2.00647373276297e-05,0.0,0.0,0.0,0.0,9046,0.00012990852701477706,9046,0.00014997326070442796
1.9535231331246905e-05,0.0,0.0,0.0,0.0,9047,0.00012909607903566211,9047,0.00014863131218589842
1.835014518292155e-05,0.0,0.0,0.0,0.0,9048,0.00012681508087553084,9048,0.00014516522060148418
1.9219130990677513e-05,0.0,0.0,0.0,0.0,9049,0.00012617041647899896,9049,0.00014538955292664468
1.9714065274456516e-05,0.0,0.0,0.0,0.0,9050,0.00012588661047630012,9050,0.00014560067211277783
1.8423479559714906e-05,0.0,0.0,0.0,0.0,9051,0.0001248829357791692,9051,0.0001433064171578735
1.818245800677687e-05,0.0,0.0,0.0,0.0,9052,0.00012481273734010756,9052,0.00014299519534688443
1.8475588149158284e-05,0.0,0.0,0.0,0.0,9053,0.00012491732195485383,9053,0.00014339291374199092
1.78207137651043e-05,0.0,0.0,0.0,0.0,9054,0.00012400186096783727,9054,0.00014182257291395217
1.789065390767064e-05,0.0,0.0,0.0,0.0,9055,0.00012347992742434144,9055,0.00014137057587504387
1.8550141248852015e-05,0.0,0.0,0.0,0.0,9056,0.00012343113485258073,9056,0.00014198127610143274
1.8309927327209152e-05,0.0,0.0,0.0,0.0,9057,0.00012276280904188752,9057,0.00014107274182606488
1.8062995877698995e-05,0.0,0.0,0.0,0.0,9058,0.0001222596620209515,9058,0.00014032266335561872
1.8272356101078913e-05,0.0,0.0,0.0,0.0,9059,0.0001221474085468799,9059,0.0001404197682859376
1.791579597920645e-05,0.0,0.0,0.0,0.0,9060,0.00012148266250733286,9060,0.0001393984566675499
1.7565527741680853e-05,0.0,0.0,0.0,0.0,9061,0.00012061614688718691,9061,0.00013818166917189956
1.771122515492607e-05,0.0,0.0,0.0,0.0,9062,0.00012012640945613384,9062,0.0001378376327920705
1.7485677744843997e-05,0.0,0.0,0.0,0.0,9063,0.00011952977365581319,9063,0.00013701544958166778
1.698401138128247e-05,0.0,0.0,0.0,0.0,9064,0.00011897872172994539,9064,0.00013596273493021727
1.688493102847133e-05,0.0,0.0,0.0,0.0,9065,0.00011877241922775283,9065,0.00013565734843723476
1.6856960428413004e-05,0.0,0.0,0.0,0.0,9066,0.00011833402822958305,9066,0.00013519098865799606
1.6692980352672748e-05,0.0,0.0,0.0,0.0,9067,0.00011755514424294233,9067,0.00013424811186268926
1.6962587324087508e-05,0.0,0.0,0.0,0.0,9068,0.00011695162538671866,9068,0.00013391421816777438
1.7035083146765828e-05,0.0,0.0,0.0,0.0,9069,0.00011651757085928693,9069,0.00013355264673009515
1.6700723790563643e-05,0.0,0.0,0.0,0.0,9070,0.00011614771938184276,9070,0.0001328484358964488
1.646252530917991e-05,0.0,0.0,0.0,0.0,9071,0.00011597452248679474,9071,0.00013243705325294286
1.6410158423241228e-05,0.0,0.0,0.0,0.0,9072,0.0001156970247393474,9072,0.000132107175886631
1.639586298551876e-05,0.0,0.0,0.0,0.0,9073,0.00011510733020259067,9073,0.00013150318409316242
1.6529320419067517e-05,0.0,0.0,0.0,0.0,9074,0.00011452072794781998,9074,0.0001310500520048663
1.6637719454593025e-05,0.0,0.0,0.0,0.0,9075,0.00011407388956286013,9075,0.00013071161811240017
1.6491829228471033e-05,0.0,0.0,0.0,0.0,9076,0.00011367027764208615,9076,0.00013016210868954659
1.6323989257216454e-05,0.0,0.0,0.0,0.0,9077,0.00011333354632370174,9077,0.0001296575355809182
1.627990059205331e-05,0.0,0.0,0.0,0.0,9078,0.00011299476318527013,9078,0.00012927466013934463
1.6237370800809003e-05,0.0,0.0,0.0,0.0,9079,0.00011251286923652515,9079,0.00012875023821834475
1.621654701011721e-05,0.0,0.0,0.0,0.0,9080,0.00011200898006791249,9080,0.0001282255252590403
1.6226840671151876e-05,0.0,0.0,0.0,0.0,9081,0.00011157775588799268,9081,0.00012780459655914456
1.615529617993161e-05,0.0,0.0,0.0,0.0,9082,0.0001111576784751378,9082,0.0001273129746550694
1.5959018128341995e-05,0.0,0.0,0.0,0.0,9083,0.0001107311254600063,9083,0.00012669013813138008
1.5958699805196375e-05,0.0,0.0,0.0,0.0,9084,0.00011033225746359676,9084,0.00012629096454475075
1.594929381099064e-05,0.0,0.0,0.0,0.0,9085,0.00010991250746883452,9085,0.00012586179946083575
1.590918873262126e-05,0.0,0.0,0.0,0.0,9086,0.00010948159615509212,9086,0.00012539078306872398
1.5894345779088326e-05,0.0,0.0,0.0,0.0,9087,0.00010908066906267777,9087,0.0001249750202987343
1.5882911611697637e-05,0.0,0.0,0.0,0.0,9088,0.00010865822696359828,9088,0.00012454114039428532
1.586666621733457e-05,0.0,0.0,0.0,0.0,9089,0.00010819749877555296,9089,0.0001240641577169299
0.0001756614656187594,0.0,0.0,0.0,0.0,9090,0.00010774601832963526,9090,0.00028340748394839466
5.062378113507293e-05,0.0,0.0,0.0,0.0,9091,0.00013020008918829262,9091,0.0001808238885132596
5.250984031590633e-05,0.0,0.0,0.0,0.0,9092,0.0001292595115955919,9092,0.00018176935554947704
0.00013967776612844318,0.0,0.0,0.0,0.0,9093,0.0001058748530340381,9093,0.0002455526264384389
0.00012573046842589974,0.0,0.0,0.0,0.0,9094,0.00010511404980206862,9094,0.00023084451095201075
4.9795467930380255e-05,0.0,0.0,0.0,0.0,9095,0.00012170604168204591,9095,0.0001715015241643414
1.7098614989663474e-05,0.0,0.0,0.0,0.0,9096,0.00017025314446073025,9096,0.00018735176126938313
1.685339884716086e-05,0.0,0.0,0.0,0.0,9097,0.00018100172746926546,9097,0.00019785512995440513
1.768294896464795e-05,0.0,0.0,0.0,0.0,9098,0.00013364350888878107,9098,0.00015132645785342902
4.0167560655390844e-05,0.0,0.0,0.0,0.0,9099,0.00010232700151391327,9099,0.00014249456580728292
5.905098805669695e-05,0.0,0.0,0.0,0.0,9100,0.00010335584374843165,9100,0.000162406824529171
3.8816386222606525e-05,0.0,0.0,0.0,0.0,9101,0.00010096805635839701,9101,0.0001397844316670671
1.735366640787106e-05,0.0,0.0,0.0,0.0,9102,0.00010325810580980033,9102,0.00012061177403666079
2.2241956685320474e-05,0.0,0.0,0.0,0.0,9103,0.00011524358706083149,9103,0.00013748554920312017
2.4294036848004907e-05,0.0,0.0,0.0,0.0,9104,0.00011079468094976619,9104,0.0001350887177977711
1.785363201634027e-05,0.0,0.0,0.0,0.0,9105,9.860062709776685e-05,9105,0.00011645426275208592
2.093425973725971e-05,0.0,0.0,0.0,0.0,9106,0.00010319972352590412,9106,0.00012413397780619562
2.298706749570556e-05,0.0,0.0,0.0,0.0,9107,0.0001090518053388223,9107,0.00013203886919654906
1.7005975678330287e-05,0.0,0.0,0.0,0.0,9108,0.00010144873522222042,9108,0.00011845471453852952
2.1056068362668157e-05,0.0,0.0,0.0,0.0,9109,9.597769530955702e-05,9109,0.00011703375639626756
2.9683325919904746e-05,0.0,0.0,0.0,0.0,9110,9.674526518210769e-05,9110,0.00012642859655898064
2.5636310965637676e-05,0.0,0.0,0.0,0.0,9111,9.511998359812424e-05,9111,0.0001207562891067937
1.7122216377174482e-05,0.0,0.0,0.0,0.0,9112,9.728865552460775e-05,9112,0.00011441086826380342
1.5581548723275773e-05,0.0,0.0,0.0,0.0,9113,0.00010492365254322067,9113,0.00012050520308548585
1.531762427475769e-05,0.0,0.0,0.0,0.0,9114,0.00010488720727153122,9114,0.00012020482972729951
1.594105015101377e-05,0.0,0.0,0.0,0.0,9115,9.733816841617227e-05,9115,0.00011327921674819663
2.1481766452779993e-05,0.0,0.0,0.0,0.0,9116,9.359825344290584e-05,9116,0.00011508003080962226
2.4154855054803193e-05,0.0,0.0,0.0,0.0,9117,9.348812454845756e-05,9117,0.00011764297960326076
1.9346236513229087e-05,0.0,0.0,0.0,0.0,9118,9.346516890218481e-05,9118,0.00011281140905339271
1.6500493075000122e-05,0.0,0.0,0.0,0.0,9119,9.624344238545746e-05,9119,0.00011274393182247877
1.6333106032107025e-05,0.0,0.0,0.0,0.0,9120,9.923972538672388e-05,9120,0.0001155728314188309
1.6226322259171866e-05,0.0,0.0,0.0,0.0,9121,9.7128729976248e-05,9121,0.00011335505405440927
1.7063184714061208e-05,0.0,0.0,0.0,0.0,9122,9.350679465569556e-05,9122,0.00011056997027480975
1.9448303646640852e-05,0.0,0.0,0.0,0.0,9123,9.277922799810767e-05,9123,0.00011222752800676972
1.9886158042936586e-05,0.0,0.0,0.0,0.0,9124,9.270474402001128e-05,9124,0.00011259089660597965
1.7350150301354006e-05,0.0,0.0,0.0,0.0,9125,9.240386134479195e-05,9125,0.00010975400800816715
1.6521173165529035e-05,0.0,0.0,0.0,0.0,9126,9.340256656287238e-05,9126,0.00010992374154739082
1.672237522143405e-05,0.0,0.0,0.0,0.0,9127,9.37898876145482e-05,9127,0.00011051226465497166
1.4947456293157302e-05,0.0,0.0,0.0,0.0,9128,9.23034967854619e-05,9128,0.00010725096217356622
1.5063531463965774e-05,0.0,0.0,0.0,0.0,9129,9.137584129348397e-05,9129,0.00010643937275744975
1.5633842849638313e-05,0.0,0.0,0.0,0.0,9130,9.153402061201632e-05,9130,0.00010716786346165463
1.505774343968369e-05,0.0,0.0,0.0,0.0,9131,9.113901614909992e-05,9131,0.00010619677050272003
1.4324831681733485e-05,0.0,0.0,0.0,0.0,9132,9.068887447938323e-05,9132,0.00010501370707061142
1.4543991710525006e-05,0.0,0.0,0.0,0.0,9133,9.089948434848338e-05,9133,0.00010544349061092362
1.4503438251267653e-05,0.0,0.0,0.0,0.0,9134,9.07015273696743e-05,9134,0.00010520497016841546
1.4058072338229977e-05,0.0,0.0,0.0,0.0,9135,9.009021596284583e-05,9135,0.00010414829012006521
1.5378065654658712e-05,0.0,0.0,0.0,0.0,9136,9.006002801470459e-05,9136,0.0001054380918503739
1.5515344784944318e-05,0.0,0.0,0.0,0.0,9137,9.010875510284677e-05,9137,0.0001056241017067805
1.523473474662751e-05,0.0,0.0,0.0,0.0,9138,8.967187022790313e-05,9138,0.00010490661225048825
1.5206544048851356e-05,0.0,0.0,0.0,0.0,9139,8.941195119405165e-05,9139,0.00010461850615683943
1.542589598102495e-05,0.0,0.0,0.0,0.0,9140,8.942127897171304e-05,9140,0.0001048471822286956
1.4028526493348181e-05,0.0,0.0,0.0,0.0,9141,8.916905790101737e-05,9141,0.00010319758439436555
1.3816611499350984e-05,0.0,0.0,0.0,0.0,9142,8.894657366909087e-05,9142,0.00010276317334501073
1.3955298527434934e-05,0.0,0.0,0.0,0.0,9143,8.898401574697345e-05,9143,0.0001029393170028925
1.3938442862126976e-05,0.0,0.0,0.0,0.0,9144,8.883121336111799e-05,9144,0.00010276966349920258
1.3776537343801465e-05,0.0,0.0,0.0,0.0,9145,8.849350706441328e-05,9145,0.00010227004531770945
1.3856570149073377e-05,0.0,0.0,0.0,0.0,9146,8.834711479721591e-05,9146,0.00010220368858426809
1.3915729141444899e-05,0.0,0.0,0.0,0.0,9147,8.823393000056967e-05,9147,0.00010214965732302517
1.3794817277812399e-05,0.0,0.0,0.0,0.0,9148,8.800682553555816e-05,9148,0.00010180164099438116
1.3824524103256408e-05,0.0,0.0,0.0,0.0,9149,8.786171383690089e-05,9149,0.0001016862370306626
1.3960627256892622e-05,0.0,0.0,0.0,0.0,9150,8.777801849646494e-05,9150,0.00010173863847739995
1.4043774172023404e-05,0.0,0.0,0.0,0.0,9151,8.756740135140717e-05,9151,0.00010161117825191468
1.5395668015116826e-05,0.0,0.0,0.0,0.0,9152,8.736702875467017e-05,9152,0.0001027627004077658
1.5760302630951628e-05,0.0,0.0,0.0,0.0,9153,8.726141095394269e-05,9153,0.00010302170994691551
1.621091359993443e-05,0.0,0.0,0.0,0.0,9154,8.712587441550568e-05,9154,0.0001033367880154401
1.570311542309355e-05,0.0,0.0,0.0,0.0,9155,8.692064875504002e-05,9155,0.00010262377327308059
1.6799474906292744e-05,0.0,0.0,0.0,0.0,9156,8.67873604875058e-05,9156,0.00010358684085076675
1.8409376934869215e-05,0.0,0.0,0.0,0.0,9157,8.664734923513606e-05,9157,0.00010505672980798408
2.0711891920655034e-05,0.0,0.0,0.0,0.0,9158,8.648761286167428e-05,9158,0.00010719950660131872
2.420707096462138e-05,0.0,0.0,0.0,0.0,9159,8.636188431410119e-05,9159,0.00011056895891670138
2.9419401471386664e-05,0.0,0.0,0.0,0.0,9160,8.629389776615426e-05,9160,0.00011571330105653033
3.213392847101204e-05,0.0,0.0,0.0,0.0,9161,8.608865755377337e-05,9161,0.00011822258238680661
4.351697862148285e-05,0.0,0.0,0.0,0.0,9162,8.592980884714052e-05,9162,0.00012944679474458098
6.0484126152005047e-05,0.0,0.0,0.0,0.0,9163,8.575087122153491e-05,9163,0.00014623499009758234
8.506594167556614e-05,0.0,0.0,0.0,0.0,9164,8.563150186091661e-05,9164,0.00017069744353648275
0.00012025120668113232,0.0,0.0,0.0,0.0,9165,8.546648314222693e-05,9165,0.00020571768982335925
0.00016806006897240877,0.0,0.0,0.0,0.0,9166,8.547159086447209e-05,9166,0.0002535316743887961
0.0002291145792696625,0.0,0.0,0.0,0.0,9167,8.523477299604565e-05,9167,0.0003143493377137929
0.00029810788691975176,0.0,0.0,0.0,0.0,9168,8.520102710463107e-05,9168,0.00038330891402438283
0.00036187825025990605,0.0,0.0,0.0,0.0,9169,8.490549225825816e-05,9169,0.000446783727966249
0.0003938212466891855,0.0,0.0,0.0,0.0,9170,8.488501771353185e-05,9170,0.0004787062935065478
0.00036938893026672304,0.0,0.0,0.0,0.0,9171,8.465981227345765e-05,9171,0.0004540487425401807
0.00027904650778509676,0.0,0.0,0.0,0.0,9172,8.470883767586201e-05,9172,0.00036375533090904355
0.00015377280942630023,0.0,0.0,0.0,0.0,9173,8.449817687505856e-05,9173,0.0002382709935773164
4.809660094906576e-05,0.0,0.0,0.0,0.0,9174,8.445733692497015e-05,9174,0.00013255394878797233
6.924285116838291e-06,0.0,0.0,0.0,0.0,9175,8.42731969896704e-05,9175,9.119747846852988e-05
3.3691419957904145e-05,0.0,0.0,0.0,0.0,9176,8.412014722125605e-05,9176,0.00011781156354118139
9.461527224630117e-05,0.0,0.0,0.0,0.0,9177,8.405443804804236e-05,9177,0.00017866971029434353
0.00014328438555821776,0.0,0.0,0.0,0.0,9178,8.389191498281434e-05,9178,0.00022717630781698972
0.00014714022108819336,0.0,0.0,0.0,0.0,9179,8.390178118133917e-05,9179,0.00023104200954549015
0.0001059342612279579,0.0,0.0,0.0,0.0,9180,8.371172589249909e-05,9180,0.00018964597256854177
4.825427458854392e-05,0.0,0.0,0.0,0.0,9181,8.36559702293016e-05,9181,0.00013191024481784552
1.0889170880545862e-05,0.0,0.0,0.0,0.0,9182,8.349707059096545e-05,9182,9.43862323765643e-05
1.1082246601290535e-05,0.0,0.0,0.0,0.0,9183,8.338737825397402e-05,9183,9.446961485082284e-05
3.825051317107864e-05,0.0,0.0,0.0,0.0,9184,8.331742719747126e-05,9184,0.00012156793673057109
6.627739639952779e-05,0.0,0.0,0.0,0.0,9185,8.318864274770021e-05,9185,0.000149466039147228
7.32071275706403e-05,0.0,0.0,0.0,0.0,9186,8.315675222547725e-05,9186,0.00015636387979611754
5.555678581004031e-05,0.0,0.0,0.0,0.0,9187,8.299884211737663e-05,9187,0.00013855562428943813
2.7498608687892556e-05,0.0,0.0,0.0,0.0,9188,8.29237251309678e-05,9188,0.00011042233381886035
8.467324732919224e-06,0.0,0.0,0.0,0.0,9189,8.279328176286072e-05,9189,9.126060467679054e-05
8.188848369172774e-06,0.0,0.0,0.0,0.0,9190,8.269050886156037e-05,9190,9.087935904972255e-05
2.1499603462871164e-05,0.0,0.0,0.0,0.0,9191,8.260882896138355e-05,9191,0.00010410843242425472
3.529691093717702e-05,0.0,0.0,0.0,0.0,9192,8.248567610280588e-05,9192,0.00011778259067796171
3.8449870771728456e-05,0.0,0.0,0.0,0.0,9193,8.241982868639752e-05,9193,0.00012086969945812598
2.95746503979899e-05,0.0,0.0,0.0,0.0,9194,8.227401849580929e-05,9194,0.00011184866889379919
1.587804035807494e-05,0.0,0.0,0.0,0.0,9195,8.218344737542793e-05,9195,9.806147863855585e-05
6.804597887821728e-06,0.0,0.0,0.0,0.0,9196,8.20608256617561e-05,9196,8.88654321897775e-05
6.727730124111986e-06,0.0,0.0,0.0,0.0,9197,8.195680129574612e-05,9197,8.868453005561605e-05
1.2440560567483772e-05,0.0,0.0,0.0,0.0,9198,8.186139893950894e-05,9198,9.430196223547682e-05
1.912582592922263e-05,0.0,0.0,0.0,0.0,9199,8.173392416210845e-05,9199,0.00010085975372930989
2.0780064005521126e-05,0.0,0.0,0.0,0.0,9200,8.164656901499256e-05,9200,0.00010242663120152429
1.6730955394450575e-05,0.0,0.0,0.0,0.0,9201,8.150302164722234e-05,9201,9.823397704167292e-05
1.0172283509746194e-05,0.0,0.0,0.0,0.0,9202,8.14004524727352e-05,9202,9.157272870652378e-05
5.494352535606595e-06,0.0,0.0,0.0,0.0,9203,8.127342152874917e-05,9203,8.676777360960841e-05
4.974361672793748e-06,0.0,0.0,0.0,0.0,9204,8.116115350276232e-05,9204,8.613551472080871e-05
7.774157893436495e-06,0.0,0.0,0.0,0.0,9205,8.105774031719193e-05,9205,8.883190457709134e-05
1.1110117156931665e-05,0.0,0.0,0.0,0.0,9206,8.093176438705996e-05,9206,9.204188245348632e-05
1.2407249414536636e-05,0.0,0.0,0.0,0.0,9207,8.083033753791824e-05,9207,9.323759149992839e-05
1.0981575542245992e-05,0.0,0.0,0.0,0.0,9208,8.069418981904164e-05,9208,9.167577081825584e-05
7.976752385729924e-06,0.0,0.0,0.0,0.0,9209,8.058740786509588e-05,9209,8.856416388880461e-05
5.384448741097003e-06,0.0,0.0,0.0,0.0,9210,8.046558650676161e-05,9210,8.585004252381623e-05
4.537672339210985e-06,0.0,0.0,0.0,0.0,9211,8.035685459617525e-05,9211,8.489452739013359e-05
5.444972885015886e-06,0.0,0.0,0.0,0.0,9212,8.025051647564396e-05,9212,8.569548663217574e-05
7.058303708618041e-06,0.0,0.0,0.0,0.0,9213,8.013089245650917e-05,9213,8.718919707462192e-05
8.104293556243647e-06,0.0,0.0,0.0,0.0,9214,8.002267713891342e-05,9214,8.812698069959879e-05
7.94536026660353e-06,0.0,0.0,0.0,0.0,9215,7.989312143763527e-05,9215,8.78384817042388e-05
6.773525001335656e-06,0.0,0.0,0.0,0.0,9216,7.978238863870502e-05,9216,8.6555904999841e-05
5.374383363232482e-06,0.0,0.0,0.0,0.0,9217,7.965913391672075e-05,9217,8.503351273247972e-05
4.5106471588951536e-06,0.0,0.0,0.0,0.0,9218,7.954612374305725e-05,9218,8.405677363043651e-05
4.496986548474524e-06,0.0,0.0,0.0,0.0,9219,7.942997035570443e-05,9219,8.392695599468425e-05
5.1034467105637304e-06,0.0,0.0,0.0,0.0,9220,7.930970605229959e-05,9220,8.441315003437921e-05
5.730733391828835e-06,0.0,0.0,0.0,0.0,9221,7.919760537333786e-05,9221,8.492834604112431e-05
6.024090453138342e-06,0.0,0.0,0.0,0.0,9222,7.907572580734268e-05,9222,8.509981853421777e-05
5.783024334959919e-06,0.0,0.0,0.0,0.0,9223,7.896846364019439e-05,9223,8.475148933939636e-05
5.193104243517155e-06,0.0,0.0,0.0,0.0,9224,7.884641672717407e-05,9224,8.403952233493328e-05
4.588165666064015e-06,0.0,0.0,0.0,0.0,9225,7.872719288570806e-05,9225,8.331536082550883e-05
4.265997176844394e-06,0.0,0.0,0.0,0.0,9226,7.860011101001874e-05,9226,8.286610682262108e-05
4.454595000424888e-06,0.0,0.0,0.0,0.0,9227,7.847283995943144e-05,9227,8.292743586935103e-05
4.720996457763249e-06,0.0,0.0,0.0,0.0,9228,7.834710413590074e-05,9228,8.306810195790604e-05
5.015204806113616e-06,0.0,0.0,0.0,0.0,9229,7.821685721864924e-05,9229,8.323206566274166e-05
5.143237103766296e-06,0.0,0.0,0.0,0.0,9230,7.80962363933213e-05,9230,8.32394725875929e-05
5.058943770563928e-06,0.0,0.0,0.0,0.0,9231,7.796934369252995e-05,9231,8.302828791784123e-05
4.809098300029291e-06,0.0,0.0,0.0,0.0,9232,7.785076013533399e-05,9232,8.265985525213182e-05
4.536560481938068e-06,0.0,0.0,0.0,0.0,9233,7.772627577651292e-05,9233,8.226283534895629e-05
4.3489608287927695e-06,0.0,0.0,0.0,0.0,9234,7.760625885566697e-05,9234,8.195522241294384e-05
4.304714821046218e-06,0.0,0.0,0.0,0.0,9235,7.748571078991517e-05,9235,8.179042197298259e-05
4.379443907964742e-06,0.0,0.0,0.0,0.0,9236,7.736511179246008e-05,9236,8.174455433618277e-05
4.4981284190726e-06,0.0,0.0,0.0,0.0,9237,7.723965245531872e-05,9237,8.173778041964397e-05
4.5859114834456705e-06,0.0,0.0,0.0,0.0,9238,7.710382487857714e-05,9238,8.168973727151752e-05
4.5960205170558766e-06,0.0,0.0,0.0,0.0,9239,7.696941611357033e-05,9239,8.15654348116368e-05
4.525352323980769e-06,0.0,0.0,0.0,0.0,9240,7.682736759306863e-05,9240,8.135272219078615e-05
4.409161647345172e-06,0.0,0.0,0.0,0.0,9241,7.668606849620119e-05,9241,8.109523332677782e-05
4.244224328431301e-06,0.0,0.0,0.0,0.0,9242,7.654046930838376e-05,9242,8.078469545580447e-05
4.176802576694172e-06,0.0,0.0,0.0,0.0,9243,7.639699470018968e-05,9243,8.057379454839975e-05
4.164316578680882e-06,0.0,0.0,0.0,0.0,9244,7.625325088156387e-05,9244,8.0417565186508e-05
4.194753728370415e-06,0.0,0.0,0.0,0.0,9245,7.610671309521422e-05,9245,8.030147000681609e-05
4.24024301537429e-06,0.0,0.0,0.0,0.0,9246,7.595626811962575e-05,9246,8.01965143182315e-05
4.2771775952132884e-06,0.0,0.0,0.0,0.0,9247,7.578815711895004e-05,9247,8.006533607840538e-05
4.283340331312502e-06,0.0,0.0,0.0,0.0,9248,7.561928214272484e-05,9248,7.99026238382794e-05
4.262384663888952e-06,0.0,0.0,0.0,0.0,9249,7.544352411059663e-05,9249,7.970591104822233e-05
4.219548372930149e-06,0.0,0.0,0.0,0.0,9250,7.526949775638059e-05,9250,7.948904385557398e-05
4.174983132543275e-06,0.0,0.0,0.0,0.0,9251,7.509197894250974e-05,9251,7.926695980131626e-05
4.140059900237247e-06,0.0,0.0,0.0,0.0,9252,7.491628639400005e-05,9252,7.905634993221611e-05
4.123714006709633e-06,0.0,0.0,0.0,0.0,9253,7.474039739463478e-05,9253,7.886411185609177e-05
4.124047336517833e-06,0.0,0.0,0.0,0.0,9254,7.456592720700428e-05,9254,7.868997636251152e-05
4.135303242946975e-06,0.0,0.0,0.0,0.0,9255,7.439353794325143e-05,9255,7.852884300518781e-05
4.1511502786306664e-06,0.0,0.0,0.0,0.0,9256,7.422139606205747e-05,9256,7.837254815967754e-05
4.161303877481259e-06,0.0,0.0,0.0,0.0,9257,7.404537609545514e-05,9257,7.8206678153947e-05
4.16455668528215e-06,0.0,0.0,0.0,0.0,9258,7.386747893178836e-05,9258,7.803203334333375e-05
4.161364358878927e-06,0.0,0.0,0.0,0.0,9259,7.369555532932281e-05,9259,7.78569228714332e-05
4.148483185417717e-06,0.0,0.0,0.0,0.0,9260,7.35234934836626e-05,9260,7.767197530483827e-05
4.131466084800195e-06,0.0,0.0,0.0,0.0,9261,7.335472764680162e-05,9261,7.748619100311771e-05
4.117198386666132e-06,0.0,0.0,0.0,0.0,9262,7.318756252061576e-05,9262,7.730475772405043e-05
4.106603228137828e-06,0.0,0.0,0.0,0.0,9263,7.302359881578013e-05,9263,7.713020022492856e-05
4.102063030586578e-06,0.0,0.0,0.0,0.0,9264,7.286189793376252e-05,9264,7.69639591453597e-05
4.102413640794111e-06,0.0,0.0,0.0,0.0,9265,7.270269270520657e-05,9265,7.680510316276923e-05
4.105600964976475e-06,0.0,0.0,0.0,0.0,9266,7.254639058373868e-05,9266,7.665199518669397e-05
4.1101638998952694e-06,0.0,0.0,0.0,0.0,9267,7.239221304189414e-05,9267,7.650237967027351e-05
4.112800070288358e-06,0.0,0.0,0.0,0.0,9268,7.223847933346406e-05,9268,7.635127985849977e-05
4.114292551093968e-06,0.0,0.0,0.0,0.0,9269,7.20837851986289e-05,9269,7.619807729497552e-05
4.112039277970325e-06,0.0,0.0,0.0,0.0,9270,7.192914199549705e-05,9270,7.604117854498327e-05
4.108434040972497e-06,0.0,0.0,0.0,0.0,9271,7.177532825153321e-05,9271,7.588376320200041e-05
4.102299044461688e-06,0.0,0.0,0.0,0.0,9272,7.162247493397444e-05,9272,7.572477625217289e-05
4.0965696825878695e-06,0.0,0.0,0.0,0.0,9273,7.146990537876263e-05,9273,7.55664732423611e-05
4.090734364581294e-06,0.0,0.0,0.0,0.0,9274,7.132007885957137e-05,9274,7.541081140516326e-05
4.086408807779662e-06,0.0,0.0,0.0,0.0,9275,7.117164204828441e-05,9275,7.525805267505348e-05
4.082944087713258e-06,0.0,0.0,0.0,0.0,9276,7.102547533577308e-05,9276,7.51084226067178e-05
4.080361122760223e-06,0.0,0.0,0.0,0.0,9277,7.08798979758285e-05,9277,7.496026228182018e-05
4.0783133954391815e-06,0.0,0.0,0.0,0.0,9278,7.073699816828594e-05,9278,7.481531065423042e-05
4.076621735293884e-06,0.0,0.0,0.0,0.0,9279,7.059631025185809e-05,9279,7.467293471563607e-05
4.075524429936195e-06,0.0,0.0,0.0,0.0,9280,7.045781967462972e-05,9280,7.453334546880797e-05
4.073836862517055e-06,0.0,0.0,0.0,0.0,9281,7.032175926724449e-05,9281,7.439559703925624e-05
4.072122919751564e-06,0.0,0.0,0.0,0.0,9282,7.018754695309326e-05,9282,7.425966759910807e-05
4.069383066962473e-06,0.0,0.0,0.0,0.0,9283,7.005604857113212e-05,9283,7.4125433457084e-05
4.066615929332329e-06,0.0,0.0,0.0,0.0,9284,6.992448470555246e-05,9284,7.399109745165333e-05
4.063072537974222e-06,0.0,0.0,0.0,0.0,9285,6.979655881877989e-05,9285,7.385962817352265e-05
4.059583716298221e-06,0.0,0.0,0.0,0.0,9286,6.966928776819259e-05,9286,7.372887193923816e-05
4.055744284414686e-06,0.0,0.0,0.0,0.0,9287,6.954417040105909e-05,9287,7.359991286648437e-05
4.05312994189444e-06,0.0,0.0,0.0,0.0,9288,6.941985338926315e-05,9288,7.347298378590494e-05
4.050781171827111e-06,0.0,0.0,0.0,0.0,9289,6.929724622750655e-05,9289,7.334802648983896e-05
4.04887714466895e-06,0.0,0.0,0.0,0.0,9290,6.917618156876415e-05,9290,7.322505553020164e-05
4.046425601700321e-06,0.0,0.0,0.0,0.0,9291,6.905689951963723e-05,9291,7.310332148335874e-05
4.04344473281526e-06,0.0,0.0,0.0,0.0,9292,6.893737736390904e-05,9292,7.298082346096635e-05
4.040273324790178e-06,0.0,0.0,0.0,0.0,9293,6.88191139488481e-05,9293,7.285938772838563e-05
4.037673079437809e-06,0.0,0.0,0.0,0.0,9294,6.870209472253919e-05,9294,7.273977098520845e-05
4.035804522573017e-06,0.0,0.0,0.0,0.0,9295,6.858617416583002e-05,9295,7.262198050739244e-05
4.034021458210191e-06,0.0,0.0,0.0,0.0,9296,6.847241456853226e-05,9296,7.25064383004792e-05
4.031549451610772e-06,0.0,0.0,0.0,0.0,9297,6.836114334873855e-05,9297,7.239269325509667e-05
4.027972408948699e-06,0.0,0.0,0.0,0.0,9298,6.825310265412554e-05,9298,7.228107278933749e-05
0.00023223922471515834,0.0,0.0,0.0,0.0,9299,6.81456076563336e-05,9299,0.0003003848250955343
4.9566777306608856e-05,0.0,0.0,0.0,0.0,9300,0.00011297352466499433,9300,0.00016254029469564557
5.4953594371909276e-05,0.0,0.0,0.0,0.0,9301,0.00011592942610150203,9301,0.00017088302411139011
6.557947472174419e-06,0.0,0.0,0.0,0.0,9302,6.99355368851684e-05,9302,7.649348117411137e-05
2.9123502827133052e-05,0.0,0.0,0.0,0.0,9303,9.468273492529988e-05,9303,0.00012380623957142234
4.4397365854820237e-05,0.0,0.0,0.0,0.0,9304,0.00011044552957173437,9304,0.0001548428990645334
9.651019354350865e-06,0.0,0.0,0.0,0.0,9305,7.418076711473987e-05,9305,8.383178646909073e-05
2.0642070012399927e-05,0.0,0.0,0.0,0.0,9306,7.953929161885753e-05,9306,0.00010018135799327865
4.116984564461745e-05,0.0,0.0,0.0,0.0,9307,9.654008317738771e-05,9307,0.00013770992518402636
1.5776071450090967e-05,0.0,0.0,0.0,0.0,9308,7.449221448041499e-05,9308,9.026828047353774e-05
1.276442071684869e-05,0.0,0.0,0.0,0.0,9309,7.463032670784742e-05,9309,8.73947428772226e-05
3.057919821003452e-05,0.0,0.0,0.0,0.0,9310,9.175168816000223e-05,9310,0.00012233087909407914
1.766039349604398e-05,0.0,0.0,0.0,0.0,9311,7.716695836279541e-05,9311,9.482735185883939e-05
1.2913402315462008e-05,0.0,0.0,0.0,0.0,9312,6.957365258131176e-05,9312,8.248705125879496e-05
2.8397960704751313e-05,0.0,0.0,0.0,0.0,9313,8.247748337453231e-05,9313,0.00011087544407928362
2.2543188606505282e-05,0.0,0.0,0.0,0.0,9314,7.62210474931635e-05,9314,9.876424155663699e-05
1.6258962205029093e-05,0.0,0.0,0.0,0.0,9315,6.788795872125775e-05,9315,8.414693002123386e-05
2.9052183890598826e-05,0.0,0.0,0.0,0.0,9316,7.652982458239421e-05,9316,0.00010558201029198244
2.9952387194498442e-05,0.0,0.0,0.0,0.0,9317,7.460818596882746e-05,9317,0.0001045605749823153
2.4912587832659483e-05,0.0,0.0,0.0,0.0,9318,6.730163295287639e-05,9318,9.221421350957826e-05
3.468554496066645e-05,0.0,0.0,0.0,0.0,9319,7.36861111363396e-05,9319,0.00010837165609700605
4.0555925806984305e-05,0.0,0.0,0.0,0.0,9320,7.491186261177063e-05,9320,0.00011546778841875494
4.1446666728006676e-05,0.0,0.0,0.0,0.0,9321,6.747069710399956e-05,9321,0.00010891735291806981
5.338977643987164e-05,0.0,0.0,0.0,0.0,9322,6.932670657988638e-05,9322,0.0001227164757438004
6.486295751528814e-05,0.0,0.0,0.0,0.0,9323,7.13867339072749e-05,9323,0.00013624969869852066
6.958944140933454e-05,0.0,0.0,0.0,0.0,9324,6.705219129798934e-05,9324,0.0001366416399832815
8.090404298854992e-05,0.0,0.0,0.0,0.0,9325,6.881688750581816e-05,9325,0.00014972093049436808
9.389321348862723e-05,0.0,0.0,0.0,0.0,9326,7.188020390458405e-05,9326,0.00016577341011725366
0.00010134067997569218,0.0,0.0,0.0,0.0,9327,6.777539238100871e-05,9327,0.00016911608690861613
0.00010904066584771499,0.0,0.0,0.0,0.0,9328,6.686004053335637e-05,9328,0.00017590069910511374
0.00011441258538980037,0.0,0.0,0.0,0.0,9329,6.894306716276333e-05,9329,0.00018335564527660608
0.00010921597277047113,0.0,0.0,0.0,0.0,9330,6.699955702060834e-05,9330,0.00017621552979107946
9.82664932962507e-05,0.0,0.0,0.0,0.0,9331,6.667743582511321e-05,9331,0.0001649439218454063
8.396936755161732e-05,0.0,0.0,0.0,0.0,9332,6.890756776556373e-05,9332,0.00015287693531718105
6.375411612680182e-05,0.0,0.0,0.0,0.0,9333,6.744889833498746e-05,9333,0.00013120300718583167
4.2553790990496054e-05,0.0,0.0,0.0,0.0,9334,6.61215526633896e-05,9334,0.00010867534729186445
0.0002904165885411203,0.0,0.0,0.0,0.0,9335,6.718196527799591e-05,9335,0.00035759853199124336
4.7650020860601217e-05,0.0,0.0,0.0,0.0,9336,0.00010016210580943152,9336,0.00014781212667003274
5.849181616213173e-05,0.0,0.0,0.0,0.0,9337,0.0001147677976405248,9337,0.00017325961380265653
8.543047442799434e-06,0.0,0.0,0.0,0.0,9338,7.038983312668279e-05,9338,7.893287693150342e-05
2.2174843252287246e-05,0.0,0.0,0.0,0.0,9339,8.62316956045106e-05,9339,0.00010840653703780845
4.551992969936691e-05,0.0,0.0,0.0,0.0,9340,0.00010794877744046971,9340,0.00015346870350185782
1.873616020020563e-05,0.0,0.0,0.0,0.0,9341,7.47768790461123e-05,9341,9.351304470328614e-05
2.8051961635355838e-05,0.0,0.0,0.0,0.0,9342,7.440282934112474e-05,9342,0.0001024548037094064
5.2537154260789976e-05,0.0,0.0,0.0,0.0,9343,9.313289046986029e-05,9343,0.00014567005564458668
3.1996951292967424e-05,0.0,0.0,0.0,0.0,9344,7.368399383267388e-05,9344,0.0001056809414876625
2.5112400180660188e-05,0.0,0.0,0.0,0.0,9345,7.12422770448029e-05,9345,9.635466994950548e-05
3.935356289730407e-05,0.0,0.0,0.0,0.0,9346,8.864107803674415e-05,9346,0.00012799464457202703
2.519174995541107e-05,0.0,0.0,0.0,0.0,9347,7.571370952064171e-05,9347,0.00010090546129504219
1.4977061255194712e-05,0.0,0.0,0.0,0.0,9348,6.737397779943421e-05,9348,8.235104178311303e-05
2.460595169395674e-05,0.0,0.0,0.0,0.0,9349,7.966627890709788e-05,9349,0.00010427222878206521
1.577356488269288e-05,0.0,0.0,0.0,0.0,9350,7.407750672427937e-05,9350,8.985106978798285e-05
5.394826985138934e-06,0.0,0.0,0.0,0.0,9351,6.614746962441131e-05,9351,7.154229388106614e-05
1.3699759620067198e-05,0.0,0.0,0.0,0.0,9352,7.439514592988417e-05,9352,8.809490827843547e-05
1.1756033018173184e-05,0.0,0.0,0.0,0.0,9353,7.242483115987852e-05,9353,8.418086508754641e-05
4.091903974767774e-06,0.0,0.0,0.0,0.0,9354,6.566447700606659e-05,9354,6.975638098083436e-05
9.88900865195319e-06,0.0,0.0,0.0,0.0,9355,7.179118983913213e-05,9355,8.168019849108532e-05
1.1232942597416695e-05,0.0,0.0,0.0,0.0,9356,7.242998253786936e-05,9356,8.366292604478076e-05
6.770436812075786e-06,0.0,0.0,0.0,0.0,9357,6.57486089039594e-05,9357,7.251904753502458e-05
1.1645257472991943e-05,0.0,0.0,0.0,0.0,9358,6.794404907850549e-05,9358,7.958930655149743e-05
1.4022685718373396e-05,0.0,0.0,0.0,0.0,9359,6.941222090972587e-05,9359,8.343491208506748e-05
9.126098120759707e-06,0.0,0.0,0.0,0.0,9360,6.541264156112447e-05,9360,7.453873695340008e-05
9.943829354597256e-06,0.0,0.0,0.0,0.0,9361,6.742184632457793e-05,9361,7.736567931715399e-05
1.1541347703314386e-05,0.0,0.0,0.0,0.0,9362,6.958087033126503e-05,9362,8.112221985356882e-05
8.353140401595738e-06,0.0,0.0,0.0,0.0,9363,6.586802192032337e-05,9363,7.422116323141381e-05
8.709836038178764e-06,0.0,0.0,0.0,0.0,9364,6.559229223057628e-05,9364,7.430213008774444e-05
1.0290855243511032e-05,0.0,0.0,0.0,0.0,9365,6.72755268169567e-05,9365,7.756637933198363e-05
7.329039362957701e-06,0.0,0.0,0.0,0.0,9366,6.532948464155197e-05,9366,7.265852764248848e-05
6.122477770986734e-06,0.0,0.0,0.0,0.0,9367,6.530401878990233e-05,9367,7.142649701563641e-05
7.090211965987692e-06,0.0,0.0,0.0,0.0,9368,6.698991637676954e-05,9368,7.408012606902048e-05
5.503596639755415e-06,0.0,0.0,0.0,0.0,9369,6.549525278387591e-05,9369,7.099885260686278e-05
4.716721832664916e-06,0.0,0.0,0.0,0.0,9370,6.464786565629765e-05,9370,6.936458521522582e-05
0.0002676985168363899,0.0,0.0,0.0,0.0,9371,6.573223072336987e-05,9371,0.00033343074028380215
4.255911335349083e-05,0.0,0.0,0.0,0.0,9372,0.0001007300743367523,9372,0.00014328918769024312
6.0316531744319946e-05,0.0,0.0,0.0,0.0,9373,0.00011509090836625546,9373,0.00017540744738653302
9.503638466412667e-06,0.0,0.0,0.0,0.0,9374,6.813361687818542e-05,9374,7.763725443510339e-05
2.50411521847127e-05,0.0,0.0,0.0,0.0,9375,8.815905312076211e-05,9375,0.00011320020712446421
4.4422697101254016e-05,0.0,0.0,0.0,0.0,9376,0.0001087250784621574,9376,0.00015314779011532664
1.0293282684870064e-05,0.0,0.0,0.0,0.0,9377,7.235461816890165e-05,9377,8.264790085377172e-05
1.964383955055382e-05,0.0,0.0,0.0,0.0,9378,7.497941987821832e-05,9378,9.462326124776155e-05
4.072206866112538e-05,0.0,0.0,0.0,0.0,9379,9.25813292269595e-05,9379,0.00013330340152606368
1.484859149059048e-05,0.0,0.0,0.0,0.0,9380,7.082910451572388e-05,9380,8.567769691580907e-05
1.1624460057646502e-05,0.0,0.0,0.0,0.0,9381,7.198553066700697e-05,9381,8.361000072909519e-05
2.850793498510029e-05,0.0,0.0,0.0,0.0,9382,8.885750139597803e-05,9382,0.00011736543820006773
1.4257833754527383e-05,0.0,0.0,0.0,0.0,9383,7.292619557119906e-05,9383,8.718403114471585e-05
1.11913932414609e-05,0.0,0.0,0.0,0.0,9384,6.694478361168876e-05,9384,7.813617412466556e-05
2.586485425126739e-05,0.0,0.0,0.0,0.0,9385,7.955829642014578e-05,9385,0.00010542315430939198
1.7126194507000037e-05,0.0,0.0,0.0,0.0,9386,7.129595906008035e-05,9386,8.842215174809098e-05
1.1998840818705503e-05,0.0,0.0,0.0,0.0,9387,6.527865480165929e-05,9387,7.727749471087009e-05
2.4047501938184723e-05,0.0,0.0,0.0,0.0,9388,7.451110286638141e-05,9388,9.855860116658732e-05
2.1022953660576604e-05,0.0,0.0,0.0,0.0,9389,7.005278894212097e-05,9389,9.107575169764459e-05
1.6431142285000533e-05,0.0,0.0,0.0,0.0,9390,6.448032218031585e-05,9390,8.091146446531639e-05
2.586053051345516e-05,0.0,0.0,0.0,0.0,9391,7.182629633462057e-05,9391,9.768682502908632e-05
2.7163636332261376e-05,0.0,0.0,0.0,0.0,9392,7.02280958648771e-05,9392,9.739173401612788e-05
2.671806032594759e-05,0.0,0.0,0.0,0.0,9393,6.396647222572938e-05,9393,9.068453073268756e-05
3.753701093955897e-05,0.0,0.0,0.0,0.0,9394,6.769040192011744e-05,9394,0.00010522742377361283
4.3662173993652686e-05,0.0,0.0,0.0,0.0,9395,6.76943818689324e-05,9395,0.00011135655950056389
4.62861244159285e-05,0.0,0.0,0.0,0.0,9396,6.380437116604298e-05,9396,0.0001100905064959079
5.8163896028418094e-05,0.0,0.0,0.0,0.0,9397,6.708636647090316e-05,9397,0.00012525025522336364
6.928068614797667e-05,0.0,0.0,0.0,0.0,9398,6.807001045672223e-05,9398,0.0001373506966046989
7.854326395317912e-05,0.0,0.0,0.0,0.0,9399,6.384532025549561e-05,9399,0.00014238858420867473
9.358932584291324e-05,0.0,0.0,0.0,0.0,9400,6.487043719971552e-05,9400,0.00015845976304262877
0.00010675959492800757,0.0,0.0,0.0,0.0,9401,6.603743531741202e-05,9401,0.0001727970375213772
0.00011420920782256871,0.0,0.0,0.0,0.0,9402,6.356419180519879e-05,9402,0.00017777337052393705
0.00012106503709219396,0.0,0.0,0.0,0.0,9403,6.450057844631374e-05,9403,0.0001855656155385077
0.00012171061825938523,0.0,0.0,0.0,0.0,9404,6.590986595256254e-05,9404,0.0001876205060398206
0.00011257693404331803,0.0,0.0,0.0,0.0,9405,6.359765393426642e-05,9405,0.00017617458070162684
9.751165634952486e-05,0.0,0.0,0.0,0.0,9406,6.363131251418963e-05,9406,0.0001611429761396721
0.0003409817873034626,0.0,0.0,0.0,0.0,9407,6.46865664748475e-05,9407,0.0004056683392263949
9.847247565630823e-05,0.0,0.0,0.0,0.0,9408,0.00010397667938377708,9408,0.00020244916959200054
9.757700900081545e-05,0.0,0.0,0.0,0.0,9409,0.00011824687680928037,9409,0.00021582386398222297
2.350470458623022e-05,0.0,0.0,0.0,0.0,9410,6.66596824885346e-05,9410,9.01643797988072e-05
3.132910933345556e-05,0.0,0.0,0.0,0.0,9411,9.073219553101808e-05,9411,0.00012206130486447364
4.5709275582339615e-05,0.0,0.0,0.0,0.0,9412,0.0001111861492972821,9412,0.00015689543215557933
8.395782970183063e-06,0.0,0.0,0.0,0.0,9413,7.01905446476303e-05,9413,7.858633034629747e-05
2.6703140974859707e-05,0.0,0.0,0.0,0.0,9414,7.639452815055847e-05,9414,0.00010309766366844997
5.3722171287517995e-05,0.0,0.0,0.0,0.0,9415,9.431281796423718e-05,9415,0.00014803498925175518
2.9985978471813723e-05,0.0,0.0,0.0,0.0,9416,6.854388630017638e-05,9416,9.852986840996891e-05
3.425166869419627e-05,0.0,0.0,0.0,0.0,9417,7.305222243303433e-05,9417,0.00010730388748925179
5.1769879064522684e-05,0.0,0.0,0.0,0.0,9418,9.040308941621333e-05,9418,0.00014217296848073602
3.244045001338236e-05,0.0,0.0,0.0,0.0,9419,7.024149817880243e-05,9419,0.0001026819518301636
2.7735732146538794e-05,0.0,0.0,0.0,0.0,9420,6.722850957885385e-05,9420,9.496424900135025e-05
3.6397268559085205e-05,0.0,0.0,0.0,0.0,9421,8.074534707702696e-05,9421,0.00011714260472217575
1.8374015780864283e-05,0.0,0.0,0.0,0.0,9422,6.888252391945571e-05,9422,8.72565433382988e-05
9.91448359854985e-06,0.0,0.0,0.0,0.0,9423,6.511597166536376e-05,9423,7.50304534449242e-05
1.8188375179306604e-05,0.0,0.0,0.0,0.0,9424,7.529492722824216e-05,9424,9.348330058855936e-05
9.16330645850394e-06,0.0,0.0,0.0,0.0,9425,6.782590207876638e-05,9425,7.698920671828091e-05
3.97693565901136e-06,0.0,0.0,0.0,0.0,9426,6.406497413991019e-05,9426,6.804191070841625e-05
1.283298661292065e-05,0.0,0.0,0.0,0.0,9427,7.251888018799946e-05,9427,8.53518649819307e-05
1.0231913620373234e-05,0.0,0.0,0.0,0.0,9428,6.816882523708045e-05,9428,7.84007424954325e-05
8.404321306443308e-06,0.0,0.0,0.0,0.0,9429,6.295464845607057e-05,9429,7.135896885301918e-05
1.662082468101289e-05,0.0,0.0,0.0,0.0,9430,6.792474596295506e-05,9430,8.454557246295735e-05
1.49693087223568e-05,0.0,0.0,0.0,0.0,9431,6.596516323043033e-05,9431,8.093447104329243e-05
1.0480048331373837e-05,0.0,0.0,0.0,0.0,9432,6.285587733145803e-05,9432,7.333592657232657e-05
1.3803680303681176e-05,0.0,0.0,0.0,0.0,9433,6.73279064358212e-05,9433,8.113158401101828e-05
1.2001247341686394e-05,0.0,0.0,0.0,0.0,9434,6.637744081672281e-05,9434,7.83786890679039e-05
8.185324986698106e-06,0.0,0.0,0.0,0.0,9435,6.249519356060773e-05,9435,7.068051490932703e-05
1.0191773071710486e-05,0.0,0.0,0.0,0.0,9436,6.469390064012259e-05,9436,7.488567644031718e-05
8.749063454160932e-06,0.0,0.0,0.0,0.0,9437,6.45835607429035e-05,9437,7.333262328756973e-05
4.6623649723187555e-06,0.0,0.0,0.0,0.0,9438,6.231497536646202e-05,9438,6.697734352201223e-05
5.400646386988228e-06,0.0,0.0,0.0,0.0,9439,6.429546920116991e-05,9439,6.969611422391608e-05
5.105114269099431e-06,0.0,0.0,0.0,0.0,9440,6.448636850109324e-05,9440,6.959148595342413e-05
3.0106168651400367e-06,0.0,0.0,0.0,0.0,9441,6.221346848178655e-05,9441,6.522408511955291e-05
4.252434791851556e-06,0.0,0.0,0.0,0.0,9442,6.308394949883223e-05,9442,6.733638292644173e-05
0.0002641681639943272,0.0,0.0,0.0,0.0,9443,6.343008863041177e-05,9443,0.00032759824534878135
5.06787582708057e-05,0.0,0.0,0.0,0.0,9444,0.0001070252328645438,9444,0.0001577039947733283
6.830174970673397e-05,0.0,0.0,0.0,0.0,9445,0.0001217244061990641,9445,0.0001900261704577133
6.630286407016683e-06,0.0,0.0,0.0,0.0,9446,6.50252986815758e-05,9446,7.16555878170766e-05
3.0716826586285606e-05,0.0,0.0,0.0,0.0,9447,9.382693679071963e-05,9447,0.00012454375973902643
4.8418500227853656e-05,0.0,0.0,0.0,0.0,9448,0.00011303101200610399,9448,0.00016144951223395765
5.998033884679899e-06,0.0,0.0,0.0,0.0,9449,6.797474634367973e-05,9449,7.397278386633843e-05
2.3902697648736648e-05,0.0,0.0,0.0,0.0,9450,7.879634358687326e-05,9450,0.00010269902850268409
4.279185304767452e-05,0.0,0.0,0.0,0.0,9451,9.525674249744043e-05,9451,0.00013804859190713614
8.490404979966115e-06,0.0,0.0,0.0,0.0,9452,6.64423787384294e-05,9452,7.493278098991141e-05
1.2818644790968392e-05,0.0,0.0,0.0,0.0,9453,7.513545278925449e-05,9453,8.795409667072818e-05
2.8586275220732205e-05,0.0,0.0,0.0,0.0,9454,9.080637391889468e-05,9454,0.00011939265095861629
6.963564828765811e-06,0.0,0.0,0.0,0.0,9455,6.768725870642811e-05,9455,7.465082308044657e-05
9.988536476157606e-06,0.0,0.0,0.0,0.0,9456,6.847744953120127e-05,9456,7.846598600735888e-05
2.343376399949193e-05,0.0,0.0,0.0,0.0,9457,8.130599599098787e-05,9457,0.00010473975271452218
7.4519048212096095e-06,0.0,0.0,0.0,0.0,9458,6.659404607489705e-05,9458,7.404595089610666e-05
6.9756843004142866e-06,0.0,0.0,0.0,0.0,9459,6.560240581165999e-05,9459,7.257809193106368e-05
1.8488157365936786e-05,0.0,0.0,0.0,0.0,9460,7.546591950813308e-05,9460,9.395407687406987e-05
7.729892786301207e-06,0.0,0.0,0.0,0.0,9461,6.54681061860174e-05,9461,7.31979962438345e-05
4.858059583057184e-06,0.0,0.0,0.0,0.0,9462,6.432060763472691e-05,9462,6.91786699462682e-05
0.001438381616026163,0.0,0.0,0.0,0.0,9463,7.301672303583473e-05,9463,0.001511398353613913
0.00045254139695316553,0.0,0.0,0.0,0.0,9464,0.0004494405584409833,9464,0.0009019820136018097
0.0013058686163276434,0.0,0.0,0.0,0.0,9465,0.001240335637703538,9465,0.0025462042540311813
0.0003386297612451017,0.0,0.0,0.0,0.0,9466,0.0003252812020946294,9466,0.0006639109924435616
0.0008702938794158399,0.0,0.0,0.0,0.0,9467,0.00030917651019990444,9467,0.0011794703314080834
0.0013984856195747852,0.0,0.0,0.0,0.0,9468,0.0006417441181838512,9468,0.0020402297377586365
1.07278547147871e-05,0.0,0.0,0.0,0.0,9469,8.744729711906984e-05,9469,9.817515092436224e-05
0.0004164019483141601,0.0,0.0,0.0,0.0,9470,0.00034249445889145136,9470,0.0007588964072056115
0.0005087999743409455,0.0,0.0,0.0,0.0,9471,0.00041462734225206077,9471,0.0009234273456968367
4.828368764719926e-05,0.0,0.0,0.0,0.0,9472,8.88412760104984e-05,9472,0.00013712496729567647
0.0002083550934912637,0.0,0.0,0.0,0.0,9473,0.00033121314481832087,9473,0.0005395682528614998
0.000334752956405282,0.0,0.0,0.0,0.0,9474,0.0004732485977001488,9474,0.0008080014958977699
4.78897854918614e-05,0.0,0.0,0.0,0.0,9475,0.00013977655908092856,9475,0.00018766633002087474
0.00014885982091072947,0.0,0.0,0.0,0.0,9476,0.00016228054300881922,9476,0.0003111403784714639
0.0003088649536948651,0.0,0.0,0.0,0.0,9477,0.00029855530010536313,9477,0.0006074202246963978
8.299150795210153e-05,0.0,0.0,0.0,0.0,9478,0.00011628677748376504,9478,0.00019927827815990895
9.128166129812598e-05,0.0,0.0,0.0,0.0,9479,0.00013255749945528805,9479,0.00022383916075341403
0.0002644980268087238,0.0,0.0,0.0,0.0,9480,0.00025820781593210995,9480,0.0005227058427408338
0.0001301466254517436,0.0,0.0,0.0,0.0,9481,0.00012772405170835555,9481,0.00025787067716009915
9.67074156505987e-05,0.0,0.0,0.0,0.0,9482,9.319406672148034e-05,9482,0.00018990147509612143
0.00022448990785051137,0.0,0.0,0.0,0.0,9483,0.00020849496650043875,9483,0.0004329848743509501
0.0001854695874499157,0.0,0.0,0.0,0.0,9484,0.00013815131387673318,9484,0.0003236209158785641
0.00018346824799664319,0.0,0.0,0.0,0.0,9485,7.182975969044492e-05,9485,0.0002552980149630457
0.0003538836899679154,0.0,0.0,0.0,0.0,9486,0.00013893897994421422,9486,0.0004928226699121296
0.00034924072679132223,0.0,0.0,0.0,0.0,9487,0.00011388497659936547,9487,0.0004631257033906877
0.00025718423421494663,0.0,0.0,0.0,0.0,9488,7.194514182629064e-05,9488,0.00032912936876527965
0.00027030613273382187,0.0,0.0,0.0,0.0,9489,0.00013709673658013344,9489,0.0004074028693139553
0.00021895729878451675,0.0,0.0,0.0,0.0,9490,0.00013637718802783638,9490,0.00035533448681235313
0.00011891664325958118,0.0,0.0,0.0,0.0,9491,7.281306898221374e-05,9491,0.00019172971951775253
0.0001342393079539761,0.0,0.0,0.0,0.0,9492,9.219923958880827e-05,9492,0.00022643854026682675
0.0001042436488205567,0.0,0.0,0.0,0.0,9493,0.00010375357669545338,9493,0.00020799721824005246
3.759948231163435e-05,0.0,0.0,0.0,0.0,9494,7.125631236704066e-05,9494,0.0001088557910406962
2.8800761356251314e-05,0.0,0.0,0.0,0.0,9495,8.912799967220053e-05,9495,0.00011792876466643065
7.112124876584858e-05,0.0,0.0,0.0,0.0,9496,0.00010632046178216115,9496,0.00017744171782396734
9.791521006263793e-05,0.0,0.0,0.0,0.0,9497,7.717686821706593e-05,9497,0.00017509207827970386
0.00010880205081775784,0.0,0.0,0.0,0.0,9498,7.555669435532764e-05,9498,0.00018435873789712787
0.00012967028305865824,0.0,0.0,0.0,0.0,9499,9.309499728260562e-05,9499,0.00022276528761722147
7.642852870048955e-05,0.0,0.0,0.0,0.0,9500,7.563643157482147e-05,9500,0.0001520649529993534
4.681302743847482e-05,0.0,0.0,0.0,0.0,9501,7.132058090064675e-05,9501,0.00011813360470114276
4.39399664173834e-05,0.0,0.0,0.0,0.0,9502,8.479370444547385e-05,9502,0.00012873366358689964
2.4708557248231955e-05,0.0,0.0,0.0,0.0,9503,7.3555092967581e-05,9503,9.826364839682356e-05
2.2870795874041505e-05,0.0,0.0,0.0,0.0,9504,6.908675277372822e-05,9504,9.195754682878032e-05
4.393562994664535e-05,0.0,0.0,0.0,0.0,9505,8.072646596701816e-05,9505,0.0001246620959136635
5.602294550044462e-05,0.0,0.0,0.0,0.0,9506,7.313805690500885e-05,9506,0.00012916099512949586
4.244186493451707e-05,0.0,0.0,0.0,0.0,9507,6.688819848932326e-05,9507,0.00010933006706181914
4.6270692109828815e-05,0.0,0.0,0.0,0.0,9508,7.496983016608283e-05,9508,0.00012124052591389045
3.212233423255384e-05,0.0,0.0,0.0,0.0,9509,7.104279211489484e-05,9509,0.00010316512634744868
1.603076816536486e-05,0.0,0.0,0.0,0.0,9510,6.584956281585619e-05,9510,8.188033098122105e-05
1.7326250599580817e-05,0.0,0.0,0.0,0.0,9511,7.125075353542343e-05,9511,8.857699867803603e-05
1.3962816410639789e-05,0.0,0.0,0.0,0.0,9512,6.961249164305627e-05,9512,8.357530896319076e-05
1.1389558494556695e-05,0.0,0.0,0.0,0.0,9513,6.514522101497278e-05,9513,7.653477950952947e-05
1.84743657882791e-05,0.0,0.0,0.0,0.0,9514,6.904648034833372e-05,9514,8.752084977459162e-05
2.0849322027061135e-05,0.0,0.0,0.0,0.0,9515,6.90174856572412e-05,9515,8.986680768430233e-05
1.8033108062809333e-05,0.0,0.0,0.0,0.0,9516,6.475020200014114e-05,9516,8.278331370092928e-05
1.8995051505044103e-05,0.0,0.0,0.0,0.0,9517,6.61286321701482e-05,9517,8.512369095114991e-05
1.506563785369508e-05,0.0,0.0,0.0,0.0,9518,6.623069930355996e-05,9518,8.129634079523385e-05
7.128985544113675e-06,0.0,0.0,0.0,0.0,9519,6.426177424145862e-05,9519,7.139075751183555e-05
4.942742634739261e-06,0.0,0.0,0.0,0.0,9520,6.664729153271765e-05,9520,7.15900314389728e-05
5.135203537065536e-06,0.0,0.0,0.0,0.0,9521,6.72579335514456e-05,9521,7.239313708851114e-05
4.527927558228839e-06,0.0,0.0,0.0,0.0,9522,6.431951624108478e-05,9522,6.884744652779773e-05
8.137865734170191e-06,0.0,0.0,0.0,0.0,9523,6.421766011044383e-05,9523,7.235552766360343e-05
1.0573128747637384e-05,0.0,0.0,0.0,0.0,9524,6.449421925935894e-05,9524,7.506734982598573e-05
8.948296454036608e-06,0.0,0.0,0.0,0.0,9525,6.348298484226689e-05,9525,7.24312849342823e-05
8.390106813749298e-06,0.0,0.0,0.0,0.0,9526,6.466568447649479e-05,9526,7.30557949282229e-05
7.637621820322238e-06,0.0,0.0,0.0,0.0,9527,6.521046452689916e-05,9527,7.28480881662108e-05
5.382202743930975e-06,0.0,0.0,0.0,0.0,9528,6.352308264467865e-05,9528,6.890528311487287e-05
4.9655714065011125e-06,0.0,0.0,0.0,0.0,9529,6.303140253294259e-05,9529,6.799697439419106e-05
4.987359716324136e-06,0.0,0.0,0.0,0.0,9530,6.32428127573803e-05,9530,6.823017611168325e-05
3.6525623272609664e-06,0.0,0.0,0.0,0.0,9531,6.264123658183962e-05,9531,6.629379640799016e-05
3.7766997138533043e-06,0.0,0.0,0.0,0.0,9532,6.30005743005313e-05,9532,6.677727651549503e-05
4.744036687043263e-06,0.0,0.0,0.0,0.0,9533,6.342854612739757e-05,9533,6.817257963120937e-05
4.86202816318837e-06,0.0,0.0,0.0,0.0,9534,6.251822196645662e-05,9534,6.738024967489764e-05
5.3480230235436466e-06,0.0,0.0,0.0,0.0,9535,6.215093162609264e-05,9535,6.749895692337304e-05
5.64029051020043e-06,0.0,0.0,0.0,0.0,9536,6.229873542906716e-05,9536,6.79390286677517e-05
4.716318017017329e-06,0.0,0.0,0.0,0.0,9537,6.189935811562464e-05,9537,6.661567749688402e-05
3.910042778443312e-06,0.0,0.0,0.0,0.0,9538,6.189175473991781e-05,9538,6.580179615411907e-05
3.6184501368552446e-06,0.0,0.0,0.0,0.0,9539,6.211507570696995e-05,9539,6.573352584382519e-05
2.9362397526710993e-06,0.0,0.0,0.0,0.0,9540,6.166187085909769e-05,9540,6.459811265813187e-05
2.642177150846692e-06,0.0,0.0,0.0,0.0,9541,6.138208118500188e-05,9541,6.402425788110122e-05
2.909133172579459e-06,0.0,0.0,0.0,0.0,9542,6.14162054262124e-05,9542,6.432533700717613e-05
2.760685674729757e-06,0.0,0.0,0.0,0.0,9543,6.116826989455149e-05,9543,6.392895738827065e-05
2.793566864056629e-06,0.0,0.0,0.0,0.0,9544,6.108898378442973e-05,9544,6.388255133060738e-05
2.9847055884602014e-06,0.0,0.0,0.0,0.0,9545,6.116440636105835e-05,9545,6.414911331376061e-05
2.9493735382857267e-06,0.0,0.0,0.0,0.0,9546,6.0911246691830456e-05,9546,6.386062159435824e-05
2.896455725931446e-06,0.0,0.0,0.0,0.0,9547,6.067454887670465e-05,9547,6.357100210152566e-05
2.958512141049141e-06,0.0,0.0,0.0,0.0,9548,6.0640166338998824e-05,9548,6.359867984429002e-05
2.6645973321137717e-06,0.0,0.0,0.0,0.0,9549,6.0478574596345425e-05,9549,6.314316851785406e-05
2.407965894235531e-06,0.0,0.0,0.0,0.0,9550,6.037981802364811e-05,9550,6.278778164414689e-05
2.3013351437839447e-06,0.0,0.0,0.0,0.0,9551,6.039149593561888e-05,9551,6.26928303972818e-05
0.0002117582189384848,0.0,0.0,0.0,0.0,9552,6.0226953792152926e-05,9552,0.0002719851618167013
6.252681487239897e-05,0.0,0.0,0.0,0.0,9553,0.00010654999641701579,9553,0.00016907682584133
5.991581565467641e-05,0.0,0.0,0.0,0.0,9554,0.00010169550660066307,9554,0.0001616113295312971
3.5983034649689216e-06,0.0,0.0,0.0,0.0,9555,6.0424987168516964e-05,9555,6.402329745469615e-05
7.095807086443529e-05,0.0,0.0,0.0,0.0,9556,9.390622290084139e-05,9556,0.00016486429376527667
7.2582668508403e-05,0.0,0.0,0.0,0.0,9557,9.578180470271036e-05,9557,0.00016836446593515575
4.6890681915101595e-06,0.0,0.0,0.0,0.0,9558,6.123597268015146e-05,9558,6.592504360014573e-05
4.0752242057351395e-05,0.0,0.0,0.0,0.0,9559,7.941437797853723e-05,9559,0.00012016661639790982
4.5321932702790946e-05,0.0,0.0,0.0,0.0,9560,8.32247533253394e-05,9560,0.00012854668602813035
5.32064132130472e-06,0.0,0.0,0.0,0.0,9561,6.074702105252072e-05,9561,6.606765964534134e-05
5.214207703829743e-05,0.0,0.0,0.0,0.0,9562,7.618622476002201e-05,9562,0.00012832830543629825
5.7541095884516835e-05,0.0,0.0,0.0,0.0,9563,8.145721221808344e-05,9563,0.00013899830810260028
3.6105930121266283e-06,0.0,0.0,0.0,0.0,9564,6.13206866546534e-05,9564,6.493127875728533e-05
2.3850159777794033e-05,0.0,0.0,0.0,0.0,9565,6.851251237094402e-05,9565,9.236267214873806e-05
2.936513556051068e-05,0.0,0.0,0.0,0.0,9566,7.4176728958264e-05,9566,0.00010354186815675348
1.4326986274681985e-05,0.0,0.0,0.0,0.0,9567,6.078731894376688e-05,9567,7.511430885642767e-05
1.990680357266683e-05,0.0,0.0,0.0,0.0,9568,6.52619928587228e-05,9568,8.516880188835785e-05
2.5395040211151354e-05,0.0,0.0,0.0,0.0,9569,6.962047336855903e-05,9569,9.501551539869979e-05
1.4294718312157784e-05,0.0,0.0,0.0,0.0,9570,6.011512232362293e-05,9570,7.440984336426482e-05
1.6571430023759604e-05,0.0,0.0,0.0,0.0,9571,6.405972089851275e-05,9571,8.063115092227235e-05
2.0374247469590046e-05,0.0,0.0,0.0,0.0,9572,6.84428887325339e-05,9572,8.881712710717693e-05
1.3376019524002913e-05,0.0,0.0,0.0,0.0,9573,6.049821604392491e-05,9573,7.387423829641193e-05
1.6594023691141047e-05,0.0,0.0,0.0,0.0,9574,6.106659566285089e-05,9574,7.766061753500253e-05
2.0429997675819322e-05,0.0,0.0,0.0,0.0,9575,6.382353603839874e-05,9575,8.425353735219687e-05
1.4066790754441172e-05,0.0,0.0,0.0,0.0,9576,5.931568011874333e-05,9576,7.33824708731845e-05
1.3950839274912141e-05,0.0,0.0,0.0,0.0,9577,6.138464232208207e-05,9577,7.533548341598362e-05
1.6136385966092348e-05,0.0,0.0,0.0,0.0,9578,6.42598097329028e-05,9578,8.039619569899514e-05
1.2696386875177268e-05,0.0,0.0,0.0,0.0,9579,5.9755777328973636e-05,9579,7.245216693263501e-05
0.00026986459852196276,0.0,0.0,0.0,0.0,9580,5.9258134569972754e-05,9580,0.0003291227330919355
3.9626771467737854e-05,0.0,0.0,0.0,0.0,9581,8.767732651904225e-05,9581,0.00012730411253869534
4.994121627532877e-05,0.0,0.0,0.0,0.0,9582,9.621599019737914e-05,9582,0.00014615721011068672
1.2830568266508635e-05,0.0,0.0,0.0,0.0,9583,6.005400064168498e-05,9583,7.28845625417307e-05
3.158192339469679e-05,0.0,0.0,0.0,0.0,9584,7.83360083005391e-05,9584,0.0001099179353332147
6.352431955747306e-05,0.0,0.0,0.0,0.0,9585,8.717304444871843e-05,9585,0.0001506973640061915
1.2464776773413178e-05,0.0,0.0,0.0,0.0,9586,6.070156814530492e-05,9586,7.31663458282128e-05
2.7426871383795515e-05,0.0,0.0,0.0,0.0,9587,7.077318878145888e-05,9587,9.82000638032332e-05
3.580145494197495e-05,0.0,0.0,0.0,0.0,9588,7.727759657427669e-05,9588,0.00011307904787827283
1.3989049875817727e-05,0.0,0.0,0.0,0.0,9589,5.975170279270969e-05,9589,7.374075357802212e-05
2.1113562979735434e-05,0.0,0.0,0.0,0.0,9590,6.927833601366729e-05,9590,9.03918917174451e-05
2.7549462174647488e-05,0.0,0.0,0.0,0.0,9591,7.502314110752195e-05,9591,0.00010257260873913765
1.3795664926874451e-05,0.0,0.0,0.0,0.0,9592,6.004929673508741e-05,9592,7.384495984297246e-05
2.0761672203661874e-05,0.0,0.0,0.0,0.0,9593,6.452345405705273e-05,9593,8.528512989869341e-05
2.646855682542082e-05,0.0,0.0,0.0,0.0,9594,6.908579234732315e-05,9594,9.555435099173337e-05
1.6036352462833747e-05,0.0,0.0,0.0,0.0,9595,5.9280962886987254e-05,9595,7.5317315349821e-05
2.1212164938333444e-05,0.0,0.0,0.0,0.0,9596,6.267064600251615e-05,9596,8.388280548388138e-05
2.7247382604400627e-05,0.0,0.0,0.0,0.0,9597,6.58688077237457e-05,9597,9.311619214713573e-05
2.108121225319337e-05,0.0,0.0,0.0,0.0,9598,5.872728070244193e-05,9598,7.98084947746247e-05
2.5901581466314383e-05,0.0,0.0,0.0,0.0,9599,6.176183524075896e-05,9599,8.766341488808393e-05
3.267612191848457e-05,0.0,0.0,0.0,0.0,9600,6.465787737397477e-05,9600,9.733399929245934e-05
3.234992254874669e-05,0.0,0.0,0.0,0.0,9601,5.8889167121378705e-05,9601,9.123908239416778e-05
4.1637453250586987e-05,0.0,0.0,0.0,0.0,9602,5.959672125754878e-05,9602,0.00010123417450813577
5.336737012839876e-05,0.0,0.0,0.0,0.0,9603,6.12416843068786e-05,9603,0.00011460906534921378
5.9824516938533634e-05,0.0,0.0,0.0,0.0,9604,5.79569605179131e-05,9604,0.00011778147018048912
7.459001790266484e-05,0.0,0.0,0.0,0.0,9605,5.99335617152974e-05,9605,0.00013452357961796224
9.436577238375321e-05,0.0,0.0,0.0,0.0,9606,6.141546327853575e-05,9606,0.0001557812502142042
0.00011269730021012947,0.0,0.0,0.0,0.0,9607,5.822080493089743e-05,9607,0.0001709181087790057
0.0001375236315652728,0.0,0.0,0.0,0.0,9608,5.8086014178115875e-05,9608,0.00019560962391551584
0.00016275464440695941,0.0,0.0,0.0,0.0,9609,5.8789584727492183e-05,9609,0.00022154425096232444
0.00017875530465971678,0.0,0.0,0.0,0.0,9610,5.724729271605611e-05,9610,0.0002360025973757729
0.00018876296235248446,0.0,0.0,0.0,0.0,9611,5.843050894327462e-05,9611,0.0002471934712957591
0.00018467703193891793,0.0,0.0,0.0,0.0,9612,5.899117240915075e-05,9612,0.00024366819707211107
0.0003624102391768247,0.0,0.0,0.0,0.0,9613,5.736133607570082e-05,9613,0.00041977150249294937
0.00016024902288336307,0.0,0.0,0.0,0.0,9614,9.645636600907892e-05,9614,0.000256705388892442
0.00010454986477270722,0.0,0.0,0.0,0.0,9615,8.812249870970845e-05,9615,0.0001926723780343309
3.301720425952226e-05,0.0,0.0,0.0,0.0,9616,5.728110045311041e-05,9616,9.029830835061148e-05
6.451309309341013e-05,0.0,0.0,0.0,0.0,9617,8.729193359613419e-05,9617,0.00015180502668954432
5.562646038015373e-05,0.0,0.0,0.0,0.0,9618,8.246077049989253e-05,9618,0.00013808722724206746
1.98708276002435e-05,0.0,0.0,0.0,0.0,9619,5.727923053200357e-05,9619,7.715005631325766e-05
6.14441087236628e-05,0.0,0.0,0.0,0.0,9620,7.550637383246794e-05,9620,0.00013695048983208835
7.501348591176793e-05,0.0,0.0,0.0,0.0,9621,7.212413038359955e-05,9621,0.00014713761629536748
6.310251774266362e-05,0.0,0.0,0.0,0.0,9622,5.729537588194944e-05,9622,0.00012039789726259187
7.600960816489533e-05,0.0,0.0,0.0,0.0,9623,7.376750727416947e-05,9623,0.0001497771154390648
7.462559005944058e-05,0.0,0.0,0.0,0.0,9624,7.090832514222711e-05,9624,0.00014553390792571008
3.449333235039376e-05,0.0,0.0,0.0,0.0,9625,5.701549889636226e-05,9625,9.150883852271363e-05
3.1729781767353415e-05,0.0,0.0,0.0,0.0,9626,6.706368731101975e-05,9626,9.879346907837316e-05
1.993704427150078e-05,0.0,0.0,0.0,0.0,9627,6.5916363382712e-05,9627,8.58534112921916e-05
6.050975571270101e-06,0.0,0.0,0.0,0.0,9628,5.676341970684007e-05,9628,6.281439709709957e-05
1.864679688878823e-05,0.0,0.0,0.0,0.0,9629,6.394675438059494e-05,9629,8.259354945039377e-05
2.4371927793254144e-05,0.0,0.0,0.0,0.0,9630,6.30132490186952e-05,9630,8.738517499295995e-05
2.2345702745951712e-05,0.0,0.0,0.0,0.0,9631,5.6563665566500276e-05,9631,7.890936831245199e-05
3.1707240850664675e-05,0.0,0.0,0.0,0.0,9632,6.28165653324686e-05,9632,9.452380618313327e-05
3.096978980465792e-05,0.0,0.0,0.0,0.0,9633,6.260664667934179e-05,9633,9.357644012197852e-05
2.3005106413620524e-05,0.0,0.0,0.0,0.0,9634,5.633848923025653e-05,9634,7.934359746286646e-05
2.3553220671601593e-05,0.0,0.0,0.0,0.0,9635,5.925023651798256e-05,9635,8.280345355160534e-05
1.7617716366657987e-05,0.0,0.0,0.0,0.0,9636,5.9001136833103374e-05,9636,7.661885319976136e-05
7.93398248788435e-06,0.0,0.0,0.0,0.0,9637,5.604096077149734e-05,9637,6.397494144039229e-05
8.143618288158905e-06,0.0,0.0,0.0,0.0,9638,5.977941691526212e-05,9638,6.792302883695811e-05
8.494920621160418e-06,0.0,0.0,0.0,0.0,9639,5.956223685643636e-05,9639,6.805715383961797e-05
8.353196790267248e-06,0.0,0.0,0.0,0.0,9640,5.578079799306579e-05,9640,6.413399387383834e-05
0.0002752600412350148,0.0,0.0,0.0,0.0,9641,5.698226232198067e-05,9641,0.0003322423144709319
4.677560355048627e-05,0.0,0.0,0.0,0.0,9642,8.999583951663226e-05,9642,0.00013677144306711853
6.348588067339733e-05,0.0,0.0,0.0,0.0,9643,0.00010098199709318578,9643,0.00016446788504254073
1.8541206372901797e-05,0.0,0.0,0.0,0.0,9644,5.724939546780661e-05,9644,7.57906018407084e-05
6.697460048599169e-05,0.0,0.0,0.0,0.0,9645,8.029438322409987e-05,9645,0.00014726899098604918
7.399645983241498e-05,0.0,0.0,0.0,0.0,9646,9.033585229190066e-05,9646,0.00016433230484835804
1.207856348628411e-05,0.0,0.0,0.0,0.0,9647,5.78080907871481e-05,9647,6.988665700191632e-05
2.7475538445287384e-05,0.0,0.0,0.0,0.0,9648,7.171267498051748e-05,9648,9.918821160681546e-05
3.393852603039704e-05,0.0,0.0,0.0,0.0,9649,7.845819345675409e-05,9649,0.00011239673040108755
7.706742508162279e-06,0.0,0.0,0.0,0.0,9650,5.666956349159591e-05,9650,6.437630509026349e-05
2.243414201075211e-05,0.0,0.0,0.0,0.0,9651,7.006291707511991e-05,9651,9.249705908587202e-05
2.907560337916948e-05,0.0,0.0,0.0,0.0,9652,7.584276318084449e-05,9652,0.00010491836292203516
8.917078048398253e-06,0.0,0.0,0.0,0.0,9653,5.681424227077514e-05,9653,6.57313212286681e-05
1.8620354239828885e-05,0.0,0.0,0.0,0.0,9654,6.47112465230748e-05,9654,8.333160076290369e-05
0.0013650982873514295,0.0,0.0,0.0,0.0,9655,6.94177215336822e-05,9655,0.0014345161616802216
0.00046521949116140604,0.0,0.0,0.0,0.0,9656,0.00041488336864858866,9656,0.0008801028598099947
0.001229101442731917,0.0,0.0,0.0,0.0,9657,0.0011241128668189049,9657,0.0023532141931355
0.0002702951314859092,0.0,0.0,0.0,0.0,9658,0.00024473099620081484,9658,0.0005150261567905545
0.0009565342916175723,0.0,0.0,0.0,0.0,9659,0.0003632088773883879,9659,0.0013197432272136211
0.002574515761807561,0.0,0.0,0.0,0.0,9660,0.0005550401983782649,9660,0.0031295556109398603
0.00018740534142125398,0.0,0.0,0.0,0.0,9661,0.00016344636969733983,9661,0.00035085168201476336
0.0010253929067403078,0.0,0.0,0.0,0.0,9662,0.0008494880748912692,9662,0.0018748810980468988
0.0004446431703399867,0.0,0.0,0.0,0.0,9663,0.0003800917766056955,9663,0.0008247349178418517
7.749816722935066e-05,0.0,0.0,0.0,0.0,9664,0.0001804376661311835,9664,0.0002579358406364918
0.0008959965198300779,0.0,0.0,0.0,0.0,9665,0.0007730656652711332,9665,0.001669062185101211
0.0003537778975442052,0.0,0.0,0.0,0.0,9666,0.0004326935741119087,9666,0.0007864714716561139
5.809561480418779e-05,0.0,0.0,0.0,0.0,9667,0.0001131487952079624,9667,0.00017124440637417138
0.00048171868547797203,0.0,0.0,0.0,0.0,9668,0.0004946999251842499,9668,0.000976418552454561
0.00029463437385857105,0.0,0.0,0.0,0.0,9669,0.0003397498221602291,9669,0.0006343842251226306
5.771526775788516e-05,0.0,0.0,0.0,0.0,9670,9.139237954514101e-05,9670,0.00014910765457898378
0.0003933172265533358,0.0,0.0,0.0,0.0,9671,0.0003697119827847928,9671,0.0007630291511304677
0.0003231013542972505,0.0,0.0,0.0,0.0,9672,0.0002872331824619323,9672,0.0006103345658630133
5.0048663979396224e-05,0.0,0.0,0.0,0.0,9673,7.412599370582029e-05,9673,0.00012417466496117413
0.00018025038298219442,0.0,0.0,0.0,0.0,9674,0.00028399209259077907,9674,0.00046424244646914303
0.00016621910617686808,0.0,0.0,0.0,0.0,9675,0.0002764083619695157,9675,0.00044262746814638376
4.885837552137673e-05,0.0,0.0,0.0,0.0,9676,7.138295768527314e-05,9676,0.00012024133320664987
0.00020623991440515965,0.0,0.0,0.0,0.0,9677,0.00016327346384059638,9677,0.00036951337824575603
0.00023580600100103766,0.0,0.0,0.0,0.0,9678,0.000183447526069358,9678,0.0004192535416223109
3.218584606656805e-05,0.0,0.0,0.0,0.0,9679,6.634269811911508e-05,9679,9.852854418568313e-05
7.448517135344446e-05,0.0,0.0,0.0,0.0,9680,0.0001717707928037271,9680,0.0002462559496052563
0.00011272266419837251,0.0,0.0,0.0,0.0,9681,0.00021688932611141354,9681,0.00032961199758574367
1.8977971194544807e-05,0.0,0.0,0.0,0.0,9682,8.59314895933494e-05,9682,0.0001049094571499154
8.873383922036737e-05,0.0,0.0,0.0,0.0,9683,9.899130236590281e-05,9683,0.0001877251488622278
0.00013831489195581526,0.0,0.0,0.0,0.0,9684,0.0001352278923150152,9684,0.0002735427697189152
3.498961086734198e-05,0.0,0.0,0.0,0.0,9685,7.151165482355282e-05,9685,0.00010650126205291599
3.8564441638300195e-05,0.0,0.0,0.0,0.0,9686,0.0001072590530384332,9686,0.00014582349103875458
7.286961044883355e-05,0.0,0.0,0.0,0.0,9687,0.00014451319293584675,9687,0.00021738278155680746
2.2619542505708523e-05,0.0,0.0,0.0,0.0,9688,8.06061943876557e-05,9688,0.00010322573507437482
3.9969316276255995e-05,0.0,0.0,0.0,0.0,9689,7.85836746217683e-05,9689,0.00011855299089802429
7.738439308013767e-05,0.0,0.0,0.0,0.0,9690,0.00010894327715504915,9690,0.00018632767023518682
3.141638444503769e-05,0.0,0.0,0.0,0.0,9691,7.30940664652735e-05,9691,0.00010451044363435358
2.626290006446652e-05,0.0,0.0,0.0,0.0,9692,7.379591988865286e-05,9692,0.00010005881631514058
5.261911064735614e-05,0.0,0.0,0.0,0.0,9693,9.770184988155961e-05,9693,0.00015032096416689456
2.7785838028648868e-05,0.0,0.0,0.0,0.0,9694,7.219873077701777e-05,9694,9.998456516768783e-05
2.403080725343898e-05,0.0,0.0,0.0,0.0,9695,6.91569221089594e-05,9695,9.318772936239839e-05
4.472412547329441e-05,0.0,0.0,0.0,0.0,9696,9.262767707696185e-05,9696,0.00013735180255025625
2.866466275008861e-05,0.0,0.0,0.0,0.0,9697,7.52662745071575e-05,9697,0.00010393094271421432
2.0286768631194718e-05,0.0,0.0,0.0,0.0,9698,6.377645331667736e-05,9698,8.406322012888268e-05
3.697935972013511e-05,0.0,0.0,0.0,0.0,9699,7.686606113566086e-05,9699,0.00011384542449377477
2.9208975320216268e-05,0.0,0.0,0.0,0.0,9700,6.920198939042166e-05,9700,9.841096471063793e-05
2.151029730157461e-05,0.0,0.0,0.0,0.0,9701,6.40286598354578e-05,9701,8.553896623197943e-05
3.190716233802959e-05,0.0,0.0,0.0,0.0,9702,7.856960291974247e-05,9702,0.00011047676525777206
2.7438280085334554e-05,0.0,0.0,0.0,0.0,9703,7.272598304552957e-05,9703,0.00010016426676884294
2.205438977398444e-05,0.0,0.0,0.0,0.0,9704,6.179034244269133e-05,9704,8.384473039768636e-05
1.851739398261998e-05,0.0,0.0,0.0,0.0,9705,6.820428097853437e-05,9705,8.672166586620733e-05
1.6234467693720944e-05,0.0,0.0,0.0,0.0,9706,6.657210178673267e-05,9706,8.280656766146421e-05
1.2786172192136291e-05,0.0,0.0,0.0,0.0,9707,6.103899795562029e-05,9707,7.382516923826188e-05
2.7647025490296073e-05,0.0,0.0,0.0,0.0,9708,6.692793976981193e-05,9708,9.457497071707621e-05
1.927574339788407e-05,0.0,0.0,0.0,0.0,9709,6.600537744816393e-05,9709,8.5281120846048e-05
1.5156653716985602e-05,0.0,0.0,0.0,0.0,9710,6.0291589761618525e-05,9710,7.544824620708823e-05
2.0958003005944192e-05,0.0,0.0,0.0,0.0,9711,6.411501817638054e-05,9711,8.507302118232474e-05
2.2784628527006134e-05,0.0,0.0,0.0,0.0,9712,6.425113679142669e-05,9712,8.703576168045402e-05
2.2202748368727043e-05,0.0,0.0,0.0,0.0,9713,5.982255606795661e-05,9713,8.202529716072604e-05
3.07785376207903e-05,0.0,0.0,0.0,0.0,9714,6.159359327284619e-05,9714,9.23721308936365e-05
3.716783248819411e-05,0.0,0.0,0.0,0.0,9715,6.151814886834472e-05,9715,9.868598135653883e-05
4.20256401412189e-05,0.0,0.0,0.0,0.0,9716,5.9418274759082124e-05,9716,0.00010144391853827983
5.5417352996300906e-05,0.0,0.0,0.0,0.0,9717,6.208481499925256e-05,9717,0.00011750217527151108
7.155213097576052e-05,0.0,0.0,0.0,0.0,9718,6.247237615752965e-05,9718,0.00013402450713329017
9.188554395223036e-05,0.0,0.0,0.0,0.0,9719,5.914963912800886e-05,9719,0.00015103518671821803
0.00012221022916492075,0.0,0.0,0.0,0.0,9720,5.950043487246148e-05,9720,0.00018171066767536104
0.00015608358080498874,0.0,0.0,0.0,0.0,9721,5.968405821477063e-05,9721,0.00021576763538178056
0.00019116743351332843,0.0,0.0,0.0,0.0,9722,5.871904068044387e-05,9722,0.0002498864778317511
0.00022785500914324075,0.0,0.0,0.0,0.0,9723,5.9953381423838437e-05,9723,0.0002878083905670792
0.000252400292083621,0.0,0.0,0.0,0.0,9724,6.0442711401265115e-05,9724,0.00031284301076084375
0.0002549386990722269,0.0,0.0,0.0,0.0,9725,5.835249976371415e-05,9725,0.00031329120974987745
0.00022876683215145022,0.0,0.0,0.0,0.0,9726,5.852329559274949e-05,9726,0.00028729013865813613
0.00017323822248727083,0.0,0.0,0.0,0.0,9727,5.873358895769343e-05,9727,0.00023197181872092187
0.00010337526327930391,0.0,0.0,0.0,0.0,9728,5.804299871670082e-05,9728,0.00016141826927196234
4.419431206770241e-05,0.0,0.0,0.0,0.0,9729,5.8665507822297513e-05,9729,0.00010285981261404231
1.1949425243074074e-05,0.0,0.0,0.0,0.0,9730,5.8742625697050244e-05,9730,7.069205457810313e-05
1.1520627595018595e-05,0.0,0.0,0.0,0.0,9731,5.783870801678859e-05,9731,6.935933924978599e-05
3.5466386179905385e-05,0.0,0.0,0.0,0.0,9732,5.800298458780162e-05,9732,9.346937440568581e-05
6.604654481634498e-05,0.0,0.0,0.0,0.0,9733,5.795346078230068e-05,9733,0.00012400001287460327
8.658320439280942e-05,0.0,0.0,0.0,0.0,9734,5.756299287895672e-05,9734,0.00014414620818570256
8.904338756110519e-05,0.0,0.0,0.0,0.0,9735,5.784359746030532e-05,9735,0.0001468869741074741
7.239725528052077e-05,0.0,0.0,0.0,0.0,9736,5.768857226939872e-05,9736,0.00013008582754991949
4.509956488618627e-05,0.0,0.0,0.0,0.0,9737,5.733360012527555e-05,9737,0.00010243315773550421
2.0859890355495736e-05,0.0,0.0,0.0,0.0,9738,5.744669761043042e-05,9738,7.830659160390496e-05
8.512998647347558e-06,0.0,0.0,0.0,0.0,9739,5.7383669627597556e-05,9739,6.589666736545041e-05
9.994557331083342e-06,0.0,0.0,0.0,0.0,9740,5.705807780032046e-05,9740,6.70526351314038e-05
2.1367415683926083e-05,0.0,0.0,0.0,0.0,9741,5.70868251088541e-05,9741,7.845424261176959e-05
3.402492075110786e-05,0.0,0.0,0.0,0.0,9742,5.707679520128295e-05,9742,9.110171959036961e-05
4.077335324836895e-05,0.0,0.0,0.0,0.0,9743,5.677760054823011e-05,9743,9.755096107255667e-05
0.00025234537315554917,0.0,0.0,0.0,0.0,9744,5.6770702940411866e-05,9744,0.00030911609064787626
6.744563143001869e-05,0.0,0.0,0.0,0.0,9745,9.664685785537586e-05,9745,0.00016409248928539455
5.804789179819636e-05,0.0,0.0,0.0,0.0,9746,9.835997479967773e-05,9746,0.0001564078702358529
8.994583367893938e-06,0.0,0.0,0.0,0.0,9747,5.738231629948132e-05,9747,6.637690239585936e-05
3.7249530578264967e-05,0.0,0.0,0.0,0.0,9748,8.737061580177397e-05,9748,0.00012462014274206012
4.450841879588552e-05,0.0,0.0,0.0,0.0,9749,9.064798359759152e-05,9749,0.00013515639875549823
1.80518145498354e-05,0.0,0.0,0.0,0.0,9750,5.801324005005881e-05,9750,7.606505823787302e-05
4.8041456466307864e-05,0.0,0.0,0.0,0.0,9751,7.573482434963807e-05,9751,0.00012377629172988236
5.072531712357886e-05,0.0,0.0,0.0,0.0,9752,7.689882477279752e-05,9752,0.00012762413825839758
1.9850023818435147e-05,0.0,0.0,0.0,0.0,9753,5.7332381402375177e-05,9753,7.718240522081032e-05
2.9904074835940264e-05,0.0,0.0,0.0,0.0,9754,7.426276715705171e-05,9754,0.00010416684381198138
2.6643649107427336e-05,0.0,0.0,0.0,0.0,9755,7.446434756275266e-05,9755,0.0001011079948511906
7.086345704010455e-06,0.0,0.0,0.0,0.0,9756,5.712612983188592e-05,9756,6.421247235266492e-05
2.033506279985886e-05,0.0,0.0,0.0,0.0,9757,6.756189395673573e-05,9757,8.789696585154161e-05
2.207723809988238e-05,0.0,0.0,0.0,0.0,9758,6.815038796048611e-05,9758,9.022762242238969e-05
1.1175082363479305e-05,0.0,0.0,0.0,0.0,9759,5.662147668772377e-05,9759,6.779655814170837e-05
2.2920778064872138e-05,0.0,0.0,0.0,0.0,9760,6.43115199636668e-05,9760,8.723229984752834e-05
2.3251248421729542e-05,0.0,0.0,0.0,0.0,9761,6.410547211999074e-05,9761,8.735671872273088e-05
1.2241576769156381e-05,0.0,0.0,0.0,0.0,9762,5.626872007269412e-05,9762,6.851030047982931e-05
1.660754787735641e-05,0.0,0.0,0.0,0.0,9763,6.318363739410415e-05,9763,7.979118527146056e-05
1.4283069504017476e-05,0.0,0.0,0.0,0.0,9764,6.303890404524282e-05,9764,7.732197263976559e-05
7.130928224796662e-06,0.0,0.0,0.0,0.0,9765,5.608862193184905e-05,9765,6.321955152088776e-05
1.292389424634166e-05,0.0,0.0,0.0,0.0,9766,5.9707894251914695e-05,9766,7.263178849825636e-05
1.2879141650046222e-05,0.0,0.0,0.0,0.0,9767,5.9272781072650105e-05,9767,7.215192454168573e-05
7.884785190981347e-06,0.0,0.0,0.0,0.0,9768,5.5870219512144104e-05,9768,6.375500379363075e-05
1.1814522622444201e-05,0.0,0.0,0.0,0.0,9769,6.013137681293301e-05,9769,7.194589852588251e-05
1.1855649063363671e-05,0.0,0.0,0.0,0.0,9770,5.9498830523807555e-05,9770,7.135447958717123e-05
9.119517017097678e-06,0.0,0.0,0.0,0.0,9771,5.5664269893895835e-05,9771,6.478378782048821e-05
1.2113376214983873e-05,0.0,0.0,0.0,0.0,9772,5.757094913860783e-05,9772,6.96843271725811e-05
1.0841409675776958e-05,0.0,0.0,0.0,0.0,9773,5.711922131013125e-05,9773,6.796063098590821e-05
7.1094264058046974e-06,0.0,0.0,0.0,0.0,9774,5.550995410885662e-05,9774,6.261937960516661e-05
8.425869054917712e-06,0.0,0.0,0.0,0.0,9775,5.778633203590289e-05,9775,6.621219654334709e-05
7.804843335179612e-06,0.0,0.0,0.0,0.0,9776,5.717358362744562e-05,9776,6.497843423858285e-05
6.455111815739656e-06,0.0,0.0,0.0,0.0,9777,5.5266296840272844e-05,9777,6.172141002025455e-05
0.00024807036970742047,0.0,0.0,0.0,0.0,9778,5.643906115437858e-05,9778,0.0003045094199478626
4.4619613618124276e-05,0.0,0.0,0.0,0.0,9779,8.91008457983844e-05,9779,0.00013372045941650867
4.9090322136180475e-05,0.0,0.0,0.0,0.0,9780,9.714917541714385e-05,9780,0.00014623950119130313
7.912094588391483e-06,0.0,0.0,0.0,0.0,9781,5.664674608851783e-05,9781,6.45588370389305e-05
3.195568933733739e-05,0.0,0.0,0.0,0.0,9782,8.161326695699245e-05,9782,0.00011356895265635103
3.824288069154136e-05,0.0,0.0,0.0,0.0,9783,8.861271635396406e-05,9783,0.0001268555934075266
6.639645562245278e-06,0.0,0.0,0.0,0.0,9784,5.710759432986379e-05,9784,6.374724034685642e-05
2.9797163733746856e-05,0.0,0.0,0.0,0.0,9785,7.221971463877708e-05,9785,0.00010201687837252393
3.350342740304768e-05,0.0,0.0,0.0,0.0,9786,7.489549170713872e-05,9786,0.00010839891183422878
6.929492428753292e-06,0.0,0.0,0.0,0.0,9787,5.611437518382445e-05,9787,6.304386624833569e-05
2.05052929231897e-05,0.0,0.0,0.0,0.0,9788,7.191919576143846e-05,9788,9.242448868462816e-05
2.1800158719997853e-05,0.0,0.0,0.0,0.0,9789,7.253700459841639e-05,9789,9.433716331841424e-05
6.1100108723621815e-06,0.0,0.0,0.0,0.0,9790,5.586783663602546e-05,9790,6.197784387040883e-05
1.9116041585220955e-05,0.0,0.0,0.0,0.0,9791,6.553944695042446e-05,9791,8.465549035463482e-05
1.848929787229281e-05,0.0,0.0,0.0,0.0,9792,6.55539843137376e-05,9792,8.404328400501981e-05
6.021023637003964e-06,0.0,0.0,0.0,0.0,9793,5.530120324692689e-05,9793,6.132222915766761e-05
1.5540896129095927e-05,0.0,0.0,0.0,0.0,9794,6.319178646663204e-05,9794,7.873268623370677e-05
1.487000918132253e-05,0.0,0.0,0.0,0.0,9795,6.208822742337361e-05,9795,7.695824024267495e-05
6.15400404058164e-06,0.0,0.0,0.0,0.0,9796,5.501094346982427e-05,9796,6.11649447819218e-05
1.2672468983510043e-05,0.0,0.0,0.0,0.0,9797,6.17846890236251e-05,9797,7.445715891662985e-05
1.1380774594726972e-05,0.0,0.0,0.0,0.0,9798,6.066212154109962e-05,9798,7.204289431683719e-05
6.30925524092163e-06,0.0,0.0,0.0,0.0,9799,5.476992009789683e-05,9799,6.107917579356581e-05
1.2435672033461742e-05,0.0,0.0,0.0,0.0,9800,5.869395681656897e-05,9800,7.112963066902012e-05
1.0945846952381544e-05,0.0,0.0,0.0,0.0,9801,5.7510700571583584e-05,9801,6.845654570497572e-05
6.138411663414445e-06,0.0,0.0,0.0,0.0,9802,5.4760581406299025e-05,9802,6.089899397920817e-05
9.49492914514849e-06,0.0,0.0,0.0,0.0,9803,5.8898000133922324e-05,9803,6.839293200755492e-05
8.205850463127717e-06,0.0,0.0,0.0,0.0,9804,5.7518791436450556e-05,9804,6.572464189957827e-05
6.129435405455297e-06,0.0,0.0,0.0,0.0,9805,5.441108805825934e-05,9805,6.054052209947258e-05
9.60384750214871e-06,0.0,0.0,0.0,0.0,9806,5.6507014960516244e-05,9806,6.611086428165436e-05
8.122093277052045e-06,0.0,0.0,0.0,0.0,9807,5.550911373575218e-05,9807,6.363121065078303e-05
5.8129444369114935e-06,0.0,0.0,0.0,0.0,9808,5.4440588428406045e-05,9808,6.025352922733873e-05
7.718494998698588e-06,0.0,0.0,0.0,0.0,9809,5.662998228217475e-05,9809,6.434847455238923e-05
6.708322871418204e-06,0.0,0.0,0.0,0.0,9810,5.544708255911246e-05,9810,6.215540634002537e-05
5.887198767595692e-06,0.0,0.0,0.0,0.0,9811,5.409154618973844e-05,9811,5.997874905006029e-05
7.658622052986175e-06,0.0,0.0,0.0,0.0,9812,5.5316682846751064e-05,9812,6.297530489973724e-05
6.6572938521858305e-06,0.0,0.0,0.0,0.0,9813,5.450101161841303e-05,9813,6.115830183262005e-05
5.8171381169813685e-06,0.0,0.0,0.0,0.0,9814,5.400384543463588e-05,9814,5.982098446111195e-05
6.919190127518959e-06,0.0,0.0,0.0,0.0,9815,5.504367800313048e-05,9815,6.196286994963884e-05
6.15663566350122e-06,0.0,0.0,0.0,0.0,9816,5.4218278819462284e-05,9816,6.037491402821615e-05
0.00022049061954021454,0.0,0.0,0.0,0.0,9817,5.371718725655228e-05,9817,0.0002742077922448516
5.076348679722287e-05,0.0,0.0,0.0,0.0,9818,8.956922829383984e-05,9818,0.00014033271872904152
5.0333932449575514e-05,0.0,0.0,0.0,0.0,9819,8.766741666477174e-05,9819,0.00013800134183838964
6.54919631415396e-06,0.0,0.0,0.0,0.0,9820,5.413849066826515e-05,9820,6.0687685618177056e-05
3.6391953472048044e-05,0.0,0.0,0.0,0.0,9821,8.364664245164022e-05,9821,0.00012003859592368826
3.216354889445938e-05,0.0,0.0,0.0,0.0,9822,7.989558071130887e-05,9822,0.00011205913324374706
7.87917451816611e-06,0.0,0.0,0.0,0.0,9823,5.4360141803044826e-05,9823,6.223931268323213e-05
3.491021925583482e-05,0.0,0.0,0.0,0.0,9824,7.359481242019683e-05,9824,0.00010850503167603165
2.9087075745337643e-05,0.0,0.0,0.0,0.0,9825,6.816128006903455e-05,9825,9.724835399538279e-05
9.80428831098834e-06,0.0,0.0,0.0,0.0,9826,5.4793879826320335e-05,9826,6.459817086579278e-05
2.7519134164322168e-05,0.0,0.0,0.0,0.0,9827,7.2550552431494e-05,9827,0.00010006967931985855
2.239130662928801e-05,0.0,0.0,0.0,0.0,9828,6.56032279948704e-05,9828,8.799453644314781e-05
1.3357829629967455e-05,0.0,0.0,0.0,0.0,9829,5.4245811043074355e-05,9829,6.76036361255683e-05
3.275802737334743e-05,0.0,0.0,0.0,0.0,9830,6.602804933208972e-05,9830,9.878607670543715e-05
2.4084418328129686e-05,0.0,0.0,0.0,0.0,9831,6.0615133406827226e-05,9831,8.469955355394632e-05
1.8560862372396514e-05,0.0,0.0,0.0,0.0,9832,5.413849794422276e-05,9832,7.269936031661928e-05
3.152081262669526e-05,0.0,0.0,0.0,0.0,9833,6.293565093073994e-05,9833,9.4456467195414e-05
2.9138915124349296e-05,0.0,0.0,0.0,0.0,9834,5.756054451921955e-05,9834,8.669945236761123e-05
2.781733201118186e-05,0.0,0.0,0.0,0.0,9835,5.422397589427419e-05,9835,8.204131154343486e-05
4.3157648178748786e-05,0.0,0.0,0.0,0.0,9836,6.146772648207843e-05,9836,0.00010462537466082722
4.469558916753158e-05,0.0,0.0,0.0,0.0,9837,5.673185660270974e-05,9837,0.00010142744577024132
4.551657912088558e-05,0.0,0.0,0.0,0.0,9838,5.351293657440692e-05,9838,9.902952297125012e-05
5.9221267292741686e-05,0.0,0.0,0.0,0.0,9839,5.774731107521802e-05,9839,0.00011696858564391732
6.532506813528016e-05,0.0,0.0,0.0,0.0,9840,5.4416821512859315e-05,9840,0.00011974188964813948
7.822428597137332e-05,0.0,0.0,0.0,0.0,9841,5.3841031331103295e-05,9841,0.00013206532457843423
9.321988909505308e-05,0.0,0.0,0.0,0.0,9842,5.8043406170327216e-05,9842,0.00015126328798942268
0.00010310662037227303,0.0,0.0,0.0,0.0,9843,5.455370410345495e-05,9843,0.00015766030992381275
0.00010977539204759523,0.0,0.0,0.0,0.0,9844,5.298962787492201e-05,9844,0.00016276501992251724
0.00012093010445823893,0.0,0.0,0.0,0.0,9845,5.518385296454653e-05,9845,0.00017611395742278546
0.0001262291189050302,0.0,0.0,0.0,0.0,9846,5.311282802722417e-05,9846,0.00017934195057023317
0.00012147478992119431,0.0,0.0,0.0,0.0,9847,5.3286108595784754e-05,9847,0.00017476089124102145
0.00011188403004780412,0.0,0.0,0.0,0.0,9848,5.563708327827044e-05,9848,0.00016752112424001098
9.266467532142997e-05,0.0,0.0,0.0,0.0,9849,5.317798422765918e-05,9849,0.00014584267046302557
0.0002932604693342,0.0,0.0,0.0,0.0,9850,5.2597973990486935e-05,9850,0.0003458584542386234
8.005120616871864e-05,0.0,0.0,0.0,0.0,9851,8.555771637475118e-05,9851,0.00016560892981942743
6.13871670793742e-05,0.0,0.0,0.0,0.0,9852,8.657631406094879e-05,9852,0.00014796348114032298
1.2425070963217877e-05,0.0,0.0,0.0,0.0,9853,5.287751992000267e-05,9853,6.530259270220995e-05
3.344336073496379e-05,0.0,0.0,0.0,0.0,9854,7.99692134023644e-05,9854,0.000113412577775307
3.383624425623566e-05,0.0,0.0,0.0,0.0,9855,7.69512917031534e-05,9855,0.00011078754323534667
2.2400625312002376e-05,0.0,0.0,0.0,0.0,9856,5.32185731572099e-05,9856,7.561920210719109e-05
5.6190561736002564e-05,0.0,0.0,0.0,0.0,9857,7.211532647488639e-05,9857,0.00012830588093493134
5.789134229416959e-05,0.0,0.0,0.0,0.0,9858,6.644198583671823e-05,9858,0.00012433333904482424
4.374251147964969e-05,0.0,0.0,0.0,0.0,9859,5.365499964682385e-05,9859,9.739750385051593e-05
5.603707177215256e-05,0.0,0.0,0.0,0.0,9860,7.052732689771801e-05,9860,0.00012656439503189176
4.661206548917107e-05,0.0,0.0,0.0,0.0,9861,6.34102470939979e-05,9861,0.00011002230894519016
3.353007559780963e-05,0.0,0.0,0.0,0.0,9862,5.31943078385666e-05,9862,8.672438707435504e-05
3.8984057027846575e-05,0.0,0.0,0.0,0.0,9863,6.454563117586076e-05,9863,0.00010352968820370734
2.4915647372836247e-05,0.0,0.0,0.0,0.0,9864,5.872809560969472e-05,9864,8.364373206859455e-05
1.3252363714855164e-05,0.0,0.0,0.0,0.0,9865,5.31872792635113e-05,9865,6.643965025432408e-05
2.000812310143374e-05,0.0,0.0,0.0,0.0,9866,6.108875822974369e-05,9866,8.109687769319862e-05
1.2985711691726465e-05,0.0,0.0,0.0,0.0,9867,5.561903162742965e-05,9867,6.860474240966141e-05
1.0157418728340417e-05,0.0,0.0,0.0,0.0,9868,5.3591400501318276e-05,9868,6.374881922965869e-05
1.8539192751632072e-05,0.0,0.0,0.0,0.0,9869,5.9991874877596274e-05,9869,7.853106944821775e-05
1.602165139047429e-05,0.0,0.0,0.0,0.0,9870,5.497400343301706e-05,9870,7.099565846147016e-05
1.7826128896558657e-05,0.0,0.0,0.0,0.0,9871,5.2829003834631294e-05,9871,7.065513636916876e-05
2.4459592168568633e-05,0.0,0.0,0.0,0.0,9872,5.616533599095419e-05,9872,8.062492997851223e-05
1.9606866771937348e-05,0.0,0.0,0.0,0.0,9873,5.276284719002433e-05,9873,7.236971578095108e-05
1.7894533812068403e-05,0.0,0.0,0.0,0.0,9874,5.3633681091014296e-05,9874,7.15282149030827e-05
1.9062879800912924e-05,0.0,0.0,0.0,0.0,9875,5.644623888656497e-05,9875,7.550911686848849e-05
1.4093959180172533e-05,0.0,0.0,0.0,0.0,9876,5.282646088744514e-05,9876,6.692041642963886e-05
1.3421032235783059e-05,0.0,0.0,0.0,0.0,9877,5.240921018412337e-05,9877,6.583024514839053e-05
1.3734199455939233e-05,0.0,0.0,0.0,0.0,9878,5.362012598197907e-05,9878,6.73543254379183e-05
9.072190550796222e-06,0.0,0.0,0.0,0.0,9879,5.167925337445922e-05,9879,6.0751444834750146e-05
8.400294063903857e-06,0.0,0.0,0.0,0.0,9880,5.2962284826207906e-05,9880,6.136258161859587e-05
8.840597729431465e-06,0.0,0.0,0.0,0.0,9881,5.3821240726392716e-05,9881,6.266184209380299e-05
7.159786946431268e-06,0.0,0.0,0.0,0.0,9882,5.159812280908227e-05,9882,5.875791248399764e-05
8.705744221515488e-06,0.0,0.0,0.0,0.0,9883,5.195762787479907e-05,9883,6.066337300580926e-05
9.541760846332181e-06,0.0,0.0,0.0,0.0,9884,5.225183122092858e-05,9884,6.179359479574487e-05
8.338127372553572e-06,0.0,0.0,0.0,0.0,9885,5.118392436997965e-05,9885,5.952205174253322e-05
9.512699762126431e-06,0.0,0.0,0.0,0.0,9886,5.209423034102656e-05,9886,6.160693010315299e-05
0.0001841972698457539,0.0,0.0,0.0,0.0,9887,5.211648385738954e-05,9887,0.00023631376097910106
6.497863796539605e-05,0.0,0.0,0.0,0.0,9888,0.00010103481326950714,9888,0.00016601344395894557
4.231648563290946e-05,0.0,0.0,0.0,0.0,9889,8.047058508964255e-05,9889,0.0001227870670845732
1.0127604582521599e-05,0.0,0.0,0.0,0.0,9890,5.4015530622564256e-05,9890,6.414313247660175e-05
7.009550608927384e-05,0.0,0.0,0.0,0.0,9891,9.240292274625972e-05,9891,0.0001624984433874488
2.597962156869471e-05,0.0,0.0,0.0,0.0,9892,7.124702096916735e-05,9892,9.722664253786206e-05
1.1855602679133881e-05,0.0,0.0,0.0,0.0,9893,5.42686102562584e-05,9893,6.612420838791877e-05
4.374743366497569e-05,0.0,0.0,0.0,0.0,9894,7.87353201303631e-05,9894,0.0001224827574333176
2.0030051018693484e-05,0.0,0.0,0.0,0.0,9895,6.006482362863608e-05,9895,8.009487646631896e-05
1.0944175301119685e-05,0.0,0.0,0.0,0.0,9896,5.704200884792954e-05,9896,6.798618414904922e-05
3.0197017622413114e-05,0.0,0.0,0.0,0.0,9897,7.589336746605113e-05,9897,0.00010609038872644305
1.1955488844250795e-05,0.0,0.0,0.0,0.0,9898,5.743690417148173e-05,9898,6.939239392522722e-05
1.3039262739766855e-05,0.0,0.0,0.0,0.0,9899,5.569792119786143e-05,9899,6.873718666611239e-05
2.578595194790978e-05,0.0,0.0,0.0,0.0,9900,6.692858005408198e-05,9900,9.271453018300235e-05
9.676361514721066e-06,0.0,0.0,0.0,0.0,9901,5.3526804549619555e-05,9901,6.320316606434062e-05
1.2900883120892104e-05,0.0,0.0,0.0,0.0,9902,5.594546746578999e-05,9902,6.884634785819799e-05
2.076733289868571e-05,0.0,0.0,0.0,0.0,9903,6.201203359523788e-05,9903,8.27793701319024e-05
8.601791705586948e-06,0.0,0.0,0.0,0.0,9904,5.167661583982408e-05,9904,6.0278405726421624e-05
1.2238704584888183e-05,0.0,0.0,0.0,0.0,9905,5.638723450829275e-05,9905,6.862593727419153e-05
1.554146729176864e-05,0.0,0.0,0.0,0.0,9906,5.9862653870368376e-05,9906,7.540412480011582e-05
7.891797395132016e-06,0.0,0.0,0.0,0.0,9907,5.1278835599077865e-05,9907,5.9170633903704584e-05
1.3924604900239501e-05,0.0,0.0,0.0,0.0,9908,5.4210046073421836e-05,9908,6.813465006416664e-05
1.5403196812258102e-05,0.0,0.0,0.0,0.0,9909,5.5011700169416144e-05,9909,7.041489880066365e-05
8.925763722800184e-06,0.0,0.0,0.0,0.0,9910,5.060655530542135e-05,9910,5.9532318118726835e-05
1.2886453077953774e-05,0.0,0.0,0.0,0.0,9911,5.517660974874161e-05,9911,6.806306191720068e-05
1.3046864296484273e-05,0.0,0.0,0.0,0.0,9912,5.47763702343218e-05,9912,6.782323180232197e-05
1.099205474019982e-05,0.0,0.0,0.0,0.0,9913,5.037580558564514e-05,9913,6.136785668786615e-05
1.64920165843796e-05,0.0,0.0,0.0,0.0,9914,5.263245111564174e-05,9914,6.912446406204253e-05
1.6509929992025718e-05,0.0,0.0,0.0,0.0,9915,5.1741993956966326e-05,9915,6.825192394899204e-05
1.5465075193787925e-05,0.0,0.0,0.0,0.0,9916,5.0470680434955284e-05,9916,6.59357538097538e-05
2.030786890827585e-05,0.0,0.0,0.0,0.0,9917,5.318180046742782e-05,9917,7.348967483267188e-05
2.2190468371263705e-05,0.0,0.0,0.0,0.0,9918,5.1710045227082446e-05,9918,7.390051905531436e-05
0.00023999909171834588,0.0,0.0,0.0,0.0,9919,5.007756772101857e-05,9919,0.00029007665580138564
0.0012365856673568487,0.0,0.0,0.0,0.0,9920,8.410588634433225e-05,9920,0.0013206915464252234
0.0003027979691978544,0.0,0.0,0.0,0.0,9921,0.000634810421615839,9921,0.0009376084199175239
0.00012009838974336162,0.0,0.0,0.0,0.0,9922,0.0013158110668882728,9922,0.0014359094202518463
0.00040143271326087415,0.0,0.0,0.0,0.0,9923,0.0009799848776310682,9923,0.0013814176199957728
0.0005168361822143197,0.0,0.0,0.0,0.0,9924,6.917920836713165e-05,9924,0.0005860154051333666
0.0014048758894205093,0.0,0.0,0.0,0.0,9925,0.0002097647957270965,9925,0.001614640699699521
0.0004982274258509278,0.0,0.0,0.0,0.0,9926,7.695257954765111e-05,9926,0.0005751799908466637
0.0003841595316771418,0.0,0.0,0.0,0.0,9927,0.0005541479913517833,9927,0.0009383075521327555
0.00048556175897829235,0.0,0.0,0.0,0.0,9928,0.0006487846840173006,9928,0.0011343464720994234
0.00016024480282794684,0.0,0.0,0.0,0.0,9929,0.0001468931295676157,9929,0.00030713793239556253
0.0006231371080502868,0.0,0.0,0.0,0.0,9930,0.0003425650647841394,9930,0.0009657021146267653
0.0007144403643906116,0.0,0.0,0.0,0.0,9931,0.0004565756826195866,9931,0.0011710160179063678
0.0001873862202046439,0.0,0.0,0.0,0.0,9932,0.00013989156286697835,9932,0.00032727778307162225
0.00039994067628867924,0.0,0.0,0.0,0.0,9933,0.0003037761489395052,9933,0.0007037168252281845
0.00015993106353562325,0.0,0.0,0.0,0.0,9934,0.0009051951346918941,9934,0.0010651262709870934
0.0001316872803727165,0.0,0.0,0.0,0.0,9935,0.0009015189134515822,9935,0.0010332062374800444
0.0002321611827937886,0.0,0.0,0.0,0.0,9936,0.00033435210934840143,9936,0.0005665132775902748
0.0011223468463867903,0.0,0.0,0.0,0.0,9937,0.00011760016059270129,9937,0.0012399470433592796
0.0009192269062623382,0.0,0.0,0.0,0.0,9938,0.00012231568689458072,9938,0.0010415426222607493
7.067246042424813e-05,0.0,0.0,0.0,0.0,9939,0.0003415674436837435,9939,0.000412239896832034
4.5249755203258246e-05,0.0,0.0,0.0,0.0,9940,0.0006057919235900044,9940,0.0006510416860692203
3.6001696571474895e-05,0.0,0.0,0.0,0.0,9941,0.0003940237802453339,9941,0.00043002550955861807
0.0006837761611677706,0.0,0.0,0.0,0.0,9942,0.00014346012903843075,9942,0.0008272362756542861
0.0004930922877974808,0.0,0.0,0.0,0.0,9943,0.0001446152018615976,9943,0.0006377074751071632
8.242193871410564e-05,0.0,0.0,0.0,0.0,9944,0.00026590359630063176,9944,0.0003483255277387798
0.0005548254121094942,0.0,0.0,0.0,0.0,9945,0.000395201554056257,9945,0.0009500269661657512
0.0004663444706238806,0.0,0.0,0.0,0.0,9946,0.0005086426390334964,9946,0.000974987109657377
0.0004680636338889599,0.0,0.0,0.0,0.0,9947,0.00040842226007953286,9947,0.0008764860103838146
0.003611504565924406,0.0,0.0,0.0,0.0,9948,0.0002437894872855395,9948,0.0038552943151444197
0.003103088354691863,0.0,0.0,0.0,0.0,9949,0.0003460398002061993,9949,0.0034491282422095537
0.003228666028007865,0.0,0.0,0.0,0.0,9950,0.0005977416876703501,9950,0.003826407715678215
0.00209199171513319,0.0,0.0,0.0,0.0,9951,0.000788579520303756,9951,0.002880571410059929
0.002003499073907733,0.0,0.0,0.0,0.0,9952,0.0005978457047604024,9952,0.0026013448368757963
6.303956615738571e-05,0.0,0.0,0.0,0.0,9953,0.0003298492811154574,9953,0.0003928888763766736
0.0008794781169854105,0.0,0.0,0.0,0.0,9954,0.0003184415982104838,9954,0.0011979197151958942
0.0007334002875722945,0.0,0.0,0.0,0.0,9955,0.0003008613712154329,9955,0.0010342616587877274
0.0004862672067247331,0.0,0.0,0.0,0.0,9956,0.0004037821781821549,9956,0.000890049384906888
0.0004808447847608477,0.0,0.0,0.0,0.0,9957,0.0004122527316212654,9957,0.0008930974872782826
7.42007905500941e-05,0.0,0.0,0.0,0.0,9958,0.0002818874781951308,9958,0.00035608827602118254
0.00026257301215082407,0.0,0.0,0.0,0.0,9959,0.00037193536991253495,9959,0.000634508382063359
0.00010231103806290776,0.0,0.0,0.0,0.0,9960,0.00032941525569185615,9960,0.00043172630830667913
0.00026053524925373495,0.0,0.0,0.0,0.0,9961,0.00021820145775564015,9961,0.0004787367070093751
7.597573130624369e-05,0.0,0.0,0.0,0.0,9962,0.0003911828971467912,9962,0.0004671586211770773
7.026367529761046e-05,0.0,0.0,0.0,0.0,9963,0.0006206637481227517,9963,0.0006909274379722774
7.892662688391283e-05,0.0,0.0,0.0,0.0,9964,0.0004311914963182062,9964,0.0005101181450299919
0.0003031330415979028,0.0,0.0,0.0,0.0,9965,0.000181271112523973,9965,0.00048440415412187576
0.0007999417139217257,0.0,0.0,0.0,0.0,9966,0.00015769760648254305,9966,0.0009576393058523536
0.0004959978978149593,0.0,0.0,0.0,0.0,9967,0.00016833895642776042,9967,0.0006643368396908045
7.76702945586294e-05,0.0,0.0,0.0,0.0,9968,0.00041671100188978016,9968,0.0004943812964484096
8.719151082914323e-05,0.0,0.0,0.0,0.0,9969,0.000505616597365588,9969,0.0005928081227466464
6.889389624120668e-05,0.0,0.0,0.0,0.0,9970,0.0002597416169010103,9970,0.00032863550586625934
0.000584217777941376,0.0,0.0,0.0,0.0,9971,0.00017874820332508534,9971,0.0007629659958183765
0.0002209269441664219,0.0,0.0,0.0,0.0,9972,0.00016903704090509564,9972,0.0003899639705196023
0.0019847690127789974,0.0,0.0,0.0,0.0,9973,0.000257340376265347,9973,0.0022421092726290226
0.0001641558192204684,0.0,0.0,0.0,0.0,9974,0.00023793434957042336,9974,0.0004020901396870613
0.001037969021126628,0.0,0.0,0.0,0.0,9975,0.0008134513045661151,9975,0.001851420383900404
4.8919122491497546e-05,0.0,0.0,0.0,0.0,9976,0.00034023186890408397,9976,0.000389150925911963
0.0010369732044637203,0.0,0.0,0.0,0.0,9977,0.00016852175758685917,9977,0.0012054949766024947
0.0007305535254999995,0.0,0.0,0.0,0.0,9978,0.0001508006389485672,9978,0.0008813541498966515
0.0003179340565111488,0.0,0.0,0.0,0.0,9979,0.0003638636553660035,9979,0.0006817977409809828
0.00032498015207238495,0.0,0.0,0.0,0.0,9980,0.0007347494829446077,9980,0.0010597296059131622
0.00028947548707947135,0.0,0.0,0.0,0.0,9981,0.0004362572799436748,9981,0.0007257328252308071
0.0003955686988774687,0.0,0.0,0.0,0.0,9982,0.00011654964328045025,9982,0.0005121183348819613
0.00039272042340599,0.0,0.0,0.0,0.0,9983,0.00018195959273725748,9983,0.0005746800452470779
0.00016988144489005208,0.0,0.0,0.0,0.0,9984,0.0001238564436789602,9984,0.0002937378885690123
0.0002953078947030008,0.0,0.0,0.0,0.0,9985,0.00015180745685938746,9985,0.000447115337010473
0.0004213753272779286,0.0,0.0,0.0,0.0,9986,0.00023939358652569354,9986,0.0006607688846997917
9.155075531452894e-05,0.0,0.0,0.0,0.0,9987,0.00012193705333629623,9987,0.00021348780137486756
7.313714741030708e-05,0.0,0.0,0.0,0.0,9988,0.0001435466983821243,9988,0.00021668383851647377
0.00011627258936641738,0.0,0.0,0.0,0.0,9989,0.0002335315803065896,9989,0.0003498041769489646
5.064692231826484e-05,0.0,0.0,0.0,0.0,9990,0.00014174336683936417,9990,0.000192390289157629
0.00011283034837106243,0.0,0.0,0.0,0.0,9991,9.74304712144658e-05,9991,0.00021026082686148584
0.00018220357014797628,0.0,0.0,0.0,0.0,9992,0.0001129745360231027,9992,0.00029517809161916375
8.062083361437544e-05,0.0,0.0,0.0,0.0,9993,9.326323197456077e-05,9993,0.00017388408014085144
3.399027627892792e-05,0.0,0.0,0.0,0.0,9994,0.00016226113075390458,9994,0.0001962514070328325
4.384641215438023e-05,0.0,0.0,0.0,0.0,9995,0.0002059237303910777,9995,0.00024977014982141554
3.219812424504198e-05,0.0,0.0,0.0,0.0,9996,0.00012742534454446286,9996,0.00015962346515152603
9.237864287570119e-05,0.0,0.0,0.0,0.0,9997,9.171428973786533e-05,9997,0.00018409293261356652
0.00012174923904240131,0.0,0.0,0.0,0.0,9998,9.736873471410945e-05,9998,0.00021911796648055315
0.00011122289288323373,0.0,0.0,0.0,0.0,9999,9.584485815139487e-05,9999,0.00020706777286250144
