# Solver information
# Time          	U_solver        	Ux_initial      	Ux_final        	Ux_iters        	Uy_initial      	Uy_final        	Uy_iters        	U_converged     	p_solver        	p_initial       	p_final         	p_iters         	p_converged     
0.0005          	smoothSolver	1.00000000e+00	7.76704800e-02	1	1.00000000e+00	5.79073390e-02	3	false	GAMG	1.00000000e+00	9.35781440e-02	7	true
0.001           	smoothSolver	7.96939960e-01	3.18222050e-02	2	4.11830570e-01	1.33621540e-02	2	false	GAMG	1.83733470e-02	8.75097590e-04	1	true
0.0015          	smoothSolver	2.00205800e-01	1.36828630e-02	2	1.24117760e-01	1.24007530e-02	2	false	GAMG	9.36578390e-02	6.40951990e-03	5	true
0.002           	smoothSolver	5.15595720e-01	3.19126330e-02	2	4.06046200e-01	2.08504680e-02	2	false	GAMG	8.38561140e-03	4.91414690e-04	2	true
0.0025          	smoothSolver	1.32865050e-01	8.62562690e-03	2	1.42196480e-01	1.02541120e-02	2	false	GAMG	2.32379710e-02	2.25267190e-03	3	true
0.003           	smoothSolver	2.63878870e-01	1.67357060e-02	2	2.49476730e-01	1.56186580e-02	2	false	GAMG	2.02293840e-02	9.23712430e-04	1	true
0.0035          	smoothSolver	1.35648720e-01	8.48243320e-03	2	1.58558800e-01	9.75466130e-03	2	false	GAMG	3.95902690e-02	2.33828390e-03	3	true
0.004           	smoothSolver	1.46721320e-01	9.37973200e-03	2	2.33322720e-01	1.37199140e-02	2	false	GAMG	1.30879930e-01	4.28216180e-03	1	true
0.0045          	smoothSolver	1.21119260e-01	7.71150910e-03	2	1.68247770e-01	1.11037750e-02	2	false	GAMG	1.14345030e-02	9.63689300e-04	2	true
0.005           	smoothSolver	8.62512210e-02	5.66141690e-03	2	1.68288700e-01	1.15419200e-02	2	false	GAMG	1.92079210e-01	4.46771390e-03	1	true
0.0055          	smoothSolver	6.65066160e-02	4.30876670e-03	2	1.31739280e-01	8.90291070e-03	2	false	GAMG	4.33405910e-02	3.77495950e-03	2	true
0.006           	smoothSolver	7.66399830e-02	4.86104950e-03	2	1.24743500e-01	8.55249210e-03	2	false	GAMG	1.18488210e-01	3.51369910e-03	1	true
0.0065          	smoothSolver	7.15264630e-02	4.32529710e-03	2	1.07984260e-01	7.26596540e-03	2	false	GAMG	4.97587180e-02	2.87084470e-03	2	true
0.007           	smoothSolver	4.83588340e-02	3.09827040e-03	2	1.10838040e-01	6.76560750e-03	2	false	GAMG	8.10549200e-01	2.77087710e-03	1	true
0.0075          	smoothSolver	4.54133870e-02	3.34926130e-03	2	9.87362340e-02	7.05795560e-03	2	false	GAMG	1.51523620e-01	9.23199130e-03	2	true
0.008           	smoothSolver	4.53431970e-02	3.43007530e-03	2	8.58423900e-02	6.65665530e-03	2	false	GAMG	7.82949600e-01	6.58794330e-03	1	true
0.0085          	smoothSolver	3.94606470e-02	2.45753750e-03	2	7.56193380e-02	5.20420330e-03	2	false	GAMG	2.29870250e-01	1.92270340e-02	1	true
0.009           	smoothSolver	3.89077670e-02	3.87920730e-03	2	7.08729950e-02	4.29456730e-03	3	false	GAMG	2.08298110e-01	1.41701230e-02	2	true
0.0095          	smoothSolver	3.99535060e-02	2.81542960e-03	2	6.97463000e-02	4.58070420e-03	2	false	GAMG	1.31656190e-01	5.47383660e-03	1	true
0.01            	smoothSolver	3.77317010e-02	2.36690440e-03	2	6.28577060e-02	4.11153160e-03	2	false	GAMG	6.50460360e-02	4.43582280e-03	1	true
0.0105          	smoothSolver	3.63301030e-02	2.28592060e-03	2	5.65636990e-02	3.57199690e-03	2	false	GAMG	2.81898140e-01	4.01011000e-03	1	true
0.011           	smoothSolver	3.57849360e-02	2.16487790e-03	2	5.43208740e-02	3.63367230e-03	2	false	GAMG	6.17552050e-02	4.60651670e-03	1	true
0.0115          	smoothSolver	3.44672850e-02	2.12298110e-03	2	5.08432790e-02	3.36512100e-03	2	false	GAMG	4.08239050e-02	3.52776150e-03	1	true
0.012           	smoothSolver	3.34920210e-02	2.03721240e-03	2	4.85484930e-02	3.11102000e-03	2	false	GAMG	4.03439930e-02	1.52305520e-03	1	true
0.0125          	smoothSolver	3.24899380e-02	1.87655420e-03	2	4.68316980e-02	2.87542890e-03	2	false	GAMG	1.74372710e-02	1.38702490e-03	2	true
0.013           	smoothSolver	4.71200830e-02	2.58614840e-03	2	5.12562640e-02	3.03852900e-03	2	false	GAMG	3.48467490e-02	9.83418460e-04	1	true
0.0135          	smoothSolver	4.62334560e-02	2.47987310e-03	2	4.85388200e-02	2.90396190e-03	2	false	GAMG	2.06558870e-02	1.35132180e-03	1	true
0.014           	smoothSolver	3.71011790e-02	2.01496900e-03	2	4.57546770e-02	2.69174020e-03	2	false	GAMG	3.21973190e-02	2.01197880e-03	1	true
0.0145          	smoothSolver	3.26149880e-02	1.78404710e-03	2	4.36914540e-02	2.52520390e-03	2	false	GAMG	3.41856830e-02	2.09530910e-03	2	true
0.015           	smoothSolver	3.91281520e-02	2.10907130e-03	2	4.40694780e-02	2.55955660e-03	2	false	GAMG	3.78619310e-02	4.60944030e-04	1	true
0.0155          	smoothSolver	3.90195120e-02	2.10504070e-03	2	4.15993430e-02	2.38580030e-03	2	false	GAMG	1.85592880e-02	1.15201170e-03	1	true
0.016           	smoothSolver	3.85575290e-02	2.06700400e-03	2	3.97008960e-02	2.28097460e-03	2	false	GAMG	1.29451880e-02	1.13337470e-03	2	true
0.0165          	smoothSolver	3.71977700e-02	1.99333470e-03	2	4.61156500e-02	2.53841970e-03	2	false	GAMG	2.11826010e-01	2.81643190e-03	1	true
0.017           	smoothSolver	3.61394470e-02	1.88333400e-03	2	4.35447720e-02	2.35319470e-03	2	false	GAMG	2.08854140e-02	1.05510880e-03	2	true
0.0175          	smoothSolver	3.12439960e-02	1.70913820e-03	2	4.13918750e-02	2.31685690e-03	2	false	GAMG	3.44711500e-01	4.47454340e-03	1	true
0.018           	smoothSolver	3.07193340e-02	1.72927080e-03	2	3.98444930e-02	2.51711720e-03	2	false	GAMG	5.49344840e-02	5.10721150e-03	1	true
0.0185          	smoothSolver	2.91378590e-02	1.64990510e-03	2	3.69886600e-02	2.18993690e-03	2	false	GAMG	1.54464340e-01	4.52157240e-03	1	true
0.019           	smoothSolver	2.75375180e-02	1.50856810e-03	2	3.49978160e-02	1.98922880e-03	2	false	GAMG	7.10872070e-02	5.44595280e-03	1	true
0.0195          	smoothSolver	2.72270090e-02	1.46573210e-03	2	3.40916550e-02	1.94843820e-03	2	false	GAMG	1.66005440e-01	7.44078560e-03	1	true
0.02            	smoothSolver	2.76392400e-02	1.46708830e-03	2	3.39773990e-02	1.96412070e-03	2	false	GAMG	1.48348390e-01	9.73773360e-03	1	true
0.0205          	smoothSolver	2.69603790e-02	1.40671640e-03	2	3.25224060e-02	1.80811070e-03	2	false	GAMG	1.09078410e-01	6.26084800e-03	1	true
0.021           	smoothSolver	2.65816220e-02	1.43419660e-03	2	3.18727300e-02	1.85254040e-03	2	false	GAMG	1.04924130e-01	7.75639590e-03	1	true
0.0215          	smoothSolver	2.59542140e-02	1.37607210e-03	2	3.14028410e-02	1.70323880e-03	2	false	GAMG	7.34486370e-02	4.59877850e-03	1	true
0.022           	smoothSolver	2.55390720e-02	1.34740190e-03	2	3.09912330e-02	1.67666820e-03	2	false	GAMG	5.61789560e-02	3.72568740e-03	1	true
0.0225          	smoothSolver	2.52563620e-02	1.31555690e-03	2	3.00412090e-02	1.60526060e-03	2	false	GAMG	5.28975970e-02	2.07478600e-03	1	true
0.023           	smoothSolver	2.52234100e-02	1.32498070e-03	2	2.93665840e-02	1.59208030e-03	2	false	GAMG	3.15455000e-02	2.25880030e-03	1	true
0.0235          	smoothSolver	2.50408650e-02	1.29977070e-03	2	2.85117540e-02	1.51755630e-03	2	false	GAMG	2.70751840e-02	2.04062400e-03	1	true
0.024           	smoothSolver	2.50484160e-02	1.28476820e-03	2	2.78363590e-02	1.46333650e-03	2	false	GAMG	3.23940990e-02	1.83452220e-03	1	true
0.0245          	smoothSolver	2.50796700e-02	1.28845880e-03	2	2.71534980e-02	1.42268260e-03	2	false	GAMG	2.88012130e-02	2.02183770e-03	1	true
0.025           	smoothSolver	2.52293890e-02	1.28269260e-03	2	2.68190170e-02	1.43372210e-03	2	false	GAMG	1.79109160e-02	1.36662930e-03	1	true
0.0255          	smoothSolver	2.52561060e-02	1.26316630e-03	2	2.62446840e-02	1.34697750e-03	2	false	GAMG	2.54512640e-02	1.28993490e-03	1	true
0.026           	smoothSolver	2.51772370e-02	1.24296500e-03	2	2.57578120e-02	1.31554730e-03	2	false	GAMG	3.01011160e-02	1.81180810e-03	1	true
0.0265          	smoothSolver	2.50089430e-02	1.24740460e-03	2	2.55315530e-02	1.28375890e-03	2	false	GAMG	2.50525100e-02	2.37795610e-03	1	true
0.027           	smoothSolver	2.65222210e-02	1.26661360e-03	2	2.59824060e-02	1.27969800e-03	2	false	GAMG	1.83610770e-02	1.44476380e-03	1	true
0.0275          	smoothSolver	2.61374350e-02	1.23536760e-03	2	2.50394210e-02	1.22354500e-03	2	false	GAMG	2.07480130e-02	9.25766620e-04	1	true
0.028           	smoothSolver	2.57788320e-02	1.21464280e-03	2	2.43520040e-02	1.17635230e-03	2	false	GAMG	1.90886110e-02	9.29883570e-04	1	true
0.0285          	smoothSolver	2.47760020e-02	1.17456170e-03	2	2.39870880e-02	1.13900530e-03	2	false	GAMG	1.24711590e-02	8.43080240e-04	1	true
0.029           	smoothSolver	2.43765240e-02	1.13917430e-03	2	2.37360570e-02	1.12661520e-03	2	false	GAMG	2.01681810e-02	1.34967410e-03	1	true
0.0295          	smoothSolver	2.41998230e-02	1.12131460e-03	2	2.35335450e-02	1.10197430e-03	2	false	GAMG	2.81997630e-02	1.53445110e-03	1	true
0.03            	smoothSolver	2.37846790e-02	1.09255430e-03	2	2.33693760e-02	1.11284450e-03	2	false	GAMG	6.59827990e-02	1.51279200e-03	1	true
0.0305          	smoothSolver	2.36149740e-02	1.09026920e-03	2	2.31240810e-02	1.10286250e-03	2	false	GAMG	9.15961430e-02	5.04248430e-03	1	true
0.031           	smoothSolver	2.34528750e-02	1.08138810e-03	2	2.29705010e-02	1.08349670e-03	2	false	GAMG	5.34842000e-02	4.21706430e-03	1	true
0.0315          	smoothSolver	2.33609070e-02	1.08670400e-03	2	2.28697330e-02	1.08744240e-03	2	false	GAMG	4.87397960e-02	3.29649700e-03	1	true
0.032           	smoothSolver	2.32666440e-02	1.09123710e-03	2	2.28343120e-02	1.10020810e-03	2	false	GAMG	3.57353410e-02	3.00386530e-03	1	true
0.0325          	smoothSolver	2.30850700e-02	1.08909720e-03	2	2.27420630e-02	1.10898820e-03	2	false	GAMG	1.85335090e-02	1.16596960e-03	1	true
0.033           	smoothSolver	2.30119760e-02	1.08495670e-03	2	2.27845140e-02	1.11216370e-03	2	false	GAMG	2.15533920e-02	1.68887570e-03	1	true
0.0335          	smoothSolver	2.27278070e-02	1.06860840e-03	2	2.26697390e-02	1.10308670e-03	2	false	GAMG	2.49657530e-02	1.86850590e-03	1	true
0.034           	smoothSolver	2.25087860e-02	1.05570050e-03	2	2.26016310e-02	1.09904550e-03	2	false	GAMG	3.33250830e-02	2.11115430e-03	1	true
0.0345          	smoothSolver	2.22803890e-02	1.03862340e-03	2	2.25210260e-02	1.08331440e-03	2	false	GAMG	2.37230220e-02	1.90382330e-03	1	true
0.035           	smoothSolver	2.20505130e-02	1.03274930e-03	2	2.23872140e-02	1.08306690e-03	2	false	GAMG	3.27603610e-02	2.71658770e-03	1	true
0.0355          	smoothSolver	2.17745840e-02	1.02899670e-03	2	2.22740410e-02	1.08176550e-03	2	false	GAMG	3.06958820e-02	2.30588800e-03	1	true
0.036           	smoothSolver	2.14758690e-02	1.02826800e-03	2	2.20792280e-02	1.07748690e-03	2	false	GAMG	2.25473550e-02	1.70122260e-03	1	true
0.0365          	smoothSolver	2.12497710e-02	9.97475050e-04	2	2.19619210e-02	1.07038400e-03	2	false	GAMG	3.34154050e-02	2.31083840e-03	1	true
0.037           	smoothSolver	2.09842280e-02	9.81125670e-04	2	2.18497290e-02	1.05805060e-03	2	false	GAMG	1.89470860e-02	1.22635110e-03	1	true
0.0375          	smoothSolver	2.08776210e-02	9.76953010e-04	2	2.18289200e-02	1.06666820e-03	2	false	GAMG	2.07705130e-02	1.50364300e-03	1	true
0.038           	smoothSolver	2.06827340e-02	9.64187680e-04	2	2.16755330e-02	1.07329930e-03	2	false	GAMG	1.10982460e-02	8.95990610e-04	1	true
0.0385          	smoothSolver	2.04579800e-02	9.35621290e-04	2	2.15057360e-02	1.04573920e-03	2	false	GAMG	1.13537580e-02	9.30222560e-04	1	true
0.039           	smoothSolver	2.03494680e-02	9.37746210e-04	2	2.12982040e-02	1.04433890e-03	2	false	GAMG	1.92973380e-02	1.41795630e-03	1	true
0.0395          	smoothSolver	2.03209530e-02	9.34725580e-04	2	2.11695960e-02	1.04656700e-03	2	false	GAMG	1.30596380e-02	9.88165910e-04	1	true
0.04            	smoothSolver	2.02107150e-02	9.06440340e-04	2	2.09470770e-02	1.01892630e-03	2	false	GAMG	1.28530710e-02	1.08662760e-03	1	true
0.0405          	smoothSolver	2.01021750e-02	9.24207830e-04	2	2.07936830e-02	1.03789210e-03	2	false	GAMG	1.58167510e-02	1.26456230e-03	1	true
0.041           	smoothSolver	2.00357910e-02	8.99293860e-04	2	2.06283140e-02	1.00846870e-03	2	false	GAMG	1.63569170e-02	1.26398550e-03	1	true
0.0415          	smoothSolver	1.99294010e-02	9.05922480e-04	2	2.04503030e-02	1.00502850e-03	2	false	GAMG	1.69515080e-02	1.33483390e-03	1	true
0.042           	smoothSolver	1.99509140e-02	9.30010700e-04	2	2.04195350e-02	1.01972720e-03	2	false	GAMG	1.76883640e-02	1.41712640e-03	1	true
0.0425          	smoothSolver	1.97850580e-02	9.03612660e-04	2	2.01862650e-02	9.91561760e-04	2	false	GAMG	1.58812360e-02	1.24648670e-03	1	true
0.043           	smoothSolver	1.97693390e-02	9.21863110e-04	2	2.01463350e-02	9.99325350e-04	2	false	GAMG	2.15182420e-02	1.61979470e-03	1	true
0.0435          	smoothSolver	1.95314590e-02	9.26839780e-04	2	2.00244610e-02	9.99282850e-04	2	false	GAMG	3.79895220e-02	2.44131250e-03	1	true
0.044           	smoothSolver	1.95046820e-02	9.15868730e-04	2	1.99983390e-02	9.84275460e-04	2	false	GAMG	6.87884330e-02	4.52581950e-03	1	true
0.0445          	smoothSolver	1.93725400e-02	9.28177570e-04	2	1.99394510e-02	9.85973120e-04	2	false	GAMG	1.20312550e-01	8.72342650e-03	1	true
0.045           	smoothSolver	1.93808710e-02	9.55883390e-04	2	1.98922090e-02	9.99873230e-04	2	false	GAMG	8.40800270e-02	6.28046300e-03	1	true
0.0455          	smoothSolver	1.92924340e-02	9.70298480e-04	2	1.99111250e-02	1.01792200e-03	2	false	GAMG	6.92291150e-02	5.20110020e-03	1	true
0.046           	smoothSolver	1.92501920e-02	9.46910490e-04	2	1.98890840e-02	9.86559380e-04	2	false	GAMG	4.71239600e-02	3.70442610e-03	1	true
0.0465          	smoothSolver	1.91654230e-02	9.40763720e-04	2	1.98789660e-02	9.89494810e-04	2	false	GAMG	5.26979420e-02	4.31997290e-03	1	true
0.047           	smoothSolver	1.91326010e-02	9.72619660e-04	2	1.99144740e-02	1.01822680e-03	2	false	GAMG	5.83266210e-02	4.63559590e-03	1	true
0.0475          	smoothSolver	1.90988440e-02	9.50521160e-04	2	1.98636510e-02	1.00868400e-03	2	false	GAMG	4.70113620e-02	3.61942480e-03	1	true
0.048           	smoothSolver	1.90599300e-02	9.66646230e-04	2	1.99284400e-02	1.01732450e-03	2	false	GAMG	4.70368050e-02	3.62889020e-03	1	true
0.0485          	smoothSolver	1.90050320e-02	9.63673370e-04	2	1.99072970e-02	1.01916050e-03	2	false	GAMG	4.00988250e-02	3.07768820e-03	1	true
0.049           	smoothSolver	1.90024120e-02	9.70940090e-04	2	2.00260470e-02	1.01905220e-03	2	false	GAMG	4.53864470e-02	3.65909680e-03	1	true
0.0495          	smoothSolver	1.89211330e-02	9.41968450e-04	2	1.99712320e-02	1.02099520e-03	2	false	GAMG	4.05614460e-02	2.63262210e-03	1	true
0.05            	smoothSolver	1.87455170e-02	9.48818000e-04	2	1.99199680e-02	1.01179530e-03	2	false	GAMG	4.80463540e-02	4.13522700e-03	1	true
0.0505          	smoothSolver	1.85512970e-02	9.51476060e-04	2	1.99402830e-02	1.03373340e-03	2	false	GAMG	4.90663240e-02	3.95181500e-03	1	true
0.051           	smoothSolver	1.84516480e-02	9.39019670e-04	2	1.99167950e-02	1.02611100e-03	2	false	GAMG	6.43205260e-02	5.22676980e-03	1	true
0.0515          	smoothSolver	1.82632380e-02	9.35009050e-04	2	1.99173700e-02	1.03335020e-03	2	false	GAMG	8.96967500e-02	7.43471820e-03	1	true
0.052           	smoothSolver	1.81440120e-02	9.32481510e-04	2	1.99585990e-02	1.03438240e-03	2	false	GAMG	1.74331780e-01	1.43116510e-02	1	true
0.0525          	smoothSolver	1.80162810e-02	9.32876680e-04	2	1.99977270e-02	1.04640540e-03	2	false	GAMG	1.57352780e-01	1.15385040e-02	1	true
0.053           	smoothSolver	1.79594650e-02	9.31538010e-04	2	2.00440080e-02	1.05365900e-03	2	false	GAMG	1.25018140e-01	8.84028030e-03	1	true
0.0535          	smoothSolver	1.78412140e-02	9.18865570e-04	2	2.01992700e-02	1.06162220e-03	2	false	GAMG	9.71137630e-02	7.72938050e-03	1	true
0.054           	smoothSolver	1.78174320e-02	9.16557040e-04	2	2.02665050e-02	1.07070850e-03	2	false	GAMG	2.75918770e-02	2.14097350e-03	1	true
0.0545          	smoothSolver	1.77284250e-02	9.04365970e-04	2	2.03759130e-02	1.07789050e-03	2	false	GAMG	4.48223640e-02	3.42589470e-03	1	true
0.055           	smoothSolver	1.77010900e-02	8.76026060e-04	2	2.05313220e-02	1.07432200e-03	2	false	GAMG	2.43793270e-02	1.97471450e-03	1	true
0.0555          	smoothSolver	1.76369060e-02	8.75478300e-04	2	2.06146650e-02	1.07774440e-03	2	false	GAMG	1.90427810e-02	1.44378340e-03	1	true
0.056           	smoothSolver	1.76289870e-02	8.74086690e-04	2	2.07743370e-02	1.08751250e-03	2	false	GAMG	1.72960950e-02	1.28846320e-03	1	true
0.0565          	smoothSolver	1.75843930e-02	8.72700440e-04	2	2.09029020e-02	1.08991270e-03	2	false	GAMG	2.46359740e-02	1.72354680e-03	1	true
0.057           	smoothSolver	1.75710200e-02	8.60554210e-04	2	2.10777580e-02	1.08340450e-03	2	false	GAMG	1.81778270e-02	1.35798390e-03	1	true
0.0575          	smoothSolver	1.75670510e-02	8.81617470e-04	2	2.11814980e-02	1.10789150e-03	2	false	GAMG	2.17583510e-02	1.52476440e-03	1	true
0.058           	smoothSolver	1.75255600e-02	8.74980500e-04	2	2.12493230e-02	1.10579270e-03	2	false	GAMG	2.14724740e-02	1.63457220e-03	1	true
0.0585          	smoothSolver	1.75705910e-02	8.64607210e-04	2	2.13330450e-02	1.10157620e-03	2	false	GAMG	1.96842830e-02	1.43278150e-03	1	true
0.059           	smoothSolver	1.74658470e-02	8.83557990e-04	2	2.13531220e-02	1.10699170e-03	2	false	GAMG	2.13148520e-02	1.55738940e-03	1	true
0.0595          	smoothSolver	1.74546650e-02	9.03810690e-04	2	2.13128240e-02	1.12506100e-03	2	false	GAMG	1.94818660e-02	1.37564040e-03	1	true
0.06            	smoothSolver	1.73823160e-02	8.76828820e-04	2	2.12935410e-02	1.10833280e-03	2	false	GAMG	2.32504210e-02	1.63632630e-03	1	true
0.0605          	smoothSolver	1.73460040e-02	8.90285820e-04	2	2.12684100e-02	1.11891950e-03	2	false	GAMG	2.66700550e-02	1.95413970e-03	1	true
0.061           	smoothSolver	1.72507360e-02	8.97442220e-04	2	2.11493060e-02	1.11315700e-03	2	false	GAMG	2.78079840e-02	2.06082850e-03	1	true
0.0615          	smoothSolver	1.72274950e-02	8.70985620e-04	2	2.10128590e-02	1.09339170e-03	2	false	GAMG	3.26635550e-02	2.34395400e-03	1	true
0.062           	smoothSolver	1.72194950e-02	8.61123560e-04	2	2.08867110e-02	1.09278210e-03	2	false	GAMG	3.31679190e-02	2.38668630e-03	1	true
0.0625          	smoothSolver	1.71826580e-02	8.72132130e-04	2	2.06924610e-02	1.08132170e-03	2	false	GAMG	4.03165370e-02	2.89685380e-03	1	true
0.063           	smoothSolver	1.70421500e-02	8.73234690e-04	2	2.05003590e-02	1.08950720e-03	2	false	GAMG	5.08770990e-02	3.35061330e-03	1	true
0.0635          	smoothSolver	1.71102630e-02	8.93563820e-04	2	2.03685380e-02	1.08786470e-03	2	false	GAMG	5.46547960e-02	3.77098520e-03	1	true
0.064           	smoothSolver	1.69936880e-02	8.94921880e-04	2	2.01416370e-02	1.08833240e-03	2	false	GAMG	9.01621500e-02	5.34961650e-03	1	true
0.0645          	smoothSolver	1.69752170e-02	8.85809170e-04	2	1.99836110e-02	1.06830540e-03	2	false	GAMG	9.23590320e-02	6.51124240e-03	1	true
0.065           	smoothSolver	1.69275860e-02	8.79030490e-04	2	1.97576560e-02	1.05714060e-03	2	false	GAMG	1.68257610e-01	9.29463990e-03	1	true
0.0655          	smoothSolver	1.70999250e-02	9.05398850e-04	2	1.97178390e-02	1.06584400e-03	2	false	GAMG	2.13381280e-01	1.26471050e-02	1	true
0.066           	smoothSolver	1.69924220e-02	8.85842220e-04	2	1.95205450e-02	1.03950690e-03	2	false	GAMG	1.44213320e-01	9.69283340e-03	1	true
0.0665          	smoothSolver	1.68819610e-02	8.71931220e-04	2	1.93045980e-02	1.02539370e-03	2	false	GAMG	9.95725170e-02	6.84368270e-03	1	true
0.067           	smoothSolver	1.68138760e-02	8.56649940e-04	2	1.90733320e-02	1.01746370e-03	2	false	GAMG	8.88713810e-02	6.41769090e-03	1	true
0.0675          	smoothSolver	1.67855300e-02	8.27638850e-04	2	1.89006790e-02	9.86810900e-04	2	false	GAMG	7.96122040e-02	5.23254200e-03	1	true
0.068           	smoothSolver	1.67452290e-02	8.34725290e-04	2	1.87692280e-02	9.83450730e-04	2	false	GAMG	7.11936210e-02	5.05591480e-03	1	true
0.0685          	smoothSolver	1.67343110e-02	8.16053170e-04	2	1.86197810e-02	9.54361040e-04	2	false	GAMG	6.26941830e-02	4.41574160e-03	1	true
0.069           	smoothSolver	1.65924290e-02	7.93598010e-04	2	1.84174880e-02	9.28013820e-04	2	false	GAMG	5.92614940e-02	4.20538530e-03	1	true
0.0695          	smoothSolver	1.66889160e-02	8.03191280e-04	2	1.83421110e-02	9.29596890e-04	2	false	GAMG	5.80630060e-02	4.08308220e-03	1	true
0.07            	smoothSolver	1.64749140e-02	7.93008820e-04	2	1.81917510e-02	9.14243430e-04	2	false	GAMG	5.50634630e-02	3.97374800e-03	1	true
0.0705          	smoothSolver	1.65050300e-02	8.13144820e-04	2	1.81424800e-02	9.36884710e-04	2	false	GAMG	5.29572180e-02	3.95800880e-03	1	true
0.071           	smoothSolver	1.73125610e-02	8.77664460e-04	2	1.90220790e-02	9.91928610e-04	2	false	GAMG	5.43446980e-02	3.71217520e-03	1	true
0.0715          	smoothSolver	1.66935990e-02	8.49203810e-04	2	1.83885290e-02	9.85299480e-04	2	false	GAMG	5.35535530e-02	3.63692130e-03	1	true
0.072           	smoothSolver	1.63361260e-02	8.26935460e-04	2	1.81370020e-02	9.38412280e-04	2	false	GAMG	5.32785810e-02	3.73937700e-03	1	true
0.0725          	smoothSolver	1.62470600e-02	8.09987090e-04	2	1.80182620e-02	9.24604510e-04	2	false	GAMG	5.59354660e-02	4.03241300e-03	1	true
0.073           	smoothSolver	1.60499690e-02	8.07265320e-04	2	1.78648960e-02	9.23958470e-04	2	false	GAMG	6.12849220e-02	4.52993690e-03	1	true
0.0735          	smoothSolver	1.59181160e-02	7.95015690e-04	2	1.77257980e-02	9.29875070e-04	2	false	GAMG	5.56095420e-02	4.32202130e-03	1	true
0.074           	smoothSolver	1.58045330e-02	7.89394770e-04	2	1.75761290e-02	9.05913170e-04	2	false	GAMG	6.41315410e-02	5.16659530e-03	1	true
0.0745          	smoothSolver	1.57082650e-02	7.78175390e-04	2	1.75168090e-02	8.74410840e-04	2	false	GAMG	9.31240140e-02	6.01407940e-03	1	true
0.075           	smoothSolver	1.55829450e-02	7.76326270e-04	2	1.73873460e-02	8.76794830e-04	2	false	GAMG	8.46032400e-02	6.31973720e-03	1	true
0.0755          	smoothSolver	1.55108360e-02	7.69490680e-04	2	1.72987830e-02	8.65542740e-04	2	false	GAMG	1.65527800e-01	1.30043020e-02	1	true
0.076           	smoothSolver	1.53680260e-02	7.65976200e-04	2	1.71704830e-02	8.64426400e-04	2	false	GAMG	7.40940830e-02	6.10887840e-03	1	true
0.0765          	smoothSolver	1.52644480e-02	7.61279110e-04	2	1.70944210e-02	8.58347410e-04	2	false	GAMG	4.89920930e-02	4.11964270e-03	1	true
0.077           	smoothSolver	1.51702710e-02	7.65485310e-04	2	1.70107060e-02	8.49584470e-04	2	false	GAMG	3.77636530e-02	3.26143280e-03	1	true
0.0775          	smoothSolver	1.50825710e-02	7.62188950e-04	2	1.68624650e-02	8.37350860e-04	2	false	GAMG	3.49552140e-02	2.87096820e-03	1	true
0.078           	smoothSolver	1.49769810e-02	7.60152350e-04	2	1.67508430e-02	8.31550830e-04	2	false	GAMG	2.50078010e-02	2.18060760e-03	1	true
0.0785          	smoothSolver	1.49835550e-02	7.62761980e-04	2	1.67028050e-02	8.38966310e-04	2	false	GAMG	1.34183140e-02	1.02060480e-03	1	true
0.079           	smoothSolver	1.49045830e-02	7.60365580e-04	2	1.66562940e-02	8.34813760e-04	2	false	GAMG	1.37209090e-02	1.15715860e-03	1	true
0.0795          	smoothSolver	1.48135130e-02	7.57082510e-04	2	1.65724920e-02	8.42604340e-04	2	false	GAMG	9.22204590e-03	7.49561760e-04	1	true
0.08            	smoothSolver	1.46995060e-02	7.39819430e-04	2	1.64970280e-02	8.33454650e-04	2	false	GAMG	8.90904600e-03	7.72491230e-04	1	true
0.0805          	smoothSolver	1.46502190e-02	7.36457890e-04	2	1.64774550e-02	8.43266530e-04	2	false	GAMG	1.06923890e-02	9.33562190e-04	1	true
0.081           	smoothSolver	1.45587500e-02	7.22786190e-04	2	1.64330050e-02	8.31501420e-04	2	false	GAMG	9.55942460e-03	7.88144650e-04	1	true
0.0815          	smoothSolver	1.44997820e-02	7.14214710e-04	2	1.63989940e-02	8.28715720e-04	2	false	GAMG	1.20583080e-02	9.49636920e-04	1	true
0.082           	smoothSolver	1.44626730e-02	7.15794770e-04	2	1.64180410e-02	8.32591870e-04	2	false	GAMG	9.20962080e-03	7.80420490e-04	1	true
0.0825          	smoothSolver	1.43646130e-02	7.14851530e-04	2	1.64289300e-02	8.39685800e-04	2	false	GAMG	1.88998600e-02	1.76476020e-03	1	true
0.083           	smoothSolver	1.42302630e-02	6.97006490e-04	2	1.63640530e-02	8.28256620e-04	2	false	GAMG	5.29863970e-02	3.95252440e-03	1	true
0.0835          	smoothSolver	1.41648940e-02	7.11227750e-04	2	1.63721440e-02	8.50586040e-04	2	false	GAMG	5.53187900e-02	4.05830350e-03	1	true
0.084           	smoothSolver	1.40330000e-02	7.09290440e-04	2	1.63722010e-02	8.50920030e-04	2	false	GAMG	4.83688630e-02	4.47575110e-03	1	true
0.0845          	smoothSolver	1.39529300e-02	7.04568090e-04	2	1.63655580e-02	8.55109170e-04	2	false	GAMG	5.46323020e-02	4.97124880e-03	1	true
0.085           	smoothSolver	1.38175900e-02	7.10842540e-04	2	1.63926440e-02	8.61700440e-04	2	false	GAMG	5.63858160e-02	4.67141530e-03	1	true
0.0855          	smoothSolver	1.36644140e-02	7.07052410e-04	2	1.64115850e-02	8.64237700e-04	2	false	GAMG	5.36688980e-02	4.71974440e-03	1	true
0.086           	smoothSolver	1.34750690e-02	6.93875610e-04	2	1.64277090e-02	8.64544040e-04	2	false	GAMG	5.14705180e-02	4.61004090e-03	1	true
0.0865          	smoothSolver	1.33287710e-02	6.86440310e-04	2	1.64820070e-02	8.70331910e-04	2	false	GAMG	5.44404730e-02	4.72222460e-03	1	true
0.087           	smoothSolver	1.31811560e-02	6.75720040e-04	2	1.64971520e-02	8.78982230e-04	2	false	GAMG	6.18022570e-02	5.33968530e-03	1	true
0.0875          	smoothSolver	1.30293870e-02	6.63100130e-04	2	1.65480780e-02	8.70660640e-04	2	false	GAMG	6.18823500e-02	5.23523040e-03	1	true
0.088           	smoothSolver	1.29102650e-02	6.62033390e-04	2	1.65944500e-02	8.80253030e-04	2	false	GAMG	6.21316650e-02	5.21218650e-03	1	true
0.0885          	smoothSolver	1.27699140e-02	6.56601350e-04	2	1.66107960e-02	8.86448260e-04	2	false	GAMG	6.24536360e-02	4.92429950e-03	1	true
0.089           	smoothSolver	1.26763880e-02	6.40341540e-04	2	1.67006570e-02	8.81910640e-04	2	false	GAMG	6.06268370e-02	5.44158270e-03	1	true
0.0895          	smoothSolver	1.25523010e-02	6.40925260e-04	2	1.66738670e-02	8.92130160e-04	2	false	GAMG	5.88396250e-02	5.28001750e-03	1	true
0.09            	smoothSolver	1.24511420e-02	6.39613210e-04	2	1.66821520e-02	8.98345200e-04	2	false	GAMG	7.27683320e-02	6.07357280e-03	1	true
0.0905          	smoothSolver	1.23551570e-02	6.26195960e-04	2	1.66665100e-02	8.91726690e-04	2	false	GAMG	6.88411090e-02	5.12009870e-03	1	true
0.091           	smoothSolver	1.23068530e-02	6.29922250e-04	2	1.66068650e-02	8.95155160e-04	2	false	GAMG	6.52406700e-02	4.85992960e-03	1	true
0.0915          	smoothSolver	1.21984470e-02	6.28037980e-04	2	1.65331380e-02	8.98278490e-04	2	false	GAMG	6.35055350e-02	5.48520160e-03	1	true
0.092           	smoothSolver	1.21195280e-02	6.28047430e-04	2	1.64992450e-02	8.95069770e-04	2	false	GAMG	7.49283550e-02	5.65239850e-03	1	true
0.0925          	smoothSolver	1.20235400e-02	6.22298090e-04	2	1.64042750e-02	8.91485310e-04	2	false	GAMG	1.57543660e-02	1.07662820e-03	1	true
0.093           	smoothSolver	1.19627180e-02	6.22290770e-04	2	1.62971360e-02	8.82374050e-04	2	false	GAMG	6.80136130e-02	5.16896210e-03	1	true
0.0935          	smoothSolver	1.18830560e-02	6.20404440e-04	2	1.61652050e-02	8.77326640e-04	2	false	GAMG	5.03076960e-02	4.25499410e-03	1	true
0.094           	smoothSolver	1.18045970e-02	6.12090100e-04	2	1.59877140e-02	8.60857110e-04	2	false	GAMG	5.24944130e-02	4.23527110e-03	1	true
0.0945          	smoothSolver	1.17191430e-02	6.02739040e-04	2	1.58396450e-02	8.41139260e-04	2	false	GAMG	4.45427330e-02	3.63425260e-03	1	true
0.095           	smoothSolver	1.16711030e-02	5.92872800e-04	2	1.56682520e-02	8.19512690e-04	2	false	GAMG	4.72463780e-02	3.79824350e-03	1	true
0.0955          	smoothSolver	1.15755800e-02	5.85953360e-04	2	1.54657980e-02	8.04054300e-04	2	false	GAMG	2.34754520e-02	1.73626920e-03	1	true
0.096           	smoothSolver	1.15153830e-02	5.79021060e-04	2	1.53082120e-02	7.93750690e-04	2	false	GAMG	3.59081980e-02	2.42844540e-03	1	true
0.0965          	smoothSolver	1.14328450e-02	5.70808380e-04	2	1.51252860e-02	7.82183800e-04	2	false	GAMG	3.95843430e-02	3.27890680e-03	1	true
0.097           	smoothSolver	1.13731610e-02	5.67415780e-04	2	1.49663520e-02	7.75988000e-04	2	false	GAMG	3.05820050e-02	2.44243300e-03	1	true
0.0975          	smoothSolver	1.12870260e-02	5.64167680e-04	2	1.48312180e-02	7.74709760e-04	2	false	GAMG	4.39358270e-02	3.59112260e-03	1	true
0.098           	smoothSolver	1.12266370e-02	5.62800400e-04	2	1.47005010e-02	7.71939770e-04	2	false	GAMG	3.28844190e-02	2.69647490e-03	1	true
0.0985          	smoothSolver	1.11404360e-02	5.61702690e-04	2	1.46067300e-02	7.72326740e-04	2	false	GAMG	2.45492940e-02	1.93689370e-03	1	true
0.099           	smoothSolver	1.11159340e-02	5.61970180e-04	2	1.45274380e-02	7.76256970e-04	2	false	GAMG	3.36289830e-02	2.73058120e-03	1	true
0.0995          	smoothSolver	1.10220350e-02	5.54337170e-04	2	1.44828450e-02	7.73173460e-04	2	false	GAMG	1.32410600e-02	1.04149370e-03	1	true
0.1             	smoothSolver	1.09456020e-02	5.51153970e-04	2	1.44539890e-02	7.72337830e-04	2	false	GAMG	2.51741620e-02	1.98332140e-03	1	true
0.1005          	smoothSolver	1.08822170e-02	5.50932510e-04	2	1.44613230e-02	7.82260120e-04	2	false	GAMG	2.34630980e-02	1.97184970e-03	1	true
0.101           	smoothSolver	1.08514800e-02	5.41474840e-04	2	1.45408950e-02	7.77370700e-04	2	false	GAMG	1.72226460e-02	1.30778760e-03	1	true
0.1015          	smoothSolver	1.07292300e-02	5.35908640e-04	2	1.44757190e-02	7.66895000e-04	2	false	GAMG	2.82881580e-02	1.66651750e-03	1	true
0.102           	smoothSolver	1.06496700e-02	5.33153230e-04	2	1.44779500e-02	7.66338800e-04	2	false	GAMG	2.35840450e-02	2.00337880e-03	1	true
0.1025          	smoothSolver	1.05836030e-02	5.32131220e-04	2	1.44917710e-02	7.72127780e-04	2	false	GAMG	2.47411150e-02	2.12247380e-03	1	true
0.103           	smoothSolver	1.05632920e-02	5.28003670e-04	2	1.45030510e-02	7.72969100e-04	2	false	GAMG	2.57930200e-02	1.37295830e-03	1	true
0.1035          	smoothSolver	1.04832650e-02	5.24027350e-04	2	1.44965440e-02	7.65251300e-04	2	false	GAMG	2.22603090e-02	1.57265820e-03	1	true
0.104           	smoothSolver	1.04800010e-02	5.25964480e-04	2	1.45095420e-02	7.66970560e-04	2	false	GAMG	2.54934910e-02	2.12096390e-03	1	true
0.1045          	smoothSolver	1.04371710e-02	5.21886320e-04	2	1.45376160e-02	7.68680480e-04	2	false	GAMG	2.28387990e-02	1.91652160e-03	1	true
0.105           	smoothSolver	1.04112140e-02	5.20370290e-04	2	1.45609080e-02	7.71256560e-04	2	false	GAMG	1.99130830e-02	1.49977630e-03	1	true
0.1055          	smoothSolver	1.03756470e-02	5.19651490e-04	2	1.45933950e-02	7.69418190e-04	2	false	GAMG	2.31731120e-02	1.95053540e-03	1	true
0.106           	smoothSolver	1.03895560e-02	5.21803030e-04	2	1.46205460e-02	7.72100370e-04	2	false	GAMG	1.88056240e-02	1.51100590e-03	1	true
0.1065          	smoothSolver	1.03788640e-02	5.23931870e-04	2	1.46553210e-02	7.76761370e-04	2	false	GAMG	2.43453220e-02	2.02248550e-03	1	true
0.107           	smoothSolver	1.03881250e-02	5.26097520e-04	2	1.46840780e-02	7.77564530e-04	2	false	GAMG	1.86677450e-02	1.45321070e-03	1	true
0.1075          	smoothSolver	1.03712620e-02	5.29878870e-04	2	1.47160870e-02	7.78865690e-04	2	false	GAMG	2.09865110e-02	1.73703030e-03	1	true
0.108           	smoothSolver	1.03752650e-02	5.35137620e-04	2	1.47300550e-02	7.83111730e-04	2	false	GAMG	1.98685970e-02	1.60877600e-03	1	true
0.1085          	smoothSolver	1.04036620e-02	5.40022970e-04	2	1.47451040e-02	7.85075560e-04	2	false	GAMG	1.94975300e-02	1.49525700e-03	1	true
0.109           	smoothSolver	1.04111640e-02	5.42125400e-04	2	1.47437080e-02	7.80528820e-04	2	false	GAMG	1.75398830e-02	1.16959610e-03	1	true
0.1095          	smoothSolver	1.03888400e-02	5.42052990e-04	2	1.47410050e-02	7.76922750e-04	2	false	GAMG	1.42166440e-02	1.09104350e-03	1	true
0.11            	smoothSolver	1.04105060e-02	5.41808600e-04	2	1.47516030e-02	7.77329790e-04	2	false	GAMG	1.87201670e-02	1.33401720e-03	1	true
0.1105          	smoothSolver	1.04326460e-02	5.38559580e-04	2	1.47677870e-02	7.80343290e-04	2	false	GAMG	1.77854780e-02	1.40821100e-03	1	true
0.111           	smoothSolver	1.04146210e-02	5.37293320e-04	2	1.47372190e-02	7.81903790e-04	2	false	GAMG	2.37267540e-02	1.77153010e-03	1	true
0.1115          	smoothSolver	1.04242870e-02	5.37794950e-04	2	1.47474610e-02	7.79445680e-04	2	false	GAMG	2.39462830e-02	1.75058710e-03	1	true
0.112           	smoothSolver	1.04501420e-02	5.37363270e-04	2	1.47442580e-02	7.75379090e-04	2	false	GAMG	2.31080500e-02	1.55115210e-03	1	true
0.1125          	smoothSolver	1.05097180e-02	5.39293970e-04	2	1.47141900e-02	7.77690180e-04	2	false	GAMG	8.56734010e-03	6.47587870e-04	1	true
0.113           	smoothSolver	1.04784580e-02	5.41560320e-04	2	1.46846860e-02	7.75970990e-04	2	false	GAMG	2.13242490e-02	1.38484370e-03	1	true
0.1135          	smoothSolver	1.04765600e-02	5.43993040e-04	2	1.46529910e-02	7.70159800e-04	2	false	GAMG	1.81150290e-02	1.47201490e-03	1	true
0.114           	smoothSolver	1.05051230e-02	5.45549870e-04	2	1.46361320e-02	7.67346620e-04	2	false	GAMG	2.61193890e-02	2.00958620e-03	1	true
0.1145          	smoothSolver	1.05331160e-02	5.44701680e-04	2	1.45913250e-02	7.66917130e-04	2	false	GAMG	2.41446860e-02	1.83183040e-03	1	true
0.115           	smoothSolver	1.05547050e-02	5.45782920e-04	2	1.45238000e-02	7.63800440e-04	2	false	GAMG	2.59871930e-02	2.07641080e-03	1	true
0.1155          	smoothSolver	1.05540750e-02	5.47376520e-04	2	1.44569130e-02	7.59663850e-04	2	false	GAMG	1.97784050e-02	1.54182490e-03	1	true
0.116           	smoothSolver	1.05866680e-02	5.46822670e-04	2	1.44019650e-02	7.52484430e-04	2	false	GAMG	2.44240150e-02	1.89125630e-03	1	true
0.1165          	smoothSolver	1.06026140e-02	5.46166100e-04	2	1.43481080e-02	7.48994400e-04	2	false	GAMG	2.72362570e-02	1.97948120e-03	1	true
0.117           	smoothSolver	1.06400610e-02	5.46364080e-04	2	1.42823090e-02	7.47392920e-04	2	false	GAMG	3.25303090e-02	2.60376970e-03	1	true
0.1175          	smoothSolver	1.06502240e-02	5.41935870e-04	2	1.42019860e-02	7.43343220e-04	2	false	GAMG	3.24306500e-02	2.55269470e-03	1	true
0.118           	smoothSolver	1.06725860e-02	5.48305570e-04	2	1.41467020e-02	7.41033580e-04	2	false	GAMG	4.51110920e-02	3.37739460e-03	1	true
0.1185          	smoothSolver	1.07157660e-02	5.55605090e-04	2	1.40748130e-02	7.40527010e-04	2	false	GAMG	3.87968250e-02	2.41433420e-03	1	true
0.119           	smoothSolver	1.07473760e-02	5.55128770e-04	2	1.40012280e-02	7.39449680e-04	2	false	GAMG	4.41878850e-02	3.58618530e-03	1	true
0.1195          	smoothSolver	1.07458390e-02	5.49365530e-04	2	1.39345490e-02	7.30627070e-04	2	false	GAMG	3.19833210e-02	2.71080910e-03	1	true
0.12            	smoothSolver	1.07847400e-02	5.46836420e-04	2	1.38472130e-02	7.25112260e-04	2	false	GAMG	4.71520210e-02	3.96344840e-03	1	true
0.1205          	smoothSolver	1.07997080e-02	5.45443050e-04	2	1.37631640e-02	7.23515130e-04	2	false	GAMG	4.07065630e-02	3.35649680e-03	1	true
0.121           	smoothSolver	1.08108540e-02	5.46637540e-04	2	1.36909640e-02	7.20652340e-04	2	false	GAMG	3.81471530e-02	3.01580320e-03	1	true
0.1215          	smoothSolver	1.08384570e-02	5.44447160e-04	2	1.36127430e-02	7.17685030e-04	2	false	GAMG	3.82020520e-02	3.17326090e-03	1	true
0.122           	smoothSolver	1.08347270e-02	5.47619010e-04	2	1.35208790e-02	7.12505720e-04	2	false	GAMG	4.27703420e-02	3.52388960e-03	1	true
0.1225          	smoothSolver	1.08629840e-02	5.44750660e-04	2	1.34383700e-02	7.05536550e-04	2	false	GAMG	3.13121450e-02	2.68200690e-03	1	true
0.123           	smoothSolver	1.08527160e-02	5.43837690e-04	2	1.33374710e-02	7.02101140e-04	2	false	GAMG	3.42103980e-02	2.78791170e-03	1	true
0.1235          	smoothSolver	1.08938180e-02	5.44520180e-04	2	1.32709150e-02	6.95564440e-04	2	false	GAMG	3.29415160e-02	2.60804330e-03	1	true
0.124           	smoothSolver	1.08505570e-02	5.46355690e-04	2	1.31422030e-02	6.94604870e-04	2	false	GAMG	3.12820840e-02	2.66381280e-03	1	true
0.1245          	smoothSolver	1.07944770e-02	5.46176440e-04	2	1.30513180e-02	6.97265440e-04	2	false	GAMG	3.12250080e-02	2.59791560e-03	1	true
0.125           	smoothSolver	1.07991600e-02	5.42556580e-04	2	1.29794660e-02	6.88079710e-04	2	false	GAMG	3.16801840e-02	2.55366690e-03	1	true
0.1255          	smoothSolver	1.07909230e-02	5.43454440e-04	2	1.29078740e-02	6.82929960e-04	2	false	GAMG	2.42597540e-02	1.88654460e-03	1	true
0.126           	smoothSolver	1.07675330e-02	5.41532490e-04	2	1.28289450e-02	6.77953450e-04	2	false	GAMG	2.34733140e-02	1.80408010e-03	1	true
0.1265          	smoothSolver	1.07552870e-02	5.36595660e-04	2	1.27456520e-02	6.73904580e-04	2	false	GAMG	2.59555660e-02	2.18123930e-03	1	true
0.127           	smoothSolver	1.06906020e-02	5.31644510e-04	2	1.26816760e-02	6.71041950e-04	2	false	GAMG	2.48617880e-02	1.96068020e-03	1	true
0.1275          	smoothSolver	1.07393570e-02	5.29187590e-04	2	1.26155400e-02	6.67412440e-04	2	false	GAMG	2.62547260e-02	2.08041810e-03	1	true
0.128           	smoothSolver	1.06805900e-02	5.24298410e-04	2	1.25610220e-02	6.62463680e-04	2	false	GAMG	2.76765930e-02	1.72370790e-03	1	true
0.1285          	smoothSolver	1.06794230e-02	5.22032480e-04	2	1.25282550e-02	6.58125030e-04	2	false	GAMG	1.98300420e-02	1.59197960e-03	1	true
0.129           	smoothSolver	1.06216400e-02	5.21526120e-04	2	1.24913270e-02	6.56674550e-04	2	false	GAMG	1.66721490e-02	1.24032030e-03	1	true
0.1295          	smoothSolver	1.06206690e-02	5.19127760e-04	2	1.24581010e-02	6.51335850e-04	2	false	GAMG	4.36315630e-02	1.22396520e-03	1	true
0.13            	smoothSolver	1.06200970e-02	5.18038830e-04	2	1.24276520e-02	6.48261450e-04	2	false	GAMG	1.64395480e-02	1.36032160e-03	1	true
0.1305          	smoothSolver	1.05434110e-02	5.15298700e-04	2	1.24136110e-02	6.43092050e-04	2	false	GAMG	1.88117330e-02	1.38755610e-03	1	true
0.131           	smoothSolver	1.05349070e-02	5.12956480e-04	2	1.23862300e-02	6.42080110e-04	2	false	GAMG	1.22624100e-02	9.30459600e-04	1	true
0.1315          	smoothSolver	1.04729710e-02	5.09763650e-04	2	1.23449990e-02	6.36738610e-04	2	false	GAMG	1.41231900e-02	9.68727470e-04	1	true
0.132           	smoothSolver	1.04661070e-02	5.07006890e-04	2	1.23421270e-02	6.32403520e-04	2	false	GAMG	1.67719550e-02	1.04408030e-03	1	true
0.1325          	smoothSolver	1.04286930e-02	5.06400480e-04	2	1.23508540e-02	6.33943490e-04	2	false	GAMG	1.33123790e-02	9.60561470e-04	1	true
0.133           	smoothSolver	1.03868240e-02	5.04996180e-04	2	1.23563310e-02	6.33206880e-04	2	false	GAMG	1.29482510e-02	9.15589570e-04	1	true
0.1335          	smoothSolver	1.03527120e-02	5.03406840e-04	2	1.23693580e-02	6.32581540e-04	2	false	GAMG	1.03527080e-02	7.28888640e-04	1	true
0.134           	smoothSolver	1.03457120e-02	5.03252330e-04	2	1.23982290e-02	6.31964510e-04	2	false	GAMG	1.04655910e-02	7.17845050e-04	1	true
0.1345          	smoothSolver	1.03077170e-02	4.99241830e-04	2	1.24132290e-02	6.30790140e-04	2	false	GAMG	9.92790260e-03	6.98784480e-04	1	true
0.135           	smoothSolver	1.02983850e-02	5.02196410e-04	2	1.24131870e-02	6.41365450e-04	2	false	GAMG	9.81078730e-03	5.92459340e-04	1	true
0.1355          	smoothSolver	1.02893940e-02	5.03196790e-04	2	1.24471140e-02	6.48406470e-04	2	false	GAMG	9.53119150e-03	6.91241360e-04	1	true
0.136           	smoothSolver	1.02785960e-02	5.02433050e-04	2	1.24547040e-02	6.46052960e-04	2	false	GAMG	7.63951800e-03	4.93938700e-04	1	true
0.1365          	smoothSolver	1.02450330e-02	4.95709460e-04	2	1.24088050e-02	6.42122630e-04	2	false	GAMG	1.08481280e-02	7.37835380e-04	1	true
0.137           	smoothSolver	1.02229120e-02	4.89047080e-04	2	1.23757030e-02	6.39070080e-04	2	false	GAMG	6.97639750e-03	4.61539060e-04	1	true
0.1375          	smoothSolver	1.02118190e-02	4.85911910e-04	2	1.23511640e-02	6.37757660e-04	2	false	GAMG	6.73108150e-03	4.34013940e-04	1	true
0.138           	smoothSolver	1.02036270e-02	4.85905710e-04	2	1.23209160e-02	6.36748910e-04	2	false	GAMG	7.25248320e-03	5.06022000e-04	1	true
0.1385          	smoothSolver	1.01861640e-02	4.82997030e-04	2	1.22848410e-02	6.35312570e-04	2	false	GAMG	9.51161390e-03	5.82889280e-04	1	true
0.139           	smoothSolver	1.01746960e-02	4.84282430e-04	2	1.22424180e-02	6.37575330e-04	2	false	GAMG	8.19970040e-03	5.87455690e-04	1	true
0.1395          	smoothSolver	1.01451610e-02	4.83853310e-04	2	1.21935480e-02	6.38276540e-04	2	false	GAMG	7.50071080e-03	4.95308370e-04	1	true
0.14            	smoothSolver	1.01422470e-02	4.82169800e-04	2	1.21584600e-02	6.33885050e-04	2	false	GAMG	9.77244220e-03	7.03313780e-04	1	true
0.1405          	smoothSolver	1.01299050e-02	4.80895820e-04	2	1.21179460e-02	6.29985100e-04	2	false	GAMG	7.08320160e-03	5.37969800e-04	1	true
0.141           	smoothSolver	1.00865170e-02	4.79391770e-04	2	1.20602420e-02	6.31652290e-04	2	false	GAMG	6.17778220e-03	4.31382720e-04	1	true
0.1415          	smoothSolver	1.00583970e-02	4.80728430e-04	2	1.20184320e-02	6.32006020e-04	2	false	GAMG	9.88476440e-03	6.16986570e-04	1	true
0.142           	smoothSolver	1.00144910e-02	4.79350860e-04	2	1.19691430e-02	6.31773950e-04	2	false	GAMG	7.24247610e-03	5.33704300e-04	1	true
0.1425          	smoothSolver	9.95200950e-03	4.77578720e-04	2	1.19402290e-02	6.29108770e-04	2	false	GAMG	9.58784320e-03	6.64739750e-04	1	true
0.143           	smoothSolver	9.93685140e-03	4.74263080e-04	2	1.19155140e-02	6.26233560e-04	2	false	GAMG	8.49710420e-03	6.11473920e-04	1	true
0.1435          	smoothSolver	9.89120690e-03	4.74373260e-04	2	1.18770710e-02	6.25482910e-04	2	false	GAMG	8.54199330e-03	5.58361950e-04	1	true
0.144           	smoothSolver	9.85496740e-03	4.73114840e-04	2	1.18408750e-02	6.24353310e-04	2	false	GAMG	8.88170020e-03	6.21680280e-04	1	true
0.1445          	smoothSolver	9.84078460e-03	4.70862900e-04	2	1.18177830e-02	6.22879590e-04	2	false	GAMG	9.60587240e-03	6.24411960e-04	1	true
0.145           	smoothSolver	9.80651390e-03	4.69007460e-04	2	1.17975050e-02	6.20332060e-04	2	false	GAMG	2.34523090e-02	6.81730100e-04	1	true
0.1455          	smoothSolver	9.79417890e-03	4.67922560e-04	2	1.17852730e-02	6.21745540e-04	2	false	GAMG	1.16654810e-02	7.75071430e-04	1	true
0.146           	smoothSolver	9.74846690e-03	4.66712950e-04	2	1.17629070e-02	6.25500200e-04	2	false	GAMG	7.70681600e-03	4.90598670e-04	1	true
0.1465          	smoothSolver	9.71557020e-03	4.67977250e-04	2	1.17546160e-02	6.25176850e-04	2	false	GAMG	1.16691160e-02	6.89287190e-04	1	true
0.147           	smoothSolver	9.68014920e-03	4.68480610e-04	2	1.17444290e-02	6.25128600e-04	2	false	GAMG	8.58773340e-03	5.62220680e-04	1	true
0.1475          	smoothSolver	9.64614900e-03	4.69431480e-04	2	1.17315100e-02	6.27995580e-04	2	false	GAMG	1.23345570e-02	5.63336780e-04	1	true
0.148           	smoothSolver	9.60596590e-03	4.71786970e-04	2	1.17223990e-02	6.33375230e-04	2	false	GAMG	1.02257170e-02	6.25548800e-04	1	true
0.1485          	smoothSolver	9.57434170e-03	4.74367040e-04	2	1.17236450e-02	6.34960940e-04	2	false	GAMG	8.13377760e-03	5.45866690e-04	1	true
0.149           	smoothSolver	9.53937780e-03	4.74539390e-04	2	1.17283220e-02	6.37785980e-04	2	false	GAMG	8.77904700e-03	5.79792650e-04	1	true
0.1495          	smoothSolver	9.50806100e-03	4.73988630e-04	2	1.17158140e-02	6.36432160e-04	2	false	GAMG	1.06051280e-02	6.75682560e-04	1	true
0.15            	smoothSolver	9.46753130e-03	4.73465600e-04	2	1.17208320e-02	6.40207750e-04	2	false	GAMG	9.26521250e-03	5.99423430e-04	1	true
0.1505          	smoothSolver	9.43703130e-03	4.75625610e-04	2	1.17290760e-02	6.42200070e-04	2	false	GAMG	9.77822670e-03	6.53346330e-04	1	true
0.151           	smoothSolver	9.41455030e-03	4.75455190e-04	2	1.17448280e-02	6.41544670e-04	2	false	GAMG	1.22492540e-02	7.98631870e-04	1	true
0.1515          	smoothSolver	9.37238250e-03	4.76637600e-04	2	1.17655830e-02	6.48870680e-04	2	false	GAMG	1.13544300e-02	7.42945590e-04	1	true
0.152           	smoothSolver	9.32560130e-03	4.75421320e-04	2	1.17701870e-02	6.47333290e-04	2	false	GAMG	8.64589560e-03	5.77038630e-04	1	true
0.1525          	smoothSolver	9.31181490e-03	4.75403470e-04	2	1.18023510e-02	6.55835170e-04	2	false	GAMG	1.06129700e-02	7.04141370e-04	1	true
0.153           	smoothSolver	9.27557230e-03	4.73984710e-04	2	1.18183730e-02	6.63727260e-04	2	false	GAMG	1.27732390e-02	8.22521920e-04	1	true
0.1535          	smoothSolver	9.26225360e-03	4.74331860e-04	2	1.18339740e-02	6.66289660e-04	2	false	GAMG	1.25787990e-02	8.73392670e-04	1	true
0.154           	smoothSolver	9.25835570e-03	4.75521690e-04	2	1.18632270e-02	6.70515470e-04	2	false	GAMG	9.08342640e-03	6.45548210e-04	1	true
0.1545          	smoothSolver	9.23834010e-03	4.75208150e-04	2	1.18920820e-02	6.73059060e-04	2	false	GAMG	1.12511890e-02	8.05128880e-04	1	true
0.155           	smoothSolver	9.22246680e-03	4.76535040e-04	2	1.19271850e-02	6.74908430e-04	2	false	GAMG	1.24643590e-02	8.46782220e-04	1	true
0.1555          	smoothSolver	9.24230320e-03	4.79715440e-04	2	1.19708470e-02	6.77858890e-04	2	false	GAMG	1.08965560e-02	7.34589680e-04	1	true
0.156           	smoothSolver	9.20630070e-03	4.77358270e-04	2	1.19812720e-02	6.77999480e-04	2	false	GAMG	8.83078110e-03	6.06629390e-04	1	true
0.1565          	smoothSolver	9.21543700e-03	4.81225310e-04	2	1.20333820e-02	6.78831070e-04	2	false	GAMG	8.53655860e-03	6.44818930e-04	1	true
0.157           	smoothSolver	9.21401400e-03	4.79843520e-04	2	1.20420990e-02	6.76280780e-04	2	false	GAMG	1.15045140e-02	8.61563830e-04	1	true
0.1575          	smoothSolver	9.21503450e-03	4.84234420e-04	2	1.20792350e-02	6.82088780e-04	2	false	GAMG	8.10251200e-03	5.99800130e-04	1	true
0.158           	smoothSolver	9.19382880e-03	4.81812520e-04	2	1.21024980e-02	6.74716160e-04	2	false	GAMG	1.07003590e-02	8.26846590e-04	1	true
0.1585          	smoothSolver	9.19821490e-03	4.80879980e-04	2	1.21275810e-02	6.72138240e-04	2	false	GAMG	1.22778990e-02	9.65036740e-04	1	true
0.159           	smoothSolver	9.21113270e-03	4.86156130e-04	2	1.21814250e-02	6.79666540e-04	2	false	GAMG	1.22264260e-02	9.38941620e-04	1	true
0.1595          	smoothSolver	9.20582060e-03	4.82876800e-04	2	1.22171710e-02	6.74747760e-04	2	false	GAMG	1.08904290e-02	8.62519710e-04	1	true
0.16            	smoothSolver	9.20261690e-03	4.82732150e-04	2	1.22384590e-02	6.74443780e-04	2	false	GAMG	7.90836220e-03	6.19297100e-04	1	true
0.1605          	smoothSolver	9.22075620e-03	4.84156590e-04	2	1.22650760e-02	6.80542870e-04	2	false	GAMG	1.49596410e-02	9.09877030e-04	1	true
0.161           	smoothSolver	9.23355030e-03	4.83563370e-04	2	1.22991780e-02	6.85152760e-04	2	false	GAMG	9.74893390e-03	8.04730990e-04	1	true
0.1615          	smoothSolver	9.23363890e-03	4.86095100e-04	2	1.23466190e-02	6.85942980e-04	2	false	GAMG	7.79923660e-03	6.61303150e-04	1	true
0.162           	smoothSolver	9.24131100e-03	4.89991860e-04	2	1.23823750e-02	6.91735860e-04	2	false	GAMG	1.02926910e-02	8.99113550e-04	1	true
0.1625          	smoothSolver	9.25169130e-03	4.96310460e-04	2	1.24015700e-02	6.95817950e-04	2	false	GAMG	1.36903560e-02	1.08964890e-03	1	true
0.163           	smoothSolver	9.27425910e-03	5.01199890e-04	2	1.24334740e-02	7.01886070e-04	2	false	GAMG	9.28835760e-03	8.19286460e-04	1	true
0.1635          	smoothSolver	9.27749690e-03	5.00801170e-04	2	1.24713410e-02	7.03143300e-04	2	false	GAMG	1.14785340e-02	1.04708310e-03	1	true
0.164           	smoothSolver	9.27932930e-03	5.05345370e-04	2	1.24972470e-02	7.08617580e-04	2	false	GAMG	8.24161920e-03	7.15246480e-04	1	true
0.1645          	smoothSolver	9.29183640e-03	5.10210790e-04	2	1.25300800e-02	7.20836000e-04	2	false	GAMG	1.31876680e-02	1.21157120e-03	1	true
0.165           	smoothSolver	9.28789460e-03	5.12634450e-04	2	1.25569540e-02	7.31204970e-04	2	false	GAMG	1.13484730e-02	9.97738250e-04	1	true
0.1655          	smoothSolver	9.30304440e-03	5.12800650e-04	2	1.25908330e-02	7.36534580e-04	2	false	GAMG	1.32062950e-02	1.20429200e-03	1	true
0.166           	smoothSolver	9.29207890e-03	5.11834610e-04	2	1.26218750e-02	7.38947390e-04	2	false	GAMG	4.61747380e-03	4.02502340e-04	1	true
0.1665          	smoothSolver	9.26469860e-03	5.16279550e-04	2	1.26724450e-02	7.44753680e-04	2	false	GAMG	1.05313830e-02	9.56999430e-04	1	true
0.167           	smoothSolver	9.27515880e-03	5.17025700e-04	2	1.26955970e-02	7.48336080e-04	2	false	GAMG	1.49979880e-02	1.20780140e-03	1	true
0.1675          	smoothSolver	9.27402380e-03	5.16192200e-04	2	1.27459130e-02	7.47491340e-04	2	false	GAMG	1.51599730e-02	1.27064200e-03	1	true
0.168           	smoothSolver	9.25156910e-03	5.16492500e-04	2	1.28077920e-02	7.48095840e-04	2	false	GAMG	1.32321940e-02	1.14247030e-03	1	true
0.1685          	smoothSolver	9.22459120e-03	5.16146400e-04	2	1.28451030e-02	7.49884980e-04	2	false	GAMG	1.44661810e-02	1.22700860e-03	1	true
0.169           	smoothSolver	9.22279800e-03	5.12138310e-04	2	1.28980910e-02	7.49588800e-04	2	false	GAMG	1.42399640e-02	1.28922070e-03	1	true
0.1695          	smoothSolver	9.21488230e-03	5.12925150e-04	2	1.29417770e-02	7.56071270e-04	2	false	GAMG	1.43444590e-02	1.29276990e-03	1	true
0.17            	smoothSolver	9.19413560e-03	5.12806410e-04	2	1.29974110e-02	7.64783360e-04	2	false	GAMG	1.44536260e-02	1.26152550e-03	1	true
0.1705          	smoothSolver	9.18657830e-03	5.11614840e-04	2	1.30363130e-02	7.66669450e-04	2	false	GAMG	1.14446900e-02	9.80846260e-04	1	true
0.171           	smoothSolver	9.17834640e-03	5.11749730e-04	2	1.30894540e-02	7.75218980e-04	2	false	GAMG	1.39775670e-02	1.26223240e-03	1	true
0.1715          	smoothSolver	9.16505270e-03	5.14118270e-04	2	1.31394320e-02	7.77487760e-04	2	false	GAMG	1.47408450e-02	1.35748700e-03	1	true
0.172           	smoothSolver	9.16071450e-03	5.16653440e-04	2	1.31666870e-02	7.74060510e-04	2	false	GAMG	1.50466220e-02	1.42734880e-03	1	true
0.1725          	smoothSolver	9.14517000e-03	5.15370800e-04	2	1.32046470e-02	7.76202900e-04	2	false	GAMG	1.67327540e-02	1.50010290e-03	1	true
0.173           	smoothSolver	9.17076160e-03	5.21366290e-04	2	1.32688970e-02	7.69678070e-04	2	false	GAMG	1.32261540e-02	1.25622260e-03	1	true
0.1735          	smoothSolver	9.14733670e-03	5.15388100e-04	2	1.32912850e-02	7.63936400e-04	2	false	GAMG	5.75343520e-02	1.57590460e-03	1	true
0.174           	smoothSolver	9.37556940e-03	5.10844460e-04	2	1.36105740e-02	7.71548050e-04	2	false	GAMG	1.70754900e-02	1.63652010e-03	1	true
0.1745          	smoothSolver	9.16825880e-03	5.05088320e-04	2	1.33972120e-02	7.59059350e-04	2	false	GAMG	1.23726930e-02	1.11167960e-03	1	true
0.175           	smoothSolver	9.18070470e-03	5.03219520e-04	2	1.33998150e-02	7.51893210e-04	2	false	GAMG	1.05058940e-02	5.82107710e-04	2	true
0.1755          	smoothSolver	9.34381800e-03	5.08656410e-04	2	1.36777680e-02	7.60499030e-04	2	false	GAMG	4.27760900e-02	2.32979700e-03	1	true
0.176           	smoothSolver	9.37741500e-03	5.09401810e-04	2	1.35484580e-02	7.51735390e-04	2	false	GAMG	3.27186890e-02	2.42034050e-03	1	true
0.1765          	smoothSolver	9.39654210e-03	5.11193890e-04	2	1.34558210e-02	7.51575930e-04	2	false	GAMG	3.44702260e-02	2.85203040e-03	1	true
0.177           	smoothSolver	9.40754040e-03	5.12921860e-04	2	1.34025310e-02	7.47381140e-04	2	false	GAMG	3.51203700e-02	3.51029160e-03	1	true
0.1775          	smoothSolver	9.40326760e-03	5.11075460e-04	2	1.33762070e-02	7.43085020e-04	2	false	GAMG	3.79352870e-02	3.70467670e-03	1	true
0.178           	smoothSolver	9.39241540e-03	5.09316690e-04	2	1.33739370e-02	7.38305070e-04	2	false	GAMG	1.80535880e-02	1.62902490e-03	1	true
0.1785          	smoothSolver	9.43502190e-03	5.06786080e-04	2	1.33714830e-02	7.32913140e-04	2	false	GAMG	1.64365620e-02	1.45927570e-03	1	true
0.179           	smoothSolver	9.45954890e-03	5.06961180e-04	2	1.33828410e-02	7.36379890e-04	2	false	GAMG	1.24438260e-02	1.07138310e-03	1	true
0.1795          	smoothSolver	9.48614590e-03	5.09421680e-04	2	1.33795250e-02	7.43008010e-04	2	false	GAMG	1.00788150e-02	9.02366430e-04	1	true
0.18            	smoothSolver	9.51543670e-03	5.09081750e-04	2	1.33901110e-02	7.42326790e-04	2	false	GAMG	1.01277470e-02	9.20013950e-04	1	true
0.1805          	smoothSolver	9.53286300e-03	5.09545420e-04	2	1.34030890e-02	7.43852110e-04	2	false	GAMG	7.23001060e-03	6.12247980e-04	1	true
0.181           	smoothSolver	9.56465750e-03	5.10842040e-04	2	1.34105320e-02	7.44641920e-04	2	false	GAMG	6.42967560e-03	6.08083730e-04	1	true
0.1815          	smoothSolver	9.58312840e-03	5.11685540e-04	2	1.34213430e-02	7.41656930e-04	2	false	GAMG	6.16551910e-03	5.61815360e-04	1	true
0.182           	smoothSolver	9.61451690e-03	5.14125170e-04	2	1.34241220e-02	7.41618240e-04	2	false	GAMG	5.99835070e-03	5.42849130e-04	1	true
0.1825          	smoothSolver	9.64105110e-03	5.16860000e-04	2	1.34286920e-02	7.49515230e-04	2	false	GAMG	3.81470900e-03	3.26224460e-04	1	true
0.183           	smoothSolver	9.66595010e-03	5.19731810e-04	2	1.34219090e-02	7.51342730e-04	2	false	GAMG	5.68335770e-03	4.98905300e-04	1	true
0.1835          	smoothSolver	9.68567600e-03	5.15384670e-04	2	1.34319980e-02	7.43191920e-04	2	false	GAMG	4.26134860e-03	3.97044960e-04	1	true
0.184           	smoothSolver	9.71133690e-03	5.13965680e-04	2	1.34369180e-02	7.41068370e-04	2	false	GAMG	4.40345230e-03	4.08883230e-04	1	true
0.1845          	smoothSolver	9.72881210e-03	5.13880040e-04	2	1.34222850e-02	7.34481510e-04	2	false	GAMG	4.58764900e-03	4.11066580e-04	1	true
0.185           	smoothSolver	9.75187200e-03	5.10532050e-04	2	1.34191980e-02	7.26903060e-04	2	false	GAMG	4.53169310e-03	3.99131610e-04	1	true
0.1855          	smoothSolver	9.76410910e-03	5.08272020e-04	2	1.34021620e-02	7.17806910e-04	2	false	GAMG	5.03381380e-03	4.40051530e-04	1	true
0.186           	smoothSolver	9.77641350e-03	5.09340880e-04	2	1.33840450e-02	7.09045870e-04	2	false	GAMG	4.82730740e-03	4.34723470e-04	1	true
0.1865          	smoothSolver	9.79369370e-03	5.09080570e-04	2	1.33633500e-02	7.10797800e-04	2	false	GAMG	4.64791140e-03	4.14630110e-04	1	true
0.187           	smoothSolver	9.80681510e-03	5.11265290e-04	2	1.33532700e-02	7.09941690e-04	2	false	GAMG	4.63666350e-03	4.19145920e-04	1	true
0.1875          	smoothSolver	9.81579120e-03	5.08680710e-04	2	1.33225530e-02	7.05951380e-04	2	false	GAMG	4.32825130e-03	3.76969340e-04	1	true
0.188           	smoothSolver	9.81641830e-03	5.06169070e-04	2	1.33144020e-02	7.09116830e-04	2	false	GAMG	4.49043580e-03	3.87354980e-04	1	true
0.1885          	smoothSolver	9.80566880e-03	5.04455270e-04	2	1.33303530e-02	7.08285410e-04	2	false	GAMG	4.94284920e-03	4.19367800e-04	1	true
0.189           	smoothSolver	9.79403730e-03	5.00555110e-04	2	1.33391920e-02	7.02429170e-04	2	false	GAMG	2.52125400e-03	2.02920350e-04	1	true
0.1895          	smoothSolver	9.78953020e-03	5.02349620e-04	2	1.33311810e-02	7.02784060e-04	2	false	GAMG	6.32478340e-03	4.99214130e-04	1	true
0.19            	smoothSolver	9.78117540e-03	5.02535180e-04	2	1.33297280e-02	6.99796530e-04	2	false	GAMG	5.64443530e-03	4.66277890e-04	1	true
0.1905          	smoothSolver	9.76896170e-03	5.01522860e-04	2	1.33218130e-02	7.06252970e-04	2	false	GAMG	5.14093590e-03	4.30640640e-04	1	true
0.191           	smoothSolver	9.77007900e-03	5.00664340e-04	2	1.33227240e-02	6.99706830e-04	2	false	GAMG	7.48149250e-03	6.07530210e-04	1	true
0.1915          	smoothSolver	9.75965270e-03	4.99214440e-04	2	1.33268830e-02	6.99742280e-04	2	false	GAMG	8.51687480e-03	6.66388990e-04	1	true
0.192           	smoothSolver	9.73564770e-03	4.95932140e-04	2	1.33117510e-02	7.02693440e-04	2	false	GAMG	7.46112740e-03	6.15833280e-04	1	true
0.1925          	smoothSolver	9.72007290e-03	4.92986420e-04	2	1.32917090e-02	6.85963260e-04	2	false	GAMG	7.16759210e-03	5.70921980e-04	1	true
0.193           	smoothSolver	9.70189850e-03	4.87002680e-04	2	1.32686820e-02	6.86090380e-04	2	false	GAMG	7.58947760e-03	6.14166160e-04	1	true
0.1935          	smoothSolver	9.68318270e-03	4.85141980e-04	2	1.32611910e-02	6.93479000e-04	2	false	GAMG	8.42678720e-03	6.54248770e-04	1	true
0.194           	smoothSolver	9.65701250e-03	4.80637380e-04	2	1.32283440e-02	6.94120520e-04	2	false	GAMG	5.66763140e-03	4.36158680e-04	1	true
0.1945          	smoothSolver	9.63279430e-03	4.79656940e-04	2	1.31888840e-02	7.06383290e-04	2	false	GAMG	7.53069890e-03	5.84550820e-04	1	true
0.195           	smoothSolver	9.62709830e-03	4.78782790e-04	2	1.31607060e-02	7.04724800e-04	2	false	GAMG	1.17797230e-02	8.96620000e-04	1	true
0.1955          	smoothSolver	9.58522680e-03	4.75848340e-04	2	1.31411930e-02	7.03747740e-04	2	false	GAMG	8.20290430e-03	6.43969220e-04	1	true
0.196           	smoothSolver	9.56014590e-03	4.74305350e-04	2	1.30970920e-02	7.06280040e-04	2	false	GAMG	5.97979380e-03	4.73901540e-04	1	true
0.1965          	smoothSolver	9.53568860e-03	4.70434360e-04	2	1.30635330e-02	6.89981140e-04	2	false	GAMG	6.87836520e-03	4.89714230e-04	1	true
0.197           	smoothSolver	9.50029090e-03	4.68973320e-04	2	1.30169850e-02	6.87439270e-04	2	false	GAMG	8.48719690e-03	6.55531480e-04	1	true
0.1975          	smoothSolver	9.47299750e-03	4.73009120e-04	2	1.29662610e-02	7.01713180e-04	2	false	GAMG	8.41788570e-03	6.09883230e-04	1	true
0.198           	smoothSolver	9.43051950e-03	4.75155650e-04	2	1.29452930e-02	6.88566000e-04	2	false	GAMG	4.84900480e-03	3.66037570e-04	1	true
0.1985          	smoothSolver	9.39166970e-03	4.76404380e-04	2	1.28971050e-02	6.84304090e-04	2	false	GAMG	6.96468920e-03	5.02900300e-04	1	true
0.199           	smoothSolver	9.35559370e-03	4.74030840e-04	2	1.28412620e-02	6.80434390e-04	2	false	GAMG	5.39515420e-03	3.67918340e-04	1	true
0.1995          	smoothSolver	9.31832710e-03	4.71695700e-04	2	1.28254190e-02	6.81530960e-04	2	false	GAMG	3.84383810e-03	2.49014430e-04	1	true
0.2             	smoothSolver	9.28526160e-03	4.66189500e-04	2	1.27798860e-02	6.62795240e-04	2	false	GAMG	4.55106110e-03	3.10152140e-04	1	true
0.2005          	smoothSolver	9.26377050e-03	4.64163850e-04	2	1.27195910e-02	6.58064480e-04	2	false	GAMG	5.71636450e-03	2.90596580e-04	1	true
0.201           	smoothSolver	9.23129790e-03	4.59329650e-04	2	1.26803540e-02	6.51809000e-04	2	false	GAMG	3.40879620e-03	2.39315990e-04	1	true
0.2015          	smoothSolver	9.18934700e-03	4.56381850e-04	2	1.26270590e-02	6.36740310e-04	2	false	GAMG	2.77923460e-03	1.98198530e-04	1	true
0.202           	smoothSolver	9.15553770e-03	4.55669060e-04	2	1.25808140e-02	6.46835650e-04	2	false	GAMG	3.63176210e-03	2.77284950e-04	1	true
0.2025          	smoothSolver	9.12173060e-03	4.48818070e-04	2	1.25544800e-02	6.39498230e-04	2	false	GAMG	4.46747690e-03	2.62098020e-04	1	true
0.203           	smoothSolver	9.09280040e-03	4.46253120e-04	2	1.25270080e-02	6.27229590e-04	2	false	GAMG	3.72032580e-03	2.64513090e-04	1	true
0.2035          	smoothSolver	9.05763870e-03	4.44907530e-04	2	1.24915130e-02	6.30431750e-04	2	false	GAMG	3.55316400e-03	2.51103130e-04	1	true
0.204           	smoothSolver	9.03317950e-03	4.46047770e-04	2	1.24636250e-02	6.28159090e-04	2	false	GAMG	3.51497490e-03	2.48105350e-04	1	true
0.2045          	smoothSolver	9.00461120e-03	4.50159390e-04	2	1.24312800e-02	6.29296480e-04	2	false	GAMG	3.40130730e-03	2.40503810e-04	1	true
0.205           	smoothSolver	8.98590550e-03	4.52740350e-04	2	1.24038140e-02	6.29414280e-04	2	false	GAMG	3.34257800e-03	2.42021440e-04	1	true
0.2055          	smoothSolver	8.96811220e-03	4.53749720e-04	2	1.23791730e-02	6.27942800e-04	2	false	GAMG	3.20343280e-03	2.27231370e-04	1	true
0.206           	smoothSolver	8.96089470e-03	4.53201070e-04	2	1.23619440e-02	6.27575880e-04	2	false	GAMG	3.53527420e-03	2.63780250e-04	1	true
0.2065          	smoothSolver	8.93727780e-03	4.49876920e-04	2	1.23409360e-02	6.21366000e-04	2	false	GAMG	3.48817170e-03	2.40211910e-04	1	true
0.207           	smoothSolver	8.92777220e-03	4.46312090e-04	2	1.23338730e-02	6.16332840e-04	2	false	GAMG	3.09222840e-03	2.27524040e-04	1	true
0.2075          	smoothSolver	8.91632670e-03	4.43963550e-04	2	1.23142270e-02	6.20252250e-04	2	false	GAMG	2.43046720e-03	1.72165730e-04	1	true
0.208           	smoothSolver	8.92174750e-03	4.46848020e-04	2	1.23195450e-02	6.24137660e-04	2	false	GAMG	2.52307830e-03	1.80196700e-04	1	true
0.2085          	smoothSolver	8.91436540e-03	4.45251790e-04	2	1.23346140e-02	6.29351430e-04	2	false	GAMG	2.92592490e-03	2.08398840e-04	1	true
0.209           	smoothSolver	8.91229810e-03	4.44599880e-04	2	1.23346820e-02	6.33398120e-04	2	false	GAMG	2.63140990e-03	1.92038670e-04	1	true
0.2095          	smoothSolver	8.91631270e-03	4.42920830e-04	2	1.23385050e-02	6.25894060e-04	2	false	GAMG	2.05169240e-03	1.45473050e-04	1	true
0.21            	smoothSolver	8.91916300e-03	4.44042770e-04	2	1.23678010e-02	6.35892250e-04	2	false	GAMG	2.20278940e-03	1.52193690e-04	1	true
0.2105          	smoothSolver	8.91792600e-03	4.42336520e-04	2	1.23838550e-02	6.19845310e-04	2	false	GAMG	2.07975090e-03	1.51277540e-04	1	true
0.211           	smoothSolver	8.93063760e-03	4.46493040e-04	2	1.24022900e-02	6.31236940e-04	2	false	GAMG	2.39104650e-03	1.69515970e-04	1	true
0.2115          	smoothSolver	8.94632280e-03	4.47981170e-04	2	1.24311540e-02	6.30121710e-04	2	false	GAMG	2.46402220e-03	1.42342350e-04	1	true
0.212           	smoothSolver	8.96828340e-03	4.49777120e-04	2	1.24520860e-02	6.31022510e-04	2	false	GAMG	2.30834750e-03	1.61421050e-04	1	true
0.2125          	smoothSolver	8.96361810e-03	4.50079600e-04	2	1.24642870e-02	6.31607790e-04	2	false	GAMG	2.37417690e-03	1.64280150e-04	1	true
0.213           	smoothSolver	8.97465930e-03	4.49738810e-04	2	1.24918960e-02	6.29512490e-04	2	false	GAMG	2.71830690e-03	1.49185410e-04	1	true
0.2135          	smoothSolver	8.98734830e-03	4.50127880e-04	2	1.25097230e-02	6.26746040e-04	2	false	GAMG	2.16608360e-03	1.58225330e-04	1	true
0.214           	smoothSolver	8.99990070e-03	4.48753620e-04	2	1.25043410e-02	6.27831240e-04	2	false	GAMG	2.51439470e-03	1.50248120e-04	1	true
0.2145          	smoothSolver	9.01305850e-03	4.51277960e-04	2	1.25389890e-02	6.27533900e-04	2	false	GAMG	2.23338820e-03	1.47733870e-04	1	true
0.215           	smoothSolver	9.03595690e-03	4.53186840e-04	2	1.25472440e-02	6.26315760e-04	2	false	GAMG	1.98955960e-03	1.30887430e-04	1	true
0.2155          	smoothSolver	9.06277870e-03	4.53900880e-04	2	1.25575250e-02	6.24851720e-04	2	false	GAMG	2.10784830e-03	1.55685050e-04	1	true
0.216           	smoothSolver	9.07762820e-03	4.55161370e-04	2	1.25558990e-02	6.16190630e-04	2	false	GAMG	1.99405920e-03	1.45276150e-04	1	true
0.2165          	smoothSolver	9.08756990e-03	4.57512600e-04	2	1.25586730e-02	6.22241410e-04	2	false	GAMG	2.35788980e-03	1.58518110e-04	1	true
0.217           	smoothSolver	9.11690090e-03	4.64614380e-04	2	1.25613440e-02	6.31542240e-04	2	false	GAMG	2.00297720e-03	1.35607180e-04	1	true
0.2175          	smoothSolver	9.11958740e-03	4.65245830e-04	2	1.25577410e-02	6.32633400e-04	2	false	GAMG	1.88711370e-03	1.36324420e-04	1	true
0.218           	smoothSolver	9.13293900e-03	4.71060490e-04	2	1.25589550e-02	6.39004870e-04	2	false	GAMG	1.85437460e-03	1.32283490e-04	1	true
0.2185          	smoothSolver	9.14106030e-03	4.70711630e-04	2	1.25649390e-02	6.41533740e-04	2	false	GAMG	1.96185950e-03	1.14164490e-04	1	true
0.219           	smoothSolver	9.17615190e-03	4.73490150e-04	2	1.25560970e-02	6.36259010e-04	2	false	GAMG	1.83739330e-03	1.36095800e-04	1	true
0.2195          	smoothSolver	9.17569050e-03	4.78950910e-04	2	1.25536540e-02	6.45124620e-04	2	false	GAMG	1.63564670e-03	8.95665640e-05	1	true
0.22            	smoothSolver	9.19438430e-03	4.81360840e-04	2	1.25566040e-02	6.46475310e-04	2	false	GAMG	1.55558040e-03	1.03281510e-04	1	true
0.2205          	smoothSolver	9.19911780e-03	4.87849530e-04	2	1.25537340e-02	6.52272420e-04	2	false	GAMG	1.77714180e-03	1.25048350e-04	1	true
0.221           	smoothSolver	9.21000880e-03	4.88294600e-04	2	1.25535420e-02	6.56717240e-04	2	false	GAMG	1.61650450e-03	1.14248370e-04	1	true
0.2215          	smoothSolver	9.21194380e-03	4.85631020e-04	2	1.25385090e-02	6.44994700e-04	2	false	GAMG	1.54108530e-03	1.02115040e-04	1	true
0.222           	smoothSolver	9.21621940e-03	4.83240300e-04	2	1.25353120e-02	6.49021440e-04	2	false	GAMG	5.98579310e-03	3.93358510e-04	1	true
0.2225          	smoothSolver	9.21358050e-03	4.80253810e-04	2	1.25187050e-02	6.42954350e-04	2	false	GAMG	4.20287880e-03	3.10156860e-04	1	true
0.223           	smoothSolver	9.24202030e-03	4.83264300e-04	2	1.25156380e-02	6.37193950e-04	2	false	GAMG	3.38936850e-03	2.80486070e-04	1	true
0.2235          	smoothSolver	9.22260150e-03	4.83038920e-04	2	1.24958780e-02	6.43708240e-04	2	false	GAMG	7.41757630e-03	5.76455790e-04	1	true
0.224           	smoothSolver	9.22143680e-03	4.82708270e-04	2	1.24909020e-02	6.37136210e-04	2	false	GAMG	3.04408270e-03	2.65437610e-04	1	true
0.2245          	smoothSolver	9.22386120e-03	4.82726490e-04	2	1.24750520e-02	6.40426540e-04	2	false	GAMG	3.82228940e-03	3.23149550e-04	1	true
0.225           	smoothSolver	9.20703320e-03	4.85159440e-04	2	1.24697710e-02	6.50898340e-04	2	false	GAMG	3.45877120e-03	2.94962830e-04	1	true
0.2255          	smoothSolver	9.19216170e-03	4.85127050e-04	2	1.24689410e-02	6.45324500e-04	2	false	GAMG	6.91236290e-03	5.77668940e-04	1	true
0.226           	smoothSolver	9.19170370e-03	4.83499840e-04	2	1.24700580e-02	6.54085790e-04	2	false	GAMG	7.35116960e-03	6.11712170e-04	1	true
0.2265          	smoothSolver	9.16310690e-03	4.83830320e-04	2	1.24592980e-02	6.73752930e-04	2	false	GAMG	8.26841300e-03	6.94614970e-04	1	true
0.227           	smoothSolver	9.15391690e-03	4.81338250e-04	2	1.24556050e-02	6.68824860e-04	2	false	GAMG	1.00545010e-02	8.93119340e-04	1	true
0.2275          	smoothSolver	9.12752380e-03	4.79330550e-04	2	1.24413090e-02	6.70084200e-04	2	false	GAMG	1.15720040e-02	9.77896400e-04	1	true
0.228           	smoothSolver	9.10009830e-03	4.84776950e-04	2	1.24369490e-02	6.67814890e-04	2	false	GAMG	8.90684180e-03	7.64857470e-04	1	true
0.2285          	smoothSolver	9.08151060e-03	4.85357340e-04	2	1.24363960e-02	6.69962920e-04	2	false	GAMG	1.34377110e-02	1.14121410e-03	1	true
0.229           	smoothSolver	9.05917890e-03	4.88884020e-04	2	1.24287670e-02	6.81552830e-04	2	false	GAMG	1.34086540e-02	1.17380020e-03	1	true
0.2295          	smoothSolver	9.03674760e-03	4.86363460e-04	2	1.24095350e-02	6.68262570e-04	2	false	GAMG	1.60245800e-02	1.36420330e-03	1	true
0.23            	smoothSolver	9.02804130e-03	4.82493660e-04	2	1.23979470e-02	6.73478380e-04	2	false	GAMG	1.71128230e-02	1.48000810e-03	1	true
0.2305          	smoothSolver	9.00358570e-03	4.86654590e-04	2	1.23770590e-02	6.81484260e-04	2	false	GAMG	1.86740160e-02	1.54211350e-03	1	true
0.231           	smoothSolver	8.97962920e-03	4.80998920e-04	2	1.23634830e-02	6.69476490e-04	2	false	GAMG	1.73811520e-02	1.54215110e-03	1	true
0.2315          	smoothSolver	8.96219710e-03	4.83027750e-04	2	1.23364560e-02	6.88368640e-04	2	false	GAMG	1.83849270e-02	1.51711340e-03	1	true
0.232           	smoothSolver	8.94134980e-03	4.80061860e-04	2	1.23143160e-02	6.77892110e-04	2	false	GAMG	1.87837990e-02	1.56649320e-03	1	true
0.2325          	smoothSolver	8.91835240e-03	4.73116670e-04	2	1.22781790e-02	6.68855160e-04	2	false	GAMG	2.02308800e-02	1.57468450e-03	1	true
0.233           	smoothSolver	8.89637530e-03	4.72600790e-04	2	1.22404340e-02	6.71279210e-04	2	false	GAMG	1.87950110e-02	1.57504150e-03	1	true
0.2335          	smoothSolver	8.87251610e-03	4.69974530e-04	2	1.22004230e-02	6.62878380e-04	2	false	GAMG	2.05424860e-02	1.62106370e-03	1	true
0.234           	smoothSolver	8.85547730e-03	4.74046750e-04	2	1.21613570e-02	6.75413300e-04	2	false	GAMG	1.92432390e-02	1.62054680e-03	1	true
0.2345          	smoothSolver	8.81964640e-03	4.69384020e-04	2	1.21154150e-02	6.71332930e-04	2	false	GAMG	2.40987430e-02	1.68473940e-03	1	true
0.235           	smoothSolver	8.81458160e-03	4.66374940e-04	2	1.20843020e-02	6.66793200e-04	2	false	GAMG	1.99406500e-02	1.71129380e-03	1	true
0.2355          	smoothSolver	8.79613320e-03	4.69784490e-04	2	1.20325210e-02	6.77121240e-04	2	false	GAMG	1.95150570e-02	1.61793550e-03	1	true
0.236           	smoothSolver	8.76695130e-03	4.63132120e-04	2	1.19798320e-02	6.68390360e-04	2	false	GAMG	1.92520560e-02	1.57101170e-03	1	true
0.2365          	smoothSolver	8.75771130e-03	4.63021380e-04	2	1.19409550e-02	6.71968090e-04	2	false	GAMG	2.01584220e-02	1.55738460e-03	1	true
0.237           	smoothSolver	8.74208670e-03	4.63406170e-04	2	1.18893720e-02	6.72304050e-04	2	false	GAMG	1.84177440e-02	1.53800880e-03	1	true
0.2375          	smoothSolver	8.71779080e-03	4.57417090e-04	2	1.18415130e-02	6.65053030e-04	2	false	GAMG	1.72792950e-02	1.39997920e-03	1	true
0.238           	smoothSolver	8.70736240e-03	4.58990220e-04	2	1.18008510e-02	6.71047340e-04	2	false	GAMG	1.82753730e-02	1.48355260e-03	1	true
0.2385          	smoothSolver	8.68396160e-03	4.57233780e-04	2	1.17506510e-02	6.63427960e-04	2	false	GAMG	1.69366380e-02	1.37335440e-03	1	true
0.239           	smoothSolver	8.67282920e-03	4.57742590e-04	2	1.17014160e-02	6.57900300e-04	2	false	GAMG	1.89650390e-02	1.58499420e-03	1	true
0.2395          	smoothSolver	8.66055310e-03	4.52930880e-04	2	1.16620920e-02	6.44785440e-04	2	false	GAMG	1.96378400e-02	1.59633200e-03	1	true
0.24            	smoothSolver	8.64608020e-03	4.49873690e-04	2	1.16239640e-02	6.37166960e-04	2	false	GAMG	2.07973200e-02	1.64733320e-03	1	true
0.2405          	smoothSolver	8.65166870e-03	4.57484720e-04	2	1.15861010e-02	6.41550210e-04	2	false	GAMG	1.29320750e-02	8.60185970e-04	1	true
0.241           	smoothSolver	8.64563130e-03	4.58107330e-04	2	1.15545170e-02	6.39267210e-04	2	false	GAMG	1.14514950e-02	8.87237660e-04	1	true
0.2415          	smoothSolver	8.63438620e-03	4.56042970e-04	2	1.15100010e-02	6.38384660e-04	2	false	GAMG	1.94545090e-02	1.50067160e-03	1	true
0.242           	smoothSolver	8.65458710e-03	4.62349310e-04	2	1.14977090e-02	6.45353010e-04	2	false	GAMG	1.64880380e-02	1.39095070e-03	1	true
0.2425          	smoothSolver	8.86409940e-03	4.96199930e-04	2	1.16416970e-02	6.60553840e-04	2	false	GAMG	2.15989180e-02	1.98368220e-03	1	true
0.243           	smoothSolver	9.14861190e-03	4.94176910e-04	2	1.18537020e-02	6.69298510e-04	2	false	GAMG	2.36805360e-02	1.62393990e-03	1	true
0.2435          	smoothSolver	8.94843030e-03	4.87395460e-04	2	1.18149420e-02	6.55404550e-04	2	false	GAMG	2.05358050e-02	1.66088260e-03	1	true
0.244           	smoothSolver	8.84876590e-03	4.70884880e-04	2	1.15756380e-02	6.50277480e-04	2	false	GAMG	2.10758540e-02	1.66119980e-03	1	true
0.2445          	smoothSolver	8.72477760e-03	4.72135160e-04	2	1.15162490e-02	6.51076380e-04	2	false	GAMG	9.85891580e-03	8.30769730e-04	1	true
0.245           	smoothSolver	8.62845220e-03	4.68942440e-04	2	1.14200170e-02	6.43368210e-04	2	false	GAMG	1.63369580e-02	1.27715280e-03	1	true
0.2455          	smoothSolver	8.57064790e-03	4.63465780e-04	2	1.13715040e-02	6.37992870e-04	2	false	GAMG	1.03563730e-02	8.48390910e-04	1	true
0.246           	smoothSolver	8.54185130e-03	4.60202200e-04	2	1.13322440e-02	6.42865230e-04	2	false	GAMG	1.91768780e-02	1.28969950e-03	1	true
0.2465          	smoothSolver	8.52175750e-03	4.55005180e-04	2	1.12960790e-02	6.38475280e-04	2	false	GAMG	1.33595330e-02	1.00168540e-03	1	true
0.247           	smoothSolver	8.49799010e-03	4.50652450e-04	2	1.12813670e-02	6.34285560e-04	2	false	GAMG	1.04224660e-02	7.04318160e-04	1	true
0.2475          	smoothSolver	8.47447460e-03	4.46266990e-04	2	1.12773790e-02	6.31645580e-04	2	false	GAMG	6.30688180e-03	4.36435420e-04	1	true
0.248           	smoothSolver	8.45055370e-03	4.43404130e-04	2	1.12609180e-02	6.25940620e-04	2	false	GAMG	1.15802080e-02	8.30714760e-04	1	true
0.2485          	smoothSolver	8.44614300e-03	4.42374350e-04	2	1.12602820e-02	6.21859260e-04	2	false	GAMG	8.42658460e-03	6.42870570e-04	1	true
0.249           	smoothSolver	8.41102270e-03	4.41088280e-04	2	1.12617800e-02	6.21296780e-04	2	false	GAMG	1.15524450e-02	7.47382850e-04	1	true
0.2495          	smoothSolver	8.39153270e-03	4.39185990e-04	2	1.12491850e-02	6.21269740e-04	2	false	GAMG	1.49600870e-02	1.10235950e-03	1	true
0.25            	smoothSolver	8.35899790e-03	4.33859080e-04	2	1.12284400e-02	6.20274060e-04	2	false	GAMG	5.20897320e-03	3.39900560e-04	1	true
0.2505          	smoothSolver	8.33386310e-03	4.34278540e-04	2	1.12112480e-02	6.20702970e-04	2	false	GAMG	7.39730970e-03	5.74756670e-04	1	true
0.251           	smoothSolver	8.31598860e-03	4.33371340e-04	2	1.12227150e-02	6.22800610e-04	2	false	GAMG	5.35927550e-03	3.84534880e-04	1	true
0.2515          	smoothSolver	8.28238190e-03	4.32683960e-04	2	1.12259150e-02	6.21942260e-04	2	false	GAMG	5.10555510e-03	3.66465410e-04	1	true
0.252           	smoothSolver	8.25141570e-03	4.28318140e-04	2	1.12234600e-02	6.21814640e-04	2	false	GAMG	4.72359760e-03	3.70369370e-04	1	true
0.2525          	smoothSolver	8.21932120e-03	4.21648180e-04	2	1.12196790e-02	6.18002440e-04	2	false	GAMG	5.70480700e-03	4.56864630e-04	1	true
0.253           	smoothSolver	8.19043000e-03	4.18173260e-04	2	1.12201660e-02	6.13313480e-04	2	false	GAMG	4.45242790e-03	3.31508700e-04	1	true
0.2535          	smoothSolver	8.15122870e-03	4.20858210e-04	2	1.12354790e-02	6.14669550e-04	2	false	GAMG	7.56423690e-03	5.72512540e-04	1	true
0.254           	smoothSolver	8.13506880e-03	4.22207050e-04	2	1.12562050e-02	6.11842290e-04	2	false	GAMG	5.98037220e-03	4.38182210e-04	1	true
0.2545          	smoothSolver	8.10405260e-03	4.16833890e-04	2	1.12804300e-02	6.07217890e-04	2	false	GAMG	4.69215090e-03	3.73599900e-04	1	true
0.255           	smoothSolver	8.07951830e-03	4.14960810e-04	2	1.12856170e-02	6.05161460e-04	2	false	GAMG	4.08439910e-03	2.81186970e-04	1	true
0.2555          	smoothSolver	8.09839650e-03	4.28424190e-04	2	1.13450090e-02	6.10374150e-04	2	false	GAMG	5.44337330e-03	2.99664390e-04	1	true
0.256           	smoothSolver	8.04405800e-03	4.16570880e-04	2	1.13530020e-02	5.93674490e-04	2	false	GAMG	6.00049340e-03	3.94147840e-04	1	true
0.2565          	smoothSolver	8.01835030e-03	4.07972180e-04	2	1.13435890e-02	5.88203040e-04	2	false	GAMG	5.40309500e-03	4.31750580e-04	1	true
0.257           	smoothSolver	7.97630650e-03	4.05083320e-04	2	1.13577390e-02	5.85178740e-04	2	false	GAMG	5.10882190e-03	3.75068920e-04	1	true
0.2575          	smoothSolver	7.94984900e-03	4.02633660e-04	2	1.13654050e-02	5.84586230e-04	2	false	GAMG	5.41880220e-03	4.22707910e-04	1	true
0.258           	smoothSolver	7.91029220e-03	3.97683230e-04	2	1.14140990e-02	5.83860400e-04	2	false	GAMG	8.43487010e-03	6.27028570e-04	1	true
0.2585          	smoothSolver	7.87307180e-03	3.91098060e-04	2	1.14169590e-02	5.81269250e-04	2	false	GAMG	8.14033220e-03	6.82935140e-04	1	true
0.259           	smoothSolver	7.84900100e-03	3.89654750e-04	2	1.14250570e-02	5.81895420e-04	2	false	GAMG	1.38388530e-02	1.11786080e-03	1	true
0.2595          	smoothSolver	7.82117510e-03	3.92320940e-04	2	1.14280170e-02	5.85317900e-04	2	false	GAMG	4.49795630e-03	3.53163140e-04	1	true
0.26            	smoothSolver	7.78873090e-03	3.93050880e-04	2	1.14364430e-02	5.83670670e-04	2	false	GAMG	1.71853110e-02	1.37088260e-03	1	true
0.2605          	smoothSolver	7.75952720e-03	3.94459190e-04	2	1.14581450e-02	5.84073540e-04	2	false	GAMG	1.88637840e-02	1.56308420e-03	1	true
0.261           	smoothSolver	7.73422730e-03	3.92307880e-04	2	1.14591040e-02	5.81825740e-04	2	false	GAMG	1.10156620e-02	8.33821060e-04	1	true
0.2615          	smoothSolver	7.70792270e-03	3.89512360e-04	2	1.14674790e-02	5.76466400e-04	2	false	GAMG	9.41137970e-03	7.14405770e-04	1	true
0.262           	smoothSolver	7.67777920e-03	3.90659270e-04	2	1.14720170e-02	5.81762010e-04	2	false	GAMG	1.14210820e-02	8.61406880e-04	1	true
0.2625          	smoothSolver	7.65494190e-03	3.92204740e-04	2	1.15051880e-02	5.79904580e-04	2	false	GAMG	1.52505010e-02	1.25681070e-03	1	true
0.263           	smoothSolver	7.62542170e-03	3.91890840e-04	2	1.14918770e-02	5.77754830e-04	2	false	GAMG	1.93561610e-02	1.54350580e-03	1	true
0.2635          	smoothSolver	7.60162580e-03	3.88208750e-04	2	1.14981950e-02	5.73699360e-04	2	false	GAMG	1.56206350e-02	1.22071620e-03	1	true
0.264           	smoothSolver	7.58516030e-03	3.84792810e-04	2	1.14927030e-02	5.73784740e-04	2	false	GAMG	1.93404250e-02	1.57936310e-03	1	true
0.2645          	smoothSolver	7.57028010e-03	3.82993540e-04	2	1.14755230e-02	5.75877830e-04	2	false	GAMG	1.55704140e-02	1.25844140e-03	1	true
0.265           	smoothSolver	7.54631280e-03	3.84272760e-04	2	1.14768850e-02	5.75770580e-04	2	false	GAMG	1.91011420e-02	1.58630290e-03	1	true
0.2655          	smoothSolver	7.52616340e-03	3.82300680e-04	2	1.14580030e-02	5.74952730e-04	2	false	GAMG	1.48668940e-02	1.16491980e-03	1	true
0.266           	smoothSolver	7.49497470e-03	3.81912580e-04	2	1.14573530e-02	5.76221240e-04	2	false	GAMG	2.07898380e-02	1.57148110e-03	1	true
0.2665          	smoothSolver	7.46453130e-03	3.78368180e-04	2	1.14427260e-02	5.71218730e-04	2	false	GAMG	1.26149280e-02	9.77910210e-04	1	true
0.267           	smoothSolver	7.44439740e-03	3.75834680e-04	2	1.14509270e-02	5.76574910e-04	2	false	GAMG	1.34277230e-02	1.07131090e-03	1	true
0.2675          	smoothSolver	7.43170090e-03	3.73864490e-04	2	1.14371530e-02	5.73112420e-04	2	false	GAMG	1.64450080e-02	1.21272360e-03	1	true
0.268           	smoothSolver	7.41296340e-03	3.70278990e-04	2	1.14566370e-02	5.67324330e-04	2	false	GAMG	1.63480760e-02	1.30738110e-03	1	true
0.2685          	smoothSolver	7.39543140e-03	3.71232080e-04	2	1.14585770e-02	5.74342150e-04	2	false	GAMG	1.73057240e-02	1.39443130e-03	1	true
0.269           	smoothSolver	7.38232490e-03	3.68718300e-04	2	1.14446430e-02	5.77202780e-04	2	false	GAMG	1.57658700e-02	1.23274570e-03	1	true
0.2695          	smoothSolver	7.37476110e-03	3.67615270e-04	2	1.14501870e-02	5.81023250e-04	2	false	GAMG	1.14339230e-02	9.09530090e-04	1	true
0.27            	smoothSolver	7.37001950e-03	3.67232840e-04	2	1.14378310e-02	5.82434150e-04	2	false	GAMG	1.79682180e-02	1.47529620e-03	1	true
0.2705          	smoothSolver	7.36036010e-03	3.66961430e-04	2	1.14223020e-02	5.83733260e-04	2	false	GAMG	7.77682470e-03	5.23842270e-04	1	true
0.271           	smoothSolver	7.36112390e-03	3.67773370e-04	2	1.14183030e-02	5.84453370e-04	2	false	GAMG	1.26893150e-02	1.03911210e-03	1	true
0.2715          	smoothSolver	7.35757150e-03	3.68871120e-04	2	1.14055130e-02	5.84208370e-04	2	false	GAMG	1.99796070e-02	1.16616200e-03	1	true
0.272           	smoothSolver	7.36933860e-03	3.73590830e-04	2	1.14285450e-02	5.84329940e-04	2	false	GAMG	9.77768470e-03	8.41739690e-04	1	true
0.2725          	smoothSolver	7.34676170e-03	3.73654530e-04	2	1.13884050e-02	5.86750880e-04	2	false	GAMG	9.74158420e-03	7.28552270e-04	1	true
0.273           	smoothSolver	7.34070140e-03	3.67764000e-04	2	1.13908910e-02	5.79157040e-04	2	false	GAMG	8.82388980e-03	6.84781580e-04	1	true
0.2735          	smoothSolver	7.34652250e-03	3.64245840e-04	2	1.14007730e-02	5.73441590e-04	2	false	GAMG	9.05784330e-03	7.14096520e-04	1	true
0.274           	smoothSolver	7.35011850e-03	3.62624550e-04	2	1.13751400e-02	5.65061600e-04	2	false	GAMG	1.05182140e-02	8.27706380e-04	1	true
0.2745          	smoothSolver	7.36036170e-03	3.62877500e-04	2	1.13586760e-02	5.62552510e-04	2	false	GAMG	1.06013310e-02	7.91602550e-04	1	true
0.275           	smoothSolver	7.37799380e-03	3.66818100e-04	2	1.13428290e-02	5.64239080e-04	2	false	GAMG	1.04055760e-02	7.42290460e-04	1	true
0.2755          	smoothSolver	7.37691890e-03	3.62763270e-04	2	1.13317780e-02	5.56472620e-04	2	false	GAMG	1.00132810e-02	7.71066400e-04	1	true
0.276           	smoothSolver	7.37740030e-03	3.61678420e-04	2	1.13256970e-02	5.52698330e-04	2	false	GAMG	7.94806180e-03	5.43130130e-04	1	true
0.2765          	smoothSolver	7.39556090e-03	3.61968400e-04	2	1.13016040e-02	5.50372680e-04	2	false	GAMG	1.09479260e-02	8.16719340e-04	1	true
0.277           	smoothSolver	7.39870460e-03	3.57475910e-04	2	1.12621820e-02	5.43277920e-04	2	false	GAMG	6.58847590e-03	4.83159080e-04	1	true
0.2775          	smoothSolver	7.40976780e-03	3.58006820e-04	2	1.12415210e-02	5.40724400e-04	2	false	GAMG	2.68659350e-03	2.03494480e-04	1	true
0.278           	smoothSolver	7.41580010e-03	3.57487340e-04	2	1.12031950e-02	5.37723430e-04	2	false	GAMG	8.40061420e-03	6.56793350e-04	1	true
0.2785          	smoothSolver	7.42529220e-03	3.56232240e-04	2	1.11708300e-02	5.28985460e-04	2	false	GAMG	9.27730010e-03	4.82095040e-04	1	true
0.279           	smoothSolver	7.44967500e-03	3.56046140e-04	2	1.11497300e-02	5.27854170e-04	2	false	GAMG	6.03541700e-03	4.73010470e-04	1	true
0.2795          	smoothSolver	7.44574990e-03	3.56654060e-04	2	1.10935510e-02	5.26474860e-04	2	false	GAMG	1.06717730e-02	7.49791760e-04	1	true
0.28            	smoothSolver	7.46063810e-03	3.59056510e-04	2	1.10412020e-02	5.26657650e-04	2	false	GAMG	5.84498830e-03	4.46676460e-04	1	true
0.2805          	smoothSolver	7.45896250e-03	3.59862490e-04	2	1.10050240e-02	5.28877820e-04	2	false	GAMG	7.12450950e-03	5.58174090e-04	1	true
0.281           	smoothSolver	7.46585660e-03	3.60557670e-04	2	1.09459980e-02	5.25825890e-04	2	false	GAMG	1.10581700e-02	8.24022420e-04	1	true
0.2815          	smoothSolver	7.46945090e-03	3.60177210e-04	2	1.08909790e-02	5.19948810e-04	2	false	GAMG	5.27215040e-03	3.85649450e-04	1	true
0.282           	smoothSolver	7.48226010e-03	3.63065710e-04	2	1.08441380e-02	5.22660290e-04	2	false	GAMG	6.23701680e-03	4.82171430e-04	1	true
0.2825          	smoothSolver	7.48212380e-03	3.65051710e-04	2	1.07828420e-02	5.22858910e-04	2	false	GAMG	7.24657650e-03	3.91335690e-04	1	true
0.283           	smoothSolver	7.49120090e-03	3.66324590e-04	2	1.07177180e-02	5.12025780e-04	2	false	GAMG	6.04027150e-03	4.75335310e-04	1	true
0.2835          	smoothSolver	7.48863260e-03	3.65368490e-04	2	1.06606250e-02	5.09874280e-04	2	false	GAMG	6.26118590e-03	3.83840910e-04	1	true
0.284           	smoothSolver	7.51202400e-03	3.69337740e-04	2	1.06209200e-02	5.09865850e-04	2	false	GAMG	4.63166920e-03	3.50762620e-04	1	true
0.2845          	smoothSolver	7.50592640e-03	3.68654930e-04	2	1.05472480e-02	5.03282560e-04	2	false	GAMG	1.86077160e-02	5.12361600e-04	1	true
0.285           	smoothSolver	7.51958970e-03	3.66629490e-04	2	1.05072480e-02	5.03781760e-04	2	false	GAMG	6.45128990e-03	5.15831570e-04	1	true
0.2855          	smoothSolver	7.51294740e-03	3.66341740e-04	2	1.04346410e-02	5.03169540e-04	2	false	GAMG	6.22174460e-03	4.64591970e-04	1	true
0.286           	smoothSolver	7.52739940e-03	3.68188990e-04	2	1.03920560e-02	4.98967590e-04	2	false	GAMG	5.05848730e-03	4.09186380e-04	1	true
0.2865          	smoothSolver	7.53358910e-03	3.69197240e-04	2	1.03317790e-02	4.99631420e-04	2	false	GAMG	6.58127450e-03	5.19825670e-04	1	true
0.287           	smoothSolver	7.54469760e-03	3.69329330e-04	2	1.02892690e-02	5.01199150e-04	2	false	GAMG	5.94402370e-03	4.75446220e-04	1	true
0.2875          	smoothSolver	7.56013780e-03	3.69964480e-04	2	1.02512000e-02	4.94271870e-04	2	false	GAMG	5.60299770e-03	4.35136990e-04	1	true
0.288           	smoothSolver	7.56615380e-03	3.64788320e-04	2	1.02241050e-02	4.92958720e-04	2	false	GAMG	2.29075040e-03	1.70390130e-04	1	true
0.2885          	smoothSolver	7.57298020e-03	3.63842080e-04	2	1.02002470e-02	4.97953660e-04	2	false	GAMG	6.94321860e-03	5.15266850e-04	1	true
0.289           	smoothSolver	7.59641200e-03	3.67988510e-04	2	1.01758320e-02	4.97693470e-04	2	false	GAMG	6.94223170e-03	5.33348430e-04	1	true
0.2895          	smoothSolver	7.62433930e-03	3.74798320e-04	2	1.01441380e-02	4.97793120e-04	2	false	GAMG	7.18439650e-03	5.62023700e-04	1	true
0.29            	smoothSolver	7.64206310e-03	3.80536570e-04	2	1.01175550e-02	4.99750980e-04	2	false	GAMG	8.50752000e-03	6.10672040e-04	1	true
0.2905          	smoothSolver	7.66211550e-03	3.83685760e-04	2	1.01006740e-02	4.94081510e-04	2	false	GAMG	1.08347340e-02	7.71647620e-04	1	true
0.291           	smoothSolver	7.67892120e-03	3.87135230e-04	2	1.00943090e-02	4.92941450e-04	2	false	GAMG	8.15252590e-03	6.65236040e-04	1	true
0.2915          	smoothSolver	7.69687820e-03	3.87457280e-04	2	1.00693720e-02	4.93844920e-04	2	false	GAMG	1.00718520e-02	7.66403520e-04	1	true
0.292           	smoothSolver	7.72890420e-03	3.89519720e-04	2	1.00612350e-02	4.88527940e-04	2	false	GAMG	7.15460790e-03	5.79502560e-04	1	true
0.2925          	smoothSolver	7.73144980e-03	3.89166300e-04	2	1.00580260e-02	4.85711740e-04	2	false	GAMG	1.11216190e-02	6.96606310e-04	1	true
0.293           	smoothSolver	7.76598640e-03	3.95233180e-04	2	1.00663020e-02	4.87898980e-04	2	false	GAMG	1.03901410e-02	6.18707630e-04	1	true
0.2935          	smoothSolver	7.79678060e-03	3.94720640e-04	2	1.00820570e-02	4.82230640e-04	2	false	GAMG	9.87066290e-03	7.70751930e-04	1	true
0.294           	smoothSolver	7.79429650e-03	3.92037690e-04	2	1.00625580e-02	4.80010550e-04	2	false	GAMG	8.08900940e-03	5.54183390e-04	1	true
0.2945          	smoothSolver	7.81980520e-03	3.90789260e-04	2	1.00614750e-02	4.81464210e-04	2	false	GAMG	8.92948690e-03	6.34123940e-04	1	true
0.295           	smoothSolver	7.83758930e-03	3.87806930e-04	2	1.00592730e-02	4.77393420e-04	2	false	GAMG	1.37732880e-02	5.65248520e-04	1	true
0.2955          	smoothSolver	7.85993060e-03	3.91309110e-04	2	1.00555790e-02	4.80466210e-04	2	false	GAMG	6.43943960e-03	4.02139130e-04	1	true
0.296           	smoothSolver	7.87897900e-03	3.95688000e-04	2	1.00623040e-02	4.85860380e-04	2	false	GAMG	6.34713020e-03	4.60762740e-04	1	true
0.2965          	smoothSolver	7.88548880e-03	4.00134730e-04	2	1.00722950e-02	4.92347860e-04	2	false	GAMG	1.08241360e-02	7.73771880e-04	1	true
0.297           	smoothSolver	7.90351980e-03	4.05119380e-04	2	1.00737630e-02	4.94985960e-04	2	false	GAMG	8.28909750e-03	5.29926710e-04	1	true
0.2975          	smoothSolver	7.91259600e-03	4.03841370e-04	2	1.00824210e-02	4.97368270e-04	2	false	GAMG	4.69892840e-03	3.05569390e-04	1	true
0.298           	smoothSolver	7.91602370e-03	4.02783470e-04	2	1.00959550e-02	5.03725970e-04	2	false	GAMG	6.83900300e-03	3.97350940e-04	1	true
0.2985          	smoothSolver	7.90402840e-03	4.02818990e-04	2	1.00951370e-02	5.11126900e-04	2	false	GAMG	5.73421590e-03	3.94629470e-04	1	true
0.299           	smoothSolver	7.90207140e-03	4.07041100e-04	2	1.00909280e-02	5.11912690e-04	2	false	GAMG	9.10847840e-03	4.97404060e-04	1	true
0.2995          	smoothSolver	7.89775290e-03	4.09390540e-04	2	1.00838940e-02	5.15308260e-04	2	false	GAMG	9.28944820e-03	5.39862260e-04	1	true
0.3             	smoothSolver	7.90223520e-03	4.12530190e-04	2	1.00611440e-02	5.15816610e-04	2	false	GAMG	7.20119340e-03	3.48449090e-04	1	true
0.3005          	smoothSolver	7.89134760e-03	4.17585960e-04	2	1.00404400e-02	5.14999830e-04	2	false	GAMG	5.80624090e-03	3.80808430e-04	1	true
0.301           	smoothSolver	7.89742960e-03	4.18168440e-04	2	1.00287230e-02	5.16072370e-04	2	false	GAMG	5.75320460e-03	3.39694850e-04	1	true
0.3015          	smoothSolver	7.88951000e-03	4.17058840e-04	2	9.99966730e-03	5.18649640e-04	2	false	GAMG	5.97292950e-03	3.80571800e-04	1	true
0.302           	smoothSolver	7.88890580e-03	4.16852540e-04	2	9.97127880e-03	5.14884400e-04	2	false	GAMG	5.19464880e-03	3.65257030e-04	1	true
0.3025          	smoothSolver	7.87716890e-03	4.16172990e-04	2	9.94644250e-03	5.14105290e-04	2	false	GAMG	7.83949030e-03	3.63870230e-04	1	true
0.303           	smoothSolver	7.88295720e-03	4.11992480e-04	2	9.92705130e-03	5.16148320e-04	2	false	GAMG	6.82672670e-03	3.96159280e-04	1	true
0.3035          	smoothSolver	7.87466640e-03	4.06525380e-04	2	9.89595290e-03	5.11851390e-04	2	false	GAMG	5.55406930e-03	3.43868300e-04	1	true
0.304           	smoothSolver	7.87457790e-03	4.03023760e-04	2	9.86886740e-03	5.05763690e-04	2	false	GAMG	7.25424490e-03	4.37285360e-04	1	true
0.3045          	smoothSolver	7.85319610e-03	4.02064200e-04	2	9.83380160e-03	5.02477770e-04	2	false	GAMG	5.01586810e-03	3.34760090e-04	1	true
0.305           	smoothSolver	7.85719960e-03	4.02733770e-04	2	9.81962850e-03	5.05729710e-04	2	false	GAMG	7.91095950e-03	5.49001670e-04	1	true
0.3055          	smoothSolver	7.83323830e-03	4.01005240e-04	2	9.77949330e-03	5.06115970e-04	2	false	GAMG	5.24886840e-03	3.48064230e-04	1	true
0.306           	smoothSolver	7.83905570e-03	4.01181230e-04	2	9.76029680e-03	5.05306270e-04	2	false	GAMG	6.17884290e-03	3.81786300e-04	1	true
0.3065          	smoothSolver	7.82931770e-03	3.97931470e-04	2	9.73128850e-03	5.03467080e-04	2	false	GAMG	1.02547830e-02	5.10834740e-04	1	true
0.307           	smoothSolver	7.83170650e-03	3.96886080e-04	2	9.71168430e-03	5.02743290e-04	2	false	GAMG	6.08838920e-03	4.60988540e-04	1	true
0.3075          	smoothSolver	7.82952640e-03	3.93288080e-04	2	9.68036600e-03	4.99463600e-04	2	false	GAMG	7.34548830e-03	5.12148230e-04	1	true
0.308           	smoothSolver	7.82062320e-03	3.91840640e-04	2	9.64404300e-03	4.97535310e-04	2	false	GAMG	9.72816120e-03	6.66642440e-04	1	true
0.3085          	smoothSolver	7.82272300e-03	3.91244360e-04	2	9.62647960e-03	4.90599780e-04	2	false	GAMG	7.75029110e-03	5.13458890e-04	1	true
0.309           	smoothSolver	7.81332060e-03	3.91691430e-04	2	9.59476880e-03	4.85622180e-04	2	false	GAMG	9.73331280e-03	6.43569360e-04	1	true
0.3095          	smoothSolver	7.81337490e-03	3.90830590e-04	2	9.58110260e-03	4.83860540e-04	2	false	GAMG	1.11768300e-02	7.60156110e-04	1	true
0.31            	smoothSolver	7.79786060e-03	3.89854410e-04	2	9.55731220e-03	4.85990150e-04	2	false	GAMG	1.01695350e-02	7.00691750e-04	1	true
0.3105          	smoothSolver	7.80145190e-03	3.90531780e-04	2	9.54672570e-03	4.86506100e-04	2	false	GAMG	1.58547630e-02	1.04100040e-03	1	true
0.311           	smoothSolver	7.78279200e-03	3.87774510e-04	2	9.51712700e-03	4.88824960e-04	2	false	GAMG	9.45689500e-03	6.68543400e-04	1	true
0.3115          	smoothSolver	7.78186910e-03	3.90103700e-04	2	9.50133440e-03	4.88647470e-04	2	false	GAMG	1.65724320e-02	1.12859160e-03	1	true
0.312           	smoothSolver	7.78169470e-03	3.87314690e-04	2	9.48904020e-03	4.83993910e-04	2	false	GAMG	8.42670120e-03	5.34490990e-04	1	true
0.3125          	smoothSolver	7.77925050e-03	3.89224380e-04	2	9.47039400e-03	4.80557630e-04	2	false	GAMG	1.34906430e-02	9.32897120e-04	1	true
0.313           	smoothSolver	7.77567720e-03	3.89534400e-04	2	9.45462230e-03	4.78898380e-04	2	false	GAMG	1.15555150e-02	8.57919280e-04	1	true
0.3135          	smoothSolver	7.78590180e-03	3.91732580e-04	2	9.44150840e-03	4.75920830e-04	2	false	GAMG	1.11403410e-02	7.84036550e-04	1	true
0.314           	smoothSolver	7.77590140e-03	3.93439930e-04	2	9.42099970e-03	4.73779260e-04	2	false	GAMG	1.28929430e-02	7.47528410e-04	1	true
0.3145          	smoothSolver	7.79836780e-03	3.95403750e-04	2	9.40483460e-03	4.70945200e-04	2	false	GAMG	1.23491770e-02	8.44358570e-04	1	true
0.315           	smoothSolver	7.77315410e-03	3.94814410e-04	2	9.38227500e-03	4.74030680e-04	2	false	GAMG	1.41084530e-02	9.17431760e-04	1	true
0.3155          	smoothSolver	7.76750430e-03	3.96393120e-04	2	9.37900620e-03	4.74433180e-04	2	false	GAMG	1.29779730e-02	9.00849660e-04	1	true
0.316           	smoothSolver	7.74199490e-03	3.97370930e-04	2	9.34817860e-03	4.70573640e-04	2	false	GAMG	1.68261930e-01	7.63540270e-04	1	true
0.3165          	smoothSolver	7.75338770e-03	3.99382020e-04	2	9.35405360e-03	4.69956030e-04	2	false	GAMG	1.02086170e-02	6.29950430e-04	1	true
0.317           	smoothSolver	7.72135160e-03	3.96880690e-04	2	9.30423620e-03	4.66226260e-04	2	false	GAMG	1.67164370e-02	1.10299210e-03	1	true
0.3175          	smoothSolver	7.71308690e-03	3.96580610e-04	2	9.26128330e-03	4.64137180e-04	2	false	GAMG	2.31683900e-02	1.10401240e-03	1	true
0.318           	smoothSolver	7.72882590e-03	3.95523560e-04	2	9.24022550e-03	4.60523000e-04	2	false	GAMG	1.21444660e-02	8.93626200e-04	1	true
0.3185          	smoothSolver	7.69277770e-03	3.95303720e-04	2	9.16007970e-03	4.60786100e-04	2	false	GAMG	1.75437630e-02	1.14890860e-03	1	true
0.319           	smoothSolver	7.70074330e-03	3.97054510e-04	2	9.12627210e-03	4.61415650e-04	2	false	GAMG	1.25225880e-02	9.46453550e-04	1	true
0.3195          	smoothSolver	7.67501990e-03	3.97338990e-04	2	9.06796230e-03	4.61877440e-04	2	false	GAMG	1.62748310e-02	1.13241910e-03	1	true
0.32            	smoothSolver	7.67294320e-03	3.98417980e-04	2	9.02591440e-03	4.61243300e-04	2	false	GAMG	1.42927580e-02	9.39533550e-04	1	true
0.3205          	smoothSolver	7.63368970e-03	3.98365420e-04	2	8.97258590e-03	4.60656670e-04	2	false	GAMG	1.52646020e-02	1.10815830e-03	1	true
0.321           	smoothSolver	7.62598550e-03	4.00659810e-04	2	8.94416710e-03	4.60910890e-04	2	false	GAMG	1.23768850e-02	9.11784660e-04	1	true
0.3215          	smoothSolver	7.59429910e-03	3.99980250e-04	2	8.89255490e-03	4.63060980e-04	2	false	GAMG	2.12017540e-02	1.30958560e-03	1	true
0.322           	smoothSolver	7.58537060e-03	3.97089210e-04	2	8.86516180e-03	4.59889370e-04	2	false	GAMG	1.60867380e-02	1.24440450e-03	1	true
0.3225          	smoothSolver	7.54751320e-03	3.93426870e-04	2	8.80724440e-03	4.56097090e-04	2	false	GAMG	1.69803630e-02	1.10239170e-03	1	true
0.323           	smoothSolver	7.54885960e-03	3.90186420e-04	2	8.76596960e-03	4.51954120e-04	2	false	GAMG	1.58683180e-02	1.29688150e-03	1	true
0.3235          	smoothSolver	7.50522550e-03	3.86993130e-04	2	8.70895470e-03	4.51448180e-04	2	false	GAMG	2.06951900e-02	1.41028740e-03	1	true
0.324           	smoothSolver	7.50754390e-03	3.85888820e-04	2	8.66510330e-03	4.50771220e-04	2	false	GAMG	1.53088460e-02	1.15282400e-03	1	true
0.3245          	smoothSolver	7.47766260e-03	3.83434120e-04	2	8.61237630e-03	4.48148820e-04	2	false	GAMG	1.53598110e-02	9.79515240e-04	1	true
0.325           	smoothSolver	7.47436430e-03	3.81895760e-04	2	8.56684600e-03	4.44755750e-04	2	false	GAMG	2.17838800e-02	1.27465450e-03	1	true
0.3255          	smoothSolver	7.46138860e-03	3.83483770e-04	2	8.54076800e-03	4.49099310e-04	2	false	GAMG	1.65699910e-02	1.04793610e-03	1	true
0.326           	smoothSolver	7.43445260e-03	3.80562420e-04	2	8.49896070e-03	4.46004260e-04	2	false	GAMG	1.44057030e-02	9.64180820e-04	1	true
0.3265          	smoothSolver	7.39491910e-03	3.75438580e-04	2	8.45563870e-03	4.40757310e-04	2	false	GAMG	1.13355250e-02	7.32257000e-04	1	true
0.327           	smoothSolver	7.39722850e-03	3.73795910e-04	2	8.43078540e-03	4.37493860e-04	2	false	GAMG	1.48625900e-02	1.04990150e-03	1	true
0.3275          	smoothSolver	7.36409110e-03	3.70232380e-04	2	8.38325460e-03	4.35329410e-04	2	false	GAMG	9.54002090e-03	5.08416220e-04	1	true
0.328           	smoothSolver	7.36428750e-03	3.69124220e-04	2	8.33397200e-03	4.32336110e-04	2	false	GAMG	1.53041120e-02	8.19215200e-04	1	true
0.3285          	smoothSolver	7.34940050e-03	3.69991130e-04	2	8.29250310e-03	4.28808560e-04	2	false	GAMG	1.19941030e-02	6.90352420e-04	1	true
0.329           	smoothSolver	7.34602850e-03	3.71240490e-04	2	8.25819050e-03	4.28279830e-04	2	false	GAMG	8.33569770e-03	5.32732490e-04	1	true
0.3295          	smoothSolver	7.32566240e-03	3.70577680e-04	2	8.22760440e-03	4.27604680e-04	2	false	GAMG	1.14027170e-02	7.59483200e-04	1	true
0.33            	smoothSolver	7.32913790e-03	3.70543870e-04	2	8.21132000e-03	4.26372950e-04	2	false	GAMG	9.66634210e-03	6.88600360e-04	1	true
0.3305          	smoothSolver	7.28273700e-03	3.67978830e-04	2	8.18078720e-03	4.22141290e-04	2	false	GAMG	7.90064190e-03	5.37101690e-04	1	true
0.331           	smoothSolver	7.28475610e-03	3.67664760e-04	2	8.16879480e-03	4.21352310e-04	2	false	GAMG	6.67159580e-03	5.09311590e-04	1	true
0.3315          	smoothSolver	7.25897840e-03	3.64383300e-04	2	8.13521990e-03	4.19907340e-04	2	false	GAMG	7.21613150e-03	5.00984400e-04	1	true
0.332           	smoothSolver	7.27692790e-03	3.66404320e-04	2	8.12038280e-03	4.18480190e-04	2	false	GAMG	7.79204460e-03	5.39711290e-04	1	true
0.3325          	smoothSolver	7.27159970e-03	3.63815990e-04	2	8.10103740e-03	4.17357280e-04	2	false	GAMG	9.46508620e-03	5.78530530e-04	1	true
0.333           	smoothSolver	7.28125850e-03	3.67018280e-04	2	8.09252430e-03	4.17362920e-04	2	false	GAMG	8.89429890e-03	5.69230600e-04	1	true
0.3335          	smoothSolver	7.29788150e-03	3.65592260e-04	2	8.08524500e-03	4.16289900e-04	2	false	GAMG	8.02128950e-03	5.29003200e-04	1	true
0.334           	smoothSolver	7.28598210e-03	3.67095930e-04	2	8.05875100e-03	4.15095040e-04	2	false	GAMG	1.08558170e-02	7.09963050e-04	1	true
0.3345          	smoothSolver	7.30087370e-03	3.65154010e-04	2	8.06590040e-03	4.13674880e-04	2	false	GAMG	7.54376420e-03	5.03293160e-04	1	true
0.335           	smoothSolver	7.28682940e-03	3.63326240e-04	2	8.05720300e-03	4.10540490e-04	2	false	GAMG	1.15957020e-02	8.22372960e-04	1	true
0.3355          	smoothSolver	7.28190350e-03	3.64858670e-04	2	8.04895880e-03	4.10078650e-04	2	false	GAMG	1.20903020e-02	7.94192590e-04	1	true
0.336           	smoothSolver	7.25637490e-03	3.62569800e-04	2	8.03271010e-03	4.08868990e-04	2	false	GAMG	1.11214510e-02	7.45392060e-04	1	true
0.3365          	smoothSolver	7.26024070e-03	3.63821760e-04	2	8.03359040e-03	4.08320630e-04	2	false	GAMG	1.15152480e-02	6.74715170e-04	1	true
0.337           	smoothSolver	7.22893680e-03	3.61111930e-04	2	8.01859310e-03	4.07717050e-04	2	false	GAMG	1.14279900e-02	7.55477390e-04	1	true
0.3375          	smoothSolver	7.23407350e-03	3.63497490e-04	2	8.01432440e-03	4.08178660e-04	2	false	GAMG	1.21951510e-02	8.13070160e-04	1	true
0.338           	smoothSolver	7.21697490e-03	3.61355700e-04	2	7.99647850e-03	4.06877380e-04	2	false	GAMG	1.01180450e-02	6.71265190e-04	1	true
0.3385          	smoothSolver	7.21243770e-03	3.59569030e-04	2	7.98743530e-03	4.04157580e-04	2	false	GAMG	9.19236380e-03	6.08354730e-04	1	true
0.339           	smoothSolver	7.19112950e-03	3.57301030e-04	2	7.98509810e-03	4.03807470e-04	2	false	GAMG	1.14929910e-02	7.66705920e-04	1	true
0.3395          	smoothSolver	7.19995380e-03	3.59401260e-04	2	7.98181720e-03	4.02099310e-04	2	false	GAMG	1.14130880e-02	7.40104330e-04	1	true
0.34            	smoothSolver	7.16404340e-03	3.56575980e-04	2	7.94643690e-03	4.02897910e-04	2	false	GAMG	1.06132310e-02	6.67110510e-04	1	true
0.3405          	smoothSolver	7.16815440e-03	3.57688110e-04	2	7.96209380e-03	4.02506200e-04	2	false	GAMG	8.87860450e-03	6.04007610e-04	1	true
0.341           	smoothSolver	7.13538820e-03	3.60826350e-04	2	7.94340350e-03	3.99091010e-04	2	false	GAMG	1.30333440e-02	7.40105750e-04	1	true
0.3415          	smoothSolver	7.13178010e-03	3.60207280e-04	2	7.93642000e-03	3.96627210e-04	2	false	GAMG	9.54400590e-03	5.86242000e-04	1	true
0.342           	smoothSolver	7.08175290e-03	3.53230950e-04	2	7.88637390e-03	3.93508980e-04	2	false	GAMG	9.82106790e-03	5.69735670e-04	1	true
0.3425          	smoothSolver	7.07439830e-03	3.51692100e-04	2	7.85302600e-03	3.93637380e-04	2	false	GAMG	9.48426850e-03	6.06021520e-04	1	true
0.343           	smoothSolver	7.07943790e-03	3.56574010e-04	2	7.84233760e-03	3.91066380e-04	2	false	GAMG	9.76278820e-03	6.11323180e-04	1	true
0.3435          	smoothSolver	7.04616030e-03	3.54387240e-04	2	7.81352330e-03	3.86483900e-04	2	false	GAMG	1.42722940e-02	6.07634650e-04	1	true
0.344           	smoothSolver	7.05115220e-03	3.50102510e-04	2	7.78375850e-03	3.84940910e-04	2	false	GAMG	9.19225110e-03	5.51598040e-04	1	true
0.3445          	smoothSolver	7.03275040e-03	3.49025100e-04	2	7.76701100e-03	3.81652280e-04	2	false	GAMG	8.18553700e-03	4.96092340e-04	1	true
0.345           	smoothSolver	7.04080720e-03	3.52072480e-04	2	7.74475540e-03	3.76530860e-04	2	false	GAMG	9.43657050e-03	5.05245400e-04	1	true
0.3455          	smoothSolver	7.04508490e-03	3.54023450e-04	2	7.73670240e-03	3.76323680e-04	2	false	GAMG	1.01117940e-02	6.04957270e-04	1	true
0.346           	smoothSolver	7.04894780e-03	3.48203220e-04	2	7.69871810e-03	3.74696370e-04	2	false	GAMG	9.36195990e-03	4.71233100e-04	1	true
0.3465          	smoothSolver	7.05371490e-03	3.47518650e-04	2	7.67626940e-03	3.74067030e-04	2	false	GAMG	8.43234370e-03	5.17290150e-04	1	true
0.347           	smoothSolver	7.04477820e-03	3.47531800e-04	2	7.65152770e-03	3.70941650e-04	2	false	GAMG	7.51747290e-03	4.73380890e-04	1	true
0.3475          	smoothSolver	7.05091680e-03	3.48747870e-04	2	7.62497310e-03	3.66359680e-04	2	false	GAMG	5.74909260e-03	3.48043960e-04	1	true
0.348           	smoothSolver	7.06515750e-03	3.50484250e-04	2	7.59899630e-03	3.65537120e-04	2	false	GAMG	7.81175640e-03	4.45176960e-04	1	true
0.3485          	smoothSolver	7.06238920e-03	3.48297060e-04	2	7.56940230e-03	3.63892510e-04	2	false	GAMG	6.03084920e-03	3.99608960e-04	1	true
0.349           	smoothSolver	7.09944030e-03	3.52880870e-04	2	7.57115490e-03	3.62177810e-04	2	false	GAMG	6.73823390e-03	3.43782370e-04	1	true
0.3495          	smoothSolver	7.10059950e-03	3.49224580e-04	2	7.54379300e-03	3.59926310e-04	2	false	GAMG	1.15595420e-02	5.90490370e-04	1	true
0.35            	smoothSolver	7.13856710e-03	3.57194930e-04	2	7.55850620e-03	3.60499370e-04	2	false	GAMG	9.27572460e-03	5.89016290e-04	1	true
0.3505          	smoothSolver	7.11835160e-03	3.50659650e-04	2	7.50723360e-03	3.58038790e-04	2	false	GAMG	1.19833410e-02	7.40780230e-04	1	true
0.351           	smoothSolver	7.15048810e-03	3.50570410e-04	2	7.47412190e-03	3.57482190e-04	2	false	GAMG	9.08549450e-03	5.43880800e-04	1	true
0.3515          	smoothSolver	7.18367550e-03	3.47757120e-04	2	7.46856660e-03	3.55118360e-04	2	false	GAMG	1.17969890e-02	8.22761300e-04	1	true
0.352           	smoothSolver	7.19193500e-03	3.47356570e-04	2	7.42828360e-03	3.49446290e-04	2	false	GAMG	1.30739910e-02	8.10038870e-04	1	true
0.3525          	smoothSolver	7.21070930e-03	3.47019000e-04	2	7.40188200e-03	3.46813780e-04	2	false	GAMG	1.40454810e-02	9.78992620e-04	1	true
0.353           	smoothSolver	7.20183750e-03	3.48400490e-04	2	7.36714390e-03	3.46032230e-04	2	false	GAMG	2.01427980e-02	1.40652390e-03	1	true
0.3535          	smoothSolver	7.18358540e-03	3.49033720e-04	2	7.34818730e-03	3.46207920e-04	2	false	GAMG	2.18181050e-02	1.49259420e-03	1	true
0.354           	smoothSolver	7.19047350e-03	3.48607420e-04	2	7.32597520e-03	3.47604360e-04	2	false	GAMG	1.56313200e-02	1.02469090e-03	1	true
0.3545          	smoothSolver	7.17331680e-03	3.48834800e-04	2	7.30067410e-03	3.44008540e-04	2	false	GAMG	2.12997250e-02	1.36523450e-03	1	true
0.355           	smoothSolver	7.15761860e-03	3.48722750e-04	2	7.27147350e-03	3.45302280e-04	2	false	GAMG	1.98658950e-02	1.11762430e-03	1	true
0.3555          	smoothSolver	7.14792350e-03	3.51773970e-04	2	7.25330180e-03	3.47673340e-04	2	false	GAMG	1.71965440e-02	1.00408460e-03	1	true
0.356           	smoothSolver	7.15826400e-03	3.49453690e-04	2	7.22407460e-03	3.42282110e-04	2	false	GAMG	1.58904720e-02	1.10036390e-03	1	true
0.3565          	smoothSolver	7.12299520e-03	3.48710830e-04	2	7.19599240e-03	3.42602270e-04	2	false	GAMG	3.79735250e-02	1.30977960e-03	1	true
0.357           	smoothSolver	7.13050950e-03	3.53945940e-04	2	7.17551750e-03	3.44378680e-04	2	false	GAMG	2.14917240e-02	1.48909770e-03	1	true
0.3575          	smoothSolver	7.14636840e-03	3.52158900e-04	2	7.16271290e-03	3.41453630e-04	2	false	GAMG	2.38494610e-02	1.54718800e-03	1	true
0.358           	smoothSolver	7.11456670e-03	3.49375900e-04	2	7.13576070e-03	3.41411010e-04	2	false	GAMG	3.26964390e-02	7.58391900e-04	1	true
0.3585          	smoothSolver	7.09132590e-03	3.49976030e-04	2	7.11059440e-03	3.40570090e-04	2	false	GAMG	2.38245810e-02	1.14651800e-03	1	true
0.359           	smoothSolver	7.10843730e-03	3.50648660e-04	2	7.10074560e-03	3.40339800e-04	2	false	GAMG	3.33250150e-02	1.79102750e-03	1	true
0.3595          	smoothSolver	7.09637480e-03	3.50506300e-04	2	7.09440240e-03	3.40228860e-04	2	false	GAMG	2.37614850e-02	1.66356990e-03	1	true
0.36            	smoothSolver	7.09978490e-03	3.52606120e-04	2	7.07870690e-03	3.37242650e-04	2	false	GAMG	1.45122430e-02	1.00536210e-03	1	true
0.3605          	smoothSolver	7.09167860e-03	3.51116840e-04	2	7.06293670e-03	3.39223810e-04	2	false	GAMG	2.79434610e-02	1.26431510e-03	1	true
0.361           	smoothSolver	7.16636830e-03	3.54405510e-04	2	7.10941630e-03	3.42756040e-04	2	false	GAMG	9.45458120e-02	1.01266410e-03	1	true
0.3615          	smoothSolver	7.15951580e-03	3.52414380e-04	2	7.10271020e-03	3.39880880e-04	2	false	GAMG	2.39526080e-02	1.54352990e-03	1	true
0.362           	smoothSolver	7.13953930e-03	3.57583410e-04	2	7.08827580e-03	3.43937100e-04	2	false	GAMG	2.25064560e-02	1.40326080e-03	1	true
0.3625          	smoothSolver	7.13739960e-03	3.58210880e-04	2	7.10385880e-03	3.45394600e-04	2	false	GAMG	2.06393160e-02	1.35905810e-03	1	true
0.363           	smoothSolver	7.13864730e-03	3.51634870e-04	2	7.08216010e-03	3.41369950e-04	2	false	GAMG	1.85515470e-02	1.23796040e-03	1	true
0.3635          	smoothSolver	7.12408260e-03	3.54810240e-04	2	7.08811940e-03	3.40152220e-04	2	false	GAMG	2.19586940e-02	1.46814240e-03	1	true
0.364           	smoothSolver	7.10396260e-03	3.50949810e-04	2	7.07603730e-03	3.40758100e-04	2	false	GAMG	1.95452720e-02	1.17702050e-03	1	true
0.3645          	smoothSolver	7.13914580e-03	3.51702690e-04	2	7.11822260e-03	3.40636560e-04	2	false	GAMG	1.55266350e-02	5.66441400e-04	1	true
0.365           	smoothSolver	7.10976330e-03	3.51668130e-04	2	7.10093060e-03	3.39244930e-04	2	false	GAMG	3.94162130e-02	1.50678400e-03	1	true
0.3655          	smoothSolver	7.12389760e-03	3.52309650e-04	2	7.10956270e-03	3.43259970e-04	2	false	GAMG	8.67634160e-02	1.34101110e-03	1	true
0.366           	smoothSolver	7.09385430e-03	3.45925760e-04	2	7.09209600e-03	3.46415700e-04	2	false	GAMG	2.18194990e-02	1.26141180e-03	1	true
0.3665          	smoothSolver	7.08265590e-03	3.40154510e-04	2	7.11217100e-03	3.42948050e-04	2	false	GAMG	2.45064080e-02	1.61246420e-03	1	true
0.367           	smoothSolver	7.09750360e-03	3.47716130e-04	2	7.12992110e-03	3.44115070e-04	2	false	GAMG	3.18370460e-02	1.43611810e-03	1	true
0.3675          	smoothSolver	7.09354530e-03	3.52936530e-04	2	7.14232620e-03	3.52207440e-04	2	false	GAMG	2.47869930e-02	1.57513730e-03	1	true
0.368           	smoothSolver	7.08652060e-03	3.50570570e-04	2	7.19709660e-03	3.54691530e-04	2	false	GAMG	2.87652970e-02	1.81627720e-03	1	true
0.3685          	smoothSolver	6.98622910e-03	3.40546270e-04	2	7.17881250e-03	3.49143410e-04	2	false	GAMG	2.06328780e-02	1.29331060e-03	1	true
0.369           	smoothSolver	6.99262180e-03	3.53188330e-04	2	7.22446930e-03	3.58230310e-04	2	false	GAMG	1.84845620e-02	1.16667160e-03	1	true
0.3695          	smoothSolver	6.93665660e-03	3.47260430e-04	2	7.23717500e-03	3.52977950e-04	2	false	GAMG	2.09860170e-02	1.37484600e-03	1	true
0.37            	smoothSolver	6.94020920e-03	3.42375860e-04	2	7.25097290e-03	3.54839340e-04	2	false	GAMG	2.73372810e-02	1.70445810e-03	1	true
0.3705          	smoothSolver	6.88288560e-03	3.47008130e-04	2	7.27625210e-03	3.65042490e-04	2	false	GAMG	2.05372060e-02	1.42897870e-03	1	true
0.371           	smoothSolver	6.88732010e-03	3.45282960e-04	2	7.27167950e-03	3.60226280e-04	2	false	GAMG	3.83446330e-02	2.63612200e-03	1	true
0.3715          	smoothSolver	6.85085980e-03	3.39151600e-04	2	7.30439040e-03	3.62033680e-04	2	false	GAMG	3.14993320e-02	2.16015370e-03	1	true
0.372           	smoothSolver	6.86946020e-03	3.43005990e-04	2	7.32685390e-03	3.70074610e-04	2	false	GAMG	2.47344900e-02	1.72629560e-03	1	true
0.3725          	smoothSolver	6.83951220e-03	3.39327340e-04	2	7.33463060e-03	3.66010910e-04	2	false	GAMG	1.71123860e-02	1.10278140e-03	1	true
0.373           	smoothSolver	6.84276090e-03	3.43327090e-04	2	7.37372620e-03	3.72164660e-04	2	false	GAMG	4.06011850e-02	2.54592530e-03	1	true
0.3735          	smoothSolver	6.82642990e-03	3.36413020e-04	2	7.39739170e-03	3.76440050e-04	2	false	GAMG	3.24866080e-02	2.32217460e-03	1	true
0.374           	smoothSolver	6.81542730e-03	3.33300930e-04	2	7.42109070e-03	3.74443400e-04	2	false	GAMG	4.84413420e-02	3.31935760e-03	1	true
0.3745          	smoothSolver	6.82018790e-03	3.44341560e-04	2	7.47878600e-03	3.84048420e-04	2	false	GAMG	3.92335380e-02	2.78655820e-03	1	true
0.375           	smoothSolver	6.78065110e-03	3.36234310e-04	2	7.48498910e-03	3.79415630e-04	2	false	GAMG	3.72320200e-02	2.63735410e-03	1	true
0.3755          	smoothSolver	6.80206920e-03	3.38455650e-04	2	7.52834660e-03	3.86299200e-04	2	false	GAMG	4.29350550e-02	3.17674940e-03	1	true
0.376           	smoothSolver	6.76801920e-03	3.31179700e-04	2	7.53028190e-03	3.84628700e-04	2	false	GAMG	3.91251810e-02	2.94557630e-03	1	true
0.3765          	smoothSolver	6.77900940e-03	3.29538460e-04	2	7.55931410e-03	3.80720380e-04	2	false	GAMG	2.86374690e-02	2.15726030e-03	1	true
0.377           	smoothSolver	6.75260980e-03	3.32191670e-04	2	7.57317440e-03	3.82358900e-04	2	false	GAMG	3.99101210e-02	2.92630970e-03	1	true
0.3775          	smoothSolver	6.76855210e-03	3.30123250e-04	2	7.60964250e-03	3.79246000e-04	2	false	GAMG	3.14124400e-02	2.48195160e-03	1	true
0.378           	smoothSolver	6.76461650e-03	3.32170310e-04	2	7.63673860e-03	3.82129100e-04	2	false	GAMG	2.27559330e-02	1.67159870e-03	1	true
0.3785          	smoothSolver	6.76883320e-03	3.28957040e-04	2	7.67298460e-03	3.78570730e-04	2	false	GAMG	3.83841460e-02	2.36028380e-03	1	true
0.379           	smoothSolver	6.79756300e-03	3.33372540e-04	2	7.71529400e-03	3.84974440e-04	2	false	GAMG	2.44829630e-02	1.94805010e-03	1	true
0.3795          	smoothSolver	6.76435720e-03	3.22584580e-04	2	7.70159890e-03	3.83932630e-04	2	false	GAMG	1.77858830e-02	1.37883060e-03	1	true
0.38            	smoothSolver	6.74267170e-03	3.19938120e-04	2	7.74407460e-03	3.86371220e-04	2	false	GAMG	2.09357630e-02	1.85605870e-03	1	true
0.3805          	smoothSolver	6.74059860e-03	3.10646280e-04	2	7.76893160e-03	3.79734870e-04	2	false	GAMG	2.31555490e-02	1.87699970e-03	1	true
0.381           	smoothSolver	6.73823470e-03	3.13268170e-04	2	7.79343820e-03	3.84531040e-04	2	false	GAMG	3.03382570e-02	2.39275280e-03	1	true
0.3815          	smoothSolver	6.73664040e-03	3.10489100e-04	2	7.82946750e-03	3.83579750e-04	2	false	GAMG	3.03396190e-02	2.37711190e-03	1	true
0.382           	smoothSolver	6.71412580e-03	3.13283030e-04	2	7.84164300e-03	3.85283620e-04	2	false	GAMG	3.30206220e-02	2.69483830e-03	1	true
0.3825          	smoothSolver	6.70603960e-03	3.13196910e-04	2	7.87659500e-03	3.88278330e-04	2	false	GAMG	3.64309860e-02	3.11255650e-03	1	true
0.383           	smoothSolver	6.69999560e-03	3.12393440e-04	2	7.91243430e-03	3.85539420e-04	2	false	GAMG	4.20948550e-02	3.40778630e-03	1	true
0.3835          	smoothSolver	6.69767810e-03	3.16928700e-04	2	7.93226880e-03	3.90491430e-04	2	false	GAMG	5.90672730e-02	3.03302890e-03	1	true
0.384           	smoothSolver	6.68459160e-03	3.15915100e-04	2	7.95054800e-03	3.87822430e-04	2	false	GAMG	4.33193040e-02	3.87490450e-03	1	true
0.3845          	smoothSolver	6.67707950e-03	3.17894850e-04	2	7.97018860e-03	3.92181070e-04	2	false	GAMG	4.49487390e-02	3.79109830e-03	1	true
0.385           	smoothSolver	6.69057370e-03	3.17662910e-04	2	8.00335250e-03	3.90697290e-04	2	false	GAMG	4.99247760e-02	3.97797580e-03	1	true
0.3855          	smoothSolver	6.68036290e-03	3.15375930e-04	2	8.01035350e-03	3.88609180e-04	2	false	GAMG	5.28858060e-02	3.84228010e-03	1	true
0.386           	smoothSolver	6.68264150e-03	3.14497590e-04	2	8.02002750e-03	3.92398590e-04	2	false	GAMG	5.04693680e-02	4.15757620e-03	1	true
0.3865          	smoothSolver	6.68136340e-03	3.14666170e-04	2	8.01868220e-03	3.91101640e-04	2	false	GAMG	4.30028290e-02	3.67196100e-03	1	true
0.387           	smoothSolver	6.66256110e-03	3.13368150e-04	2	7.99208070e-03	3.89972640e-04	2	false	GAMG	4.19710360e-02	3.55283160e-03	1	true
0.3875          	smoothSolver	6.65728120e-03	3.11884730e-04	2	7.98718880e-03	3.90400610e-04	2	false	GAMG	5.28174830e-02	3.96675770e-03	1	true
0.388           	smoothSolver	6.68640080e-03	3.14098550e-04	2	7.99972130e-03	3.90273840e-04	2	false	GAMG	4.03721160e-02	3.14632090e-03	1	true
0.3885          	smoothSolver	6.66440040e-03	3.13353030e-04	2	7.96606230e-03	3.90589510e-04	2	false	GAMG	4.98820580e-02	3.46710130e-03	1	true
0.389           	smoothSolver	6.67245070e-03	3.14624170e-04	2	7.97205800e-03	3.89236120e-04	2	false	GAMG	4.69883100e-02	1.40890010e-03	1	true
0.3895          	smoothSolver	6.68031430e-03	3.14204860e-04	2	7.96929270e-03	3.85742420e-04	2	false	GAMG	3.06925270e-02	1.94503040e-03	1	true
0.39            	smoothSolver	6.67386550e-03	3.15579550e-04	2	7.95735400e-03	3.82748160e-04	2	false	GAMG	7.31850520e-02	2.72441780e-03	1	true
0.3905          	smoothSolver	6.69648810e-03	3.17095830e-04	2	7.97471700e-03	3.83079070e-04	2	false	GAMG	5.06902310e-02	2.86463320e-03	1	true
0.391           	smoothSolver	6.69675890e-03	3.16998810e-04	2	7.96912370e-03	3.88570300e-04	2	false	GAMG	2.81325200e-02	1.79650900e-03	1	true
0.3915          	smoothSolver	6.69953860e-03	3.15768010e-04	2	7.97587970e-03	3.95131730e-04	2	false	GAMG	2.18298600e-02	1.47265270e-03	1	true
0.392           	smoothSolver	6.69601790e-03	3.17270110e-04	2	7.98105120e-03	4.00784530e-04	2	false	GAMG	4.52193330e-02	3.29793580e-03	1	true
0.3925          	smoothSolver	6.69033560e-03	3.19177740e-04	2	7.97809990e-03	4.00827500e-04	2	false	GAMG	2.82213550e-02	1.61218930e-03	1	true
0.393           	smoothSolver	6.71425090e-03	3.22550550e-04	2	7.99789100e-03	4.04533210e-04	2	false	GAMG	3.68804770e-02	2.57396970e-03	1	true
0.3935          	smoothSolver	6.68274530e-03	3.22229410e-04	2	7.98911150e-03	4.01956180e-04	2	false	GAMG	3.15815890e-02	1.90183680e-03	1	true
0.394           	smoothSolver	6.71392990e-03	3.23639140e-04	2	8.04452520e-03	4.05887950e-04	2	false	GAMG	4.70227670e-02	3.28265790e-03	1	true
0.3945          	smoothSolver	6.69871900e-03	3.23480230e-04	2	8.03356230e-03	4.01973420e-04	2	false	GAMG	2.72435180e-02	1.79149590e-03	1	true
0.395           	smoothSolver	6.70316830e-03	3.22491480e-04	2	8.03548920e-03	3.98673500e-04	2	false	GAMG	4.37881850e-02	2.78856680e-03	1	true
0.3955          	smoothSolver	6.68684650e-03	3.21311480e-04	2	8.04161220e-03	3.98976980e-04	2	false	GAMG	4.46804270e-02	2.77853350e-03	1	true
0.396           	smoothSolver	6.69754600e-03	3.20944420e-04	2	8.05107520e-03	3.96919690e-04	2	false	GAMG	3.92721150e-02	1.70544160e-03	1	true
0.3965          	smoothSolver	6.69717870e-03	3.19226160e-04	2	8.05843960e-03	3.98442680e-04	2	false	GAMG	2.70593300e-02	1.56290770e-03	1	true
0.397           	smoothSolver	6.67946010e-03	3.16376160e-04	2	8.05251880e-03	3.98664910e-04	2	false	GAMG	2.21629580e-02	1.41704640e-03	1	true
0.3975          	smoothSolver	6.68798810e-03	3.14105140e-04	2	8.06415750e-03	3.98625300e-04	2	false	GAMG	4.30663530e-02	1.76440000e-03	1	true
0.398           	smoothSolver	6.69415210e-03	3.13436520e-04	2	8.03325470e-03	3.99511050e-04	2	false	GAMG	3.07227720e-02	1.67254060e-03	1	true
0.3985          	smoothSolver	6.70123130e-03	3.14832180e-04	2	8.02172450e-03	4.01228340e-04	2	false	GAMG	1.99682330e-02	9.08446140e-04	1	true
0.399           	smoothSolver	6.70045450e-03	3.13355890e-04	2	8.00602640e-03	3.99986270e-04	2	false	GAMG	2.38171120e-02	9.41920020e-04	1	true
0.3995          	smoothSolver	6.67923210e-03	3.14471370e-04	2	7.98471100e-03	3.99311270e-04	2	false	GAMG	1.68009470e-02	9.96822310e-04	1	true
0.4             	smoothSolver	6.69028440e-03	3.16258940e-04	2	7.98764350e-03	3.94917450e-04	2	false	GAMG	1.14746960e-02	6.43067540e-04	1	true
0.4005          	smoothSolver	6.68988160e-03	3.19120380e-04	2	7.95672430e-03	3.93531900e-04	2	false	GAMG	1.94562950e-02	8.73575070e-04	1	true
0.401           	smoothSolver	6.70353350e-03	3.18966590e-04	2	7.94162660e-03	3.89710050e-04	2	false	GAMG	1.28151030e-02	6.60725380e-04	1	true
0.4015          	smoothSolver	6.69792180e-03	3.17911570e-04	2	7.93537920e-03	3.89019690e-04	2	false	GAMG	1.57197370e-02	8.32806150e-04	1	true
0.402           	smoothSolver	6.70877970e-03	3.17825340e-04	2	7.93157910e-03	3.86735760e-04	2	false	GAMG	1.99887180e-02	6.02431640e-04	1	true
0.4025          	smoothSolver	6.71346250e-03	3.18230070e-04	2	7.91647070e-03	3.92295580e-04	2	false	GAMG	1.39816410e-02	7.99623200e-04	1	true
0.403           	smoothSolver	6.71033790e-03	3.18809700e-04	2	7.87697210e-03	3.91244270e-04	2	false	GAMG	8.78826650e-03	5.10851280e-04	1	true
0.4035          	smoothSolver	6.69492040e-03	3.20657350e-04	2	7.84330340e-03	3.95159430e-04	2	false	GAMG	1.62205710e-02	6.68140280e-04	1	true
0.404           	smoothSolver	6.70177920e-03	3.23047420e-04	2	7.82136100e-03	3.96063580e-04	2	false	GAMG	9.88339600e-03	5.28449810e-04	1	true
0.4045          	smoothSolver	6.69313250e-03	3.23279500e-04	2	7.81605240e-03	3.93089240e-04	2	false	GAMG	7.85284460e-03	4.61125740e-04	1	true
0.405           	smoothSolver	6.68630320e-03	3.24329070e-04	2	7.78177010e-03	3.87167630e-04	2	false	GAMG	1.26167180e-02	5.97308320e-04	1	true
0.4055          	smoothSolver	6.68072760e-03	3.25004270e-04	2	7.76460450e-03	3.85500830e-04	2	false	GAMG	1.10362590e-02	6.72976460e-04	1	true
0.406           	smoothSolver	6.68402760e-03	3.26315880e-04	2	7.75783150e-03	3.82998930e-04	2	false	GAMG	1.13668160e-02	6.55581880e-04	1	true
0.4065          	smoothSolver	6.68356690e-03	3.24506030e-04	2	7.74573420e-03	3.80526120e-04	2	false	GAMG	6.60415040e-03	3.27581930e-04	1	true
0.407           	smoothSolver	6.69108850e-03	3.24861460e-04	2	7.73830260e-03	3.78386140e-04	2	false	GAMG	7.29099110e-03	3.74746070e-04	1	true
0.4075          	smoothSolver	6.69407220e-03	3.24727080e-04	2	7.74000690e-03	3.78230160e-04	2	false	GAMG	7.05729330e-03	4.17272800e-04	1	true
0.408           	smoothSolver	6.70432220e-03	3.24431760e-04	2	7.73369970e-03	3.77064150e-04	2	false	GAMG	6.75690490e-03	3.45750840e-04	1	true
0.4085          	smoothSolver	6.70425300e-03	3.25427420e-04	2	7.71978560e-03	3.79539700e-04	2	false	GAMG	5.61354120e-03	3.32656490e-04	1	true
0.409           	smoothSolver	6.70759420e-03	3.25844840e-04	2	7.70511620e-03	3.78485820e-04	2	false	GAMG	8.26080780e-03	4.16827840e-04	1	true
0.4095          	smoothSolver	6.71408340e-03	3.27295360e-04	2	7.70022710e-03	3.79211650e-04	2	false	GAMG	4.47653170e-03	2.63366790e-04	1	true
0.41            	smoothSolver	6.71909600e-03	3.25965920e-04	2	7.68433820e-03	3.75448130e-04	2	false	GAMG	6.86115260e-03	3.93433040e-04	1	true
0.4105          	smoothSolver	6.72401760e-03	3.26105400e-04	2	7.67781260e-03	3.78699000e-04	2	false	GAMG	5.94290330e-03	3.36242920e-04	1	true
0.411           	smoothSolver	6.73142200e-03	3.24745660e-04	2	7.67127690e-03	3.74170170e-04	2	false	GAMG	3.43144220e-03	1.65914280e-04	1	true
0.4115          	smoothSolver	6.73705150e-03	3.25709360e-04	2	7.66928460e-03	3.81095240e-04	2	false	GAMG	5.96397620e-03	3.63208510e-04	1	true
0.412           	smoothSolver	6.74221800e-03	3.20944570e-04	2	7.66415960e-03	3.76681790e-04	2	false	GAMG	7.93638230e-03	4.55799130e-04	1	true
0.4125          	smoothSolver	6.74698370e-03	3.23198620e-04	2	7.64623130e-03	3.82660410e-04	2	false	GAMG	7.49860470e-03	4.68618830e-04	1	true
0.413           	smoothSolver	6.73511870e-03	3.19894660e-04	2	7.62754920e-03	3.78326580e-04	2	false	GAMG	7.12032060e-03	4.10007530e-04	1	true
0.4135          	smoothSolver	6.73147570e-03	3.20979930e-04	2	7.61952510e-03	3.79384200e-04	2	false	GAMG	7.08641230e-03	3.83713290e-04	1	true
0.414           	smoothSolver	6.74311230e-03	3.22645280e-04	2	7.60796340e-03	3.77468330e-04	2	false	GAMG	7.04125640e-03	3.58454150e-04	1	true
0.4145          	smoothSolver	6.73954120e-03	3.22241290e-04	2	7.60493460e-03	3.77240560e-04	2	false	GAMG	5.93071650e-03	3.19506930e-04	1	true
0.415           	smoothSolver	6.74301520e-03	3.20263660e-04	2	7.59554400e-03	3.76010490e-04	2	false	GAMG	5.60859910e-03	2.69325370e-04	1	true
0.4155          	smoothSolver	6.76704780e-03	3.28456450e-04	2	7.59818820e-03	3.81303190e-04	2	false	GAMG	6.28618970e-03	4.13921380e-04	1	true
0.416           	smoothSolver	6.77123600e-03	3.20347570e-04	2	7.57461420e-03	3.74307410e-04	2	false	GAMG	2.37086640e-03	1.28316300e-04	1	true
0.4165          	smoothSolver	6.77468030e-03	3.21401980e-04	2	7.55448040e-03	3.75223750e-04	2	false	GAMG	3.79422230e-03	2.08176620e-04	1	true
0.417           	smoothSolver	6.77625600e-03	3.25574560e-04	2	7.53766500e-03	3.74673750e-04	2	false	GAMG	5.29878510e-03	2.34283440e-04	1	true
0.4175          	smoothSolver	6.78190020e-03	3.28928200e-04	2	7.54128590e-03	3.79303440e-04	2	false	GAMG	5.12315200e-03	2.06539580e-04	1	true
0.418           	smoothSolver	6.77915130e-03	3.22282040e-04	2	7.52334070e-03	3.76235890e-04	2	false	GAMG	3.60389930e-03	1.72707320e-04	1	true
0.4185          	smoothSolver	6.76917980e-03	3.24055090e-04	2	7.50884830e-03	3.69564110e-04	2	false	GAMG	3.72465270e-03	2.09982810e-04	1	true
0.419           	smoothSolver	6.77150910e-03	3.25340750e-04	2	7.50009750e-03	3.71754390e-04	2	false	GAMG	4.36974670e-03	1.92216700e-04	1	true
0.4195          	smoothSolver	6.76697900e-03	3.23222280e-04	2	7.49829070e-03	3.68945010e-04	2	false	GAMG	4.90392140e-03	2.60976120e-04	1	true
0.42            	smoothSolver	6.75423010e-03	3.19829220e-04	2	7.49008460e-03	3.65729760e-04	2	false	GAMG	4.17322630e-03	2.48108220e-04	1	true
0.4205          	smoothSolver	6.75947740e-03	3.21901970e-04	2	7.50853750e-03	3.69642920e-04	2	false	GAMG	4.85714970e-03	1.97271490e-04	1	true
0.421           	smoothSolver	6.74581730e-03	3.16300730e-04	2	7.48696960e-03	3.62966920e-04	2	false	GAMG	3.72019870e-03	2.29371170e-04	1	true
0.4215          	smoothSolver	6.72629540e-03	3.19404500e-04	2	7.46492160e-03	3.62774890e-04	2	false	GAMG	3.38486940e-03	1.88843740e-04	1	true
0.422           	smoothSolver	6.70546960e-03	3.20494070e-04	2	7.45014940e-03	3.59853180e-04	2	false	GAMG	3.94644020e-03	2.29457950e-04	1	true
0.4225          	smoothSolver	6.68504530e-03	3.17776970e-04	2	7.42760180e-03	3.60194620e-04	2	false	GAMG	3.68148880e-03	1.98109350e-04	1	true
0.423           	smoothSolver	6.66812520e-03	3.16640080e-04	2	7.41377060e-03	3.61549230e-04	2	false	GAMG	3.90012910e-03	1.98091950e-04	1	true
0.4235          	smoothSolver	6.67231490e-03	3.15544340e-04	2	7.40000530e-03	3.63174880e-04	2	false	GAMG	2.52245260e-03	1.49176870e-04	1	true
0.424           	smoothSolver	6.65025810e-03	3.16395310e-04	2	7.37725570e-03	3.64035370e-04	2	false	GAMG	4.92151270e-03	2.57047780e-04	1	true
0.4245          	smoothSolver	6.64173470e-03	3.18394040e-04	2	7.36852460e-03	3.64717440e-04	2	false	GAMG	3.53053770e-03	2.04103810e-04	1	true
0.425           	smoothSolver	6.61875080e-03	3.12163910e-04	2	7.33975930e-03	3.61305840e-04	2	false	GAMG	2.76731660e-03	1.65619210e-04	1	true
0.4255          	smoothSolver	6.61201230e-03	3.15646800e-04	2	7.32651790e-03	3.63140350e-04	2	false	GAMG	3.64376030e-03	2.21694850e-04	1	true
0.426           	smoothSolver	6.58146730e-03	3.08949300e-04	2	7.30036360e-03	3.57004060e-04	2	false	GAMG	3.20994760e-03	1.96632840e-04	1	true
0.4265          	smoothSolver	6.54702350e-03	3.10135030e-04	2	7.29829000e-03	3.60052970e-04	2	false	GAMG	3.52602440e-03	2.10625840e-04	1	true
0.427           	smoothSolver	6.51178020e-03	3.05250380e-04	2	7.28213660e-03	3.55690710e-04	2	false	GAMG	2.89602240e-03	1.87167940e-04	1	true
0.4275          	smoothSolver	6.46743940e-03	3.05852790e-04	2	7.26328610e-03	3.58341950e-04	2	false	GAMG	3.26647430e-03	1.77745620e-04	1	true
0.428           	smoothSolver	6.43208170e-03	3.05649920e-04	2	7.26000260e-03	3.62973630e-04	2	false	GAMG	2.66615600e-03	1.70694140e-04	1	true
0.4285          	smoothSolver	6.40440560e-03	3.06969800e-04	2	7.26437120e-03	3.66798370e-04	2	false	GAMG	2.91054820e-03	1.62161240e-04	1	true
0.429           	smoothSolver	6.36875230e-03	3.02079310e-04	2	7.25548080e-03	3.60677520e-04	2	false	GAMG	3.54065190e-03	2.17873970e-04	1	true
0.4295          	smoothSolver	6.32139570e-03	3.01973170e-04	2	7.24750040e-03	3.56506450e-04	2	false	GAMG	2.50614300e-03	1.65347510e-04	1	true
0.43            	smoothSolver	6.28182520e-03	2.99620260e-04	2	7.22404090e-03	3.54660730e-04	2	false	GAMG	2.83286770e-03	1.72045640e-04	1	true
0.4305          	smoothSolver	6.24818700e-03	3.00141960e-04	2	7.19855250e-03	3.52993440e-04	2	false	GAMG	2.43825340e-03	1.54759770e-04	1	true
0.431           	smoothSolver	6.21700770e-03	2.96607690e-04	2	7.18068540e-03	3.50965890e-04	2	false	GAMG	3.07303330e-03	1.84533970e-04	1	true
0.4315          	smoothSolver	6.20152090e-03	2.99978660e-04	2	7.16804550e-03	3.55709900e-04	2	false	GAMG	3.00088980e-03	2.07433290e-04	1	true
0.432           	smoothSolver	6.15877990e-03	2.93062720e-04	2	7.14790600e-03	3.49456970e-04	2	false	GAMG	2.11744270e-03	1.27834900e-04	1	true
0.4325          	smoothSolver	6.11285170e-03	2.89717700e-04	2	7.12311320e-03	3.49420610e-04	2	false	GAMG	2.28796690e-03	1.35303750e-04	1	true
0.433           	smoothSolver	6.06898980e-03	2.83023120e-04	2	7.10708680e-03	3.47544640e-04	2	false	GAMG	2.98535490e-03	1.95181920e-04	1	true
0.4335          	smoothSolver	6.02414670e-03	2.81711540e-04	2	7.08685670e-03	3.42834120e-04	2	false	GAMG	2.98044360e-03	1.84133140e-04	1	true
0.434           	smoothSolver	5.98615010e-03	2.84000000e-04	2	7.06592680e-03	3.41306020e-04	2	false	GAMG	2.90162980e-03	1.77136620e-04	1	true
0.4345          	smoothSolver	5.94575000e-03	2.85338730e-04	2	7.04418420e-03	3.41044040e-04	2	false	GAMG	2.74781950e-03	1.69561890e-04	1	true
0.435           	smoothSolver	5.90676990e-03	2.85514390e-04	2	7.03087380e-03	3.41925620e-04	2	false	GAMG	2.07125140e-03	1.27082890e-04	1	true
0.4355          	smoothSolver	5.86569620e-03	2.80584160e-04	2	7.00710340e-03	3.39217110e-04	2	false	GAMG	2.42741540e-03	1.56288440e-04	1	true
0.436           	smoothSolver	5.84417920e-03	2.77790820e-04	2	7.00566080e-03	3.41718920e-04	2	false	GAMG	3.19267110e-03	1.72328140e-04	1	true
0.4365          	smoothSolver	5.80624740e-03	2.73606800e-04	2	6.98748160e-03	3.39185160e-04	2	false	GAMG	3.65570990e-03	1.99131440e-04	1	true
0.437           	smoothSolver	5.79568490e-03	2.77704190e-04	2	6.99162230e-03	3.43153840e-04	2	false	GAMG	2.89707980e-03	1.95886020e-04	1	true
0.4375          	smoothSolver	5.76738700e-03	2.76671470e-04	2	6.98353870e-03	3.42773820e-04	2	false	GAMG	2.76276360e-03	1.69973610e-04	1	true
0.438           	smoothSolver	5.75514700e-03	2.76857930e-04	2	6.97979470e-03	3.44250690e-04	2	false	GAMG	2.86234260e-03	1.73886470e-04	1	true
0.4385          	smoothSolver	5.74801450e-03	2.75641640e-04	2	6.98075380e-03	3.43844880e-04	2	false	GAMG	2.81051640e-03	1.66215200e-04	1	true
0.439           	smoothSolver	5.73943790e-03	2.73061540e-04	2	6.98746640e-03	3.42858730e-04	2	false	GAMG	3.72240000e-03	2.39532770e-04	1	true
0.4395          	smoothSolver	5.73569510e-03	2.69924830e-04	2	7.00712060e-03	3.44422410e-04	2	false	GAMG	4.61489230e-03	2.13019480e-04	1	true
0.44            	smoothSolver	5.72782790e-03	2.69649440e-04	2	7.01850790e-03	3.44500160e-04	2	false	GAMG	4.23777940e-03	2.28972150e-04	1	true
0.4405          	smoothSolver	5.72490840e-03	2.71108180e-04	2	7.04474210e-03	3.44492340e-04	2	false	GAMG	4.09739500e-03	1.82491580e-04	1	true
0.441           	smoothSolver	5.72991510e-03	2.71171140e-04	2	7.06831680e-03	3.44537930e-04	2	false	GAMG	3.57811930e-03	2.12564720e-04	1	true
0.4415          	smoothSolver	5.73204790e-03	2.70391830e-04	2	7.09871720e-03	3.40296910e-04	2	false	GAMG	3.60470370e-03	2.21581790e-04	1	true
0.442           	smoothSolver	5.73694090e-03	2.70883900e-04	2	7.12407990e-03	3.41426050e-04	2	false	GAMG	4.02024990e-03	1.91213870e-04	1	true
0.4425          	smoothSolver	5.74797810e-03	2.69856010e-04	2	7.14959560e-03	3.39319460e-04	2	false	GAMG	2.76346330e-03	1.67683920e-04	1	true
0.443           	smoothSolver	5.75386660e-03	2.71179400e-04	2	7.16996510e-03	3.37214110e-04	2	false	GAMG	2.67475960e-03	1.65512450e-04	1	true
0.4435          	smoothSolver	5.75442080e-03	2.70459900e-04	2	7.18736970e-03	3.33824480e-04	2	false	GAMG	3.43045970e-03	1.39784750e-04	1	true
0.444           	smoothSolver	5.76561590e-03	2.71589790e-04	2	7.20995370e-03	3.36919830e-04	2	false	GAMG	4.51584660e-03	2.20028690e-04	1	true
0.4445          	smoothSolver	5.76918310e-03	2.71469800e-04	2	7.22865830e-03	3.38123370e-04	2	false	GAMG	4.07840260e-03	1.88144550e-04	1	true
0.445           	smoothSolver	5.77189780e-03	2.69145740e-04	2	7.24625430e-03	3.36077300e-04	2	false	GAMG	3.09147210e-03	1.93942260e-04	1	true
0.4455          	smoothSolver	5.77946400e-03	2.67261560e-04	2	7.26869410e-03	3.38010490e-04	2	false	GAMG	3.26606190e-03	1.88887040e-04	1	true
0.446           	smoothSolver	5.78891370e-03	2.66362780e-04	2	7.30390710e-03	3.40214060e-04	2	false	GAMG	2.61670790e-03	1.53332550e-04	1	true
0.4465          	smoothSolver	5.78829290e-03	2.70033240e-04	2	7.32973430e-03	3.45132560e-04	2	false	GAMG	3.10651040e-03	1.87541470e-04	1	true
0.447           	smoothSolver	5.78364500e-03	2.71970770e-04	2	7.35945420e-03	3.54596820e-04	2	false	GAMG	3.49820710e-03	2.09694850e-04	1	true
0.4475          	smoothSolver	5.78490540e-03	2.73904500e-04	2	7.38291390e-03	3.60989770e-04	2	false	GAMG	3.63368200e-03	2.13821330e-04	1	true
0.448           	smoothSolver	5.79255150e-03	2.77615650e-04	2	7.40687980e-03	3.70322820e-04	2	false	GAMG	4.15748780e-03	2.33586400e-04	1	true
0.4485          	smoothSolver	5.79214170e-03	2.77740460e-04	2	7.43809070e-03	3.73617290e-04	2	false	GAMG	4.22965350e-03	2.28489880e-04	1	true
0.449           	smoothSolver	5.78877090e-03	2.77671560e-04	2	7.46139130e-03	3.77833360e-04	2	false	GAMG	3.49610640e-03	2.06345080e-04	1	true
0.4495          	smoothSolver	5.79139380e-03	2.76263660e-04	2	7.50054000e-03	3.80077490e-04	2	false	GAMG	4.12376110e-03	2.45669100e-04	1	true
0.45            	smoothSolver	5.78787400e-03	2.76768250e-04	2	7.53561080e-03	3.82125860e-04	2	false	GAMG	5.15636610e-03	2.78047080e-04	1	true
0.4505          	smoothSolver	5.79813020e-03	2.76925480e-04	2	7.55993760e-03	3.82990730e-04	2	false	GAMG	3.82271860e-03	1.98301640e-04	1	true
0.451           	smoothSolver	5.80426900e-03	2.80456800e-04	2	7.59624320e-03	3.84194330e-04	2	false	GAMG	3.85556640e-03	2.20332680e-04	1	true
0.4515          	smoothSolver	5.81433240e-03	2.82156560e-04	2	7.62352130e-03	3.88614590e-04	2	false	GAMG	5.05115510e-03	2.46456620e-04	1	true
0.452           	smoothSolver	5.83010090e-03	2.83705200e-04	2	7.65613060e-03	3.87384890e-04	2	false	GAMG	4.85317000e-03	2.84560800e-04	1	true
0.4525          	smoothSolver	5.84291090e-03	2.85484090e-04	2	7.67961110e-03	3.88747200e-04	2	false	GAMG	4.19036210e-03	2.39610890e-04	1	true
0.453           	smoothSolver	5.85241640e-03	2.84431530e-04	2	7.70904510e-03	3.89117000e-04	2	false	GAMG	5.57725310e-03	2.64952650e-04	1	true
0.4535          	smoothSolver	5.86639580e-03	2.84411900e-04	2	7.72858310e-03	3.91927140e-04	2	false	GAMG	5.55316990e-03	3.30317100e-04	1	true
0.454           	smoothSolver	5.87453730e-03	2.86328610e-04	2	7.75539080e-03	3.96232990e-04	2	false	GAMG	6.00037250e-03	3.38697710e-04	1	true
0.4545          	smoothSolver	5.89069350e-03	2.86608180e-04	2	7.77529550e-03	3.99044320e-04	2	false	GAMG	5.15933750e-03	2.87020240e-04	1	true
0.455           	smoothSolver	5.91945870e-03	2.92618190e-04	2	7.79371440e-03	4.07636710e-04	2	false	GAMG	4.62249760e-03	2.50307440e-04	1	true
0.4555          	smoothSolver	5.93670040e-03	2.92131510e-04	2	7.80472040e-03	4.13355530e-04	2	false	GAMG	5.16323060e-03	2.84866790e-04	1	true
0.456           	smoothSolver	5.94513360e-03	2.89517600e-04	2	7.80298360e-03	4.13560550e-04	2	false	GAMG	6.25514100e-03	3.47858530e-04	1	true
0.4565          	smoothSolver	5.96507100e-03	2.90125130e-04	2	7.80265770e-03	4.15213300e-04	2	false	GAMG	4.14502640e-03	2.29433130e-04	1	true
0.457           	smoothSolver	5.98304310e-03	2.88895860e-04	2	7.79332610e-03	4.11096990e-04	2	false	GAMG	5.09818220e-03	2.93356720e-04	1	true
0.4575          	smoothSolver	5.98664980e-03	2.95065090e-04	2	7.77672950e-03	4.14670390e-04	2	false	GAMG	6.34549310e-03	3.45216670e-04	1	true
0.458           	smoothSolver	6.00872070e-03	2.97699960e-04	2	7.78937970e-03	4.21074950e-04	2	false	GAMG	7.31336670e-03	4.13756310e-04	1	true
0.4585          	smoothSolver	6.03437520e-03	3.03843910e-04	2	7.77469430e-03	4.25611600e-04	2	false	GAMG	5.55454590e-03	3.25270540e-04	1	true
0.459           	smoothSolver	6.04857400e-03	3.04589290e-04	2	7.75680380e-03	4.20646130e-04	2	false	GAMG	6.45311330e-03	3.53783310e-04	1	true
0.4595          	smoothSolver	6.05128400e-03	3.05340030e-04	2	7.74131910e-03	4.20835300e-04	2	false	GAMG	5.55155770e-03	3.28613890e-04	1	true
0.46            	smoothSolver	6.06525770e-03	3.03605740e-04	2	7.73448260e-03	4.14271240e-04	2	false	GAMG	7.14705500e-03	4.31829600e-04	1	true
0.4605          	smoothSolver	6.05749340e-03	3.04038810e-04	2	7.70189610e-03	4.12561800e-04	2	false	GAMG	7.62342430e-03	4.58653130e-04	1	true
0.461           	smoothSolver	6.05763960e-03	3.11242740e-04	2	7.66499500e-03	4.16528200e-04	2	false	GAMG	7.73789890e-03	4.58820740e-04	1	true
0.4615          	smoothSolver	6.05455910e-03	3.10608780e-04	2	7.63216600e-03	4.14735120e-04	2	false	GAMG	4.87274330e-03	2.82854110e-04	1	true
0.462           	smoothSolver	6.05112350e-03	3.10428540e-04	2	7.58128000e-03	4.08457740e-04	2	false	GAMG	6.72563800e-03	3.89210240e-04	1	true
0.4625          	smoothSolver	6.04481660e-03	3.15329950e-04	2	7.54955830e-03	4.08098360e-04	2	false	GAMG	6.76469000e-03	4.29602950e-04	1	true
0.463           	smoothSolver	6.04207740e-03	3.18002290e-04	2	7.50924240e-03	4.10139510e-04	2	false	GAMG	7.40834510e-03	4.49671930e-04	1	true
0.4635          	smoothSolver	6.03517010e-03	3.12318000e-04	2	7.44059300e-03	4.02469870e-04	2	false	GAMG	5.26291670e-03	3.14851890e-04	1	true
0.464           	smoothSolver	6.02469670e-03	3.07432780e-04	2	7.37374740e-03	3.97193110e-04	2	false	GAMG	6.85052950e-03	3.85641940e-04	1	true
0.4645          	smoothSolver	6.03363650e-03	3.12261580e-04	2	7.34778600e-03	4.00251860e-04	2	false	GAMG	5.79130200e-03	3.60620300e-04	1	true
0.465           	smoothSolver	6.02432510e-03	3.06613780e-04	2	7.29378100e-03	3.93932420e-04	2	false	GAMG	6.03489910e-03	3.66125440e-04	1	true
0.4655          	smoothSolver	6.03005390e-03	3.01565490e-04	2	7.24348680e-03	3.83705810e-04	2	false	GAMG	5.61273440e-03	3.58817300e-04	1	true
0.466           	smoothSolver	6.04212580e-03	2.98482980e-04	2	7.18942540e-03	3.76381820e-04	2	false	GAMG	5.99985370e-03	3.64449740e-04	1	true
0.4665          	smoothSolver	6.03205230e-03	2.99314010e-04	2	7.15214110e-03	3.74154030e-04	2	false	GAMG	5.30157760e-03	3.34802370e-04	1	true
0.467           	smoothSolver	6.02148680e-03	2.93497350e-04	2	7.10455030e-03	3.68707900e-04	2	false	GAMG	5.24434020e-03	3.26677060e-04	1	true
0.4675          	smoothSolver	6.01646100e-03	2.92908030e-04	2	7.06153250e-03	3.62752680e-04	2	false	GAMG	5.67823180e-03	3.66539160e-04	1	true
0.468           	smoothSolver	6.00895880e-03	2.92963840e-04	2	7.01882190e-03	3.59966990e-04	2	false	GAMG	5.42573820e-03	3.33444120e-04	1	true
0.4685          	smoothSolver	6.00094970e-03	2.90669130e-04	2	6.98227980e-03	3.56395610e-04	2	false	GAMG	5.36851990e-03	3.23466260e-04	1	true
0.469           	smoothSolver	5.99795470e-03	2.86541530e-04	2	6.94044970e-03	3.51796770e-04	2	false	GAMG	5.66005660e-03	3.26678670e-04	1	true
0.4695          	smoothSolver	6.00239610e-03	2.87239310e-04	2	6.91221100e-03	3.48619700e-04	2	false	GAMG	6.47900530e-03	3.57351010e-04	1	true
0.47            	smoothSolver	6.00530170e-03	2.89140360e-04	2	6.88781520e-03	3.45499290e-04	2	false	GAMG	6.20244750e-03	3.11396180e-04	1	true
0.4705          	smoothSolver	6.01633670e-03	2.90345310e-04	2	6.87074610e-03	3.43299280e-04	2	false	GAMG	6.47053940e-03	3.92505150e-04	1	true
0.471           	smoothSolver	6.02601580e-03	2.93761750e-04	2	6.85174880e-03	3.43156260e-04	2	false	GAMG	3.62604770e-03	1.96541610e-04	1	true
0.4715          	smoothSolver	6.03824740e-03	2.91910840e-04	2	6.82930210e-03	3.39164220e-04	2	false	GAMG	6.00957990e-03	3.04689310e-04	1	true
0.472           	smoothSolver	6.04628570e-03	2.93808120e-04	2	6.81307500e-03	3.38037930e-04	2	false	GAMG	4.68605640e-03	2.85641690e-04	1	true
0.4725          	smoothSolver	6.06052440e-03	2.93114650e-04	2	6.81106900e-03	3.37407390e-04	2	false	GAMG	5.52165000e-03	3.34079080e-04	1	true
0.473           	smoothSolver	6.07109310e-03	2.94497650e-04	2	6.80075440e-03	3.38577520e-04	2	false	GAMG	5.04102810e-03	2.66871090e-04	1	true
0.4735          	smoothSolver	6.08796470e-03	2.93662330e-04	2	6.80288160e-03	3.39039390e-04	2	false	GAMG	5.89530960e-03	2.54852070e-04	1	true
0.474           	smoothSolver	6.09685010e-03	2.94983410e-04	2	6.80229880e-03	3.43309520e-04	2	false	GAMG	6.02920330e-03	2.68996920e-04	1	true
0.4745          	smoothSolver	6.10156990e-03	2.95211370e-04	2	6.78998790e-03	3.44588680e-04	2	false	GAMG	7.21298960e-03	2.67109690e-04	1	true
0.475           	smoothSolver	6.11038070e-03	2.96094950e-04	2	6.79879730e-03	3.42947250e-04	2	false	GAMG	5.18870870e-03	2.75323550e-04	1	true
0.4755          	smoothSolver	6.11649350e-03	2.95362450e-04	2	6.78966650e-03	3.43564320e-04	2	false	GAMG	5.63276870e-03	2.85972260e-04	1	true
0.476           	smoothSolver	6.11433790e-03	2.91496340e-04	2	6.77548200e-03	3.42357350e-04	2	false	GAMG	5.11281610e-03	2.50801580e-04	1	true
0.4765          	smoothSolver	6.12138580e-03	2.91546190e-04	2	6.77060650e-03	3.38348410e-04	2	false	GAMG	5.59567800e-03	3.11177020e-04	1	true
0.477           	smoothSolver	6.11457730e-03	2.86737170e-04	2	6.76337110e-03	3.36254690e-04	2	false	GAMG	5.47076360e-03	2.72883380e-04	1	true
0.4775          	smoothSolver	6.11071710e-03	2.83304200e-04	2	6.74240890e-03	3.31741230e-04	2	false	GAMG	5.52142630e-03	2.98623740e-04	1	true
0.478           	smoothSolver	6.09783750e-03	2.88011910e-04	2	6.72937150e-03	3.34903670e-04	2	false	GAMG	6.01934080e-03	2.88416030e-04	1	true
0.4785          	smoothSolver	6.09925000e-03	2.87483240e-04	2	6.73322070e-03	3.36590690e-04	2	false	GAMG	5.78330160e-03	3.00480970e-04	1	true
0.479           	smoothSolver	6.09101910e-03	2.86963590e-04	2	6.71259450e-03	3.36819680e-04	2	false	GAMG	6.06898390e-03	3.41267810e-04	1	true
0.4795          	smoothSolver	6.08758560e-03	2.90030500e-04	2	6.70262730e-03	3.39190110e-04	2	false	GAMG	6.05850900e-03	3.31972180e-04	1	true
0.48            	smoothSolver	6.09720260e-03	2.92101930e-04	2	6.70028200e-03	3.38056230e-04	2	false	GAMG	5.20010250e-03	2.99398680e-04	1	true
0.4805          	smoothSolver	6.08337440e-03	2.90883590e-04	2	6.67648080e-03	3.39113840e-04	2	false	GAMG	6.11205950e-03	3.07480410e-04	1	true
0.481           	smoothSolver	6.06489890e-03	2.93349920e-04	2	6.65954510e-03	3.39588810e-04	2	false	GAMG	5.44424900e-03	3.10744540e-04	1	true
0.4815          	smoothSolver	6.05079250e-03	2.95770910e-04	2	6.63785810e-03	3.40940870e-04	2	false	GAMG	4.75770840e-03	2.54986180e-04	1	true
0.482           	smoothSolver	6.03281250e-03	2.93167260e-04	2	6.61399850e-03	3.37029470e-04	2	false	GAMG	5.49064940e-03	2.98875500e-04	1	true
0.4825          	smoothSolver	6.00561400e-03	2.96597570e-04	2	6.58012150e-03	3.31760660e-04	2	false	GAMG	5.89413680e-03	3.18740870e-04	1	true
0.483           	smoothSolver	5.97878800e-03	2.98450500e-04	2	6.56730440e-03	3.30345690e-04	2	false	GAMG	6.89633150e-03	2.78326980e-04	1	true
0.4835          	smoothSolver	5.96165280e-03	2.98974030e-04	2	6.55695200e-03	3.30341140e-04	2	false	GAMG	6.46149480e-03	3.38812940e-04	1	true
0.484           	smoothSolver	5.93758420e-03	2.90999680e-04	2	6.53804240e-03	3.28409290e-04	2	false	GAMG	5.75698780e-03	2.86239580e-04	1	true
0.4845          	smoothSolver	5.91476340e-03	2.91279300e-04	2	6.52443180e-03	3.28417970e-04	2	false	GAMG	5.67006390e-03	2.75628070e-04	1	true
0.485           	smoothSolver	5.90218990e-03	2.93432280e-04	2	6.50399620e-03	3.28036020e-04	2	false	GAMG	6.82700510e-03	3.20900920e-04	1	true
0.4855          	smoothSolver	5.87866540e-03	2.85393130e-04	2	6.48143650e-03	3.25025190e-04	2	false	GAMG	7.27382600e-03	3.10163230e-04	1	true
0.486           	smoothSolver	5.86822490e-03	2.77069460e-04	2	6.46373500e-03	3.19133300e-04	2	false	GAMG	6.51340510e-03	2.55164220e-04	1	true
0.4865          	smoothSolver	5.84964820e-03	2.73821130e-04	2	6.43855380e-03	3.16534930e-04	2	false	GAMG	7.01723330e-03	2.81139710e-04	1	true
0.487           	smoothSolver	5.83016980e-03	2.70613850e-04	2	6.40876990e-03	3.15377570e-04	2	false	GAMG	6.88878310e-03	2.99427150e-04	1	true
0.4875          	smoothSolver	5.81436750e-03	2.66481110e-04	2	6.38973100e-03	3.15873650e-04	2	false	GAMG	7.49946450e-03	3.24887860e-04	1	true
0.488           	smoothSolver	5.79532600e-03	2.67770610e-04	2	6.35815840e-03	3.16191170e-04	2	false	GAMG	8.57760170e-03	3.02689960e-04	1	true
0.4885          	smoothSolver	5.78596900e-03	2.66050290e-04	2	6.33804780e-03	3.12303560e-04	2	false	GAMG	6.54795720e-03	2.73349950e-04	1	true
0.489           	smoothSolver	5.76700440e-03	2.61952910e-04	2	6.29663740e-03	3.10569130e-04	2	false	GAMG	6.67440140e-03	2.98591380e-04	1	true
0.4895          	smoothSolver	5.76035130e-03	2.60992670e-04	2	6.27932470e-03	3.09732910e-04	2	false	GAMG	6.24832680e-03	2.89868920e-04	1	true
0.49            	smoothSolver	5.76107940e-03	2.61963110e-04	2	6.26961530e-03	3.08251600e-04	2	false	GAMG	5.45802170e-03	2.47509420e-04	1	true
0.4905          	smoothSolver	5.74769350e-03	2.59281480e-04	2	6.24834130e-03	3.06614210e-04	2	false	GAMG	5.55051260e-03	2.37961290e-04	1	true
0.491           	smoothSolver	5.74634820e-03	2.58627570e-04	2	6.24266490e-03	3.08440400e-04	2	false	GAMG	6.81891280e-03	2.49342660e-04	1	true
0.4915          	smoothSolver	5.74857640e-03	2.58156300e-04	2	6.23735810e-03	3.11692110e-04	2	false	GAMG	5.20708220e-03	2.27911740e-04	1	true
0.492           	smoothSolver	5.72804440e-03	2.57353240e-04	2	6.21206610e-03	3.12979160e-04	2	false	GAMG	5.45084460e-03	2.29149660e-04	1	true
0.4925          	smoothSolver	5.72615700e-03	2.58005260e-04	2	6.20586440e-03	3.12718790e-04	2	false	GAMG	5.68465420e-03	2.10814740e-04	1	true
0.493           	smoothSolver	5.72414070e-03	2.56533890e-04	2	6.21160950e-03	3.11479840e-04	2	false	GAMG	5.72878690e-03	2.47729550e-04	1	true
0.4935          	smoothSolver	5.72959890e-03	2.58219770e-04	2	6.19878690e-03	3.09332720e-04	2	false	GAMG	6.05779920e-03	2.50478560e-04	1	true
0.494           	smoothSolver	5.73706560e-03	2.58195030e-04	2	6.20902510e-03	3.09325770e-04	2	false	GAMG	5.22644140e-03	2.17453550e-04	1	true
0.4945          	smoothSolver	5.75848690e-03	2.58409480e-04	2	6.21568180e-03	3.05856230e-04	2	false	GAMG	5.35065150e-03	2.18822980e-04	1	true
0.495           	smoothSolver	5.77382800e-03	2.60389730e-04	2	6.23359130e-03	3.06630200e-04	2	false	GAMG	5.72577100e-03	2.36622420e-04	1	true
0.4955          	smoothSolver	5.79583230e-03	2.62726340e-04	2	6.25899940e-03	3.07360040e-04	2	false	GAMG	6.08562020e-03	2.35669050e-04	1	true
0.496           	smoothSolver	5.81493960e-03	2.65018850e-04	2	6.27700920e-03	3.09555600e-04	2	false	GAMG	5.33454120e-03	2.20036090e-04	1	true
0.4965          	smoothSolver	5.84180090e-03	2.69299510e-04	2	6.30690150e-03	3.13439980e-04	2	false	GAMG	4.92868750e-03	1.86038640e-04	1	true
0.497           	smoothSolver	5.86261160e-03	2.70031710e-04	2	6.34031440e-03	3.15661980e-04	2	false	GAMG	5.99946760e-03	2.36429450e-04	1	true
0.4975          	smoothSolver	5.87940580e-03	2.75765060e-04	2	6.37494260e-03	3.21136030e-04	2	false	GAMG	6.10930750e-03	2.34227330e-04	1	true
0.498           	smoothSolver	5.89685310e-03	2.79913710e-04	2	6.40483350e-03	3.27702930e-04	2	false	GAMG	5.30570700e-03	2.01794120e-04	1	true
0.4985          	smoothSolver	5.92363330e-03	2.79964890e-04	2	6.44234770e-03	3.30254450e-04	2	false	GAMG	5.56135340e-03	2.23411640e-04	1	true
0.499           	smoothSolver	5.93896390e-03	2.76508380e-04	2	6.44935570e-03	3.26965840e-04	2	false	GAMG	5.55132900e-03	2.22129420e-04	1	true
0.4995          	smoothSolver	5.95024480e-03	2.77602420e-04	2	6.46800870e-03	3.26825970e-04	2	false	GAMG	5.84495010e-03	2.18688750e-04	1	true
0.5             	smoothSolver	5.95325930e-03	2.76283780e-04	2	6.48653930e-03	3.29862590e-04	2	false	GAMG	5.84060340e-03	2.18134110e-04	1	true
0.5005          	smoothSolver	5.95909080e-03	2.78058340e-04	2	6.48048200e-03	3.31290780e-04	2	false	GAMG	5.92941120e-03	2.19914210e-04	1	true
0.501           	smoothSolver	5.97215640e-03	2.73471410e-04	2	6.49038600e-03	3.27589590e-04	2	false	GAMG	5.41245350e-03	2.16878600e-04	1	true
0.5015          	smoothSolver	5.97554700e-03	2.66695860e-04	2	6.48748360e-03	3.24580480e-04	2	false	GAMG	5.84618180e-03	2.23029480e-04	1	true
0.502           	smoothSolver	5.96310040e-03	2.66078530e-04	2	6.48866770e-03	3.24691670e-04	2	false	GAMG	5.02511910e-03	1.99608840e-04	1	true
0.5025          	smoothSolver	5.95516520e-03	2.67979070e-04	2	6.48350120e-03	3.24687940e-04	2	false	GAMG	4.83303310e-03	2.01922550e-04	1	true
0.503           	smoothSolver	5.96072840e-03	2.70458090e-04	2	6.48194200e-03	3.24312630e-04	2	false	GAMG	5.11381160e-03	2.03638740e-04	1	true
0.5035          	smoothSolver	5.96458940e-03	2.74801640e-04	2	6.46650080e-03	3.25630310e-04	2	false	GAMG	5.29602610e-03	2.12054270e-04	1	true
0.504           	smoothSolver	5.95629280e-03	2.80909530e-04	2	6.45789290e-03	3.28122430e-04	2	false	GAMG	5.50499910e-03	2.06136600e-04	1	true
0.5045          	smoothSolver	5.95488740e-03	2.88440240e-04	2	6.44779280e-03	3.32793780e-04	2	false	GAMG	5.44424810e-03	2.13863240e-04	1	true
0.505           	smoothSolver	5.94533540e-03	2.95329900e-04	2	6.42535990e-03	3.34180660e-04	2	false	GAMG	5.61108420e-03	2.21145020e-04	1	true
0.5055          	smoothSolver	5.92007530e-03	2.98209040e-04	2	6.39924430e-03	3.38306520e-04	2	false	GAMG	5.28300280e-03	2.07268510e-04	1	true
0.506           	smoothSolver	5.89549620e-03	2.98909890e-04	2	6.37186280e-03	3.39873410e-04	2	false	GAMG	4.52268660e-03	1.84533850e-04	1	true
0.5065          	smoothSolver	5.87030680e-03	2.92899050e-04	2	6.33805690e-03	3.34955580e-04	2	false	GAMG	5.01210680e-03	2.16455860e-04	1	true
0.507           	smoothSolver	5.84342160e-03	2.92615980e-04	2	6.31803820e-03	3.30506430e-04	2	false	GAMG	4.73283260e-03	1.89634820e-04	1	true
0.5075          	smoothSolver	5.82201930e-03	3.00104090e-04	2	6.29576880e-03	3.29407400e-04	2	false	GAMG	6.42273430e-03	2.26655130e-04	1	true
0.508           	smoothSolver	5.79291240e-03	3.06963680e-04	2	6.27024780e-03	3.29213180e-04	2	false	GAMG	5.15235300e-03	2.15485370e-04	1	true
0.5085          	smoothSolver	5.77060400e-03	3.07822320e-04	2	6.23725170e-03	3.26619980e-04	2	false	GAMG	4.70557380e-03	2.04828180e-04	1	true
0.509           	smoothSolver	5.74929550e-03	3.02989100e-04	2	6.21339980e-03	3.25435790e-04	2	false	GAMG	5.62738410e-03	2.50828530e-04	1	true
0.5095          	smoothSolver	5.72178750e-03	3.00653040e-04	2	6.19357330e-03	3.23989510e-04	2	false	GAMG	5.57125960e-03	2.53171830e-04	1	true
0.51            	smoothSolver	5.70570090e-03	2.98353850e-04	2	6.17708270e-03	3.20265700e-04	2	false	GAMG	4.61951850e-03	2.04042190e-04	1	true
0.5105          	smoothSolver	5.69390630e-03	2.98847750e-04	2	6.16433170e-03	3.23477280e-04	2	false	GAMG	5.29184720e-03	2.42234840e-04	1	true
0.511           	smoothSolver	5.66302110e-03	2.97462530e-04	2	6.14451030e-03	3.23999940e-04	2	false	GAMG	5.23721510e-03	2.29086140e-04	1	true
0.5115          	smoothSolver	5.65589340e-03	2.97105300e-04	2	6.13063680e-03	3.24697280e-04	2	false	GAMG	4.86911070e-03	2.06345720e-04	1	true
0.512           	smoothSolver	5.63437340e-03	2.89763420e-04	2	6.11496050e-03	3.23038090e-04	2	false	GAMG	4.80523470e-03	2.09865870e-04	1	true
0.5125          	smoothSolver	5.60998490e-03	2.81085310e-04	2	6.09863520e-03	3.17447660e-04	2	false	GAMG	5.78222820e-03	2.43177270e-04	1	true
0.513           	smoothSolver	5.58803780e-03	2.76300620e-04	2	6.08837790e-03	3.13781820e-04	2	false	GAMG	5.28342610e-03	2.25404070e-04	1	true
0.5135          	smoothSolver	5.56610500e-03	2.77827030e-04	2	6.07545430e-03	3.09642310e-04	2	false	GAMG	4.87192710e-03	2.08736770e-04	1	true
0.514           	smoothSolver	5.53099240e-03	2.81255540e-04	2	6.06320400e-03	3.08737380e-04	2	false	GAMG	5.13169810e-03	2.29827740e-04	1	true
0.5145          	smoothSolver	5.50370880e-03	2.82771610e-04	2	6.03886770e-03	3.08033170e-04	2	false	GAMG	4.33859540e-03	1.93129850e-04	1	true
0.515           	smoothSolver	5.48164610e-03	2.82920660e-04	2	6.03110050e-03	3.10002590e-04	2	false	GAMG	4.83309460e-03	2.12725540e-04	1	true
0.5155          	smoothSolver	5.46024130e-03	2.80376880e-04	2	6.02532170e-03	3.09067440e-04	2	false	GAMG	5.30173500e-03	2.22079570e-04	1	true
0.516           	smoothSolver	5.43143890e-03	2.80385850e-04	2	6.01750120e-03	3.09970590e-04	2	false	GAMG	4.90859050e-03	2.21202720e-04	1	true
0.5165          	smoothSolver	5.40678010e-03	2.76243400e-04	2	6.02043730e-03	3.08571790e-04	2	false	GAMG	4.86544510e-03	2.23692660e-04	1	true
0.517           	smoothSolver	5.37966610e-03	2.72631600e-04	2	6.02280430e-03	3.07125040e-04	2	false	GAMG	4.98259090e-03	2.34288550e-04	1	true
0.5175          	smoothSolver	5.36476110e-03	2.70209400e-04	2	6.02242010e-03	3.05352840e-04	2	false	GAMG	6.06739070e-03	2.68067510e-04	1	true
0.518           	smoothSolver	5.34515210e-03	2.66770000e-04	2	6.02252590e-03	3.03911490e-04	2	false	GAMG	4.82548190e-03	2.23378390e-04	1	true
0.5185          	smoothSolver	5.33957630e-03	2.64171440e-04	2	6.03551300e-03	3.03618710e-04	2	false	GAMG	6.23786610e-03	2.72066140e-04	1	true
0.519           	smoothSolver	5.32301440e-03	2.65549060e-04	2	6.04925540e-03	3.05951720e-04	2	false	GAMG	5.52649150e-03	2.58557640e-04	1	true
0.5195          	smoothSolver	5.31765160e-03	2.64091150e-04	2	6.06133210e-03	3.04095120e-04	2	false	GAMG	6.03036440e-03	2.66069000e-04	1	true
0.52            	smoothSolver	5.29885620e-03	2.64034910e-04	2	6.06344010e-03	3.07201430e-04	2	false	GAMG	5.51252260e-03	2.49677200e-04	1	true
0.5205          	smoothSolver	5.29251300e-03	2.63527810e-04	2	6.05426060e-03	3.06504380e-04	2	false	GAMG	5.92162930e-03	2.78024130e-04	1	true
0.521           	smoothSolver	5.28987630e-03	2.63026220e-04	2	6.04986380e-03	3.06510560e-04	2	false	GAMG	6.08170670e-03	2.80953140e-04	1	true
0.5215          	smoothSolver	5.29053380e-03	2.62624830e-04	2	6.05212820e-03	3.08455420e-04	2	false	GAMG	9.63247770e-03	2.58025780e-04	1	true
0.522           	smoothSolver	5.29746380e-03	2.64208020e-04	2	6.07767740e-03	3.14544810e-04	2	false	GAMG	7.14313460e-03	2.83689790e-04	1	true
0.5225          	smoothSolver	5.29230550e-03	2.56908290e-04	2	6.07041060e-03	3.08575430e-04	2	false	GAMG	7.18475780e-03	3.33174020e-04	1	true
0.523           	smoothSolver	5.28009930e-03	2.56774790e-04	2	6.06765090e-03	3.12062700e-04	2	false	GAMG	7.10662660e-03	3.40183060e-04	1	true
0.5235          	smoothSolver	5.28414000e-03	2.54867250e-04	2	6.06766870e-03	3.11582420e-04	2	false	GAMG	7.45111750e-03	3.39987820e-04	1	true
0.524           	smoothSolver	5.27770870e-03	2.54727530e-04	2	6.07106410e-03	3.10850460e-04	2	false	GAMG	7.04100490e-03	3.31022500e-04	1	true
0.5245          	smoothSolver	5.28296180e-03	2.52129510e-04	2	6.08605480e-03	3.09731470e-04	2	false	GAMG	9.14870810e-03	3.98624690e-04	1	true
0.525           	smoothSolver	5.28387390e-03	2.51638480e-04	2	6.10143470e-03	3.11680110e-04	2	false	GAMG	8.27716930e-03	4.04790820e-04	1	true
0.5255          	smoothSolver	5.30308890e-03	2.53136840e-04	2	6.11891260e-03	3.12199530e-04	2	false	GAMG	8.86600120e-03	4.02945950e-04	1	true
0.526           	smoothSolver	5.29422110e-03	2.55868840e-04	2	6.11804570e-03	3.15598020e-04	2	false	GAMG	8.56119020e-03	3.77690810e-04	1	true
0.5265          	smoothSolver	5.30002310e-03	2.55268260e-04	2	6.12697840e-03	3.16788610e-04	2	false	GAMG	9.39206320e-03	4.32653060e-04	1	true
0.527           	smoothSolver	5.30296630e-03	2.51683340e-04	2	6.13188030e-03	3.16808940e-04	2	false	GAMG	1.04016810e-02	3.93664530e-04	1	true
0.5275          	smoothSolver	5.31258500e-03	2.50842470e-04	2	6.13852990e-03	3.18490750e-04	2	false	GAMG	9.15632780e-03	3.77330880e-04	1	true
0.528           	smoothSolver	5.30389050e-03	2.51088230e-04	2	6.13167890e-03	3.22198040e-04	2	false	GAMG	8.05040630e-03	3.79004210e-04	1	true
0.5285          	smoothSolver	5.31378380e-03	2.49107410e-04	2	6.15400910e-03	3.24468380e-04	2	false	GAMG	8.19745290e-03	3.88317370e-04	1	true
0.529           	smoothSolver	5.32653380e-03	2.50171720e-04	2	6.17318230e-03	3.23806090e-04	2	false	GAMG	8.86929950e-03	3.82078400e-04	1	true
0.5295          	smoothSolver	5.33679160e-03	2.51852170e-04	2	6.18834010e-03	3.25890750e-04	2	false	GAMG	8.42172880e-03	3.62859290e-04	1	true
0.53            	smoothSolver	5.33911370e-03	2.52488780e-04	2	6.20744660e-03	3.26759710e-04	2	false	GAMG	8.32389460e-03	3.52330140e-04	1	true
0.5305          	smoothSolver	5.36667710e-03	2.54712560e-04	2	6.24777650e-03	3.26749610e-04	2	false	GAMG	7.96841120e-03	3.65315620e-04	1	true
0.531           	smoothSolver	5.37040660e-03	2.55914140e-04	2	6.26565910e-03	3.28525420e-04	2	false	GAMG	8.14990050e-03	3.48461540e-04	1	true
0.5315          	smoothSolver	5.38729390e-03	2.58904930e-04	2	6.28527830e-03	3.28571240e-04	2	false	GAMG	6.66822630e-03	2.94671500e-04	1	true
0.532           	smoothSolver	5.40407990e-03	2.59451650e-04	2	6.31009660e-03	3.29445160e-04	2	false	GAMG	5.17258590e-03	2.35276360e-04	1	true
0.5325          	smoothSolver	5.42636110e-03	2.60074270e-04	2	6.33183530e-03	3.29764580e-04	2	false	GAMG	8.57489420e-03	3.27324460e-04	1	true
0.533           	smoothSolver	5.44088490e-03	2.60940050e-04	2	6.35822970e-03	3.31216570e-04	2	false	GAMG	7.66159750e-03	3.61423520e-04	1	true
0.5335          	smoothSolver	5.47418830e-03	2.61544180e-04	2	6.38433100e-03	3.31996600e-04	2	false	GAMG	7.95653340e-03	3.53780870e-04	1	true
0.534           	smoothSolver	5.47988950e-03	2.63127820e-04	2	6.40930660e-03	3.33068750e-04	2	false	GAMG	6.64801990e-03	3.09015820e-04	1	true
0.5345          	smoothSolver	5.50632820e-03	2.67177200e-04	2	6.43060530e-03	3.35708550e-04	2	false	GAMG	2.81926580e-03	1.34108340e-04	1	true
0.535           	smoothSolver	5.51523620e-03	2.66762320e-04	2	6.45189810e-03	3.35340060e-04	2	false	GAMG	4.99350120e-03	2.34344380e-04	1	true
0.5355          	smoothSolver	5.54566440e-03	2.65980640e-04	2	6.47769160e-03	3.33063720e-04	2	false	GAMG	4.92909630e-03	2.40268690e-04	1	true
0.536           	smoothSolver	5.54121780e-03	2.65331320e-04	2	6.48813090e-03	3.34792710e-04	2	false	GAMG	6.05230120e-03	2.80712610e-04	1	true
0.5365          	smoothSolver	5.56777110e-03	2.66705170e-04	2	6.51204490e-03	3.35136880e-04	2	false	GAMG	5.07493490e-03	2.49711940e-04	1	true
0.537           	smoothSolver	5.57548810e-03	2.62343500e-04	2	6.52429880e-03	3.32456690e-04	2	false	GAMG	5.30117880e-03	2.59915320e-04	1	true
0.5375          	smoothSolver	5.58833010e-03	2.64883050e-04	2	6.53319560e-03	3.32667830e-04	2	false	GAMG	5.32034740e-03	2.61946810e-04	1	true
0.538           	smoothSolver	5.59824970e-03	2.66825830e-04	2	6.53791050e-03	3.34721980e-04	2	false	GAMG	5.62975560e-03	2.85970390e-04	1	true
0.5385          	smoothSolver	5.61607920e-03	2.66584140e-04	2	6.55187400e-03	3.36330180e-04	2	false	GAMG	1.70743830e-03	8.11331970e-05	1	true
0.539           	smoothSolver	5.63120510e-03	2.65442380e-04	2	6.55161400e-03	3.34927130e-04	2	false	GAMG	5.32201680e-03	2.46584650e-04	1	true
0.5395          	smoothSolver	5.65254110e-03	2.61700940e-04	2	6.55740390e-03	3.37245280e-04	2	false	GAMG	4.91859400e-03	2.34157090e-04	1	true
0.54            	smoothSolver	5.67154090e-03	2.58720860e-04	2	6.56083880e-03	3.31176180e-04	2	false	GAMG	4.22221000e-03	2.11880910e-04	1	true
0.5405          	smoothSolver	5.68193440e-03	2.58883390e-04	2	6.56268200e-03	3.28080210e-04	2	false	GAMG	4.60199370e-03	2.27094780e-04	1	true
0.541           	smoothSolver	5.69909410e-03	2.58445660e-04	2	6.57694080e-03	3.26656550e-04	2	false	GAMG	3.67849760e-03	1.85834370e-04	1	true
0.5415          	smoothSolver	5.70474120e-03	2.57175180e-04	2	6.56101470e-03	3.23998730e-04	2	false	GAMG	3.65731560e-03	1.70469200e-04	1	true
0.542           	smoothSolver	5.71942860e-03	2.64080760e-04	2	6.56778150e-03	3.25268100e-04	2	false	GAMG	4.03753350e-03	1.97417790e-04	1	true
0.5425          	smoothSolver	5.73323930e-03	2.64574680e-04	2	6.54869490e-03	3.23752220e-04	2	false	GAMG	3.56766090e-03	1.55444450e-04	1	true
0.543           	smoothSolver	5.75565240e-03	2.65693930e-04	2	6.52820080e-03	3.21047240e-04	2	false	GAMG	3.70381200e-03	1.94957970e-04	1	true
0.5435          	smoothSolver	5.76079960e-03	2.69039120e-04	2	6.53250550e-03	3.22385710e-04	2	false	GAMG	2.97035720e-03	1.32008710e-04	1	true
0.544           	smoothSolver	5.78805830e-03	2.73979230e-04	2	6.52942270e-03	3.21401930e-04	2	false	GAMG	3.76681700e-03	1.90632120e-04	1	true
0.5445          	smoothSolver	5.78872090e-03	2.74137440e-04	2	6.49965020e-03	3.19175600e-04	2	false	GAMG	4.92393320e-03	2.25818880e-04	1	true
0.545           	smoothSolver	5.79586870e-03	2.77082520e-04	2	6.49022590e-03	3.16350100e-04	2	false	GAMG	4.27278370e-03	2.29261960e-04	1	true
0.5455          	smoothSolver	5.78460810e-03	2.74320760e-04	2	6.46695610e-03	3.19344310e-04	2	false	GAMG	5.29747330e-03	2.48509340e-04	1	true
0.546           	smoothSolver	5.79971110e-03	2.71043380e-04	2	6.45087840e-03	3.21657920e-04	2	false	GAMG	4.97035850e-03	2.59714350e-04	1	true
0.5465          	smoothSolver	5.79348170e-03	2.81170610e-04	2	6.42152640e-03	3.21434780e-04	2	false	GAMG	5.26903540e-03	2.41351650e-04	1	true
0.547           	smoothSolver	5.82731650e-03	2.74928270e-04	2	6.44042460e-03	3.13923440e-04	2	false	GAMG	4.57616800e-03	2.39059230e-04	1	true
0.5475          	smoothSolver	5.82188580e-03	2.73323720e-04	2	6.40271650e-03	3.12429740e-04	2	false	GAMG	5.31009200e-03	2.50807450e-04	1	true
0.548           	smoothSolver	5.83731990e-03	2.82377940e-04	2	6.40413320e-03	3.15168750e-04	2	false	GAMG	4.24316550e-03	2.21526570e-04	1	true
0.5485          	smoothSolver	5.82970360e-03	2.74341300e-04	2	6.38348000e-03	3.15260080e-04	2	false	GAMG	4.62995570e-03	2.26761200e-04	1	true
0.549           	smoothSolver	5.83932960e-03	2.82851440e-04	2	6.37604420e-03	3.14177410e-04	2	false	GAMG	4.25045640e-03	2.25469810e-04	1	true
0.5495          	smoothSolver	5.85613170e-03	2.82181640e-04	2	6.37717630e-03	3.14255560e-04	2	false	GAMG	4.95970770e-03	2.31645810e-04	1	true
0.55            	smoothSolver	5.86924760e-03	2.72316900e-04	2	6.35820740e-03	3.08573000e-04	2	false	GAMG	3.86770760e-03	2.11031920e-04	1	true
0.5505          	smoothSolver	5.87357140e-03	2.80878210e-04	2	6.35325490e-03	3.07023260e-04	2	false	GAMG	3.85101970e-03	1.97687590e-04	1	true
0.551           	smoothSolver	5.89661130e-03	2.79448180e-04	2	6.34233560e-03	3.07104150e-04	2	false	GAMG	3.61531990e-03	1.99447080e-04	1	true
0.5515          	smoothSolver	5.89496060e-03	2.76475640e-04	2	6.33801470e-03	3.03870540e-04	2	false	GAMG	3.39924290e-03	1.74952710e-04	1	true
0.552           	smoothSolver	5.90575400e-03	2.73274600e-04	2	6.34761460e-03	3.03263890e-04	2	false	GAMG	2.78184130e-03	1.50051590e-04	1	true
0.5525          	smoothSolver	5.90673550e-03	2.68478560e-04	2	6.32914340e-03	3.06414370e-04	2	false	GAMG	3.56781090e-03	1.87093580e-04	1	true
0.553           	smoothSolver	5.92525610e-03	2.71853200e-04	2	6.35439480e-03	3.08654860e-04	2	false	GAMG	3.99462760e-03	2.05506120e-04	1	true
0.5535          	smoothSolver	5.93028580e-03	2.71489180e-04	2	6.36731620e-03	3.10539740e-04	2	false	GAMG	3.64649260e-03	1.89083470e-04	1	true
0.554           	smoothSolver	5.92434580e-03	2.71693660e-04	2	6.37186800e-03	3.13002450e-04	2	false	GAMG	3.26810230e-03	1.71191560e-04	1	true
0.5545          	smoothSolver	5.93241610e-03	2.73073470e-04	2	6.38798410e-03	3.16908480e-04	2	false	GAMG	3.10106390e-03	1.58577530e-04	1	true
0.555           	smoothSolver	5.94647290e-03	2.77284770e-04	2	6.41479110e-03	3.21700870e-04	2	false	GAMG	2.93963500e-03	1.50169650e-04	1	true
0.5555          	smoothSolver	5.95464710e-03	2.81068860e-04	2	6.41526560e-03	3.21745550e-04	2	false	GAMG	2.99216790e-03	1.59939850e-04	1	true
0.556           	smoothSolver	5.95857480e-03	2.83791830e-04	2	6.43159520e-03	3.27254140e-04	2	false	GAMG	2.78016420e-03	1.47964400e-04	1	true
0.5565          	smoothSolver	5.97350190e-03	2.78775360e-04	2	6.42922340e-03	3.24140190e-04	2	false	GAMG	2.96754350e-03	1.52705160e-04	1	true
0.557           	smoothSolver	5.99421320e-03	2.78741350e-04	2	6.42995450e-03	3.23129330e-04	2	false	GAMG	2.72841910e-03	1.47398350e-04	1	true
0.5575          	smoothSolver	6.00533940e-03	2.80670630e-04	2	6.41682360e-03	3.26858050e-04	2	false	GAMG	3.40286010e-03	1.68962410e-04	1	true
0.558           	smoothSolver	6.03930610e-03	2.83187960e-04	2	6.41853240e-03	3.26099610e-04	2	false	GAMG	3.56921940e-03	1.89882170e-04	1	true
0.5585          	smoothSolver	6.05329000e-03	2.84196460e-04	2	6.40684720e-03	3.23134910e-04	2	false	GAMG	2.89657990e-03	1.47892340e-04	1	true
0.559           	smoothSolver	6.06299460e-03	2.84841280e-04	2	6.38529480e-03	3.21867540e-04	2	false	GAMG	3.93870100e-03	1.94272590e-04	1	true
0.5595          	smoothSolver	6.08159880e-03	2.83058920e-04	2	6.37353570e-03	3.20820580e-04	2	false	GAMG	3.81843410e-03	1.91600920e-04	1	true
0.56            	smoothSolver	6.08902000e-03	2.80684970e-04	2	6.35654760e-03	3.20839650e-04	2	false	GAMG	2.62036810e-03	1.22402470e-04	1	true
0.5605          	smoothSolver	6.10917520e-03	2.79659640e-04	2	6.32210250e-03	3.18316830e-04	2	false	GAMG	4.00272110e-03	1.94304630e-04	1	true
0.561           	smoothSolver	6.12570560e-03	2.81393340e-04	2	6.31300370e-03	3.20134540e-04	2	false	GAMG	4.07270800e-03	1.97059320e-04	1	true
0.5615          	smoothSolver	6.12687440e-03	2.81434430e-04	2	6.28805220e-03	3.18826490e-04	2	false	GAMG	3.29738990e-03	1.70218130e-04	1	true
0.562           	smoothSolver	6.13380660e-03	2.83353430e-04	2	6.25792360e-03	3.16985990e-04	2	false	GAMG	3.64767690e-03	1.85848790e-04	1	true
0.5625          	smoothSolver	6.15418280e-03	2.84090510e-04	2	6.23504850e-03	3.15779300e-04	2	false	GAMG	3.62648130e-03	1.82723540e-04	1	true
0.563           	smoothSolver	6.16817720e-03	2.83045350e-04	2	6.22143960e-03	3.13973780e-04	2	false	GAMG	4.26394420e-03	2.03751080e-04	1	true
0.5635          	smoothSolver	6.19021210e-03	2.85468580e-04	2	6.20110230e-03	3.13649010e-04	2	false	GAMG	3.73936450e-03	1.75822520e-04	1	true
0.564           	smoothSolver	6.19272520e-03	2.86218270e-04	2	6.17301700e-03	3.13011460e-04	2	false	GAMG	4.07981740e-03	1.82223310e-04	1	true
0.5645          	smoothSolver	6.20953020e-03	2.87954700e-04	2	6.15553660e-03	3.10630050e-04	2	false	GAMG	3.66546750e-03	1.77493780e-04	1	true
0.565           	smoothSolver	6.22892970e-03	2.88771910e-04	2	6.13683280e-03	3.09720240e-04	2	false	GAMG	4.51223150e-03	2.06470450e-04	1	true
0.5655          	smoothSolver	6.24598550e-03	2.88660630e-04	2	6.14112010e-03	3.06993690e-04	2	false	GAMG	4.70923700e-03	2.23140560e-04	1	true
0.566           	smoothSolver	6.23038880e-03	2.87427650e-04	2	6.09859170e-03	3.03712900e-04	2	false	GAMG	5.34254500e-03	2.42609590e-04	1	true
0.5665          	smoothSolver	6.24165420e-03	2.85977380e-04	2	6.08936170e-03	3.03128840e-04	2	false	GAMG	5.98206180e-03	2.43486110e-04	1	true
0.567           	smoothSolver	6.25421840e-03	2.88547170e-04	2	6.09427640e-03	3.06478120e-04	2	false	GAMG	5.66441050e-03	2.52696800e-04	1	true
0.5675          	smoothSolver	6.27402420e-03	2.94096890e-04	2	6.08778630e-03	3.07570850e-04	2	false	GAMG	6.03322380e-03	2.52036940e-04	1	true
0.568           	smoothSolver	6.27725120e-03	2.92993170e-04	2	6.05267560e-03	3.04898810e-04	2	false	GAMG	5.32553220e-03	2.38270180e-04	1	true
0.5685          	smoothSolver	6.29490750e-03	2.93133950e-04	2	6.06740390e-03	3.04359910e-04	2	false	GAMG	5.49943330e-03	2.47221310e-04	1	true
0.569           	smoothSolver	6.30982630e-03	2.88361970e-04	2	6.06252520e-03	3.00693350e-04	2	false	GAMG	6.51537930e-03	2.83341690e-04	1	true
0.5695          	smoothSolver	6.32860340e-03	2.88563490e-04	2	6.06633740e-03	3.02420210e-04	2	false	GAMG	5.63723250e-03	2.56809720e-04	1	true
0.57            	smoothSolver	6.34556810e-03	2.85764540e-04	2	6.05197860e-03	2.98515360e-04	2	false	GAMG	5.68147340e-03	2.35032460e-04	1	true
0.5705          	smoothSolver	6.36232350e-03	2.85691060e-04	2	6.05264490e-03	2.96059250e-04	2	false	GAMG	6.07277430e-03	2.86004060e-04	1	true
0.571           	smoothSolver	6.37114190e-03	2.87775380e-04	2	6.05380340e-03	2.96874900e-04	2	false	GAMG	7.26351400e-03	3.00589780e-04	1	true
0.5715          	smoothSolver	6.40759690e-03	2.91531990e-04	2	6.06313140e-03	3.00125930e-04	2	false	GAMG	6.98338540e-03	3.22481910e-04	1	true
0.572           	smoothSolver	6.41817900e-03	2.92358410e-04	2	6.05041540e-03	2.95816790e-04	2	false	GAMG	6.06173230e-03	2.16436830e-04	1	true
0.5725          	smoothSolver	6.46109420e-03	2.97034550e-04	2	6.09182680e-03	2.96593720e-04	2	false	GAMG	5.83218090e-03	2.40258210e-04	1	true
0.573           	smoothSolver	6.45553160e-03	3.00983450e-04	2	6.07638700e-03	2.97477140e-04	2	false	GAMG	5.44406330e-03	2.22222780e-04	1	true
0.5735          	smoothSolver	6.48039110e-03	2.98622770e-04	2	6.08728920e-03	2.95344910e-04	2	false	GAMG	6.85827010e-03	2.50966320e-04	1	true
0.574           	smoothSolver	6.49000890e-03	3.06631530e-04	2	6.09163110e-03	2.97616700e-04	2	false	GAMG	6.61914750e-03	2.32396990e-04	1	true
0.5745          	smoothSolver	6.51679680e-03	3.10796650e-04	2	6.10758710e-03	2.98526610e-04	2	false	GAMG	6.07773480e-03	2.53417240e-04	1	true
0.575           	smoothSolver	6.52204370e-03	3.07681670e-04	2	6.11660480e-03	2.96277270e-04	2	false	GAMG	6.49027800e-03	2.67182740e-04	1	true
0.5755          	smoothSolver	6.55279300e-03	3.06184710e-04	2	6.12663570e-03	2.96113910e-04	2	false	GAMG	5.20775920e-03	2.31938420e-04	1	true
0.576           	smoothSolver	6.55772830e-03	3.01021970e-04	2	6.13360530e-03	2.96119920e-04	2	false	GAMG	5.61692210e-03	2.39699790e-04	1	true
0.5765          	smoothSolver	6.58347540e-03	3.03357950e-04	2	6.15863630e-03	2.96881290e-04	2	false	GAMG	5.70033690e-03	2.25398290e-04	1	true
0.577           	smoothSolver	6.59428480e-03	3.06538930e-04	2	6.16478550e-03	2.99018510e-04	2	false	GAMG	5.76679030e-03	2.44082750e-04	1	true
0.5775          	smoothSolver	6.60268620e-03	3.08145010e-04	2	6.19179610e-03	2.98652260e-04	2	false	GAMG	5.40977570e-03	2.37801890e-04	1	true
0.578           	smoothSolver	6.62078400e-03	3.05429370e-04	2	6.20130730e-03	2.97636600e-04	2	false	GAMG	1.00797850e-02	2.38924740e-04	1	true
0.5785          	smoothSolver	6.62372420e-03	3.01593240e-04	2	6.20111160e-03	2.98697860e-04	2	false	GAMG	4.96079050e-03	2.26196440e-04	1	true
0.579           	smoothSolver	6.61813910e-03	3.01447270e-04	2	6.21755240e-03	2.99321250e-04	2	false	GAMG	5.64870830e-03	2.26157770e-04	1	true
0.5795          	smoothSolver	6.63194360e-03	2.96417470e-04	2	6.22779740e-03	2.95706160e-04	2	false	GAMG	3.93438980e-03	1.81653990e-04	1	true
0.58            	smoothSolver	6.61975410e-03	2.94264270e-04	2	6.22260950e-03	2.96936710e-04	2	false	GAMG	4.33061150e-03	1.80260220e-04	1	true
0.5805          	smoothSolver	6.62043470e-03	3.00651460e-04	2	6.23545590e-03	3.02278730e-04	2	false	GAMG	4.04152230e-03	1.89375290e-04	1	true
0.581           	smoothSolver	6.60680470e-03	3.01956320e-04	2	6.24674100e-03	3.03582610e-04	2	false	GAMG	4.63206490e-03	2.21291430e-04	1	true
0.5815          	smoothSolver	6.62294180e-03	3.06099660e-04	2	6.24537610e-03	3.05355010e-04	2	false	GAMG	3.38297900e-03	1.58468730e-04	1	true
0.582           	smoothSolver	6.61733900e-03	3.04707830e-04	2	6.24319210e-03	3.06563170e-04	2	false	GAMG	4.69061870e-03	1.85410790e-04	1	true
0.5825          	smoothSolver	6.62572360e-03	3.07659510e-04	2	6.25625690e-03	3.07002710e-04	2	false	GAMG	3.70087160e-03	1.79951040e-04	1	true
0.583           	smoothSolver	6.61270070e-03	3.10450580e-04	2	6.24788510e-03	3.08128630e-04	2	false	GAMG	3.89326270e-03	1.84693460e-04	1	true
0.5835          	smoothSolver	6.60077620e-03	3.14517730e-04	2	6.24758340e-03	3.11046450e-04	2	false	GAMG	3.44916300e-03	1.64867440e-04	1	true
0.584           	smoothSolver	6.60045840e-03	3.14384730e-04	2	6.25940630e-03	3.11789470e-04	2	false	GAMG	3.69357680e-03	1.59047250e-04	1	true
0.5845          	smoothSolver	6.58959190e-03	3.15392780e-04	2	6.24506520e-03	3.11389950e-04	2	false	GAMG	3.63565580e-03	1.59905840e-04	1	true
0.585           	smoothSolver	6.56945010e-03	3.18878660e-04	2	6.25862220e-03	3.13618740e-04	2	false	GAMG	3.15423360e-03	1.46970170e-04	1	true
0.5855          	smoothSolver	6.56745030e-03	3.18447310e-04	2	6.26025950e-03	3.10863290e-04	2	false	GAMG	3.06267540e-03	1.38350380e-04	1	true
0.586           	smoothSolver	6.55645220e-03	3.21654430e-04	2	6.26346630e-03	3.13961290e-04	2	false	GAMG	3.07318000e-03	1.42045150e-04	1	true
0.5865          	smoothSolver	6.54438660e-03	3.21201240e-04	2	6.26214870e-03	3.14403620e-04	2	false	GAMG	3.57415270e-03	1.35128570e-04	1	true
0.587           	smoothSolver	6.53928740e-03	3.17274080e-04	2	6.26835260e-03	3.13657750e-04	2	false	GAMG	3.14362890e-03	1.42164790e-04	1	true
0.5875          	smoothSolver	6.51197880e-03	3.09605630e-04	2	6.25556730e-03	3.10988860e-04	2	false	GAMG	2.96270360e-03	1.41158840e-04	1	true
0.588           	smoothSolver	6.49513810e-03	3.00530070e-04	2	6.25535600e-03	3.07793350e-04	2	false	GAMG	2.85450240e-03	1.34708460e-04	1	true
0.5885          	smoothSolver	6.49857860e-03	2.98929110e-04	2	6.25878900e-03	3.08911750e-04	2	false	GAMG	2.96043990e-03	1.40141600e-04	1	true
0.589           	smoothSolver	6.50144710e-03	3.01847840e-04	2	6.27621000e-03	3.09207890e-04	2	false	GAMG	3.11273070e-03	1.36853760e-04	1	true
0.5895          	smoothSolver	6.48536330e-03	2.98262930e-04	2	6.27162450e-03	3.10402590e-04	2	false	GAMG	3.04509070e-03	1.32488440e-04	1	true
0.59            	smoothSolver	6.46882540e-03	2.99676740e-04	2	6.27324120e-03	3.10645030e-04	2	false	GAMG	3.16099760e-03	1.40766660e-04	1	true
0.5905          	smoothSolver	6.46221140e-03	2.97835520e-04	2	6.27579550e-03	3.09666560e-04	2	false	GAMG	2.94067730e-03	1.44461000e-04	1	true
0.591           	smoothSolver	6.43719770e-03	3.02502650e-04	2	6.26977290e-03	3.10657030e-04	2	false	GAMG	3.42682470e-03	1.44211410e-04	1	true
0.5915          	smoothSolver	6.43318040e-03	3.02272330e-04	2	6.26706670e-03	3.07719310e-04	2	false	GAMG	3.43666900e-03	1.41081950e-04	1	true
0.592           	smoothSolver	6.42071890e-03	3.05646170e-04	2	6.29108220e-03	3.12715880e-04	2	false	GAMG	2.61464580e-03	1.26736050e-04	1	true
0.5925          	smoothSolver	6.38825480e-03	3.07957720e-04	2	6.26901900e-03	3.12717160e-04	2	false	GAMG	5.51182020e-03	1.10582360e-04	1	true
0.593           	smoothSolver	6.37001860e-03	3.06808130e-04	2	6.27489340e-03	3.08656460e-04	2	false	GAMG	3.19415600e-03	1.42671380e-04	1	true
0.5935          	smoothSolver	6.36371680e-03	3.03505330e-04	2	6.26174600e-03	3.01950840e-04	2	false	GAMG	1.73805950e-02	1.37194160e-04	1	true
0.594           	smoothSolver	6.32598070e-03	2.99208690e-04	2	6.24594120e-03	3.01665170e-04	2	false	GAMG	2.70004630e-03	1.24836000e-04	1	true
0.5945          	smoothSolver	6.29567290e-03	2.91098370e-04	2	6.23816180e-03	2.97720770e-04	2	false	GAMG	3.42645600e-03	1.11882680e-04	1	true
0.595           	smoothSolver	6.26863630e-03	2.88069850e-04	2	6.22953480e-03	2.93745310e-04	2	false	GAMG	2.51957360e-03	1.20423140e-04	1	true
0.5955          	smoothSolver	6.25210220e-03	2.90167100e-04	2	6.21488820e-03	2.96703760e-04	2	false	GAMG	2.53161870e-03	1.21821870e-04	1	true
0.596           	smoothSolver	6.21886290e-03	2.94313930e-04	2	6.19827410e-03	3.00343510e-04	2	false	GAMG	2.19520470e-03	1.02117400e-04	1	true
0.5965          	smoothSolver	6.19040740e-03	2.98218710e-04	2	6.17767350e-03	3.02207670e-04	2	false	GAMG	2.05766810e-03	9.63037230e-05	1	true
0.597           	smoothSolver	6.16334430e-03	2.94689420e-04	2	6.15476140e-03	3.00641770e-04	2	false	GAMG	1.86220880e-03	8.71824840e-05	1	true
0.5975          	smoothSolver	6.12464870e-03	2.92397990e-04	2	6.13089880e-03	2.98812380e-04	2	false	GAMG	1.48016620e-03	6.68443680e-05	1	true
0.598           	smoothSolver	6.10959750e-03	2.95958690e-04	2	6.11225050e-03	2.99774980e-04	2	false	GAMG	1.77279150e-03	8.54938090e-05	1	true
0.5985          	smoothSolver	6.06636150e-03	2.97800430e-04	2	6.09116270e-03	2.99440050e-04	2	false	GAMG	2.20398530e-02	1.48167330e-04	1	true
0.599           	smoothSolver	6.30048200e-03	3.80607490e-04	2	6.25268240e-03	3.22268860e-04	2	false	GAMG	1.18895230e-03	5.92949230e-05	1	true
0.5995          	smoothSolver	6.03505150e-03	2.96816810e-04	2	6.08087990e-03	2.98325220e-04	2	false	GAMG	5.06969930e-02	8.23704900e-05	1	true
0.6             	smoothSolver	6.08072590e-03	3.22490910e-04	2	6.16453530e-03	3.39077400e-04	2	false	GAMG	3.20028570e-03	1.19369350e-04	1	true
0.6005          	smoothSolver	6.09710170e-03	3.06201040e-04	2	6.20069490e-03	3.29456400e-04	2	false	GAMG	3.29513710e-03	1.18744200e-04	1	true
0.601           	smoothSolver	6.01801300e-03	2.79100830e-04	2	6.07049320e-03	2.94906110e-04	2	false	GAMG	1.76889160e-03	8.95820210e-05	1	true
0.6015          	smoothSolver	5.93285310e-03	2.72235810e-04	2	6.02035460e-03	2.93165180e-04	2	false	GAMG	2.87476920e-03	9.87910610e-05	1	true
0.602           	smoothSolver	5.93155360e-03	2.77096760e-04	2	5.99479300e-03	2.94198860e-04	2	false	GAMG	1.61823970e-03	8.29738300e-05	1	true
0.6025          	smoothSolver	5.86669580e-03	2.69112960e-04	2	5.93796730e-03	2.87156940e-04	2	false	GAMG	1.60146360e-03	7.52315750e-05	1	true
0.603           	smoothSolver	5.84293070e-03	2.68796480e-04	2	5.90287840e-03	2.81191780e-04	2	false	GAMG	1.59628540e-03	7.40275750e-05	1	true
0.6035          	smoothSolver	5.81643340e-03	2.67513930e-04	2	5.87255890e-03	2.76311420e-04	2	false	GAMG	1.63408810e-03	7.97793790e-05	1	true
0.604           	smoothSolver	5.78555040e-03	2.65494240e-04	2	5.84362040e-03	2.73703950e-04	2	false	GAMG	1.57151930e-03	7.16681180e-05	1	true
0.6045          	smoothSolver	5.76675950e-03	2.65055360e-04	2	5.81331880e-03	2.71471510e-04	2	false	GAMG	1.90253440e-03	8.70810150e-05	1	true
0.605           	smoothSolver	5.81020090e-03	3.02316130e-04	2	5.95969260e-03	3.94528740e-04	2	false	GAMG	1.52661030e-03	7.39090110e-05	1	true
0.6055          	smoothSolver	5.80251920e-03	2.93713910e-04	2	5.87509850e-03	3.09580880e-04	2	false	GAMG	8.24159160e-02	3.79198020e-04	1	true
0.606           	smoothSolver	1.30145040e-02	1.10801760e-03	3	1.76585720e-02	9.10619630e-04	4	false	GAMG	1.75970150e-03	8.96036170e-05	1	true
0.6065          	smoothSolver	1.13357190e-02	6.64569670e-04	2	1.19400470e-02	6.12229000e-04	2	false	GAMG	2.98974620e-03	1.08078540e-04	1	true
0.607           	smoothSolver	7.36478810e-03	5.63555470e-04	2	7.36162200e-03	4.39064210e-04	2	false	GAMG	2.11326250e-03	1.11594210e-04	1	true
0.6075          	smoothSolver	6.43250140e-03	3.30015090e-04	2	6.90715340e-03	5.38486460e-04	2	false	GAMG	4.02304100e-03	1.39660100e-04	1	true
0.608           	smoothSolver	6.25536750e-03	3.32990240e-04	2	6.79656590e-03	4.81008430e-04	2	false	GAMG	2.02278090e-03	9.09257660e-05	1	true
0.6085          	smoothSolver	6.13405280e-03	3.18280150e-04	2	6.62384760e-03	3.48168290e-04	2	false	GAMG	2.84334620e-03	8.06794430e-05	1	true
0.609           	smoothSolver	6.05553130e-03	3.23046680e-04	2	6.21206350e-03	3.62089750e-04	2	false	GAMG	3.42465420e-03	8.70868120e-05	1	true
0.6095          	smoothSolver	6.20060850e-03	3.21054490e-04	2	6.80037720e-03	4.29420440e-04	2	false	GAMG	1.69525770e-03	7.91952100e-05	1	true
0.61            	smoothSolver	5.86676560e-03	2.73367910e-04	2	6.24714420e-03	3.32857280e-04	2	false	GAMG	2.78088290e-03	6.92595270e-05	1	true
0.6105          	smoothSolver	5.79813980e-03	2.65867250e-04	2	6.04811140e-03	3.17162090e-04	2	false	GAMG	8.16543330e-03	5.55929850e-05	1	true
0.611           	smoothSolver	5.68678670e-03	2.82352840e-04	2	5.94137360e-03	3.25977130e-04	2	false	GAMG	3.46917480e-02	6.71556270e-05	1	true
0.6115          	smoothSolver	5.76124200e-03	2.73906790e-04	2	5.99805180e-03	3.17374250e-04	2	false	GAMG	1.10202810e-03	4.89370680e-05	1	true
0.612           	smoothSolver	5.55154670e-03	2.64372840e-04	2	5.79356200e-03	2.93439490e-04	2	false	GAMG	1.15794660e-03	6.35827750e-05	1	true
0.6125          	smoothSolver	5.49894800e-03	2.59783430e-04	2	5.69010550e-03	2.83369420e-04	2	false	GAMG	1.06104210e-03	5.98246310e-05	1	true
0.613           	smoothSolver	5.49272370e-03	2.60457310e-04	2	5.65213960e-03	2.81330260e-04	2	false	GAMG	1.10864140e-03	5.66885210e-05	1	true
0.6135          	smoothSolver	5.48309470e-03	2.62532190e-04	2	5.63905180e-03	2.83002470e-04	2	false	GAMG	1.46162520e-03	6.23912810e-05	1	true
0.614           	smoothSolver	5.46805940e-03	2.63415590e-04	2	5.62871250e-03	2.82091710e-04	2	false	GAMG	1.31086270e-03	5.89466210e-05	1	true
0.6145          	smoothSolver	5.45488360e-03	2.65142230e-04	2	5.62674780e-03	2.84011590e-04	2	false	GAMG	1.22808130e-03	5.81104530e-05	1	true
0.615           	smoothSolver	5.43721440e-03	2.63987110e-04	2	5.63193910e-03	2.86726720e-04	2	false	GAMG	1.24349480e-03	6.07308580e-05	1	true
0.6155          	smoothSolver	5.42568200e-03	2.60447350e-04	2	5.62932780e-03	2.86103070e-04	2	false	GAMG	1.48791980e-03	7.00805940e-05	1	true
0.616           	smoothSolver	5.40848920e-03	2.57563860e-04	2	5.65256050e-03	2.85217170e-04	2	false	GAMG	2.64409180e-03	5.99131930e-05	1	true
0.6165          	smoothSolver	5.38966000e-03	2.60947880e-04	2	5.64945660e-03	2.89254850e-04	2	false	GAMG	2.01053500e-03	7.34541490e-05	1	true
0.617           	smoothSolver	5.37075100e-03	2.60866400e-04	2	5.65507730e-03	2.90698740e-04	2	false	GAMG	1.05069330e-03	5.62282790e-05	1	true
0.6175          	smoothSolver	5.35879990e-03	2.59044210e-04	2	5.65606980e-03	2.89307410e-04	2	false	GAMG	1.25937600e-03	6.74001710e-05	1	true
0.618           	smoothSolver	5.35073120e-03	2.58442560e-04	2	5.63989840e-03	2.85915780e-04	2	false	GAMG	1.00251110e-03	6.38883970e-05	1	true
0.6185          	smoothSolver	5.32903820e-03	2.55717260e-04	2	5.62571670e-03	2.88109800e-04	2	false	GAMG	1.31300180e-03	6.94003400e-05	1	true
0.619           	smoothSolver	5.29188510e-03	2.56845110e-04	2	5.61800070e-03	2.89722350e-04	2	false	GAMG	1.00357080e-03	6.38279280e-05	1	true
0.6195          	smoothSolver	5.27304490e-03	2.57211690e-04	2	5.59629980e-03	2.85390580e-04	2	false	GAMG	1.07051520e-03	6.82503790e-05	1	true
0.62            	smoothSolver	5.24332840e-03	2.59249400e-04	2	5.58682250e-03	2.81774400e-04	2	false	GAMG	1.08940200e-03	5.58124140e-05	1	true
0.6205          	smoothSolver	5.22775450e-03	2.59044320e-04	2	5.56815990e-03	2.88932160e-04	2	false	GAMG	9.69302310e-04	6.31105830e-05	1	true
0.621           	smoothSolver	5.21691570e-03	2.55681860e-04	2	5.56867870e-03	2.90352340e-04	2	false	GAMG	8.56489060e-04	5.24205790e-05	1	true
0.6215          	smoothSolver	5.20798280e-03	2.47795350e-04	2	5.56689600e-03	2.85033630e-04	2	false	GAMG	8.16177750e-04	4.53831810e-05	1	true
0.622           	smoothSolver	5.20423460e-03	2.42525010e-04	2	5.55976820e-03	2.79506760e-04	2	false	GAMG	5.66754500e-04	3.59549980e-05	1	true
0.6225          	smoothSolver	5.18942780e-03	2.41558730e-04	2	5.55457310e-03	2.84089460e-04	2	false	GAMG	7.19425260e-04	4.47627550e-05	1	true
0.623           	smoothSolver	5.18003860e-03	2.40812080e-04	2	5.54731230e-03	2.81953040e-04	2	false	GAMG	9.85581860e-04	5.86749680e-05	1	true
0.6235          	smoothSolver	5.17969000e-03	2.37780690e-04	2	5.55137840e-03	2.75168460e-04	2	false	GAMG	8.60671240e-04	5.24628520e-05	1	true
0.624           	smoothSolver	5.16483410e-03	2.39494060e-04	2	5.55826250e-03	2.81651920e-04	2	false	GAMG	1.07801300e-03	6.34701000e-05	1	true
0.6245          	smoothSolver	5.15755480e-03	2.40579510e-04	2	5.56519390e-03	2.80963870e-04	2	false	GAMG	1.16710540e-03	5.16472150e-05	1	true
0.625           	smoothSolver	5.15586920e-03	2.40842730e-04	2	5.56840000e-03	2.81774480e-04	2	false	GAMG	9.97415610e-04	5.58271960e-05	1	true
0.6255          	smoothSolver	5.14187550e-03	2.40115360e-04	2	5.56181320e-03	2.81389160e-04	2	false	GAMG	8.44939270e-04	5.07687260e-05	1	true
0.626           	smoothSolver	5.13839600e-03	2.39347440e-04	2	5.54564630e-03	2.79138930e-04	2	false	GAMG	9.02423860e-04	5.76766880e-05	1	true
0.6265          	smoothSolver	5.13146590e-03	2.42249200e-04	2	5.54980770e-03	2.79826380e-04	2	false	GAMG	7.69199420e-04	4.47351360e-05	1	true
0.627           	smoothSolver	5.13354810e-03	2.41200080e-04	2	5.55298620e-03	2.79999980e-04	2	false	GAMG	8.82414270e-04	5.18017290e-05	1	true
0.6275          	smoothSolver	5.12891050e-03	2.41565560e-04	2	5.54933730e-03	2.79454020e-04	2	false	GAMG	8.96367660e-04	4.85596580e-05	1	true
0.628           	smoothSolver	5.12566480e-03	2.39582810e-04	2	5.54135800e-03	2.77952950e-04	2	false	GAMG	7.56717480e-04	4.74543530e-05	1	true
0.6285          	smoothSolver	5.13138450e-03	2.39647590e-04	2	5.53005200e-03	2.79255690e-04	2	false	GAMG	8.12506870e-04	5.13976970e-05	1	true
0.629           	smoothSolver	5.12322770e-03	2.40270290e-04	2	5.51461660e-03	2.78573310e-04	2	false	GAMG	8.53942280e-04	4.64349010e-05	1	true
0.6295          	smoothSolver	5.12381280e-03	2.40277870e-04	2	5.52297010e-03	2.78707780e-04	2	false	GAMG	7.92686620e-04	4.83264720e-05	1	true
0.63            	smoothSolver	5.10977070e-03	2.40215560e-04	2	5.51238070e-03	2.75928420e-04	2	false	GAMG	8.97008790e-04	5.71426240e-05	1	true
0.6305          	smoothSolver	5.09915790e-03	2.38235380e-04	2	5.50635690e-03	2.75917390e-04	2	false	GAMG	7.49594580e-04	4.51376650e-05	1	true
0.631           	smoothSolver	5.08835540e-03	2.39037140e-04	2	5.49941310e-03	2.74804780e-04	2	false	GAMG	7.98709580e-04	4.95798180e-05	1	true
0.6315          	smoothSolver	5.07921110e-03	2.40303260e-04	2	5.49114630e-03	2.75720550e-04	2	false	GAMG	8.25177800e-04	5.23865590e-05	1	true
0.632           	smoothSolver	5.06116870e-03	2.43733660e-04	2	5.47741240e-03	2.74800780e-04	2	false	GAMG	9.62863950e-04	5.73378980e-05	1	true
0.6325          	smoothSolver	5.04465040e-03	2.42688830e-04	2	5.46172490e-03	2.75442430e-04	2	false	GAMG	8.55567830e-04	5.25222250e-05	1	true
0.633           	smoothSolver	5.02882020e-03	2.42918400e-04	2	5.44134830e-03	2.75145660e-04	2	false	GAMG	9.88406310e-04	5.65588380e-05	1	true
0.6335          	smoothSolver	5.01195740e-03	2.42235290e-04	2	5.42619890e-03	2.74956430e-04	2	false	GAMG	9.32830970e-04	5.55021000e-05	1	true
0.634           	smoothSolver	4.99074000e-03	2.42504070e-04	2	5.40043410e-03	2.72267030e-04	2	false	GAMG	8.70669590e-04	4.85700400e-05	1	true
0.6345          	smoothSolver	4.97043760e-03	2.41871530e-04	2	5.38374600e-03	2.71955750e-04	2	false	GAMG	9.43551630e-04	5.15133760e-05	1	true
0.635           	smoothSolver	4.95018150e-03	2.40747550e-04	2	5.36646700e-03	2.69576760e-04	2	false	GAMG	9.14067300e-04	4.99687590e-05	1	true
0.6355          	smoothSolver	4.93740830e-03	2.40349310e-04	2	5.35437120e-03	2.67593380e-04	2	false	GAMG	1.01628420e-03	5.30617510e-05	1	true
0.636           	smoothSolver	4.92071480e-03	2.40859590e-04	2	5.33895470e-03	2.68789530e-04	2	false	GAMG	1.11138220e-03	4.37428500e-05	1	true
0.6365          	smoothSolver	4.91190620e-03	2.40689510e-04	2	5.33583620e-03	2.68289770e-04	2	false	GAMG	1.06909790e-03	4.96647010e-05	1	true
0.637           	smoothSolver	4.88770090e-03	2.37903390e-04	2	5.32608660e-03	2.65303380e-04	2	false	GAMG	8.43863600e-04	4.63597850e-05	1	true
0.6375          	smoothSolver	4.86815770e-03	2.35057880e-04	2	5.31482090e-03	2.63905830e-04	2	false	GAMG	9.50543760e-04	4.97399090e-05	1	true
0.638           	smoothSolver	4.85246460e-03	2.32321590e-04	2	5.30416980e-03	2.65283600e-04	2	false	GAMG	8.27583970e-04	4.37288960e-05	1	true
0.6385          	smoothSolver	4.83436810e-03	2.28577430e-04	2	5.28795220e-03	2.63310480e-04	2	false	GAMG	1.00903480e-03	5.02369430e-05	1	true
0.639           	smoothSolver	4.82661310e-03	2.24904680e-04	2	5.27425930e-03	2.63656920e-04	2	false	GAMG	8.88959480e-04	5.01289310e-05	1	true
0.6395          	smoothSolver	4.81075610e-03	2.24679250e-04	2	5.25730700e-03	2.64413310e-04	2	false	GAMG	9.39834070e-04	4.99717710e-05	1	true
0.64            	smoothSolver	4.80041520e-03	2.23428410e-04	2	5.24697250e-03	2.65677470e-04	2	false	GAMG	8.41445540e-04	3.96298440e-05	1	true
0.6405          	smoothSolver	4.79001420e-03	2.24142440e-04	2	5.23233050e-03	2.66515180e-04	2	false	GAMG	8.87335990e-04	3.90443270e-05	1	true
0.641           	smoothSolver	4.78405080e-03	2.23867090e-04	2	5.22290090e-03	2.67155370e-04	2	false	GAMG	1.29678330e-03	5.27499460e-05	1	true
0.6415          	smoothSolver	4.77926320e-03	2.23672090e-04	2	5.21286330e-03	2.67176390e-04	2	false	GAMG	1.06317540e-03	5.20976920e-05	1	true
0.642           	smoothSolver	4.77296540e-03	2.23246610e-04	2	5.20516000e-03	2.65808640e-04	2	false	GAMG	1.09139050e-03	5.52405630e-05	1	true
0.6425          	smoothSolver	4.77134880e-03	2.23386060e-04	2	5.20776350e-03	2.66169630e-04	2	false	GAMG	1.09723100e-03	5.92111610e-05	1	true
0.643           	smoothSolver	4.76360280e-03	2.23406220e-04	2	5.20558470e-03	2.66713710e-04	2	false	GAMG	1.15633250e-03	6.23725390e-05	1	true
0.6435          	smoothSolver	4.76088630e-03	2.23371710e-04	2	5.20767180e-03	2.68580890e-04	2	false	GAMG	1.04798850e-03	5.45891410e-05	1	true
0.644           	smoothSolver	4.75284590e-03	2.24040020e-04	2	5.20441950e-03	2.69258510e-04	2	false	GAMG	9.06719530e-04	5.15009210e-05	1	true
0.6445          	smoothSolver	4.75188470e-03	2.22527740e-04	2	5.20508080e-03	2.67242040e-04	2	false	GAMG	1.10328280e-03	6.03360970e-05	1	true
0.645           	smoothSolver	4.74720690e-03	2.22269150e-04	2	5.21205070e-03	2.65719640e-04	2	false	GAMG	1.06655340e-03	5.83180300e-05	1	true
0.6455          	smoothSolver	4.74773360e-03	2.21918990e-04	2	5.21351380e-03	2.63668190e-04	2	false	GAMG	1.02254240e-03	6.09105460e-05	1	true
0.646           	smoothSolver	4.75087100e-03	2.19641580e-04	2	5.21955170e-03	2.61354140e-04	2	false	GAMG	8.79627420e-04	4.99568560e-05	1	true
0.6465          	smoothSolver	4.75098420e-03	2.20193550e-04	2	5.22665310e-03	2.63432780e-04	2	false	GAMG	9.73701840e-04	4.96704420e-05	1	true
0.647           	smoothSolver	4.76244550e-03	2.19701050e-04	2	5.23919010e-03	2.64327220e-04	2	false	GAMG	9.81198490e-04	5.30934410e-05	1	true
0.6475          	smoothSolver	4.76607800e-03	2.18729040e-04	2	5.24704380e-03	2.62454870e-04	2	false	GAMG	8.88196170e-04	4.58597430e-05	1	true
0.648           	smoothSolver	4.77086210e-03	2.19128560e-04	2	5.25461150e-03	2.63166900e-04	2	false	GAMG	8.11330170e-04	4.40681460e-05	1	true
0.6485          	smoothSolver	4.76975090e-03	2.20029170e-04	2	5.26849000e-03	2.63965330e-04	2	false	GAMG	1.06525310e-03	5.52478990e-05	1	true
0.649           	smoothSolver	4.77307880e-03	2.20608610e-04	2	5.27828040e-03	2.64770050e-04	2	false	GAMG	1.05884300e-03	5.66527190e-05	1	true
0.6495          	smoothSolver	4.77554990e-03	2.20894210e-04	2	5.29385810e-03	2.67225290e-04	2	false	GAMG	9.91798290e-04	5.35954450e-05	1	true
0.65            	smoothSolver	4.77698190e-03	2.21570440e-04	2	5.30960920e-03	2.68988560e-04	2	false	GAMG	1.04960440e-03	5.96672700e-05	1	true
0.6505          	smoothSolver	4.78529360e-03	2.22453630e-04	2	5.32471930e-03	2.69206470e-04	2	false	GAMG	9.70701720e-04	5.49323580e-05	1	true
0.651           	smoothSolver	4.79506170e-03	2.21994100e-04	2	5.33448320e-03	2.67463230e-04	2	false	GAMG	1.00989040e-03	5.43791750e-05	1	true
0.6515          	smoothSolver	4.80023190e-03	2.23586480e-04	2	5.34349300e-03	2.69717350e-04	2	false	GAMG	1.28581670e-03	6.10931360e-05	1	true
0.652           	smoothSolver	4.80378320e-03	2.22690600e-04	2	5.35361030e-03	2.68888730e-04	2	false	GAMG	1.02506460e-03	5.64458660e-05	1	true
0.6525          	smoothSolver	4.80611520e-03	2.21404310e-04	2	5.37042200e-03	2.67157830e-04	2	false	GAMG	1.11856670e-03	5.85789450e-05	1	true
0.653           	smoothSolver	4.81541200e-03	2.19799300e-04	2	5.38799150e-03	2.66999700e-04	2	false	GAMG	1.14807770e-03	6.04646410e-05	1	true
0.6535          	smoothSolver	4.81712810e-03	2.18820450e-04	2	5.39504980e-03	2.68431640e-04	2	false	GAMG	1.04986480e-03	5.28392420e-05	1	true
0.654           	smoothSolver	4.81714140e-03	2.20794270e-04	2	5.40623510e-03	2.70370570e-04	2	false	GAMG	1.01906730e-03	5.08904890e-05	1	true
0.6545          	smoothSolver	4.81814730e-03	2.21060890e-04	2	5.41916030e-03	2.71355230e-04	2	false	GAMG	1.47910750e-03	7.43646550e-05	1	true
0.655           	smoothSolver	4.82580590e-03	2.22666230e-04	2	5.43124250e-03	2.74900880e-04	2	false	GAMG	1.40916110e-03	7.12441520e-05	1	true
0.6555          	smoothSolver	4.82931270e-03	2.24301760e-04	2	5.44026500e-03	2.78226760e-04	2	false	GAMG	1.30782530e-03	6.96942130e-05	1	true
0.656           	smoothSolver	4.83203200e-03	2.25317640e-04	2	5.44696620e-03	2.79175680e-04	2	false	GAMG	1.61124120e-03	8.03735630e-05	1	true
0.6565          	smoothSolver	4.83703710e-03	2.24052980e-04	2	5.47126530e-03	2.79367350e-04	2	false	GAMG	2.06769440e-03	9.58427730e-05	1	true
0.657           	smoothSolver	4.83745770e-03	2.21843550e-04	2	5.47864750e-03	2.79275220e-04	2	false	GAMG	1.61109970e-03	7.50974140e-05	1	true
0.6575          	smoothSolver	4.83502960e-03	2.20978820e-04	2	5.49303820e-03	2.79316740e-04	2	false	GAMG	1.99092090e-03	1.01273440e-04	1	true
0.658           	smoothSolver	4.83631200e-03	2.18448010e-04	2	5.50448180e-03	2.77172570e-04	2	false	GAMG	1.85023090e-03	9.40114740e-05	1	true
0.6585          	smoothSolver	4.83805050e-03	2.18924850e-04	2	5.52388610e-03	2.75435060e-04	2	false	GAMG	2.01017470e-03	1.05992580e-04	1	true
0.659           	smoothSolver	4.83715160e-03	2.15806250e-04	2	5.54006050e-03	2.73683950e-04	2	false	GAMG	1.91846370e-03	1.04509450e-04	1	true
0.6595          	smoothSolver	4.84256100e-03	2.15095920e-04	2	5.55454530e-03	2.73282040e-04	2	false	GAMG	1.88432120e-03	1.06279480e-04	1	true
0.66            	smoothSolver	4.85014720e-03	2.12670170e-04	2	5.56888770e-03	2.70458090e-04	2	false	GAMG	1.89604050e-03	1.02238590e-04	1	true
0.6605          	smoothSolver	4.86221660e-03	2.12292650e-04	2	5.57674220e-03	2.68119160e-04	2	false	GAMG	1.93296710e-03	1.09249480e-04	1	true
0.661           	smoothSolver	4.86915900e-03	2.13118440e-04	2	5.57898700e-03	2.70227460e-04	2	false	GAMG	2.11535380e-03	1.15965670e-04	1	true
0.6615          	smoothSolver	4.87974340e-03	2.13566700e-04	2	5.59082830e-03	2.71764070e-04	2	false	GAMG	1.95193330e-03	1.11470880e-04	1	true
0.662           	smoothSolver	4.89047610e-03	2.13612730e-04	2	5.60031880e-03	2.74357250e-04	2	false	GAMG	2.02292800e-03	1.09944640e-04	1	true
0.6625          	smoothSolver	4.90647320e-03	2.14299580e-04	2	5.61823690e-03	2.74752260e-04	2	false	GAMG	2.05659120e-03	1.08962280e-04	1	true
0.663           	smoothSolver	4.93108160e-03	2.16906640e-04	2	5.63857590e-03	2.74507700e-04	2	false	GAMG	2.01536660e-03	1.05124190e-04	1	true
0.6635          	smoothSolver	4.94556030e-03	2.20852520e-04	2	5.64433890e-03	2.75632010e-04	2	false	GAMG	2.08943130e-03	1.02069960e-04	1	true
0.664           	smoothSolver	4.96465760e-03	2.22840100e-04	2	5.65773070e-03	2.77800940e-04	2	false	GAMG	2.03490350e-03	1.11412550e-04	1	true
0.6645          	smoothSolver	4.99696120e-03	2.25388870e-04	2	5.69058370e-03	2.83105340e-04	2	false	GAMG	2.11889420e-03	1.18567050e-04	1	true
0.665           	smoothSolver	5.05219490e-03	2.27806790e-04	2	5.73007520e-03	2.83444840e-04	2	false	GAMG	2.03096220e-03	1.03973000e-04	1	true
0.6655          	smoothSolver	5.11067350e-03	2.27930680e-04	2	5.79166330e-03	2.84014190e-04	2	false	GAMG	1.84846980e-03	1.03026490e-04	1	true
0.666           	smoothSolver	5.10405980e-03	2.27312220e-04	2	5.84805650e-03	2.90269140e-04	2	false	GAMG	1.79002730e-03	1.02572770e-04	1	true
0.6665          	smoothSolver	5.12537380e-03	2.29645400e-04	2	5.87791550e-03	3.00273150e-04	2	false	GAMG	1.88641270e-03	9.61184790e-05	1	true
0.667           	smoothSolver	5.24232420e-03	2.43164310e-04	2	5.99128070e-03	3.23777440e-04	2	false	GAMG	1.52187980e-03	9.24056670e-05	1	true
0.6675          	smoothSolver	5.30025700e-03	2.38623110e-04	2	6.10369040e-03	3.12410410e-04	2	false	GAMG	1.75667160e-03	9.94367280e-05	1	true
0.668           	smoothSolver	5.20799400e-03	2.36625640e-04	2	5.86937950e-03	2.93803830e-04	2	false	GAMG	1.81599060e-03	9.93377470e-05	1	true
0.6685          	smoothSolver	5.16599740e-03	2.44412770e-04	2	5.83219390e-03	3.00714980e-04	2	false	GAMG	1.33711440e-03	7.78608240e-05	1	true
0.669           	smoothSolver	5.26061180e-03	2.41040070e-04	2	5.93874480e-03	3.03269570e-04	2	false	GAMG	1.98481810e-03	1.08834800e-04	1	true
0.6695          	smoothSolver	5.18700090e-03	2.41061460e-04	2	5.85154030e-03	2.88923310e-04	2	false	GAMG	1.86620230e-03	8.95324480e-05	1	true
0.67            	smoothSolver	5.17589150e-03	2.31443890e-04	2	5.79866220e-03	3.00033220e-04	2	false	GAMG	1.04520210e-02	8.18387110e-05	1	true
0.6705          	smoothSolver	5.19630920e-03	2.40651180e-04	2	6.44948950e-03	3.26458330e-04	2	false	GAMG	2.74177330e-03	1.19092540e-04	1	true
0.671           	smoothSolver	5.42424820e-03	2.76202240e-04	2	6.07564210e-03	3.30086000e-04	2	false	GAMG	1.71704380e-03	9.57719100e-05	1	true
0.6715          	smoothSolver	5.26635600e-03	2.47089500e-04	2	5.81081070e-03	2.99007690e-04	2	false	GAMG	1.60999780e-03	8.55189070e-05	1	true
0.672           	smoothSolver	5.21495940e-03	2.48559250e-04	2	5.76624070e-03	2.92425460e-04	2	false	GAMG	2.33238760e-03	9.20641260e-05	1	true
0.6725          	smoothSolver	5.20060700e-03	2.51717390e-04	2	5.72719860e-03	2.91343680e-04	2	false	GAMG	1.89338930e-03	9.91801560e-05	1	true
0.673           	smoothSolver	5.19369640e-03	2.41329690e-04	2	5.69697090e-03	2.88045920e-04	2	false	GAMG	1.73096840e-03	8.20614300e-05	1	true
0.6735          	smoothSolver	5.21639620e-03	2.41707760e-04	2	5.70092290e-03	2.85573720e-04	2	false	GAMG	2.05670250e-03	1.15854440e-04	1	true
0.674           	smoothSolver	5.22161860e-03	2.39151070e-04	2	5.65731190e-03	2.84930060e-04	2	false	GAMG	2.33811800e-03	1.07437040e-04	1	true
0.6745          	smoothSolver	5.22144330e-03	2.40625450e-04	2	5.65706630e-03	2.85819100e-04	2	false	GAMG	1.54400110e-03	7.40512600e-05	1	true
0.675           	smoothSolver	5.22852640e-03	2.41057710e-04	2	5.65266050e-03	2.86156190e-04	2	false	GAMG	4.38241810e-02	1.07802890e-04	1	true
0.6755          	smoothSolver	5.31384170e-03	2.68766940e-04	2	5.75868730e-03	3.23349920e-04	2	false	GAMG	2.53246860e-03	7.08780880e-05	1	true
0.676           	smoothSolver	5.46082830e-03	3.57662440e-04	2	5.96353100e-03	4.49211480e-04	2	false	GAMG	2.99840640e-03	1.10814210e-04	1	true
0.6765          	smoothSolver	5.67994900e-03	3.42610050e-04	2	6.33061410e-03	4.64623970e-04	2	false	GAMG	8.93487210e-03	1.53402770e-04	1	true
0.677           	smoothSolver	5.62012440e-03	2.65454630e-04	2	5.95529670e-03	3.08319160e-04	2	false	GAMG	2.56818360e-03	1.06345230e-04	1	true
0.6775          	smoothSolver	5.54826300e-03	2.95632570e-04	2	6.02262910e-03	3.62299260e-04	2	false	GAMG	9.12169500e-03	3.08918780e-04	1	true
0.678           	smoothSolver	6.27590320e-03	3.84441510e-04	2	7.17333360e-03	4.17871830e-04	2	false	GAMG	2.06716880e-03	1.30489730e-04	1	true
0.6785          	smoothSolver	5.67689630e-03	2.85687620e-04	2	6.68914670e-03	4.97660800e-04	2	false	GAMG	5.30498000e-03	1.31592080e-04	1	true
0.679           	smoothSolver	5.69120170e-03	3.24661820e-04	2	6.36728740e-03	3.73511950e-04	2	false	GAMG	3.45864780e-03	1.05458770e-04	1	true
0.6795          	smoothSolver	5.62444130e-03	2.99268950e-04	2	6.19930600e-03	3.35600170e-04	2	false	GAMG	2.61771080e-03	1.19735150e-04	1	true
0.68            	smoothSolver	5.63401730e-03	2.71557580e-04	2	6.10785380e-03	3.32372450e-04	2	false	GAMG	2.45032460e-03	1.14630040e-04	1	true
0.6805          	smoothSolver	5.56208340e-03	2.81912880e-04	2	6.01647510e-03	3.27936270e-04	2	false	GAMG	2.69263080e-03	9.81100770e-05	1	true
0.681           	smoothSolver	5.55408780e-03	2.79387040e-04	2	6.01125310e-03	3.12018000e-04	2	false	GAMG	2.18219270e-03	1.12443490e-04	1	true
0.6815          	smoothSolver	5.48843890e-03	2.68795540e-04	2	5.88356930e-03	3.09227760e-04	2	false	GAMG	2.21263270e-03	1.16487380e-04	1	true
0.682           	smoothSolver	5.46980660e-03	2.64211650e-04	2	5.86377080e-03	3.05923270e-04	2	false	GAMG	4.07703180e-03	1.29945020e-04	1	true
0.6825          	smoothSolver	5.43670420e-03	2.64713810e-04	2	5.86798840e-03	3.09171150e-04	2	false	GAMG	6.08586170e-03	9.43779860e-05	1	true
0.683           	smoothSolver	5.40841840e-03	2.63599480e-04	2	5.87111890e-03	3.10009450e-04	2	false	GAMG	9.28771600e-03	1.16589660e-04	1	true
0.6835          	smoothSolver	5.38903980e-03	2.55761630e-04	2	5.89171380e-03	3.06185340e-04	2	false	GAMG	1.96888570e-03	1.07393280e-04	1	true
0.684           	smoothSolver	5.35143900e-03	2.48565240e-04	2	5.86869960e-03	2.99777400e-04	2	false	GAMG	1.88739050e-03	1.09192740e-04	1	true
0.6845          	smoothSolver	5.33096840e-03	2.51447940e-04	2	5.84574920e-03	2.99412330e-04	2	false	GAMG	2.26751860e-03	1.12745700e-04	1	true
0.685           	smoothSolver	5.33038010e-03	2.52417820e-04	2	5.85431050e-03	3.00518340e-04	2	false	GAMG	2.18902720e-03	9.82433380e-05	1	true
0.6855          	smoothSolver	5.31143770e-03	2.51802860e-04	2	5.82527380e-03	2.98440260e-04	2	false	GAMG	2.02384760e-03	1.10600020e-04	1	true
0.686           	smoothSolver	5.30534840e-03	2.50501890e-04	2	5.81062030e-03	2.98051700e-04	2	false	GAMG	2.31255390e-03	9.46999790e-05	1	true
0.6865          	smoothSolver	5.28853190e-03	2.48519580e-04	2	5.79922110e-03	2.98199750e-04	2	false	GAMG	1.78852940e-03	9.29863570e-05	1	true
0.687           	smoothSolver	5.27541130e-03	2.44737440e-04	2	5.80092590e-03	2.96069950e-04	2	false	GAMG	1.90312810e-03	8.98578440e-05	1	true
0.6875          	smoothSolver	5.26003990e-03	2.44646350e-04	2	5.80014200e-03	2.99084220e-04	2	false	GAMG	1.83263170e-03	9.40395310e-05	1	true
0.688           	smoothSolver	5.25020930e-03	2.44999500e-04	2	5.81409640e-03	2.99695070e-04	2	false	GAMG	1.81558100e-03	9.86129630e-05	1	true
0.6885          	smoothSolver	5.23441880e-03	2.46003630e-04	2	5.82125240e-03	2.98594610e-04	2	false	GAMG	2.02973310e-03	9.75289140e-05	1	true
0.689           	smoothSolver	5.22874140e-03	2.46641580e-04	2	5.83774570e-03	3.00643380e-04	2	false	GAMG	2.08127990e-03	1.14068560e-04	1	true
0.6895          	smoothSolver	5.21149820e-03	2.47138290e-04	2	5.84089220e-03	3.00205280e-04	2	false	GAMG	1.93720660e-03	1.05639690e-04	1	true
0.69            	smoothSolver	5.19853540e-03	2.47063980e-04	2	5.84934850e-03	3.05183760e-04	2	false	GAMG	1.96048150e-03	1.08807020e-04	1	true
0.6905          	smoothSolver	5.19087040e-03	2.45513500e-04	2	5.86138470e-03	3.04399580e-04	2	false	GAMG	1.91461600e-03	1.05449200e-04	1	true
0.691           	smoothSolver	5.17485210e-03	2.43429550e-04	2	5.85575770e-03	3.03184960e-04	2	false	GAMG	2.28709720e-03	1.17581910e-04	1	true
0.6915          	smoothSolver	5.15363660e-03	2.41319530e-04	2	5.85623880e-03	3.01424920e-04	2	false	GAMG	2.08016390e-03	1.19921780e-04	1	true
0.692           	smoothSolver	5.14670040e-03	2.39430820e-04	2	5.86680090e-03	3.00304770e-04	2	false	GAMG	2.10368560e-03	1.27541970e-04	1	true
0.6925          	smoothSolver	5.13473660e-03	2.42417100e-04	2	5.87114830e-03	3.00727390e-04	2	false	GAMG	2.08868740e-03	1.06753960e-04	1	true
0.693           	smoothSolver	5.12731750e-03	2.43533320e-04	2	5.87088010e-03	2.99392890e-04	2	false	GAMG	1.74740350e-03	1.05019050e-04	1	true
0.6935          	smoothSolver	5.11736720e-03	2.44840140e-04	2	5.87078650e-03	2.98199270e-04	2	false	GAMG	1.85835730e-03	1.14589900e-04	1	true
0.694           	smoothSolver	5.11204720e-03	2.45879070e-04	2	5.86994660e-03	2.97791070e-04	2	false	GAMG	1.46447770e-03	8.36612370e-05	1	true
0.6945          	smoothSolver	5.11010140e-03	2.46119170e-04	2	5.87305950e-03	2.96491880e-04	2	false	GAMG	1.60557250e-03	9.79479510e-05	1	true
0.695           	smoothSolver	5.10475250e-03	2.45901890e-04	2	5.87862530e-03	2.97645910e-04	2	false	GAMG	1.58489090e-03	1.01939430e-04	1	true
0.6955          	smoothSolver	5.09970850e-03	2.43890470e-04	2	5.87331190e-03	2.93909710e-04	2	false	GAMG	1.68036670e-03	9.85527970e-05	1	true
0.696           	smoothSolver	5.10568850e-03	2.45142960e-04	2	5.88012680e-03	2.93136600e-04	2	false	GAMG	1.51151260e-03	8.11944140e-05	1	true
0.6965          	smoothSolver	5.10891410e-03	2.44608780e-04	2	5.88629590e-03	2.92111210e-04	2	false	GAMG	1.36983980e-03	7.08784650e-05	1	true
0.697           	smoothSolver	5.10005890e-03	2.45908580e-04	2	5.88977900e-03	2.93918800e-04	2	false	GAMG	1.51373540e-03	7.21263250e-05	1	true
0.6975          	smoothSolver	5.09480550e-03	2.43132710e-04	2	5.88620420e-03	2.92999420e-04	2	false	GAMG	1.23051460e-03	7.31957390e-05	1	true
0.698           	smoothSolver	5.09207760e-03	2.40809570e-04	2	5.89333710e-03	2.91087480e-04	2	false	GAMG	1.10089250e-03	6.49936820e-05	1	true
0.6985          	smoothSolver	5.08084100e-03	2.36818860e-04	2	5.87926550e-03	2.87946830e-04	2	false	GAMG	1.20061480e-03	6.67523280e-05	1	true
0.699           	smoothSolver	5.07301760e-03	2.35595710e-04	2	5.88307540e-03	2.85382540e-04	2	false	GAMG	1.06094740e-03	5.96024460e-05	1	true
0.6995          	smoothSolver	5.06495940e-03	2.31244460e-04	2	5.88732430e-03	2.81918070e-04	2	false	GAMG	9.14417990e-04	5.11141180e-05	1	true
0.7             	smoothSolver	5.05818390e-03	2.28519960e-04	2	5.88600210e-03	2.79500540e-04	2	false	GAMG	1.25358370e-03	5.45205780e-05	1	true
0.7005          	smoothSolver	5.04694360e-03	2.26000160e-04	2	5.89309840e-03	2.78600680e-04	2	false	GAMG	1.26845050e-03	5.41026810e-05	1	true
0.701           	smoothSolver	5.03924760e-03	2.26279310e-04	2	5.89279540e-03	2.77285210e-04	2	false	GAMG	1.09040750e-03	4.92089470e-05	1	true
0.7015          	smoothSolver	5.03025830e-03	2.26717530e-04	2	5.90205560e-03	2.75788790e-04	2	false	GAMG	9.87125110e-04	5.76561140e-05	1	true
0.702           	smoothSolver	5.01928300e-03	2.27882880e-04	2	5.90370950e-03	2.75509690e-04	2	false	GAMG	1.02369250e-03	5.74985820e-05	1	true
0.7025          	smoothSolver	5.01548240e-03	2.30296550e-04	2	5.90656250e-03	2.75104050e-04	2	false	GAMG	1.00808730e-03	5.30250200e-05	1	true
0.703           	smoothSolver	5.00225280e-03	2.32097150e-04	2	5.90026160e-03	2.73848250e-04	2	false	GAMG	8.80705110e-04	4.87049650e-05	1	true
0.7035          	smoothSolver	4.98893500e-03	2.30460160e-04	2	5.89738040e-03	2.73863500e-04	2	false	GAMG	1.15268030e-03	6.77387450e-05	1	true
0.704           	smoothSolver	4.97938450e-03	2.29950450e-04	2	5.89313100e-03	2.72736300e-04	2	false	GAMG	1.34511110e-03	6.23130130e-05	1	true
0.7045          	smoothSolver	4.96305030e-03	2.29161230e-04	2	5.88297520e-03	2.71028850e-04	2	false	GAMG	1.05950880e-03	6.48801120e-05	1	true
0.705           	smoothSolver	4.95362380e-03	2.29005490e-04	2	5.87840500e-03	2.71196800e-04	2	false	GAMG	8.02476200e-04	5.24336340e-05	1	true
0.7055          	smoothSolver	4.94348210e-03	2.26697050e-04	2	5.86806980e-03	2.69005450e-04	2	false	GAMG	7.83283860e-04	3.20882950e-05	1	true
0.706           	smoothSolver	4.92475610e-03	2.27857180e-04	2	5.85651140e-03	2.69015120e-04	2	false	GAMG	8.80259970e-04	6.21023640e-05	1	true
0.7065          	smoothSolver	4.90788370e-03	2.28296340e-04	2	5.85090860e-03	2.68359490e-04	2	false	GAMG	9.89145950e-04	7.30692450e-05	1	true
0.707           	smoothSolver	4.89834380e-03	2.29704570e-04	2	5.84204260e-03	2.68859380e-04	2	false	GAMG	7.70445090e-04	5.51594270e-05	1	true
0.7075          	smoothSolver	4.88612910e-03	2.26522410e-04	2	5.82383620e-03	2.64492850e-04	2	false	GAMG	1.15328100e-03	7.86522690e-05	1	true
0.708           	smoothSolver	4.87534470e-03	2.23896790e-04	2	5.81191330e-03	2.62861160e-04	2	false	GAMG	1.08126070e-03	7.26604230e-05	1	true
0.7085          	smoothSolver	4.85706890e-03	2.22144770e-04	2	5.79631210e-03	2.58707530e-04	2	false	GAMG	9.41991710e-04	7.00101970e-05	1	true
0.709           	smoothSolver	4.84323550e-03	2.24198750e-04	2	5.77663400e-03	2.59444290e-04	2	false	GAMG	9.88115030e-04	7.20102090e-05	1	true
0.7095          	smoothSolver	4.83225360e-03	2.25948540e-04	2	5.76071970e-03	2.58781000e-04	2	false	GAMG	1.02107000e-03	7.64551090e-05	1	true
0.71            	smoothSolver	4.82301110e-03	2.26628900e-04	2	5.73766420e-03	2.57218500e-04	2	false	GAMG	1.00343430e-03	7.24309600e-05	1	true
0.7105          	smoothSolver	4.81607930e-03	2.23748370e-04	2	5.70916770e-03	2.55276480e-04	2	false	GAMG	7.77145140e-04	5.70123740e-05	1	true
0.711           	smoothSolver	4.80840660e-03	2.20728050e-04	2	5.68109580e-03	2.51274400e-04	2	false	GAMG	1.11462940e-03	8.07177190e-05	1	true
0.7115          	smoothSolver	4.79876620e-03	2.20676070e-04	2	5.65738620e-03	2.51258190e-04	2	false	GAMG	1.13145110e-03	8.16298370e-05	1	true
0.712           	smoothSolver	4.79566000e-03	2.20113880e-04	2	5.62802550e-03	2.48188510e-04	2	false	GAMG	9.62039810e-04	6.68932280e-05	1	true
0.7125          	smoothSolver	4.78228560e-03	2.20464800e-04	2	5.60367340e-03	2.48103580e-04	2	false	GAMG	1.14599760e-03	8.08951820e-05	1	true
0.713           	smoothSolver	4.77089940e-03	2.18257780e-04	2	5.57341080e-03	2.46884420e-04	2	false	GAMG	1.00311430e-03	7.48401120e-05	1	true
0.7135          	smoothSolver	4.76884260e-03	2.15199820e-04	2	5.55162230e-03	2.44800920e-04	2	false	GAMG	1.26999020e-03	9.18822400e-05	1	true
0.714           	smoothSolver	4.75622360e-03	2.13197750e-04	2	5.53291490e-03	2.41965580e-04	2	false	GAMG	9.33879060e-04	6.59980340e-05	1	true
0.7145          	smoothSolver	4.74469480e-03	2.12431540e-04	2	5.52206960e-03	2.41081120e-04	2	false	GAMG	1.34039030e-03	8.72920460e-05	1	true
0.715           	smoothSolver	4.73586670e-03	2.12555320e-04	2	5.50486120e-03	2.39617780e-04	2	false	GAMG	1.24116330e-03	8.64672150e-05	1	true
0.7155          	smoothSolver	4.72932210e-03	2.10639320e-04	2	5.50006890e-03	2.37347860e-04	2	false	GAMG	1.22143520e-03	9.16612740e-05	1	true
0.716           	smoothSolver	4.72577860e-03	2.08958310e-04	2	5.49995320e-03	2.36700300e-04	2	false	GAMG	1.29356040e-03	9.11505130e-05	1	true
0.7165          	smoothSolver	4.71981820e-03	2.07720110e-04	2	5.49991750e-03	2.36614590e-04	2	false	GAMG	1.43455710e-03	9.96413800e-05	1	true
0.717           	smoothSolver	4.71008570e-03	2.06948130e-04	2	5.50149110e-03	2.36645890e-04	2	false	GAMG	2.23283670e-03	9.45325390e-05	1	true
0.7175          	smoothSolver	4.71092500e-03	2.07362220e-04	2	5.51562080e-03	2.39367930e-04	2	false	GAMG	1.21371540e-03	7.78170520e-05	1	true
0.718           	smoothSolver	4.70609080e-03	2.08268440e-04	2	5.52142440e-03	2.40835480e-04	2	false	GAMG	1.41365160e-03	9.47128520e-05	1	true
0.7185          	smoothSolver	4.70142820e-03	2.07514460e-04	2	5.51762850e-03	2.40653130e-04	2	false	GAMG	1.35968500e-03	8.85494940e-05	1	true
0.719           	smoothSolver	4.70233190e-03	2.06048480e-04	2	5.53124220e-03	2.40885900e-04	2	false	GAMG	1.38532700e-03	9.13601220e-05	1	true
0.7195          	smoothSolver	4.70354950e-03	2.03342840e-04	2	5.53583600e-03	2.39658380e-04	2	false	GAMG	7.91627150e-04	5.37419060e-05	1	true
0.72            	smoothSolver	4.69741080e-03	2.01630140e-04	2	5.54130110e-03	2.38735810e-04	2	false	GAMG	1.37928900e-03	9.42124670e-05	1	true
0.7205          	smoothSolver	4.69286940e-03	1.99710860e-04	2	5.54810580e-03	2.40238170e-04	2	false	GAMG	1.35738020e-03	9.68070690e-05	1	true
0.721           	smoothSolver	4.69385990e-03	1.98147200e-04	2	5.56224600e-03	2.40736250e-04	2	false	GAMG	1.30173520e-03	9.29711230e-05	1	true
0.7215          	smoothSolver	4.69697820e-03	1.94947190e-04	2	5.57627600e-03	2.40292500e-04	2	false	GAMG	1.34015630e-03	9.62778930e-05	1	true
0.722           	smoothSolver	4.70103110e-03	1.92929600e-04	2	5.59136450e-03	2.40927050e-04	2	false	GAMG	1.55920820e-03	1.08870580e-04	1	true
0.7225          	smoothSolver	4.70798980e-03	1.91183300e-04	2	5.60042530e-03	2.41700400e-04	2	false	GAMG	1.45269770e-03	1.00424330e-04	1	true
0.723           	smoothSolver	4.71182100e-03	1.90179490e-04	2	5.61947230e-03	2.41211660e-04	2	false	GAMG	1.33049260e-03	9.33988930e-05	1	true
0.7235          	smoothSolver	4.71679390e-03	1.91522730e-04	2	5.63223650e-03	2.40949320e-04	2	false	GAMG	1.63628550e-03	1.12833800e-04	1	true
0.724           	smoothSolver	4.72628910e-03	1.93878050e-04	2	5.65031080e-03	2.43988590e-04	2	false	GAMG	1.85161320e-03	1.24272370e-04	1	true
0.7245          	smoothSolver	4.73675010e-03	1.94016540e-04	2	5.66595000e-03	2.45401720e-04	2	false	GAMG	1.59958560e-03	1.02127980e-04	1	true
0.725           	smoothSolver	4.74812400e-03	1.94712920e-04	2	5.68462610e-03	2.47546620e-04	2	false	GAMG	1.56015280e-03	9.78524710e-05	1	true
0.7255          	smoothSolver	4.75705430e-03	1.94955500e-04	2	5.69573850e-03	2.46502570e-04	2	false	GAMG	1.52266990e-03	9.97177240e-05	1	true
0.726           	smoothSolver	4.76856640e-03	1.95842540e-04	2	5.70719970e-03	2.47831600e-04	2	false	GAMG	2.13513620e-03	1.38708630e-04	1	true
0.7265          	smoothSolver	4.78089330e-03	1.95858160e-04	2	5.71013180e-03	2.48180530e-04	2	false	GAMG	1.82055610e-03	1.10026600e-04	1	true
0.727           	smoothSolver	4.78503030e-03	1.94691740e-04	2	5.71753880e-03	2.48800480e-04	2	false	GAMG	1.81247770e-03	1.13324150e-04	1	true
0.7275          	smoothSolver	4.78832250e-03	1.92965130e-04	2	5.72973860e-03	2.47954320e-04	2	false	GAMG	1.99842480e-03	1.29458460e-04	1	true
0.728           	smoothSolver	4.79139800e-03	1.92405860e-04	2	5.73914490e-03	2.46576930e-04	2	false	GAMG	2.27136470e-03	1.47054200e-04	1	true
0.7285          	smoothSolver	4.79258220e-03	1.92551880e-04	2	5.73873660e-03	2.45583690e-04	2	false	GAMG	1.93796640e-03	1.13727180e-04	1	true
0.729           	smoothSolver	4.79591070e-03	1.93385730e-04	2	5.75127630e-03	2.47196280e-04	2	false	GAMG	1.68554760e-03	1.02203300e-04	1	true
0.7295          	smoothSolver	4.80220150e-03	1.92817700e-04	2	5.75282010e-03	2.47745510e-04	2	false	GAMG	1.98357620e-03	1.33910210e-04	1	true
0.73            	smoothSolver	4.80673440e-03	1.95106920e-04	2	5.74971140e-03	2.47808820e-04	2	false	GAMG	1.86828830e-03	1.17327760e-04	1	true
0.7305          	smoothSolver	4.81060840e-03	1.97993630e-04	2	5.74440760e-03	2.49641590e-04	2	false	GAMG	1.74650030e-03	1.05849280e-04	1	true
0.731           	smoothSolver	4.81939810e-03	2.00219690e-04	2	5.75465710e-03	2.51145910e-04	2	false	GAMG	2.07179530e-03	1.13112510e-04	1	true
0.7315          	smoothSolver	4.82743950e-03	2.01724290e-04	2	5.74997270e-03	2.52112080e-04	2	false	GAMG	2.31043510e-03	1.38562600e-04	1	true
0.732           	smoothSolver	4.84149360e-03	1.98740380e-04	2	5.75020510e-03	2.46841080e-04	2	false	GAMG	1.87414770e-03	1.07360710e-04	1	true
0.7325          	smoothSolver	4.84917010e-03	1.97234700e-04	2	5.74317770e-03	2.43880940e-04	2	false	GAMG	1.96904150e-03	1.09005800e-04	1	true
0.733           	smoothSolver	4.86300600e-03	1.96563180e-04	2	5.74003520e-03	2.44404530e-04	2	false	GAMG	1.89550240e-03	1.13728240e-04	1	true
0.7335          	smoothSolver	4.87325300e-03	1.98597240e-04	2	5.73921480e-03	2.42888250e-04	2	false	GAMG	2.70735880e-03	1.36859090e-04	1	true
0.734           	smoothSolver	4.88414060e-03	2.02310710e-04	2	5.74403440e-03	2.45061100e-04	2	false	GAMG	2.55805510e-03	1.25739330e-04	1	true
0.7345          	smoothSolver	4.88847490e-03	2.02758590e-04	2	5.73611860e-03	2.42049600e-04	2	false	GAMG	2.41575730e-03	1.21168040e-04	1	true
0.735           	smoothSolver	4.89978120e-03	2.02445110e-04	2	5.73281100e-03	2.42932940e-04	2	false	GAMG	1.75886820e-03	1.07062820e-04	1	true
0.7355          	smoothSolver	4.91347330e-03	2.01950150e-04	2	5.73256750e-03	2.45059960e-04	2	false	GAMG	1.84493370e-03	1.19572240e-04	1	true
0.736           	smoothSolver	4.92976750e-03	2.01702320e-04	2	5.73228500e-03	2.43265990e-04	2	false	GAMG	1.68541520e-03	1.03739500e-04	1	true
0.7365          	smoothSolver	4.95028170e-03	2.02615030e-04	2	5.73619630e-03	2.44694810e-04	2	false	GAMG	1.25994840e-02	1.04219360e-04	1	true
0.737           	smoothSolver	5.00883240e-03	2.18057560e-04	2	5.80563640e-03	2.64956520e-04	2	false	GAMG	6.86728940e-03	1.15502650e-04	1	true
0.7375          	smoothSolver	5.07558930e-03	2.25520510e-04	2	5.89291130e-03	2.77032290e-04	2	false	GAMG	4.53447040e-03	1.89217010e-04	1	true
0.738           	smoothSolver	5.77743630e-03	2.83810330e-04	2	7.21332990e-03	4.85995830e-04	2	false	GAMG	3.21287180e-03	1.59598650e-04	1	true
0.7385          	smoothSolver	6.66806010e-03	4.66328530e-04	2	7.47829110e-03	5.61684600e-04	2	false	GAMG	1.30275150e-02	2.28987110e-04	1	true
0.739           	smoothSolver	6.23638500e-03	3.22059120e-04	2	7.25535250e-03	4.29526840e-04	2	false	GAMG	2.99033820e-03	1.44112530e-04	1	true
0.7395          	smoothSolver	5.96717820e-03	3.61433640e-04	2	6.97499690e-03	4.21231230e-04	2	false	GAMG	2.36383770e-02	1.77378220e-04	1	true
0.74            	smoothSolver	6.70219700e-03	3.69709710e-04	2	8.33282430e-03	5.14168760e-04	2	false	GAMG	4.76454710e-03	1.53630070e-04	1	true
0.7405          	smoothSolver	5.82652310e-03	2.77628070e-04	2	7.16339920e-03	4.03239810e-04	2	false	GAMG	3.56213480e-03	1.29976490e-04	1	true
0.741           	smoothSolver	5.66772410e-03	3.47141050e-04	2	6.52130690e-03	4.06338780e-04	2	false	GAMG	3.09160920e-02	1.73355920e-04	1	true
0.7415          	smoothSolver	5.81131580e-03	2.66129780e-04	2	6.75267540e-03	2.94074120e-04	2	false	GAMG	2.07066610e-03	1.40709930e-04	1	true
0.742           	smoothSolver	5.66008850e-03	2.90693650e-04	2	6.62859860e-03	3.38679970e-04	2	false	GAMG	3.61097190e-02	1.77299540e-04	1	true
0.7425          	smoothSolver	6.01331400e-03	2.73065030e-04	2	7.31226470e-03	3.98344590e-04	2	false	GAMG	1.99998230e-03	1.22656570e-04	1	true
0.743           	smoothSolver	5.55419980e-03	2.40137770e-04	2	6.47660530e-03	3.21120330e-04	2	false	GAMG	6.83795580e-03	1.45017670e-04	1	true
0.7435          	smoothSolver	5.73902560e-03	5.59586000e-04	2	6.85745900e-03	5.31801700e-04	2	false	GAMG	2.37609580e-03	1.41237330e-04	1	true
0.744           	smoothSolver	5.53209750e-03	3.00009990e-04	2	6.71219970e-03	3.46632100e-04	2	false	GAMG	1.58017690e-02	1.50606040e-04	1	true
0.7445          	smoothSolver	6.25944420e-03	4.06869890e-04	2	7.71585260e-03	5.14328840e-04	2	false	GAMG	2.27840480e-03	1.07305790e-04	1	true
0.745           	smoothSolver	5.63416170e-03	2.70518040e-04	2	6.75641840e-03	3.63007060e-04	2	false	GAMG	4.40251120e-03	1.14434660e-04	1	true
0.7455          	smoothSolver	5.56172040e-03	2.61424520e-04	2	6.46102520e-03	3.33976060e-04	2	false	GAMG	8.27610580e-03	1.17422570e-04	1	true
0.746           	smoothSolver	5.49829940e-03	2.54845330e-04	2	6.34918720e-03	3.06941010e-04	2	false	GAMG	9.73796540e-03	1.10746020e-04	1	true
0.7465          	smoothSolver	5.44952710e-03	2.82003050e-04	2	6.31720690e-03	3.36990440e-04	2	false	GAMG	2.61761170e-02	1.32707980e-04	1	true
0.747           	smoothSolver	5.61576840e-03	2.58498350e-04	2	6.66918620e-03	3.37328340e-04	2	false	GAMG	1.90628230e-03	1.13390360e-04	1	true
0.7475          	smoothSolver	5.38391660e-03	2.48497430e-04	2	6.33364090e-03	3.06753940e-04	2	false	GAMG	2.27175800e-03	1.12269630e-04	1	true
0.748           	smoothSolver	5.34652380e-03	2.40040510e-04	2	6.21986130e-03	2.92917680e-04	2	false	GAMG	1.93814580e-03	9.88745700e-05	1	true
0.7485          	smoothSolver	5.33709030e-03	2.36324720e-04	2	6.20743750e-03	2.90137610e-04	2	false	GAMG	1.64408350e-03	8.85247850e-05	1	true
0.749           	smoothSolver	5.31983850e-03	2.33816330e-04	2	6.21982400e-03	2.90947450e-04	2	false	GAMG	1.48736780e-03	7.36798200e-05	1	true
0.7495          	smoothSolver	5.31590030e-03	2.33044020e-04	2	6.23123400e-03	2.89649380e-04	2	false	GAMG	1.50518230e-03	6.96534690e-05	1	true
0.75            	smoothSolver	5.30807520e-03	2.30862030e-04	2	6.22754180e-03	2.87639010e-04	2	false	GAMG	1.77747820e-03	8.60973650e-05	1	true
0.7505          	smoothSolver	5.29991240e-03	2.29880300e-04	2	6.22479740e-03	2.90201070e-04	2	false	GAMG	1.62967110e-03	9.03703560e-05	1	true
0.751           	smoothSolver	5.29808210e-03	2.31227160e-04	2	6.22315400e-03	2.90740600e-04	2	false	GAMG	1.64582420e-03	9.55105110e-05	1	true
0.7515          	smoothSolver	5.29686730e-03	2.32827210e-04	2	6.22237070e-03	2.88767150e-04	2	false	GAMG	1.10635650e-03	6.54726330e-05	1	true
0.752           	smoothSolver	5.30202410e-03	2.35188460e-04	2	6.24423380e-03	2.91752590e-04	2	false	GAMG	1.70502700e-03	1.03277820e-04	1	true
0.7525          	smoothSolver	5.30790510e-03	2.37047350e-04	2	6.24153140e-03	2.92451850e-04	2	false	GAMG	1.29827690e-03	7.66729650e-05	1	true
0.753           	smoothSolver	5.30823660e-03	2.38795330e-04	2	6.26239160e-03	2.97311280e-04	2	false	GAMG	1.31782860e-03	7.36869150e-05	1	true
0.7535          	smoothSolver	5.32359570e-03	2.39761100e-04	2	6.26482110e-03	3.00016700e-04	2	false	GAMG	1.62138450e-03	8.93249310e-05	1	true
0.754           	smoothSolver	5.33634360e-03	2.38969260e-04	2	6.27309700e-03	2.99023790e-04	2	false	GAMG	1.73762860e-03	8.37019210e-05	1	true
0.7545          	smoothSolver	5.35109940e-03	2.38978040e-04	2	6.28143160e-03	2.98896990e-04	2	false	GAMG	1.42491010e-03	8.05847850e-05	1	true
0.755           	smoothSolver	5.37228200e-03	2.40074590e-04	2	6.28060920e-03	2.99002020e-04	2	false	GAMG	1.34317440e-03	7.27681880e-05	1	true
0.7555          	smoothSolver	5.38670120e-03	2.39099260e-04	2	6.27736620e-03	2.98300250e-04	2	false	GAMG	1.60235850e-03	8.65698790e-05	1	true
0.756           	smoothSolver	5.40324090e-03	2.39640890e-04	2	6.26470250e-03	2.96320780e-04	2	false	GAMG	1.37715720e-03	7.31141030e-05	1	true
0.7565          	smoothSolver	5.41158050e-03	2.40399420e-04	2	6.26195340e-03	2.95215040e-04	2	false	GAMG	1.83829290e-03	8.21666200e-05	1	true
0.757           	smoothSolver	5.50755360e-03	2.69116270e-04	2	6.35138910e-03	3.25862540e-04	2	false	GAMG	1.28292920e-03	7.04900910e-05	1	true
0.7575          	smoothSolver	5.55662070e-03	2.53708110e-04	2	6.48529760e-03	3.10918540e-04	2	false	GAMG	1.08045460e-03	5.52240920e-05	1	true
0.758           	smoothSolver	5.52835910e-03	2.65744120e-04	2	6.35989600e-03	3.21334310e-04	2	false	GAMG	1.43214230e-03	7.51023390e-05	1	true
0.7585          	smoothSolver	5.51143100e-03	2.54596410e-04	2	6.34167230e-03	3.29161230e-04	2	false	GAMG	1.29351910e-03	6.54325770e-05	1	true
0.759           	smoothSolver	5.50525010e-03	2.51130750e-04	2	6.33355280e-03	3.18113400e-04	2	false	GAMG	1.47130470e-03	7.09750830e-05	1	true
0.7595          	smoothSolver	5.51995270e-03	2.53363390e-04	2	6.32331300e-03	3.06126610e-04	2	false	GAMG	1.66522950e-03	7.67883450e-05	1	true
0.76            	smoothSolver	5.52168370e-03	2.51162560e-04	2	6.31835640e-03	3.08883720e-04	2	false	GAMG	1.66455660e-03	8.10560850e-05	1	true
0.7605          	smoothSolver	5.52439300e-03	2.52424100e-04	2	6.32012520e-03	3.09193160e-04	2	false	GAMG	1.62875560e-03	7.87658570e-05	1	true
0.761           	smoothSolver	5.53349210e-03	2.50617130e-04	2	6.32691840e-03	3.03266660e-04	2	false	GAMG	1.16602710e-03	5.64464090e-05	1	true
0.7615          	smoothSolver	5.53633170e-03	2.48839500e-04	2	6.33513390e-03	3.06751400e-04	2	false	GAMG	1.04299200e-03	5.34128260e-05	1	true
0.762           	smoothSolver	5.54352830e-03	2.49522320e-04	2	6.34080970e-03	3.07552650e-04	2	false	GAMG	1.22524330e-03	6.27030820e-05	1	true
0.7625          	smoothSolver	5.55776190e-03	2.49266930e-04	2	6.33506090e-03	3.02231280e-04	2	false	GAMG	1.35350490e-03	7.41231600e-05	1	true
0.763           	smoothSolver	5.56441670e-03	2.53571040e-04	2	6.32714880e-03	3.03563730e-04	2	false	GAMG	1.20583950e-03	6.57009300e-05	1	true
0.7635          	smoothSolver	5.57234240e-03	2.58193890e-04	2	6.32116880e-03	3.07946170e-04	2	false	GAMG	1.38404420e-03	7.24325940e-05	1	true
0.764           	smoothSolver	5.58242040e-03	2.58464240e-04	2	6.31830730e-03	3.07909690e-04	2	false	GAMG	1.28680690e-03	7.21032850e-05	1	true
0.7645          	smoothSolver	5.58738380e-03	2.60049110e-04	2	6.30438960e-03	3.06475720e-04	2	false	GAMG	1.33252880e-03	7.47913270e-05	1	true
0.765           	smoothSolver	5.59856010e-03	2.60259900e-04	2	6.29875340e-03	3.05580520e-04	2	false	GAMG	1.45531270e-03	8.52835550e-05	1	true
0.7655          	smoothSolver	5.60524950e-03	2.57609910e-04	2	6.29638020e-03	3.05017000e-04	2	false	GAMG	1.24325660e-03	7.00566030e-05	1	true
0.766           	smoothSolver	5.60675460e-03	2.58107380e-04	2	6.28750450e-03	3.04183190e-04	2	false	GAMG	1.27689020e-03	7.52530680e-05	1	true
0.7665          	smoothSolver	5.61282970e-03	2.59761860e-04	2	6.28056760e-03	3.05299860e-04	2	false	GAMG	1.28404610e-03	7.56772040e-05	1	true
0.767           	smoothSolver	5.62564670e-03	2.63489630e-04	2	6.27341750e-03	3.06266350e-04	2	false	GAMG	1.51726990e-03	9.02797530e-05	1	true
0.7675          	smoothSolver	5.63074680e-03	2.65791960e-04	2	6.26188120e-03	3.07739820e-04	2	false	GAMG	1.39619870e-03	8.67564380e-05	1	true
0.768           	smoothSolver	5.63875190e-03	2.66259610e-04	2	6.24335520e-03	3.07614300e-04	2	false	GAMG	1.46015160e-03	9.20256710e-05	1	true
0.7685          	smoothSolver	5.66080680e-03	2.67843600e-04	2	6.23154240e-03	3.07170190e-04	2	false	GAMG	1.41693490e-03	9.11505700e-05	1	true
0.769           	smoothSolver	5.66778530e-03	2.65171410e-04	2	6.21233690e-03	3.04050680e-04	2	false	GAMG	1.45165690e-03	9.11510860e-05	1	true
0.7695          	smoothSolver	5.68165870e-03	2.65780310e-04	2	6.20491620e-03	3.02189070e-04	2	false	GAMG	1.76574110e-03	1.14813600e-04	1	true
0.77            	smoothSolver	5.69587270e-03	2.65829850e-04	2	6.20293930e-03	3.02024020e-04	2	false	GAMG	1.60894970e-03	1.00934150e-04	1	true
0.7705          	smoothSolver	5.71353920e-03	2.67038440e-04	2	6.19334240e-03	3.00512300e-04	2	false	GAMG	1.58600090e-03	1.00048430e-04	1	true
0.771           	smoothSolver	5.72411140e-03	2.68220280e-04	2	6.17724180e-03	3.00224260e-04	2	false	GAMG	1.53092000e-03	9.63477340e-05	1	true
0.7715          	smoothSolver	5.74823660e-03	2.67744410e-04	2	6.16993930e-03	2.99281240e-04	2	false	GAMG	1.70956130e-03	1.11275390e-04	1	true
0.772           	smoothSolver	5.76303510e-03	2.65966590e-04	2	6.16341730e-03	2.98483650e-04	2	false	GAMG	1.78239230e-03	1.12210580e-04	1	true
0.7725          	smoothSolver	5.79134600e-03	2.66888820e-04	2	6.17656150e-03	2.96829240e-04	2	false	GAMG	1.60782590e-03	1.04227500e-04	1	true
0.773           	smoothSolver	5.82013800e-03	2.69089850e-04	2	6.20024950e-03	2.96877270e-04	2	false	GAMG	1.55483610e-03	1.02136200e-04	1	true
0.7735          	smoothSolver	5.83858950e-03	2.71429210e-04	2	6.21218730e-03	2.96958200e-04	2	false	GAMG	1.43799900e-03	9.44995380e-05	1	true
0.774           	smoothSolver	5.86242280e-03	2.74080930e-04	2	6.22881590e-03	2.94014250e-04	2	false	GAMG	1.54364730e-03	1.02457440e-04	1	true
0.7745          	smoothSolver	5.88669420e-03	2.77899260e-04	2	6.23590250e-03	2.90690990e-04	2	false	GAMG	1.48671050e-03	9.87670990e-05	1	true
0.775           	smoothSolver	5.90927290e-03	2.82606160e-04	2	6.24335060e-03	2.90832540e-04	2	false	GAMG	1.21535000e-03	8.30474380e-05	1	true
0.7755          	smoothSolver	5.94563510e-03	2.83112970e-04	2	6.26933970e-03	2.91067770e-04	2	false	GAMG	1.27764330e-03	8.66034850e-05	1	true
0.776           	smoothSolver	5.97997890e-03	2.85785560e-04	2	6.29405220e-03	2.91480950e-04	2	false	GAMG	1.06631720e-03	7.33655950e-05	1	true
0.7765          	smoothSolver	5.99765800e-03	2.89853500e-04	2	6.31011430e-03	2.87857320e-04	2	false	GAMG	8.34244710e-04	5.61760290e-05	1	true
0.777           	smoothSolver	6.02042180e-03	2.92817640e-04	2	6.32857050e-03	2.89072120e-04	2	false	GAMG	1.20844770e-03	7.78085180e-05	1	true
0.7775          	smoothSolver	6.05420750e-03	2.96564470e-04	2	6.35809090e-03	2.89827900e-04	2	false	GAMG	1.03814200e-03	6.68491930e-05	1	true
0.778           	smoothSolver	6.08245840e-03	2.96101740e-04	2	6.39280170e-03	2.87149400e-04	2	false	GAMG	8.94479240e-04	5.63097930e-05	1	true
0.7785          	smoothSolver	6.10590760e-03	2.98187090e-04	2	6.41961290e-03	2.88870050e-04	2	false	GAMG	1.06011540e-03	7.03369680e-05	1	true
0.779           	smoothSolver	6.11468900e-03	2.99272030e-04	2	6.44846410e-03	2.91055760e-04	2	false	GAMG	7.89232020e-04	4.15636840e-05	1	true
0.7795          	smoothSolver	6.13175060e-03	2.94421480e-04	2	6.46249630e-03	2.88935340e-04	2	false	GAMG	8.96680780e-04	5.75497170e-05	1	true
0.78            	smoothSolver	6.14992240e-03	2.91378420e-04	2	6.50777870e-03	2.88557320e-04	2	false	GAMG	6.18958830e-04	4.99425280e-05	1	true
0.7805          	smoothSolver	6.17173140e-03	2.94737420e-04	2	6.54253090e-03	2.87514660e-04	2	false	GAMG	7.84775970e-04	5.65066060e-05	1	true
0.781           	smoothSolver	6.16943360e-03	2.89310900e-04	2	6.56913560e-03	2.86354750e-04	2	false	GAMG	7.51701370e-04	5.86130490e-05	1	true
0.7815          	smoothSolver	6.18756050e-03	2.86008630e-04	2	6.59049650e-03	2.86844330e-04	2	false	GAMG	7.39510530e-04	5.84052340e-05	1	true
0.782           	smoothSolver	6.20438070e-03	2.83794700e-04	2	6.62737420e-03	2.89520910e-04	2	false	GAMG	7.40176720e-04	5.44610020e-05	1	true
0.7825          	smoothSolver	6.22488340e-03	2.79641470e-04	2	6.65272490e-03	2.90122930e-04	2	false	GAMG	7.81558890e-04	6.14028960e-05	1	true
0.783           	smoothSolver	6.23485770e-03	2.85383280e-04	2	6.68213040e-03	2.94406020e-04	2	false	GAMG	9.51084150e-04	6.74368750e-05	1	true
0.7835          	smoothSolver	6.25356720e-03	2.89767930e-04	2	6.72224550e-03	2.96135020e-04	2	false	GAMG	7.46051000e-04	6.12370480e-05	1	true
0.784           	smoothSolver	6.28373920e-03	2.93235430e-04	2	6.75298890e-03	2.98242770e-04	2	false	GAMG	8.72924180e-04	6.52468610e-05	1	true
0.7845          	smoothSolver	6.30674850e-03	2.96946960e-04	2	6.78486310e-03	3.04659690e-04	2	false	GAMG	1.02810910e-03	6.64479620e-05	1	true
0.785           	smoothSolver	6.31417100e-03	2.98837350e-04	2	6.80607910e-03	3.06121780e-04	2	false	GAMG	8.68433540e-04	6.44135350e-05	1	true
0.7855          	smoothSolver	6.33801600e-03	2.99312170e-04	2	6.82457790e-03	3.09550330e-04	2	false	GAMG	8.24922890e-04	6.32584300e-05	1	true
0.786           	smoothSolver	6.36265310e-03	3.03889250e-04	2	6.87312060e-03	3.14467420e-04	2	false	GAMG	8.66490420e-04	6.19286890e-05	1	true
0.7865          	smoothSolver	6.36114520e-03	3.06496700e-04	2	6.87270230e-03	3.17076580e-04	2	false	GAMG	8.93366890e-04	6.30437690e-05	1	true
0.787           	smoothSolver	6.39449460e-03	3.07857880e-04	2	6.92551690e-03	3.27641050e-04	2	false	GAMG	8.82484620e-04	6.59411110e-05	1	true
0.7875          	smoothSolver	6.49295610e-03	3.18694270e-04	2	7.03520860e-03	3.38224930e-04	2	false	GAMG	8.41343420e-04	6.69886230e-05	1	true
0.788           	smoothSolver	6.51918770e-03	3.14855900e-04	2	7.08727940e-03	3.33250820e-04	2	false	GAMG	9.00420510e-04	6.38048540e-05	1	true
0.7885          	smoothSolver	6.53225130e-03	3.16885070e-04	2	7.18548550e-03	3.50623620e-04	2	false	GAMG	8.72392590e-04	6.53601280e-05	1	true
0.789           	smoothSolver	6.53528210e-03	3.21195540e-04	2	7.22057890e-03	3.69579130e-04	2	false	GAMG	8.80199080e-04	6.86640000e-05	1	true
0.7895          	smoothSolver	6.55093790e-03	3.13221100e-04	2	7.30550050e-03	3.54871440e-04	2	false	GAMG	8.04121070e-04	6.16515580e-05	1	true
0.79            	smoothSolver	6.45036090e-03	3.09818340e-04	2	7.17281650e-03	3.38004820e-04	2	false	GAMG	2.04571860e-03	5.99858620e-05	1	true
0.7905          	smoothSolver	6.37640700e-03	3.07991500e-04	2	7.20109940e-03	3.66533310e-04	2	false	GAMG	9.40530930e-04	6.83969060e-05	1	true
0.791           	smoothSolver	6.48879980e-03	3.19893110e-04	2	7.26694330e-03	3.47755640e-04	2	false	GAMG	1.06276960e-03	6.48376490e-05	1	true
0.7915          	smoothSolver	6.44035640e-03	3.15429650e-04	2	7.17999300e-03	3.46888090e-04	2	false	GAMG	1.11814570e-03	6.06597350e-05	1	true
0.792           	smoothSolver	6.36776360e-03	3.08733880e-04	2	7.19303580e-03	3.45588830e-04	2	false	GAMG	9.09185180e-04	5.48313610e-05	1	true
0.7925          	smoothSolver	6.34004170e-03	3.11205630e-04	2	7.21321290e-03	3.47825210e-04	2	false	GAMG	5.79838310e-04	4.89974640e-05	1	true
0.793           	smoothSolver	6.30907200e-03	3.04286350e-04	2	7.20487750e-03	3.48351650e-04	2	false	GAMG	6.14834510e-04	4.89257420e-05	1	true
0.7935          	smoothSolver	6.29564810e-03	2.96499720e-04	2	7.22660670e-03	3.47161990e-04	2	false	GAMG	5.87421850e-04	4.89585040e-05	1	true
0.794           	smoothSolver	6.29941040e-03	2.96707230e-04	2	7.28374780e-03	3.48915520e-04	2	false	GAMG	4.56378760e-04	3.64422240e-05	1	true
0.7945          	smoothSolver	6.28628100e-03	2.94777840e-04	2	7.30527100e-03	3.48459620e-04	2	false	GAMG	5.65580310e-04	4.73080370e-05	1	true
0.795           	smoothSolver	6.27128890e-03	2.94174420e-04	2	7.32645290e-03	3.48283850e-04	2	false	GAMG	7.46411720e-04	5.81882650e-05	1	true
0.7955          	smoothSolver	6.27244360e-03	2.92528320e-04	2	7.31357000e-03	3.46592760e-04	2	false	GAMG	7.78699640e-04	7.10178930e-05	1	true
0.796           	smoothSolver	6.27665500e-03	2.92658800e-04	2	7.34104550e-03	3.44180500e-04	2	false	GAMG	5.97708670e-04	4.34153180e-05	1	true
0.7965          	smoothSolver	6.25641830e-03	2.90011370e-04	2	7.34439190e-03	3.42585580e-04	2	false	GAMG	2.19403890e-03	6.36895840e-05	1	true
0.797           	smoothSolver	6.25754680e-03	2.91252120e-04	2	7.34957080e-03	3.44628890e-04	2	false	GAMG	7.45378140e-04	6.87824480e-05	1	true
0.7975          	smoothSolver	6.26586090e-03	2.91354950e-04	2	7.36546360e-03	3.45177560e-04	2	false	GAMG	8.96474440e-04	7.03641780e-05	1	true
0.798           	smoothSolver	6.26562640e-03	2.89701050e-04	2	7.36088330e-03	3.40824130e-04	2	false	GAMG	7.31489390e-04	6.74821430e-05	1	true
0.7985          	smoothSolver	6.27512130e-03	2.88617310e-04	2	7.36067870e-03	3.43340340e-04	2	false	GAMG	9.52947910e-04	6.77620610e-05	1	true
0.799           	smoothSolver	6.28946950e-03	2.89150930e-04	2	7.36720390e-03	3.39849600e-04	2	false	GAMG	9.05756010e-04	7.26321630e-05	1	true
0.7995          	smoothSolver	6.28321860e-03	2.87325930e-04	2	7.35824600e-03	3.36750250e-04	2	false	GAMG	7.93134730e-04	6.63097310e-05	1	true
0.8             	smoothSolver	6.27686240e-03	2.90814820e-04	2	7.35809860e-03	3.36027210e-04	2	false	GAMG	2.91266640e-03	5.72007470e-05	1	true
0.8005          	smoothSolver	6.27616360e-03	2.93762470e-04	2	7.36533220e-03	3.38355940e-04	2	false	GAMG	7.36341980e-04	6.00226800e-05	1	true
0.801           	smoothSolver	6.27455350e-03	2.96987470e-04	2	7.35927990e-03	3.40466340e-04	2	false	GAMG	9.22414090e-04	6.99573300e-05	1	true
0.8015          	smoothSolver	6.27690340e-03	3.01097830e-04	2	7.37526820e-03	3.41901290e-04	2	false	GAMG	8.07824380e-04	6.32660620e-05	1	true
0.802           	smoothSolver	6.28424250e-03	3.05986850e-04	2	7.36811470e-03	3.43340880e-04	2	false	GAMG	7.75090200e-04	5.95235260e-05	1	true
0.8025          	smoothSolver	6.28905130e-03	3.06292130e-04	2	7.36330700e-03	3.45378090e-04	2	false	GAMG	8.41419650e-04	6.39616550e-05	1	true
0.803           	smoothSolver	6.30051630e-03	3.07214690e-04	2	7.37749240e-03	3.48942820e-04	2	false	GAMG	6.68201110e-04	5.73734440e-05	1	true
0.8035          	smoothSolver	6.31669930e-03	3.04745340e-04	2	7.37860120e-03	3.46366560e-04	2	false	GAMG	7.25930500e-04	4.78455200e-05	1	true
0.804           	smoothSolver	6.32297360e-03	2.96270970e-04	2	7.37006890e-03	3.42937110e-04	2	false	GAMG	7.10172380e-04	5.13699750e-05	1	true
0.8045          	smoothSolver	6.33722700e-03	2.95196350e-04	2	7.36887780e-03	3.44100160e-04	2	false	GAMG	7.70610480e-04	6.00020860e-05	1	true
0.805           	smoothSolver	6.34590080e-03	2.93135840e-04	2	7.36339470e-03	3.45119370e-04	2	false	GAMG	5.73910570e-04	4.34767250e-05	1	true
0.8055          	smoothSolver	6.34729470e-03	2.93003940e-04	2	7.34602750e-03	3.44567700e-04	2	false	GAMG	8.02318330e-04	5.72835230e-05	1	true
0.806           	smoothSolver	6.35832590e-03	2.95778000e-04	2	7.33568630e-03	3.44189580e-04	2	false	GAMG	6.88193790e-04	5.08486220e-05	1	true
0.8065          	smoothSolver	6.35563900e-03	2.94506470e-04	2	7.33197080e-03	3.45283760e-04	2	false	GAMG	6.76367760e-04	4.93161200e-05	1	true
0.807           	smoothSolver	6.36216100e-03	2.96620190e-04	2	7.33200610e-03	3.46756390e-04	2	false	GAMG	6.67235820e-04	4.95879690e-05	1	true
0.8075          	smoothSolver	6.36072680e-03	2.97258110e-04	2	7.32677670e-03	3.49461990e-04	2	false	GAMG	7.09419060e-04	5.19153630e-05	1	true
0.808           	smoothSolver	6.36311600e-03	2.98115860e-04	2	7.32418730e-03	3.55923760e-04	2	false	GAMG	7.59009760e-04	5.46709460e-05	1	true
0.8085          	smoothSolver	6.36722670e-03	2.98962520e-04	2	7.33253210e-03	3.60496660e-04	2	false	GAMG	6.90343230e-04	4.86974480e-05	1	true
0.809           	smoothSolver	6.37308650e-03	2.99314030e-04	2	7.32421210e-03	3.60354630e-04	2	false	GAMG	7.74063160e-04	5.32682260e-05	1	true
0.8095          	smoothSolver	6.37397140e-03	3.01007830e-04	2	7.31867790e-03	3.64162480e-04	2	false	GAMG	8.04047190e-04	5.20836620e-05	1	true
0.81            	smoothSolver	6.38018570e-03	3.03904460e-04	2	7.32249070e-03	3.67889590e-04	2	false	GAMG	7.98735230e-04	5.36033420e-05	1	true
0.8105          	smoothSolver	6.38105960e-03	3.06359560e-04	2	7.32561800e-03	3.68556460e-04	2	false	GAMG	8.56250820e-04	5.85356170e-05	1	true
0.811           	smoothSolver	6.38490600e-03	3.06568740e-04	2	7.33780250e-03	3.71408710e-04	2	false	GAMG	9.39387060e-04	5.55783010e-05	1	true
0.8115          	smoothSolver	6.38375700e-03	3.08105900e-04	2	7.34276220e-03	3.68169070e-04	2	false	GAMG	8.51286500e-04	6.03404250e-05	1	true
0.812           	smoothSolver	6.39214560e-03	3.07005130e-04	2	7.33997990e-03	3.68773460e-04	2	false	GAMG	7.60023250e-04	6.09428530e-05	1	true
0.8125          	smoothSolver	6.40014890e-03	3.06459230e-04	2	7.34125340e-03	3.72079610e-04	2	false	GAMG	9.29452740e-04	5.97922470e-05	1	true
0.813           	smoothSolver	6.41577010e-03	3.07841350e-04	2	7.34127420e-03	3.71524940e-04	2	false	GAMG	6.64097590e-04	5.33662510e-05	1	true
0.8135          	smoothSolver	6.42385670e-03	3.08893400e-04	2	7.33965600e-03	3.72479470e-04	2	false	GAMG	7.91674160e-04	5.76567540e-05	1	true
0.814           	smoothSolver	6.43835390e-03	3.11162150e-04	2	7.33153320e-03	3.73846650e-04	2	false	GAMG	7.59285460e-04	5.36156240e-05	1	true
0.8145          	smoothSolver	6.44556030e-03	3.13148590e-04	2	7.33366980e-03	3.73479160e-04	2	false	GAMG	5.83374240e-04	4.53882530e-05	1	true
0.815           	smoothSolver	6.45082880e-03	3.12195510e-04	2	7.34071600e-03	3.75104990e-04	2	false	GAMG	5.63612120e-04	4.32823280e-05	1	true
0.8155          	smoothSolver	6.45792020e-03	3.12366840e-04	2	7.34332170e-03	3.72689610e-04	2	false	GAMG	4.56196290e-04	3.62419040e-05	1	true
0.816           	smoothSolver	6.45386350e-03	3.10944220e-04	2	7.32981450e-03	3.75544190e-04	2	false	GAMG	2.43730340e-04	1.82679470e-05	1	true
0.8165          	smoothSolver	6.46188110e-03	3.12762390e-04	2	7.32991570e-03	3.75430100e-04	2	false	GAMG	4.58970750e-04	3.03351940e-05	1	true
0.817           	smoothSolver	6.46161570e-03	3.13575170e-04	2	7.31993000e-03	3.75553490e-04	2	false	GAMG	6.20891600e-04	4.87735340e-05	1	true
0.8175          	smoothSolver	6.46818570e-03	3.10803970e-04	2	7.32225450e-03	3.73943650e-04	2	false	GAMG	9.47696610e-04	7.31619780e-05	1	true
0.818           	smoothSolver	6.47493640e-03	3.11531080e-04	2	7.31135550e-03	3.74571020e-04	2	false	GAMG	7.82887250e-04	6.12116640e-05	1	true
0.8185          	smoothSolver	6.47347450e-03	3.09421900e-04	2	7.30765510e-03	3.73108470e-04	2	false	GAMG	5.31839730e-04	4.28968690e-05	1	true
0.819           	smoothSolver	6.46999240e-03	3.04699120e-04	2	7.28500030e-03	3.67692830e-04	2	false	GAMG	8.03492890e-04	6.37706070e-05	1	true
0.8195          	smoothSolver	6.46672280e-03	3.03658380e-04	2	7.26667340e-03	3.61490430e-04	2	false	GAMG	7.56718760e-04	6.04406690e-05	1	true
0.82            	smoothSolver	6.46279900e-03	3.01788520e-04	2	7.26210530e-03	3.62169450e-04	2	false	GAMG	7.88441220e-04	6.11477090e-05	1	true
0.8205          	smoothSolver	6.46241270e-03	2.96704280e-04	2	7.24118690e-03	3.58423650e-04	2	false	GAMG	6.16766000e-04	4.85584580e-05	1	true
0.821           	smoothSolver	6.45139720e-03	2.93727590e-04	2	7.22631690e-03	3.55636900e-04	2	false	GAMG	7.63631600e-04	5.88462890e-05	1	true
0.8215          	smoothSolver	6.45458260e-03	2.93959810e-04	2	7.21438350e-03	3.53880250e-04	2	false	GAMG	6.78399810e-04	5.19924810e-05	1	true
0.822           	smoothSolver	6.44959540e-03	2.91840320e-04	2	7.19141690e-03	3.46678370e-04	2	false	GAMG	5.03117270e-04	3.48827050e-05	1	true
0.8225          	smoothSolver	6.44610210e-03	2.94977640e-04	2	7.18655040e-03	3.53131910e-04	2	false	GAMG	5.33005020e-04	4.10831930e-05	1	true
0.823           	smoothSolver	6.43603850e-03	2.90776890e-04	2	7.16946510e-03	3.47003540e-04	2	false	GAMG	8.76258590e-04	6.81527060e-05	1	true
0.8235          	smoothSolver	6.41834590e-03	2.89523180e-04	2	7.13282840e-03	3.38516030e-04	2	false	GAMG	8.52052890e-04	6.41214970e-05	1	true
0.824           	smoothSolver	6.39855230e-03	2.88540730e-04	2	7.11465750e-03	3.38031490e-04	2	false	GAMG	1.08446020e-03	8.28887010e-05	1	true
0.8245          	smoothSolver	6.37999020e-03	2.85069470e-04	2	7.08875830e-03	3.38962140e-04	2	false	GAMG	8.62732960e-04	6.78113940e-05	1	true
0.825           	smoothSolver	6.35853520e-03	2.87854390e-04	2	7.06085460e-03	3.36089210e-04	2	false	GAMG	8.25005100e-04	5.73230370e-05	1	true
0.8255          	smoothSolver	6.33559710e-03	2.88038640e-04	2	7.03564920e-03	3.30015160e-04	2	false	GAMG	1.06453820e-03	7.14361350e-05	1	true
0.826           	smoothSolver	6.31513850e-03	2.83077540e-04	2	7.02048170e-03	3.27750360e-04	2	false	GAMG	8.58157860e-04	6.36642380e-05	1	true
0.8265          	smoothSolver	6.30522760e-03	2.83769600e-04	2	7.01094090e-03	3.25251540e-04	2	false	GAMG	6.41396940e-04	4.89807090e-05	1	true
0.827           	smoothSolver	6.27532100e-03	2.83822880e-04	2	6.97381370e-03	3.22414820e-04	2	false	GAMG	7.66929460e-04	6.00810500e-05	1	true
0.8275          	smoothSolver	6.25106390e-03	2.82421420e-04	2	6.93352470e-03	3.15069260e-04	2	false	GAMG	9.92503320e-04	7.47720220e-05	1	true
0.828           	smoothSolver	6.22141930e-03	2.79167060e-04	2	6.90640010e-03	3.09886290e-04	2	false	GAMG	6.66665100e-04	5.24232690e-05	1	true
0.8285          	smoothSolver	6.19325360e-03	2.74816670e-04	2	6.87782420e-03	3.06506450e-04	2	false	GAMG	8.63275750e-04	6.26773690e-05	1	true
0.829           	smoothSolver	6.15551030e-03	2.70641280e-04	2	6.84865220e-03	3.06270500e-04	2	false	GAMG	5.75837390e-04	4.67312440e-05	1	true
0.8295          	smoothSolver	6.12019290e-03	2.63909420e-04	2	6.81240360e-03	2.94971230e-04	2	false	GAMG	8.43595050e-04	6.63501920e-05	1	true
0.83            	smoothSolver	6.09307590e-03	2.58691280e-04	2	6.80501640e-03	2.92623250e-04	2	false	GAMG	7.93902720e-04	5.71660450e-05	1	true
0.8305          	smoothSolver	6.06195730e-03	2.57402270e-04	2	6.81074280e-03	3.00248070e-04	2	false	GAMG	7.67689280e-04	6.06144460e-05	1	true
0.831           	smoothSolver	6.01918280e-03	2.49354470e-04	2	6.79808540e-03	2.85618820e-04	2	false	GAMG	9.15437940e-04	7.08708040e-05	1	true
0.8315          	smoothSolver	5.97898730e-03	2.46361350e-04	2	6.78670370e-03	2.89516070e-04	2	false	GAMG	9.40187860e-04	7.45873910e-05	1	true
0.832           	smoothSolver	5.93888130e-03	2.37944290e-04	2	6.74252150e-03	2.81016700e-04	2	false	GAMG	3.50361090e-04	2.82624330e-05	1	true
0.8325          	smoothSolver	5.90260760e-03	2.36352610e-04	2	6.69701390e-03	2.78429780e-04	2	false	GAMG	8.05350980e-04	6.09789210e-05	1	true
0.833           	smoothSolver	5.87131850e-03	2.31359380e-04	2	6.68081790e-03	2.76025260e-04	2	false	GAMG	7.70695310e-04	5.36307340e-05	1	true
0.8335          	smoothSolver	5.84335970e-03	2.29196570e-04	2	6.68214100e-03	2.79551430e-04	2	false	GAMG	8.77078600e-04	7.13850710e-05	1	true
0.834           	smoothSolver	5.80759540e-03	2.26015910e-04	2	6.65781370e-03	2.71850780e-04	2	false	GAMG	5.71350430e-04	4.28898130e-05	1	true
0.8345          	smoothSolver	5.76839430e-03	2.22112040e-04	2	6.65177770e-03	2.75864850e-04	2	false	GAMG	7.49400820e-04	5.31740840e-05	1	true
0.835           	smoothSolver	5.73204070e-03	2.21454210e-04	2	6.65183820e-03	2.72218660e-04	2	false	GAMG	7.57494160e-04	5.37393500e-05	1	true
0.8355          	smoothSolver	5.69630790e-03	2.16881140e-04	2	6.64019710e-03	2.68673100e-04	2	false	GAMG	7.48565280e-04	5.99607180e-05	1	true
0.836           	smoothSolver	5.65835370e-03	2.15082740e-04	2	6.64385950e-03	2.70628600e-04	2	false	GAMG	9.68164770e-04	7.23796020e-05	1	true
0.8365          	smoothSolver	5.63123080e-03	2.13334490e-04	2	6.64189000e-03	2.65622270e-04	2	false	GAMG	7.92251580e-04	5.41754690e-05	1	true
0.837           	smoothSolver	5.63479030e-03	2.13731070e-04	2	6.70564800e-03	2.88430540e-04	2	false	GAMG	7.42714020e-04	6.53398120e-05	1	true
0.8375          	smoothSolver	5.61520960e-03	2.13259290e-04	2	6.71069340e-03	2.71029390e-04	2	false	GAMG	7.13510610e-04	6.22682350e-05	1	true
0.838           	smoothSolver	5.58835920e-03	2.10539210e-04	2	6.66089630e-03	2.74370560e-04	2	false	GAMG	6.23183740e-04	5.06109600e-05	1	true
0.8385          	smoothSolver	5.55389700e-03	2.10552000e-04	2	6.67379890e-03	2.70222530e-04	2	false	GAMG	5.74375850e-04	4.74778060e-05	1	true
0.839           	smoothSolver	5.51625310e-03	2.06964770e-04	2	6.68678860e-03	2.64538630e-04	2	false	GAMG	6.69735640e-04	5.20821370e-05	1	true
0.8395          	smoothSolver	5.48906550e-03	2.04551900e-04	2	6.67618630e-03	2.61971390e-04	2	false	GAMG	6.71255160e-04	5.30217870e-05	1	true
0.84            	smoothSolver	5.46249550e-03	2.01913520e-04	2	6.66704270e-03	2.60873460e-04	2	false	GAMG	7.67853130e-04	6.17940260e-05	1	true
0.8405          	smoothSolver	5.43980850e-03	2.00088680e-04	2	6.65772460e-03	2.56337740e-04	2	false	GAMG	5.42287280e-04	4.55171610e-05	1	true
0.841           	smoothSolver	5.41977540e-03	1.97237410e-04	2	6.65157370e-03	2.55263580e-04	2	false	GAMG	5.44701240e-04	4.55935320e-05	1	true
0.8415          	smoothSolver	5.40324020e-03	1.94952590e-04	2	6.64496960e-03	2.54502650e-04	2	false	GAMG	5.57678250e-04	4.57911590e-05	1	true
0.842           	smoothSolver	5.38778200e-03	1.93590590e-04	2	6.65035050e-03	2.52997530e-04	2	false	GAMG	4.40562290e-04	3.56369340e-05	1	true
0.8425          	smoothSolver	5.37813980e-03	1.93544250e-04	2	6.65548090e-03	2.51781660e-04	2	false	GAMG	2.19434660e-04	1.83562200e-05	1	true
0.843           	smoothSolver	5.36807280e-03	1.93736330e-04	2	6.66014590e-03	2.51161830e-04	2	false	GAMG	9.14811800e-04	7.57576240e-05	1	true
0.8435          	smoothSolver	5.36712260e-03	1.93924080e-04	2	6.66407400e-03	2.50845650e-04	2	false	GAMG	8.61669600e-04	7.24865890e-05	1	true
0.844           	smoothSolver	5.36536290e-03	1.92805320e-04	2	6.67144720e-03	2.48877390e-04	2	false	GAMG	5.07855300e-04	4.22146870e-05	1	true
0.8445          	smoothSolver	5.36685300e-03	1.92730150e-04	2	6.67789140e-03	2.49071880e-04	2	false	GAMG	6.62314210e-04	5.27307400e-05	1	true
0.845           	smoothSolver	5.38137330e-03	1.95679430e-04	2	6.70038470e-03	2.50599870e-04	2	false	GAMG	9.29086240e-04	8.11009260e-05	1	true
0.8455          	smoothSolver	5.37845770e-03	1.95626200e-04	2	6.72088140e-03	2.49327910e-04	2	false	GAMG	9.65547020e-04	7.36172430e-05	1	true
0.846           	smoothSolver	5.37996290e-03	1.94976430e-04	2	6.72670040e-03	2.50755620e-04	2	false	GAMG	9.45914550e-04	7.81010040e-05	1	true
0.8465          	smoothSolver	5.39314930e-03	1.97331660e-04	2	6.73865960e-03	2.53839980e-04	2	false	GAMG	8.72400950e-04	7.04626250e-05	1	true
0.847           	smoothSolver	5.40660110e-03	1.99037950e-04	2	6.74743360e-03	2.53297600e-04	2	false	GAMG	7.41309300e-04	6.28881520e-05	1	true
0.8475          	smoothSolver	5.40857380e-03	1.98802300e-04	2	6.76066680e-03	2.51735520e-04	2	false	GAMG	6.18071140e-04	4.86433920e-05	1	true
0.848           	smoothSolver	5.42035400e-03	1.99202090e-04	2	6.77507870e-03	2.53263520e-04	2	false	GAMG	5.19979380e-04	3.88003090e-05	1	true
0.8485          	smoothSolver	5.43273430e-03	2.02150030e-04	2	6.78619130e-03	2.56061400e-04	2	false	GAMG	5.37313350e-04	3.94419170e-05	1	true
0.849           	smoothSolver	5.45479560e-03	2.05388570e-04	2	6.80708370e-03	2.57933150e-04	2	false	GAMG	4.57081690e-04	3.62803490e-05	1	true
0.8495          	smoothSolver	5.47341060e-03	2.08893030e-04	2	6.80797430e-03	2.62249750e-04	2	false	GAMG	6.52226120e-04	5.28193770e-05	1	true
0.85            	smoothSolver	5.48748890e-03	2.08677810e-04	2	6.81429390e-03	2.59982180e-04	2	false	GAMG	5.34239270e-04	4.15093940e-05	1	true
0.8505          	smoothSolver	5.49962390e-03	2.09841110e-04	2	6.82812420e-03	2.62310130e-04	2	false	GAMG	7.22426980e-04	5.23564280e-05	1	true
0.851           	smoothSolver	5.52540160e-03	2.12105620e-04	2	6.86256400e-03	2.63496610e-04	2	false	GAMG	7.47744110e-04	5.69390940e-05	1	true
0.8515          	smoothSolver	5.54109060e-03	2.12607130e-04	2	6.88732110e-03	2.64260920e-04	2	false	GAMG	5.27820920e-04	4.12293130e-05	1	true
0.852           	smoothSolver	5.55428830e-03	2.12623030e-04	2	6.91019370e-03	2.65855590e-04	2	false	GAMG	5.70766960e-04	4.18489140e-05	1	true
0.8525          	smoothSolver	5.56226080e-03	2.15140230e-04	2	6.93040440e-03	2.67854640e-04	2	false	GAMG	5.67973240e-04	4.27012280e-05	1	true
0.853           	smoothSolver	5.58003840e-03	2.15509450e-04	2	6.95432610e-03	2.69842730e-04	2	false	GAMG	6.90117300e-04	4.99379170e-05	1	true
0.8535          	smoothSolver	5.60420160e-03	2.17333230e-04	2	6.99005070e-03	2.71703680e-04	2	false	GAMG	6.43797450e-04	4.54834680e-05	1	true
0.854           	smoothSolver	5.62615770e-03	2.18315180e-04	2	7.01987830e-03	2.73187860e-04	2	false	GAMG	8.38755250e-04	4.69285030e-05	1	true
0.8545          	smoothSolver	5.63487350e-03	2.15657550e-04	2	7.03915230e-03	2.75149080e-04	2	false	GAMG	6.10016450e-04	5.03255140e-05	1	true
0.855           	smoothSolver	5.64501400e-03	2.16097440e-04	2	7.06598380e-03	2.73743350e-04	2	false	GAMG	1.06279850e-03	4.75612630e-05	1	true
0.8555          	smoothSolver	5.66059190e-03	2.20480230e-04	2	7.09110500e-03	2.76311700e-04	2	false	GAMG	6.02874230e-04	3.99903920e-05	1	true
0.856           	smoothSolver	5.66820510e-03	2.19046370e-04	2	7.10800320e-03	2.78629570e-04	2	false	GAMG	7.75837310e-04	4.90888820e-05	1	true
0.8565          	smoothSolver	5.67698740e-03	2.20629680e-04	2	7.12293080e-03	2.81615750e-04	2	false	GAMG	7.52331600e-04	5.48929130e-05	1	true
0.857           	smoothSolver	5.67305280e-03	2.20770340e-04	2	7.13917690e-03	2.83130660e-04	2	false	GAMG	5.84895270e-04	4.45973610e-05	1	true
0.8575          	smoothSolver	5.67605670e-03	2.20424280e-04	2	7.15147320e-03	2.84809750e-04	2	false	GAMG	5.52319260e-04	4.24205430e-05	1	true
0.858           	smoothSolver	5.68211130e-03	2.20466160e-04	2	7.16576230e-03	2.86671010e-04	2	false	GAMG	8.57400440e-04	5.61261330e-05	1	true
0.8585          	smoothSolver	5.68124320e-03	2.21884070e-04	2	7.18572090e-03	2.91012730e-04	2	false	GAMG	1.06723690e-03	7.89429640e-05	1	true
0.859           	smoothSolver	5.67369890e-03	2.23975660e-04	2	7.19381420e-03	2.93478910e-04	2	false	GAMG	7.78637040e-04	5.47268570e-05	1	true
0.8595          	smoothSolver	5.66601380e-03	2.25471670e-04	2	7.20691790e-03	2.97567430e-04	2	false	GAMG	1.12157780e-03	8.15168680e-05	1	true
0.86            	smoothSolver	5.66442700e-03	2.28890930e-04	2	7.22044520e-03	2.99986260e-04	2	false	GAMG	1.00492120e-03	7.78848640e-05	1	true
0.8605          	smoothSolver	5.65905580e-03	2.29019040e-04	2	7.22887830e-03	3.01389220e-04	2	false	GAMG	1.46455590e-03	8.66005040e-05	1	true
0.861           	smoothSolver	5.65743700e-03	2.31403390e-04	2	7.24348980e-03	3.03851360e-04	2	false	GAMG	9.96241790e-04	7.75497470e-05	1	true
0.8615          	smoothSolver	5.65409580e-03	2.30291680e-04	2	7.26050100e-03	3.03807970e-04	2	false	GAMG	8.58709180e-04	5.88979260e-05	1	true
0.862           	smoothSolver	5.64600640e-03	2.29707790e-04	2	7.27940240e-03	3.07298670e-04	2	false	GAMG	1.17631260e-03	7.53093860e-05	1	true
0.8625          	smoothSolver	5.65209990e-03	2.33049700e-04	2	7.31515490e-03	3.13887080e-04	2	false	GAMG	7.83742570e-04	6.51504720e-05	1	true
0.863           	smoothSolver	5.64791650e-03	2.34604470e-04	2	7.32614550e-03	3.12250140e-04	2	false	GAMG	7.71726630e-04	6.17354390e-05	1	true
0.8635          	smoothSolver	5.64283150e-03	2.38306130e-04	2	7.33365110e-03	3.19317550e-04	2	false	GAMG	1.43025060e-03	8.32715220e-05	1	true
0.864           	smoothSolver	5.64121600e-03	2.42906720e-04	2	7.33022670e-03	3.17619730e-04	2	false	GAMG	2.06678500e-03	9.25014550e-05	1	true
0.8645          	smoothSolver	5.63389120e-03	2.41663200e-04	2	7.35252070e-03	3.18536210e-04	2	false	GAMG	1.24197450e-03	8.30586910e-05	1	true
0.865           	smoothSolver	5.62960130e-03	2.43490560e-04	2	7.35417520e-03	3.18326750e-04	2	false	GAMG	1.04761060e-03	8.38087570e-05	1	true
0.8655          	smoothSolver	5.62494940e-03	2.43092280e-04	2	7.34940910e-03	3.16823080e-04	2	false	GAMG	9.84412450e-04	7.10156780e-05	1	true
0.866           	smoothSolver	5.62720540e-03	2.44787130e-04	2	7.33649580e-03	3.16456430e-04	2	false	GAMG	1.53950660e-03	1.00447720e-04	1	true
0.8665          	smoothSolver	5.62761990e-03	2.46398030e-04	2	7.32022130e-03	3.13199120e-04	2	false	GAMG	1.86665590e-03	1.07548120e-04	1	true
0.867           	smoothSolver	5.62510260e-03	2.48622840e-04	2	7.29557550e-03	3.14130360e-04	2	false	GAMG	1.57206220e-03	1.17736370e-04	1	true
0.8675          	smoothSolver	5.61842060e-03	2.47762510e-04	2	7.26196700e-03	3.13292720e-04	2	false	GAMG	1.64589220e-03	1.17319210e-04	1	true
0.868           	smoothSolver	5.62898740e-03	2.52060180e-04	2	7.26567680e-03	3.15229790e-04	2	false	GAMG	1.83370700e-03	1.30587820e-04	1	true
0.8685          	smoothSolver	5.61843000e-03	2.53351670e-04	2	7.23881140e-03	3.15687850e-04	2	false	GAMG	3.81302140e-03	1.35094670e-04	1	true
0.869           	smoothSolver	5.63480180e-03	2.57795670e-04	2	7.22669110e-03	3.19159070e-04	2	false	GAMG	1.99206900e-03	1.27104480e-04	1	true
0.8695          	smoothSolver	5.62263790e-03	2.56476370e-04	2	7.21110140e-03	3.18997320e-04	2	false	GAMG	1.70811260e-03	1.26791860e-04	1	true
0.87            	smoothSolver	5.62053410e-03	2.57423390e-04	2	7.17268290e-03	3.18237320e-04	2	false	GAMG	1.68790150e-03	1.29703200e-04	1	true
0.8705          	smoothSolver	5.61982390e-03	2.58698960e-04	2	7.15991570e-03	3.18139890e-04	2	false	GAMG	1.91407400e-03	1.44211000e-04	1	true
0.871           	smoothSolver	5.62527370e-03	2.57984680e-04	2	7.13442530e-03	3.16933110e-04	2	false	GAMG	1.91083380e-03	1.42260710e-04	1	true
0.8715          	smoothSolver	5.62903010e-03	2.60144720e-04	2	7.12797640e-03	3.17535600e-04	2	false	GAMG	6.99113680e-04	5.11984870e-05	1	true
0.872           	smoothSolver	5.62879450e-03	2.60054650e-04	2	7.11438750e-03	3.16864440e-04	2	false	GAMG	1.79096610e-03	1.32918360e-04	1	true
0.8725          	smoothSolver	5.62321150e-03	2.60634590e-04	2	7.10506130e-03	3.15608160e-04	2	false	GAMG	1.95781840e-03	1.43028690e-04	1	true
0.873           	smoothSolver	5.63660610e-03	2.61188550e-04	2	7.10236680e-03	3.18400270e-04	2	false	GAMG	2.17216670e-03	1.64448610e-04	1	true
0.8735          	smoothSolver	5.65062940e-03	2.63641010e-04	2	7.09794140e-03	3.20247220e-04	2	false	GAMG	2.18962450e-03	1.56847880e-04	1	true
0.874           	smoothSolver	5.66348950e-03	2.62741130e-04	2	7.10801230e-03	3.22390480e-04	2	false	GAMG	1.91602810e-03	1.35428170e-04	1	true
0.8745          	smoothSolver	5.65755890e-03	2.63919040e-04	2	7.09400980e-03	3.21506760e-04	2	false	GAMG	2.19223580e-03	1.53128660e-04	1	true
0.875           	smoothSolver	5.67389200e-03	2.64002960e-04	2	7.08706910e-03	3.21900840e-04	2	false	GAMG	2.40992620e-03	1.67031310e-04	1	true
0.8755          	smoothSolver	5.70296870e-03	2.68956320e-04	2	7.10099380e-03	3.29121680e-04	2	false	GAMG	2.10749520e-03	1.58538680e-04	1	true
0.876           	smoothSolver	5.71998150e-03	2.67685780e-04	2	7.11223230e-03	3.26734560e-04	2	false	GAMG	1.79552280e-03	1.44094420e-04	1	true
0.8765          	smoothSolver	5.72170420e-03	2.67549540e-04	2	7.09568330e-03	3.31245180e-04	2	false	GAMG	2.15910750e-03	1.57540940e-04	1	true
0.877           	smoothSolver	5.72693840e-03	2.62709640e-04	2	7.09085700e-03	3.28213210e-04	2	false	GAMG	7.25854920e-04	4.91449210e-05	1	true
0.8775          	smoothSolver	5.73589000e-03	2.65663170e-04	2	7.08253510e-03	3.28422690e-04	2	false	GAMG	1.91503890e-03	1.28946120e-04	1	true
0.878           	smoothSolver	5.75714630e-03	2.71072870e-04	2	7.09288930e-03	3.29067940e-04	2	false	GAMG	1.83378830e-03	1.32591160e-04	1	true
0.8785          	smoothSolver	5.76261900e-03	2.66930430e-04	2	7.09858470e-03	3.30026640e-04	2	false	GAMG	1.93475030e-03	1.35820580e-04	1	true
0.879           	smoothSolver	5.77617950e-03	2.70348980e-04	2	7.10979410e-03	3.36254740e-04	2	false	GAMG	2.28712600e-03	1.56043690e-04	1	true
0.8795          	smoothSolver	5.84925020e-03	2.70996490e-04	2	7.21215710e-03	3.33288270e-04	2	false	GAMG	2.07597410e-03	1.52592080e-04	1	true
0.88            	smoothSolver	5.90588450e-03	2.82708030e-04	2	7.27513540e-03	3.45913910e-04	2	false	GAMG	1.73210630e-03	1.34597810e-04	1	true
0.8805          	smoothSolver	6.16316310e-03	3.04358810e-04	2	7.50191620e-03	3.66603950e-04	2	false	GAMG	2.22902630e-03	1.58435950e-04	1	true
0.881           	smoothSolver	6.16877220e-03	2.85674900e-04	2	7.68462370e-03	3.63403810e-04	2	false	GAMG	2.07402080e-03	1.49289030e-04	1	true
0.8815          	smoothSolver	6.18248310e-03	3.01694770e-04	2	7.75697210e-03	3.91371900e-04	2	false	GAMG	2.67318670e-03	1.68452980e-04	1	true
0.882           	smoothSolver	6.42794600e-03	3.47923610e-04	2	8.09786180e-03	4.73456790e-04	2	false	GAMG	2.18716360e-03	1.80092460e-04	1	true
0.8825          	smoothSolver	6.52340770e-03	3.07244560e-04	2	8.41469270e-03	4.35895590e-04	2	false	GAMG	3.38935310e-03	1.87397390e-04	1	true
0.883           	smoothSolver	6.20502600e-03	2.92852430e-04	2	7.73497960e-03	3.69118230e-04	2	false	GAMG	3.50845410e-03	2.08882450e-04	1	true
0.8835          	smoothSolver	6.31347270e-03	3.79611850e-04	2	7.99290200e-03	4.95712560e-04	2	false	GAMG	3.54112870e-03	2.94079450e-04	1	true
0.884           	smoothSolver	7.72309520e-03	3.68406930e-04	2	9.25080560e-03	5.75026150e-04	2	false	GAMG	4.18436840e-03	2.11188890e-04	1	true
0.8845          	smoothSolver	6.73200250e-03	3.60651610e-04	2	8.27996670e-03	4.06614100e-04	2	false	GAMG	4.31444490e-03	1.44523960e-04	1	true
0.885           	smoothSolver	6.38651350e-03	3.06489030e-04	2	7.78091490e-03	3.96149800e-04	2	false	GAMG	2.96724530e-03	1.80090340e-04	1	true
0.8855          	smoothSolver	6.27750420e-03	3.08703300e-04	2	7.92803410e-03	4.30006490e-04	2	false	GAMG	2.98231070e-03	2.08304410e-04	1	true
0.886           	smoothSolver	6.09013070e-03	2.56694680e-04	2	7.73790680e-03	4.00599950e-04	2	false	GAMG	3.20353430e-03	1.92936920e-04	1	true
0.8865          	smoothSolver	5.96133450e-03	2.75456770e-04	2	7.47327480e-03	3.98692920e-04	2	false	GAMG	3.48227240e-03	1.94059570e-04	1	true
0.887           	smoothSolver	5.88769570e-03	2.51494210e-04	2	7.42012160e-03	3.56814070e-04	2	false	GAMG	3.83448690e-03	1.88981780e-04	1	true
0.8875          	smoothSolver	5.82171980e-03	2.53779670e-04	2	7.39288020e-03	3.62706790e-04	2	false	GAMG	2.22298700e-03	1.40102780e-04	1	true
0.888           	smoothSolver	5.76554820e-03	2.49621890e-04	2	7.34458990e-03	3.42440580e-04	2	false	GAMG	2.70865890e-03	1.73738010e-04	1	true
0.8885          	smoothSolver	5.73948000e-03	2.52999600e-04	2	7.30688080e-03	3.41836600e-04	2	false	GAMG	2.28702140e-03	1.51012900e-04	1	true
0.889           	smoothSolver	5.73321030e-03	2.51481900e-04	2	7.28454520e-03	3.44251780e-04	2	false	GAMG	2.39678920e-03	1.68340810e-04	1	true
0.8895          	smoothSolver	5.70195040e-03	2.51494630e-04	2	7.27547840e-03	3.42545550e-04	2	false	GAMG	3.52473490e-03	1.57767160e-04	1	true
0.89            	smoothSolver	5.68701050e-03	2.51682010e-04	2	7.27589500e-03	3.46444280e-04	2	false	GAMG	2.49093270e-03	1.75144970e-04	1	true
0.8905          	smoothSolver	5.65748750e-03	2.49754380e-04	2	7.29761410e-03	3.42955160e-04	2	false	GAMG	2.27747200e-03	1.60498430e-04	1	true
0.891           	smoothSolver	5.63415000e-03	2.49608170e-04	2	7.29965080e-03	3.43653370e-04	2	false	GAMG	4.36313150e-03	1.73557110e-04	1	true
0.8915          	smoothSolver	5.61960040e-03	2.50081530e-04	2	7.31756020e-03	3.45988440e-04	2	false	GAMG	2.27548850e-03	1.42408930e-04	1	true
0.892           	smoothSolver	5.61066570e-03	2.50267440e-04	2	7.35206060e-03	3.45223460e-04	2	false	GAMG	2.27054030e-03	1.55328000e-04	1	true
0.8925          	smoothSolver	5.59211900e-03	2.50679050e-04	2	7.35358920e-03	3.46881170e-04	2	false	GAMG	2.94345100e-03	1.78918140e-04	1	true
0.893           	smoothSolver	5.58755550e-03	2.49966810e-04	2	7.37249660e-03	3.47843080e-04	2	false	GAMG	2.80078050e-03	1.72391630e-04	1	true
0.8935          	smoothSolver	5.56923050e-03	2.50680890e-04	2	7.38280000e-03	3.50347960e-04	2	false	GAMG	2.69501760e-03	1.71962360e-04	1	true
0.894           	smoothSolver	5.56583780e-03	2.52505000e-04	2	7.38775650e-03	3.49083510e-04	2	false	GAMG	2.70396320e-03	1.78896670e-04	1	true
0.8945          	smoothSolver	5.55274320e-03	2.50981300e-04	2	7.40984330e-03	3.48559400e-04	2	false	GAMG	2.75065100e-03	1.85475150e-04	1	true
0.895           	smoothSolver	5.54171450e-03	2.51644340e-04	2	7.41318930e-03	3.46539520e-04	2	false	GAMG	2.82272390e-03	1.92157210e-04	1	true
0.8955          	smoothSolver	5.53082120e-03	2.52510010e-04	2	7.42758600e-03	3.43121620e-04	2	false	GAMG	3.19068000e-03	2.11544840e-04	1	true
0.896           	smoothSolver	5.50744220e-03	2.51177080e-04	2	7.43089790e-03	3.39489870e-04	2	false	GAMG	2.53173780e-03	1.77888910e-04	1	true
0.8965          	smoothSolver	5.49448770e-03	2.51974010e-04	2	7.43651750e-03	3.36607970e-04	2	false	GAMG	2.52238570e-03	1.77411170e-04	1	true
0.897           	smoothSolver	5.47712280e-03	2.50688010e-04	2	7.44184000e-03	3.36889850e-04	2	false	GAMG	3.05434550e-03	1.88981820e-04	1	true
0.8975          	smoothSolver	5.45706940e-03	2.50424380e-04	2	7.42306560e-03	3.34532400e-04	2	false	GAMG	2.70691750e-03	1.83482130e-04	1	true
0.898           	smoothSolver	5.43858820e-03	2.51121170e-04	2	7.42893320e-03	3.37080980e-04	2	false	GAMG	2.23557950e-03	1.47230130e-04	1	true
0.8985          	smoothSolver	5.42336900e-03	2.50707610e-04	2	7.43367720e-03	3.38077380e-04	2	false	GAMG	2.57905050e-03	1.68117940e-04	1	true
0.899           	smoothSolver	5.41553630e-03	2.52534230e-04	2	7.42657620e-03	3.36825690e-04	2	false	GAMG	2.89756530e-03	1.74951540e-04	1	true
0.8995          	smoothSolver	5.39671270e-03	2.51140860e-04	2	7.43553920e-03	3.36088510e-04	2	false	GAMG	2.81820600e-03	1.76197010e-04	1	true
0.9             	smoothSolver	5.38473660e-03	2.52692340e-04	2	7.44482250e-03	3.36810620e-04	2	false	GAMG	2.59790270e-03	1.65597840e-04	1	true
0.9005          	smoothSolver	5.37316240e-03	2.52146070e-04	2	7.43646700e-03	3.34662350e-04	2	false	GAMG	2.45497780e-03	1.64813040e-04	1	true
0.901           	smoothSolver	5.35896190e-03	2.52125600e-04	2	7.44835190e-03	3.32424750e-04	2	false	GAMG	2.62543230e-03	1.66199620e-04	1	true
0.9015          	smoothSolver	5.34220720e-03	2.52872590e-04	2	7.44752510e-03	3.28284210e-04	2	false	GAMG	3.10994480e-03	1.98394090e-04	1	true
0.902           	smoothSolver	5.33426020e-03	2.52299050e-04	2	7.44511540e-03	3.23751940e-04	2	false	GAMG	3.03195890e-03	1.87797480e-04	1	true
0.9025          	smoothSolver	5.32648860e-03	2.51663940e-04	2	7.43521140e-03	3.21492110e-04	2	false	GAMG	2.80518360e-03	1.83943290e-04	1	true
0.903           	smoothSolver	5.32114620e-03	2.50246770e-04	2	7.43433110e-03	3.18418180e-04	2	false	GAMG	2.62224700e-03	1.77381600e-04	1	true
0.9035          	smoothSolver	5.31416550e-03	2.48029650e-04	2	7.42509160e-03	3.16967670e-04	2	false	GAMG	2.91330790e-03	1.86008760e-04	1	true
0.904           	smoothSolver	5.30463950e-03	2.47564680e-04	2	7.42917140e-03	3.18262230e-04	2	false	GAMG	1.70208220e-03	1.09485020e-04	1	true
0.9045          	smoothSolver	5.30663100e-03	2.47544570e-04	2	7.43600960e-03	3.16527320e-04	2	false	GAMG	2.41896010e-03	1.60434130e-04	1	true
0.905           	smoothSolver	5.30268610e-03	2.47800990e-04	2	7.43311810e-03	3.15629720e-04	2	false	GAMG	2.19238140e-03	1.48044560e-04	1	true
0.9055          	smoothSolver	5.30267730e-03	2.48040520e-04	2	7.43231840e-03	3.15581430e-04	2	false	GAMG	2.52737150e-03	1.62081900e-04	1	true
0.906           	smoothSolver	5.30197180e-03	2.48774990e-04	2	7.43059960e-03	3.17493460e-04	2	false	GAMG	2.43888560e-03	1.53838870e-04	1	true
0.9065          	smoothSolver	5.31218000e-03	2.49314590e-04	2	7.44451600e-03	3.20285030e-04	2	false	GAMG	2.64837710e-03	1.71219230e-04	1	true
0.907           	smoothSolver	5.31621880e-03	2.50959150e-04	2	7.44633110e-03	3.22451630e-04	2	false	GAMG	2.30999660e-03	1.49015160e-04	1	true
0.9075          	smoothSolver	5.32298430e-03	2.53052080e-04	2	7.44880840e-03	3.25312290e-04	2	false	GAMG	2.64715580e-03	1.68683440e-04	1	true
0.908           	smoothSolver	5.33360510e-03	2.54509520e-04	2	7.45385540e-03	3.27743110e-04	2	false	GAMG	2.71519040e-03	1.71246840e-04	1	true
0.9085          	smoothSolver	5.34210520e-03	2.53141810e-04	2	7.45099950e-03	3.24739860e-04	2	false	GAMG	2.18929590e-03	1.35141380e-04	1	true
0.909           	smoothSolver	5.36046570e-03	2.53532260e-04	2	7.45203250e-03	3.23813990e-04	2	false	GAMG	2.34274420e-03	1.46571510e-04	1	true
0.9095          	smoothSolver	5.36657410e-03	2.54088690e-04	2	7.44549160e-03	3.20518750e-04	2	false	GAMG	2.88157970e-03	1.85116400e-04	1	true
0.91            	smoothSolver	5.37594790e-03	2.52487070e-04	2	7.44613940e-03	3.20472890e-04	2	false	GAMG	2.84400590e-03	1.60716130e-04	1	true
0.9105          	smoothSolver	5.41196820e-03	2.53204900e-04	2	7.45896390e-03	3.22094840e-04	2	false	GAMG	2.89117570e-03	1.71637610e-04	1	true
0.911           	smoothSolver	5.43736570e-03	2.54721560e-04	2	7.47454140e-03	3.23966360e-04	2	false	GAMG	3.39412500e-03	2.04173440e-04	1	true
0.9115          	smoothSolver	5.44799800e-03	2.54367300e-04	2	7.47957140e-03	3.24307530e-04	2	false	GAMG	3.20952840e-03	1.88913560e-04	1	true
0.912           	smoothSolver	5.46881790e-03	2.53442150e-04	2	7.47326610e-03	3.26166950e-04	2	false	GAMG	2.76136320e-03	1.70373190e-04	1	true
0.9125          	smoothSolver	5.48971200e-03	2.50229940e-04	2	7.45619200e-03	3.25371920e-04	2	false	GAMG	3.38132250e-03	1.84182360e-04	1	true
0.913           	smoothSolver	5.50766170e-03	2.53501550e-04	2	7.44034060e-03	3.28387860e-04	2	false	GAMG	3.11133620e-03	1.88674040e-04	1	true
0.9135          	smoothSolver	5.51366410e-03	2.51488050e-04	2	7.40614470e-03	3.28776160e-04	2	false	GAMG	3.01857480e-03	1.83238140e-04	1	true
0.914           	smoothSolver	5.53327900e-03	2.50189880e-04	2	7.38571680e-03	3.28395950e-04	2	false	GAMG	3.16760670e-03	1.92803140e-04	1	true
0.9145          	smoothSolver	5.55305250e-03	2.49258370e-04	2	7.37795580e-03	3.25012650e-04	2	false	GAMG	2.62092090e-03	1.55400340e-04	1	true
0.915           	smoothSolver	5.56304230e-03	2.52398350e-04	2	7.35629560e-03	3.21714830e-04	2	false	GAMG	2.19424270e-03	1.21949780e-04	1	true
0.9155          	smoothSolver	5.58289640e-03	2.53999940e-04	2	7.32704120e-03	3.21071650e-04	2	false	GAMG	2.81608970e-03	1.63476890e-04	1	true
0.916           	smoothSolver	5.58811120e-03	2.58053490e-04	2	7.30730480e-03	3.23333450e-04	2	false	GAMG	2.84421330e-03	1.62730310e-04	1	true
0.9165          	smoothSolver	5.59328690e-03	2.61757880e-04	2	7.29272160e-03	3.23127330e-04	2	false	GAMG	3.42030940e-03	2.10572980e-04	1	true
0.917           	smoothSolver	5.60023560e-03	2.65515230e-04	2	7.28929580e-03	3.22359500e-04	2	false	GAMG	3.34860460e-03	1.98219170e-04	1	true
0.9175          	smoothSolver	5.60775850e-03	2.66766990e-04	2	7.29318700e-03	3.25946280e-04	2	false	GAMG	3.18902300e-03	1.75389330e-04	1	true
0.918           	smoothSolver	5.61480000e-03	2.67937000e-04	2	7.28001460e-03	3.27820960e-04	2	false	GAMG	3.53060980e-03	1.76111440e-04	1	true
0.9185          	smoothSolver	5.63041710e-03	2.68583280e-04	2	7.28617390e-03	3.30962780e-04	2	false	GAMG	3.84432580e-03	2.22385560e-04	1	true
0.919           	smoothSolver	5.65792760e-03	2.69106320e-04	2	7.31008920e-03	3.35078700e-04	2	false	GAMG	3.49989520e-03	1.76650500e-04	1	true
0.9195          	smoothSolver	5.67921170e-03	2.71453240e-04	2	7.31171320e-03	3.38977700e-04	2	false	GAMG	3.39279220e-03	1.87678980e-04	1	true
0.92            	smoothSolver	5.69374620e-03	2.74730940e-04	2	7.31042880e-03	3.38070190e-04	2	false	GAMG	3.78230370e-03	1.99547350e-04	1	true
0.9205          	smoothSolver	5.70958530e-03	2.77873360e-04	2	7.32463760e-03	3.37587300e-04	2	false	GAMG	3.46615410e-03	2.05644560e-04	1	true
0.921           	smoothSolver	5.73414800e-03	2.80612450e-04	2	7.36063620e-03	3.39418370e-04	2	false	GAMG	3.55163670e-03	1.89048460e-04	1	true
0.9215          	smoothSolver	5.75412700e-03	2.78689500e-04	2	7.40190370e-03	3.43576190e-04	2	false	GAMG	3.01294270e-03	1.76939960e-04	1	true
0.922           	smoothSolver	5.76293360e-03	2.79689120e-04	2	7.41243970e-03	3.48359380e-04	2	false	GAMG	3.31813570e-03	1.77425050e-04	1	true
0.9225          	smoothSolver	5.78097860e-03	2.86363740e-04	2	7.43045260e-03	3.54023690e-04	2	false	GAMG	3.15963120e-03	1.67184760e-04	1	true
0.923           	smoothSolver	5.80752960e-03	2.89387810e-04	2	7.43494170e-03	3.56449310e-04	2	false	GAMG	3.17792490e-03	1.71494710e-04	1	true
0.9235          	smoothSolver	5.81760600e-03	2.86997290e-04	2	7.44626030e-03	3.56290260e-04	2	false	GAMG	3.07637030e-03	1.78444320e-04	1	true
0.924           	smoothSolver	5.82845110e-03	2.85547710e-04	2	7.46096760e-03	3.58537870e-04	2	false	GAMG	3.24744240e-03	1.88762490e-04	1	true
0.9245          	smoothSolver	5.83583540e-03	2.86192090e-04	2	7.47616460e-03	3.59998790e-04	2	false	GAMG	2.56465210e-03	1.58195460e-04	1	true
0.925           	smoothSolver	5.84438240e-03	2.87741620e-04	2	7.49187900e-03	3.64220780e-04	2	false	GAMG	3.48081260e-03	2.08248920e-04	1	true
0.9255          	smoothSolver	5.86451040e-03	2.91608370e-04	2	7.50430190e-03	3.68309280e-04	2	false	GAMG	2.79670500e-03	1.62845350e-04	1	true
0.926           	smoothSolver	5.88449540e-03	2.95146810e-04	2	7.54565060e-03	3.74738340e-04	2	false	GAMG	3.60789670e-03	2.21717070e-04	1	true
0.9265          	smoothSolver	5.88825480e-03	2.98216740e-04	2	7.58413600e-03	3.78096490e-04	2	false	GAMG	3.78560330e-03	2.14466480e-04	1	true
0.927           	smoothSolver	5.90077090e-03	2.94354900e-04	2	7.60642070e-03	3.79815060e-04	2	false	GAMG	3.99900560e-03	2.10863440e-04	1	true
0.9275          	smoothSolver	5.94013830e-03	2.95683610e-04	2	7.63523440e-03	3.81253910e-04	2	false	GAMG	3.93975030e-03	2.22293520e-04	1	true
0.928           	smoothSolver	5.94842850e-03	2.96485790e-04	2	7.64828580e-03	3.84139590e-04	2	false	GAMG	3.78566480e-03	2.16911080e-04	1	true
0.9285          	smoothSolver	5.95960420e-03	2.95200730e-04	2	7.64167350e-03	3.84765850e-04	2	false	GAMG	3.98008260e-03	2.25992370e-04	1	true
0.929           	smoothSolver	5.97725340e-03	2.96159330e-04	2	7.67838110e-03	3.90444400e-04	2	false	GAMG	4.32271670e-03	2.35093910e-04	1	true
0.9295          	smoothSolver	6.13066920e-03	3.14373810e-04	2	7.85771760e-03	4.20775200e-04	2	false	GAMG	4.12339710e-03	2.33259990e-04	1	true
0.93            	smoothSolver	6.56750350e-03	3.51944860e-04	2	8.19680870e-03	4.43399520e-04	2	false	GAMG	4.74133200e-03	2.68012040e-04	1	true
0.9305          	smoothSolver	6.53728650e-03	3.23245980e-04	2	8.46125050e-03	4.18384150e-04	2	false	GAMG	4.66037620e-03	2.50302230e-04	1	true
0.931           	smoothSolver	6.51220250e-03	3.23637630e-04	2	8.55730060e-03	4.83751150e-04	2	false	GAMG	5.80921230e-03	2.77110050e-04	1	true
0.9315          	smoothSolver	6.79842270e-03	3.73719270e-04	2	9.04392350e-03	5.83476040e-04	2	false	GAMG	4.81298640e-03	2.62721030e-04	1	true
0.932           	smoothSolver	6.77779330e-03	3.29964160e-04	2	9.10382680e-03	5.09945730e-04	2	false	GAMG	5.32619160e-03	2.45998130e-04	1	true
0.9325          	smoothSolver	6.59313850e-03	3.43453960e-04	2	8.32256170e-03	4.40872000e-04	2	false	GAMG	5.42037550e-03	2.36732810e-04	1	true
0.933           	smoothSolver	6.30103270e-03	3.21083040e-04	2	8.06930850e-03	4.26670760e-04	2	false	GAMG	6.94526370e-03	2.74718230e-04	1	true
0.9335          	smoothSolver	6.37518780e-03	3.47452450e-04	2	8.50662070e-03	4.45507900e-04	2	false	GAMG	4.26981220e-03	2.42204220e-04	1	true
0.934           	smoothSolver	6.33464440e-03	3.15479860e-04	2	8.22972040e-03	4.71007650e-04	2	false	GAMG	5.58389690e-03	2.49944720e-04	1	true
0.9345          	smoothSolver	6.17450190e-03	3.11051000e-04	2	7.88782140e-03	4.35308250e-04	2	false	GAMG	4.03205870e-03	2.40095530e-04	1	true
0.935           	smoothSolver	6.11313300e-03	3.09800620e-04	2	7.77672530e-03	4.18407540e-04	2	false	GAMG	3.58256920e-03	2.13674850e-04	1	true
0.9355          	smoothSolver	6.09014180e-03	2.95288610e-04	2	7.75774850e-03	4.06522600e-04	2	false	GAMG	3.51700230e-03	1.78249510e-04	1	true
0.936           	smoothSolver	6.07644220e-03	2.92147370e-04	2	7.75186640e-03	4.05982040e-04	2	false	GAMG	3.80102430e-03	2.09171820e-04	1	true
0.9365          	smoothSolver	6.07381480e-03	2.91844840e-04	2	7.74450790e-03	4.01408400e-04	2	false	GAMG	3.86669420e-03	2.05189280e-04	1	true
0.937           	smoothSolver	6.05152760e-03	2.86891700e-04	2	7.67660200e-03	3.94011470e-04	2	false	GAMG	4.24718110e-03	2.01056490e-04	1	true
0.9375          	smoothSolver	6.04207520e-03	2.88113730e-04	2	7.65353070e-03	3.91753640e-04	2	false	GAMG	3.29495380e-03	1.82304620e-04	1	true
0.938           	smoothSolver	6.06217380e-03	2.83771270e-04	2	7.60649910e-03	3.92103830e-04	2	false	GAMG	3.23707220e-03	1.69305180e-04	1	true
0.9385          	smoothSolver	6.03399420e-03	2.73161890e-04	2	7.56248320e-03	3.89671870e-04	2	false	GAMG	3.29721100e-03	1.68252530e-04	1	true
0.939           	smoothSolver	6.02958260e-03	2.72709130e-04	2	7.54097650e-03	3.88846660e-04	2	false	GAMG	3.76212860e-03	1.65093120e-04	1	true
0.9395          	smoothSolver	6.02139390e-03	2.68746900e-04	2	7.51752930e-03	3.86579270e-04	2	false	GAMG	5.62145470e-03	1.45907190e-04	1	true
0.94            	smoothSolver	6.02960300e-03	2.70755080e-04	2	7.49401320e-03	3.86883980e-04	2	false	GAMG	4.11060270e-03	1.52524340e-04	1	true
0.9405          	smoothSolver	6.01542940e-03	2.72446390e-04	2	7.45538240e-03	3.84283960e-04	2	false	GAMG	3.29693200e-03	1.52731870e-04	1	true
0.941           	smoothSolver	6.00729740e-03	2.75110590e-04	2	7.42579520e-03	3.83449720e-04	2	false	GAMG	3.53970810e-03	1.58976920e-04	1	true
0.9415          	smoothSolver	6.00695230e-03	2.77534530e-04	2	7.40092710e-03	3.84484900e-04	2	false	GAMG	5.21157100e-03	1.31341670e-04	1	true
0.942           	smoothSolver	5.99381700e-03	2.79290330e-04	2	7.37105030e-03	3.81828510e-04	2	false	GAMG	9.86457030e-02	1.45531020e-04	1	true
0.9425          	smoothSolver	6.03755690e-03	2.92560130e-04	2	7.41982420e-03	4.01156080e-04	2	false	GAMG	4.78384530e-03	1.50950350e-04	1	true
0.943           	smoothSolver	6.06080740e-03	2.87963320e-04	2	7.43401720e-03	3.90039880e-04	2	false	GAMG	3.68666580e-03	1.71343830e-04	1	true
0.9435          	smoothSolver	6.00011180e-03	2.84271710e-04	2	7.31960940e-03	3.85294580e-04	2	false	GAMG	2.79239860e-03	1.34792650e-04	1	true
0.944           	smoothSolver	5.97337990e-03	2.82973370e-04	2	7.28365430e-03	3.86220110e-04	2	false	GAMG	2.34233620e-03	1.14838610e-04	1	true
0.9445          	smoothSolver	5.96112190e-03	2.82611020e-04	2	7.24967820e-03	3.82868710e-04	2	false	GAMG	3.41695670e-03	1.08513840e-04	1	true
0.945           	smoothSolver	5.94179050e-03	2.80808680e-04	2	7.20789220e-03	3.79906320e-04	2	false	GAMG	2.76216680e-03	1.35507140e-04	1	true
0.9455          	smoothSolver	5.92648100e-03	2.78493170e-04	2	7.17977630e-03	3.80006960e-04	2	false	GAMG	1.96517490e-03	9.53609080e-05	1	true
0.946           	smoothSolver	5.90910390e-03	2.77871530e-04	2	7.14579590e-03	3.76640930e-04	2	false	GAMG	2.18511300e-03	1.07372600e-04	1	true
0.9465          	smoothSolver	5.87187280e-03	2.75569350e-04	2	7.11603940e-03	3.74732350e-04	2	false	GAMG	4.13759780e-03	9.85272660e-05	1	true
0.947           	smoothSolver	5.85650660e-03	2.73577830e-04	2	7.08454780e-03	3.72593880e-04	2	false	GAMG	3.58428560e-03	1.21905050e-04	1	true
0.9475          	smoothSolver	5.87086410e-03	2.83703590e-04	2	7.08117710e-03	3.78435720e-04	2	false	GAMG	1.83983540e-03	9.06453140e-05	1	true
0.948           	smoothSolver	5.85145670e-03	2.73881990e-04	2	7.06819710e-03	3.71896120e-04	2	false	GAMG	1.61749250e-03	7.88959740e-05	1	true
0.9485          	smoothSolver	5.80415890e-03	2.67212170e-04	2	7.03406190e-03	3.71070810e-04	2	false	GAMG	3.34122990e-03	9.29185960e-05	1	true
0.949           	smoothSolver	5.77614690e-03	2.67400630e-04	2	7.00415140e-03	3.66053400e-04	2	false	GAMG	1.61601110e-03	8.34038210e-05	1	true
0.9495          	smoothSolver	5.74164920e-03	2.62709180e-04	2	6.95356250e-03	3.59393140e-04	2	false	GAMG	2.01885030e-03	8.74520900e-05	1	true
0.95            	smoothSolver	5.71540700e-03	2.55834280e-04	2	6.92111900e-03	3.58651250e-04	2	false	GAMG	1.78103750e-03	9.35433160e-05	1	true
0.9505          	smoothSolver	5.68639250e-03	2.54202120e-04	2	6.89349380e-03	3.54538270e-04	2	false	GAMG	4.30001640e-03	9.63377310e-05	1	true
0.951           	smoothSolver	5.66008050e-03	2.52247940e-04	2	6.86539580e-03	3.54577440e-04	2	false	GAMG	1.76021710e-03	8.73655950e-05	1	true
0.9515          	smoothSolver	5.62769080e-03	2.49457520e-04	2	6.82911330e-03	3.52651140e-04	2	false	GAMG	1.44156330e-03	6.81090880e-05	1	true
0.952           	smoothSolver	5.59649320e-03	2.45949350e-04	2	6.80696690e-03	3.49643530e-04	2	false	GAMG	1.55051990e-03	7.11021710e-05	1	true
0.9525          	smoothSolver	5.56497380e-03	2.42094170e-04	2	6.77594490e-03	3.47871470e-04	2	false	GAMG	1.59278380e-03	6.01993090e-05	1	true
0.953           	smoothSolver	5.53395160e-03	2.40878120e-04	2	6.75951910e-03	3.46824960e-04	2	false	GAMG	1.22835510e-03	6.10113570e-05	1	true
0.9535          	smoothSolver	5.51002030e-03	2.40549680e-04	2	6.73835980e-03	3.45578870e-04	2	false	GAMG	1.80843350e-03	7.06031020e-05	1	true
0.954           	smoothSolver	5.47233090e-03	2.39466040e-04	2	6.71474520e-03	3.44218800e-04	2	false	GAMG	1.50256060e-03	5.64916020e-05	1	true
0.9545          	smoothSolver	5.43362810e-03	2.37828200e-04	2	6.69236350e-03	3.42660670e-04	2	false	GAMG	1.07409340e-03	5.17823510e-05	1	true
0.955           	smoothSolver	5.39485630e-03	2.36894370e-04	2	6.68064530e-03	3.41352480e-04	2	false	GAMG	1.14541740e-03	5.45091040e-05	1	true
0.9555          	smoothSolver	5.36542140e-03	2.35863610e-04	2	6.66010850e-03	3.38170180e-04	2	false	GAMG	1.08977950e-03	4.42560950e-05	1	true
0.956           	smoothSolver	5.33323780e-03	2.33523020e-04	2	6.63926260e-03	3.34080120e-04	2	false	GAMG	1.08550050e-03	5.14018800e-05	1	true
0.9565          	smoothSolver	5.30466890e-03	2.30715090e-04	2	6.62126700e-03	3.30696390e-04	2	false	GAMG	1.12084720e-03	5.31907600e-05	1	true
0.957           	smoothSolver	5.28164830e-03	2.27936640e-04	2	6.61310950e-03	3.26576860e-04	2	false	GAMG	1.37834070e-03	4.95471820e-05	1	true
0.9575          	smoothSolver	5.25481410e-03	2.25627180e-04	2	6.58542550e-03	3.21570040e-04	2	false	GAMG	1.13402340e-03	5.55303040e-05	1	true
0.958           	smoothSolver	5.23110800e-03	2.21876560e-04	2	6.55296090e-03	3.16586020e-04	2	false	GAMG	1.19623890e-03	5.59518630e-05	1	true
0.9585          	smoothSolver	5.20784730e-03	2.19887140e-04	2	6.53493950e-03	3.13930550e-04	2	false	GAMG	1.51557150e-03	5.39097070e-05	1	true
0.959           	smoothSolver	5.18882860e-03	2.18437920e-04	2	6.51715510e-03	3.09411290e-04	2	false	GAMG	1.28784440e-03	5.33879900e-05	1	true
0.9595          	smoothSolver	5.15740480e-03	2.18063310e-04	2	6.48607000e-03	3.09459450e-04	2	false	GAMG	1.16749440e-03	5.60166470e-05	1	true
0.96            	smoothSolver	5.13891480e-03	2.17567430e-04	2	6.47525740e-03	3.08717360e-04	2	false	GAMG	1.10514270e-03	5.53227030e-05	1	true
0.9605          	smoothSolver	5.11908420e-03	2.16797650e-04	2	6.45536480e-03	3.04755550e-04	2	false	GAMG	1.25476720e-03	6.55475790e-05	1	true
0.961           	smoothSolver	5.10750550e-03	2.17717860e-04	2	6.44126690e-03	3.03947100e-04	2	false	GAMG	9.84552840e-04	4.94139330e-05	1	true
0.9615          	smoothSolver	5.09617610e-03	2.17470410e-04	2	6.42452430e-03	3.00171730e-04	2	false	GAMG	1.11932400e-03	5.80326260e-05	1	true
0.962           	smoothSolver	5.09180730e-03	2.16506670e-04	2	6.43361590e-03	2.97473850e-04	2	false	GAMG	1.07553950e-03	5.48572690e-05	1	true
0.9625          	smoothSolver	5.07472890e-03	2.14365420e-04	2	6.41215650e-03	2.96487150e-04	2	false	GAMG	1.32972390e-03	5.24338390e-05	1	true
0.963           	smoothSolver	5.06824900e-03	2.15072920e-04	2	6.40220770e-03	2.97686210e-04	2	false	GAMG	1.20255240e-03	5.51754440e-05	1	true
0.9635          	smoothSolver	5.05454900e-03	2.11897560e-04	2	6.39149570e-03	2.94425110e-04	2	false	GAMG	1.02516560e-03	5.24295200e-05	1	true
0.964           	smoothSolver	5.05592400e-03	2.11223690e-04	2	6.38677640e-03	2.95824420e-04	2	false	GAMG	1.08783020e-03	5.30916420e-05	1	true
0.9645          	smoothSolver	5.04292710e-03	2.09503640e-04	2	6.37411580e-03	2.95353820e-04	2	false	GAMG	1.14750110e-03	5.65166500e-05	1	true
0.965           	smoothSolver	5.04107320e-03	2.09954600e-04	2	6.36978220e-03	2.96077500e-04	2	false	GAMG	9.88447280e-04	5.13437540e-05	1	true
0.9655          	smoothSolver	5.02186610e-03	2.08641040e-04	2	6.34909060e-03	2.95614350e-04	2	false	GAMG	9.06089820e-04	4.76400870e-05	1	true
0.966           	smoothSolver	5.00809410e-03	2.07921400e-04	2	6.34778260e-03	2.94156210e-04	2	false	GAMG	1.01521470e-03	5.08448190e-05	1	true
0.9665          	smoothSolver	5.00433830e-03	2.07001920e-04	2	6.34162460e-03	2.92020940e-04	2	false	GAMG	1.20986220e-03	5.55321810e-05	1	true
0.967           	smoothSolver	4.98432070e-03	2.07225500e-04	2	6.33883620e-03	2.90393090e-04	2	false	GAMG	1.09356510e-03	4.74721090e-05	1	true
0.9675          	smoothSolver	4.97336330e-03	2.07386140e-04	2	6.32753430e-03	2.88836490e-04	2	false	GAMG	1.70715490e-03	4.94040300e-05	1	true
0.968           	smoothSolver	4.97221080e-03	2.08588950e-04	2	6.34737940e-03	2.88316640e-04	2	false	GAMG	9.91443590e-04	4.94620010e-05	1	true
0.9685          	smoothSolver	4.96324680e-03	2.10150180e-04	2	6.35447090e-03	2.90524050e-04	2	false	GAMG	9.38409940e-04	5.10273150e-05	1	true
0.969           	smoothSolver	4.96159540e-03	2.13065610e-04	2	6.35307260e-03	2.92544650e-04	2	false	GAMG	8.46812730e-04	4.64129980e-05	1	true
0.9695          	smoothSolver	4.95437640e-03	2.12895330e-04	2	6.34987360e-03	2.93670380e-04	2	false	GAMG	8.74454140e-04	4.72191430e-05	1	true
0.97            	smoothSolver	4.94848010e-03	2.12675780e-04	2	6.35589960e-03	2.93269620e-04	2	false	GAMG	6.79465800e-04	3.80950520e-05	1	true
0.9705          	smoothSolver	4.94808260e-03	2.12542820e-04	2	6.36251540e-03	2.94669550e-04	2	false	GAMG	7.55105530e-04	4.17201050e-05	1	true
0.971           	smoothSolver	4.95145990e-03	2.13939830e-04	2	6.37581420e-03	2.95024180e-04	2	false	GAMG	7.12068520e-04	3.73999400e-05	1	true
0.9715          	smoothSolver	4.94664290e-03	2.14511920e-04	2	6.38015590e-03	2.94901300e-04	2	false	GAMG	8.31825350e-04	3.85073070e-05	1	true
0.972           	smoothSolver	4.95511160e-03	2.15123340e-04	2	6.40008020e-03	2.95513190e-04	2	false	GAMG	6.73670580e-04	3.50886810e-05	1	true
0.9725          	smoothSolver	4.95235950e-03	2.13304710e-04	2	6.40560990e-03	2.94891640e-04	2	false	GAMG	7.07346300e-04	3.31881420e-05	1	true
0.973           	smoothSolver	4.95089060e-03	2.14589870e-04	2	6.41836900e-03	2.95163100e-04	2	false	GAMG	5.79237280e-04	2.71530760e-05	1	true
0.9735          	smoothSolver	4.94803390e-03	2.15109030e-04	2	6.42760220e-03	2.96565570e-04	2	false	GAMG	5.30592830e-04	2.64527510e-05	1	true
0.974           	smoothSolver	4.95843870e-03	2.16041100e-04	2	6.45460440e-03	2.96555430e-04	2	false	GAMG	5.28006230e-04	2.60459140e-05	1	true
0.9745          	smoothSolver	4.95576200e-03	2.15635820e-04	2	6.46012150e-03	2.99129550e-04	2	false	GAMG	4.49699950e-04	2.41350400e-05	1	true
0.975           	smoothSolver	4.96362690e-03	2.18165360e-04	2	6.47621330e-03	3.02768430e-04	2	false	GAMG	3.90826630e-04	1.94045540e-05	1	true
0.9755          	smoothSolver	4.95839330e-03	2.19218790e-04	2	6.48793170e-03	3.04987160e-04	2	false	GAMG	5.27045490e-04	2.09887870e-05	1	true
0.976           	smoothSolver	4.96257040e-03	2.17966190e-04	2	6.50316260e-03	3.04999380e-04	2	false	GAMG	2.62401010e-04	1.21325260e-05	1	true
0.9765          	smoothSolver	4.95815830e-03	2.16354450e-04	2	6.51886440e-03	3.03938290e-04	2	false	GAMG	2.53285670e-04	1.17632560e-05	1	true
0.977           	smoothSolver	4.97810310e-03	2.18080070e-04	2	6.53639010e-03	3.04661820e-04	2	false	GAMG	3.80352030e-04	1.54055190e-05	1	true
0.9775          	smoothSolver	4.97735070e-03	2.18695970e-04	2	6.54333050e-03	3.08788420e-04	2	false	GAMG	5.95868930e-04	2.92834360e-05	1	true
0.978           	smoothSolver	4.98512890e-03	2.17343770e-04	2	6.55934620e-03	3.10745090e-04	2	false	GAMG	6.01048560e-04	3.61073000e-05	1	true
0.9785          	smoothSolver	5.00243930e-03	2.13213910e-04	2	6.59213710e-03	3.09295610e-04	2	false	GAMG	5.82201530e-04	3.32635880e-05	1	true
0.979           	smoothSolver	5.01230680e-03	2.13661610e-04	2	6.60602050e-03	3.13032080e-04	2	false	GAMG	6.90316720e-04	4.08950580e-05	1	true
0.9795          	smoothSolver	5.01175800e-03	2.15391100e-04	2	6.61119370e-03	3.14862780e-04	2	false	GAMG	5.56155820e-04	2.96446550e-05	1	true
0.98            	smoothSolver	5.04977610e-03	2.20977300e-04	2	6.63262220e-03	3.20310170e-04	2	false	GAMG	5.00360970e-04	3.56142910e-05	1	true
0.9805          	smoothSolver	5.09036780e-03	2.19597070e-04	2	6.67477720e-03	3.18589260e-04	2	false	GAMG	6.21378880e-04	4.15091210e-05	1	true
0.981           	smoothSolver	5.09392510e-03	2.23479110e-04	2	6.66465330e-03	3.20299400e-04	2	false	GAMG	5.96076950e-04	3.95873550e-05	1	true
0.9815          	smoothSolver	5.14645920e-03	2.29174370e-04	2	6.71367720e-03	3.23476490e-04	2	false	GAMG	7.27113580e-04	4.83830180e-05	1	true
0.982           	smoothSolver	5.21278410e-03	2.30550490e-04	2	6.78565620e-03	3.27182380e-04	2	false	GAMG	7.31081830e-04	5.00460040e-05	1	true
0.9825          	smoothSolver	5.21335970e-03	2.28897130e-04	2	6.83103690e-03	3.25719380e-04	2	false	GAMG	4.84979720e-04	3.09847590e-05	1	true
0.983           	smoothSolver	5.26017280e-03	2.48058690e-04	2	6.82223640e-03	3.55983780e-04	2	false	GAMG	8.07416030e-04	5.30219990e-05	1	true
0.9835          	smoothSolver	5.34441890e-03	2.47638750e-04	2	6.96566720e-03	3.42281440e-04	2	false	GAMG	8.94315720e-04	5.71864250e-05	1	true
0.984           	smoothSolver	5.27524180e-03	2.49817670e-04	2	6.82091920e-03	3.21857510e-04	2	false	GAMG	9.50369680e-04	6.25881600e-05	1	true
0.9845          	smoothSolver	5.16193030e-03	2.44270730e-04	2	6.65179980e-03	3.16645740e-04	2	false	GAMG	1.65285340e-03	5.86939210e-05	1	true
0.985           	smoothSolver	5.16678100e-03	2.46597730e-04	2	6.62665950e-03	3.14945680e-04	2	false	GAMG	1.07236260e-03	6.57408360e-05	1	true
0.9855          	smoothSolver	5.12013170e-03	2.40595830e-04	2	6.54674210e-03	3.13197960e-04	2	false	GAMG	2.04557440e-03	6.64466870e-05	1	true
0.986           	smoothSolver	5.15767110e-03	2.65021730e-04	2	6.52874360e-03	3.16875110e-04	2	false	GAMG	1.18834930e-03	7.53917790e-05	1	true
0.9865          	smoothSolver	5.18878970e-03	2.40025740e-04	2	6.54839650e-03	3.13394570e-04	2	false	GAMG	6.04666780e-03	5.26673840e-05	1	true
0.987           	smoothSolver	5.15144170e-03	2.44899100e-04	2	6.45401710e-03	3.05631490e-04	2	false	GAMG	1.46157980e-03	5.72234660e-05	1	true
0.9875          	smoothSolver	5.11457120e-03	2.41186140e-04	2	6.45970050e-03	3.14307730e-04	2	false	GAMG	1.14520300e-03	7.27527410e-05	1	true
0.988           	smoothSolver	5.09225410e-03	2.34568920e-04	2	6.39847920e-03	3.02298220e-04	2	false	GAMG	1.24427360e-03	6.91706990e-05	1	true
0.9885          	smoothSolver	5.06111580e-03	2.30651270e-04	2	6.38061100e-03	3.00715170e-04	2	false	GAMG	1.71254350e-03	9.25633610e-05	1	true
0.989           	smoothSolver	5.05699900e-03	2.30157200e-04	2	6.35414160e-03	2.99536230e-04	2	false	GAMG	1.48863710e-03	8.95889670e-05	1	true
0.9895          	smoothSolver	5.02186960e-03	2.30144330e-04	2	6.32885260e-03	2.97847040e-04	2	false	GAMG	1.63588190e-03	9.89118350e-05	1	true
0.99            	smoothSolver	5.00813760e-03	2.31363880e-04	2	6.31919820e-03	2.97007510e-04	2	false	GAMG	2.10477280e-03	1.03998640e-04	1	true
0.9905          	smoothSolver	5.00706870e-03	2.30801330e-04	2	6.32298230e-03	2.96337450e-04	2	false	GAMG	1.76024920e-03	8.14656660e-05	1	true
0.991           	smoothSolver	4.99771030e-03	2.32051590e-04	2	6.30721870e-03	2.96594140e-04	2	false	GAMG	1.64587380e-03	9.84799980e-05	1	true
0.9915          	smoothSolver	5.01316110e-03	2.37968500e-04	2	6.28648620e-03	2.94235860e-04	2	false	GAMG	1.77614410e-03	1.06709540e-04	1	true
0.992           	smoothSolver	5.01679070e-03	2.37523630e-04	2	6.28857270e-03	2.98171190e-04	2	false	GAMG	2.26522210e-03	1.25056190e-04	1	true
0.9925          	smoothSolver	5.00276880e-03	2.36579250e-04	2	6.28064070e-03	2.94609730e-04	2	false	GAMG	2.13171090e-03	1.22005340e-04	1	true
0.993           	smoothSolver	5.00631350e-03	2.36546990e-04	2	6.26545860e-03	2.94649830e-04	2	false	GAMG	1.69119420e-02	1.06870190e-04	1	true
0.9935          	smoothSolver	4.99678520e-03	2.29188990e-04	2	6.25572000e-03	2.93157670e-04	2	false	GAMG	1.49474810e-03	9.47500780e-05	1	true
0.994           	smoothSolver	4.98153870e-03	2.23600440e-04	2	6.24418450e-03	2.90981190e-04	2	false	GAMG	2.21634010e-03	1.17895220e-04	1	true
0.9945          	smoothSolver	4.97462440e-03	2.26544530e-04	2	6.25858800e-03	2.91692600e-04	2	false	GAMG	2.02826390e-03	1.20780650e-04	1	true
0.995           	smoothSolver	4.97123810e-03	2.30573460e-04	2	6.25675580e-03	2.91283850e-04	2	false	GAMG	1.73461250e-03	1.00434740e-04	1	true
0.9955          	smoothSolver	4.96933410e-03	2.30112710e-04	2	6.24337630e-03	2.87058690e-04	2	false	GAMG	2.32415930e-03	1.00292000e-04	1	true
0.996           	smoothSolver	4.96586750e-03	2.31208610e-04	2	6.24767590e-03	2.88809480e-04	2	false	GAMG	3.66294800e-03	9.54860330e-05	1	true
0.9965          	smoothSolver	4.95790620e-03	2.35939210e-04	2	6.24121270e-03	2.90671570e-04	2	false	GAMG	1.43780860e-03	9.54795870e-05	1	true
0.997           	smoothSolver	4.96042360e-03	2.31935200e-04	2	6.24580530e-03	2.89834030e-04	2	false	GAMG	1.95935670e-03	9.21716410e-05	1	true
0.9975          	smoothSolver	4.95261920e-03	2.32313380e-04	2	6.25352790e-03	2.89346900e-04	2	false	GAMG	1.40423630e-03	9.21713360e-05	1	true
0.998           	smoothSolver	4.94619710e-03	2.33058580e-04	2	6.24562530e-03	2.90443890e-04	2	false	GAMG	1.75456540e-03	1.12716850e-04	1	true
0.9985          	smoothSolver	4.95136590e-03	2.28912950e-04	2	6.25796970e-03	2.93208770e-04	2	false	GAMG	1.49142640e-03	9.13286830e-05	1	true
0.999           	smoothSolver	4.94846790e-03	2.23835360e-04	2	6.24198670e-03	2.89279050e-04	2	false	GAMG	1.67198350e-03	1.01631820e-04	1	true
0.9995          	smoothSolver	4.95874400e-03	2.25649680e-04	2	6.24007370e-03	2.86628640e-04	2	false	GAMG	2.09785050e-03	1.00552930e-04	1	true
1               	smoothSolver	4.95786960e-03	2.23648800e-04	2	6.23143780e-03	2.82113820e-04	2	false	GAMG	1.52574670e-03	9.54233290e-05	1	true
