D_loss,bcx_down_loss,bcx_up_loss,bcy_down_loss,bcy_up_loss,epoch,initial_loss,step,train_loss
4.468861880013719e-05,0.0,2.0551395227806375e-15,0.0,1.9455991044593432e-15,0,0.0,0,4.468861880013719e-05
2.2674788851873018e-05,0.0,2.0551395227806375e-15,0.0,1.9455991044593432e-15,1,0.0,1,2.2674788851873018e-05
1.4505389117402956e-05,0.0,2.0551395227806375e-15,0.0,1.9455991044593432e-15,2,0.0,2,1.4505389117402956e-05
1.5266317859641276e-05,0.0,2.0551395227806375e-15,0.0,1.9455991044593432e-15,3,0.0,3,1.5266317859641276e-05
1.793407318473328e-05,0.0,2.0551395227806375e-15,0.0,1.9455991044593432e-15,4,0.0,4,1.793407318473328e-05
1.803449231374543e-05,0.0,2.0551395227806375e-15,0.0,1.9455991044593432e-15,5,0.0,5,1.803449231374543e-05
1.084926952898968e-05,0.0,2.0551395227806375e-15,0.0,1.9455991044593432e-15,6,0.0,6,1.084926952898968e-05
6.691742783004884e-06,0.0,2.0551395227806375e-15,0.0,1.9455991044593432e-15,7,0.0,7,6.691742783004884e-06
8.892382538761012e-06,0.0,2.0551395227806375e-15,0.0,1.9455991044593432e-15,8,0.0,8,8.892382538761012e-06
1.0641407243383583e-05,0.0,2.0551395227806375e-15,0.0,1.9455991044593432e-15,9,0.0,9,1.0641407243383583e-05
8.754922419029754e-06,0.0,2.0551395227806375e-15,0.0,1.9455991044593432e-15,10,0.0,10,8.754922419029754e-06
6.591188594029518e-06,0.0,2.0551395227806375e-15,0.0,1.9455991044593432e-15,11,0.0,11,6.591188594029518e-06
7.145877134462353e-06,0.0,2.0551395227806375e-15,0.0,1.9455991044593432e-15,12,0.0,12,7.145877134462353e-06
8.388135029235855e-06,0.0,2.0551395227806375e-15,0.0,1.9455991044593432e-15,13,0.0,13,8.388135029235855e-06
7.535322765761521e-06,0.0,2.0551395227806375e-15,0.0,1.9455991044593432e-15,14,0.0,14,7.535322765761521e-06
5.579126536758849e-06,0.0,2.0551395227806375e-15,0.0,1.9455991044593432e-15,15,0.0,15,5.579126536758849e-06
4.81480765301967e-06,0.0,2.0551395227806375e-15,0.0,1.9455991044593432e-15,16,0.0,16,4.81480765301967e-06
5.150244305696106e-06,0.0,2.0551395227806375e-15,0.0,1.9455991044593432e-15,17,0.0,17,5.150244305696106e-06
4.9165464588440955e-06,0.0,2.0551395227806375e-15,0.0,1.9455991044593432e-15,18,0.0,18,4.9165464588440955e-06
3.740206466318341e-06,0.0,2.0551395227806375e-15,0.0,1.9455991044593432e-15,19,0.0,19,3.740206466318341e-06
2.7721753212972544e-06,0.0,2.0551395227806375e-15,0.0,1.9455991044593432e-15,20,0.0,20,2.7721753212972544e-06
2.9167779302952113e-06,0.0,2.0551395227806375e-15,0.0,1.9455991044593432e-15,21,0.0,21,2.9167779302952113e-06
3.3844116842374206e-06,0.0,2.0551395227806375e-15,0.0,1.9455991044593432e-15,22,0.0,22,3.3844116842374206e-06
3.126720002910588e-06,0.0,2.0551395227806375e-15,0.0,1.9455991044593432e-15,23,0.0,23,3.126720002910588e-06
2.593929593786015e-06,0.0,2.0551395227806375e-15,0.0,1.9455991044593432e-15,24,0.0,24,2.593929593786015e-06
2.6465800146979745e-06,0.0,2.0551395227806375e-15,0.0,1.9455991044593432e-15,25,0.0,25,2.6465800146979745e-06
3.08010316985019e-06,0.0,2.0551395227806375e-15,0.0,1.9455991044593432e-15,26,0.0,26,3.08010316985019e-06
3.052561169170076e-06,0.0,2.0551395227806375e-15,0.0,1.9455991044593432e-15,27,0.0,27,3.052561169170076e-06
2.613230662973365e-06,0.0,2.0551395227806375e-15,0.0,1.9455991044593432e-15,28,0.0,28,2.613230662973365e-06
2.431947677905555e-06,0.0,2.0551395227806375e-15,0.0,1.9455991044593432e-15,29,0.0,29,2.431947677905555e-06
2.53149596574076e-06,0.0,2.0551395227806375e-15,0.0,1.9455991044593432e-15,30,0.0,30,2.53149596574076e-06
2.4326118364115246e-06,0.0,2.0551395227806375e-15,0.0,1.9455991044593432e-15,31,0.0,31,2.4326118364115246e-06
2.0290731299610343e-06,0.0,2.0551395227806375e-15,0.0,1.9455991044593432e-15,32,0.0,32,2.0290731299610343e-06
1.7457525700592669e-06,0.0,2.0551395227806375e-15,0.0,1.9455991044593432e-15,33,0.0,33,1.7457525700592669e-06
1.796571496015531e-06,0.0,2.0551395227806375e-15,0.0,1.9455991044593432e-15,34,0.0,34,1.796571496015531e-06
1.7855661553767277e-06,0.0,2.0551395227806375e-15,0.0,1.9455991044593432e-15,35,0.0,35,1.7855661553767277e-06
1.583144012329285e-06,0.0,2.0551395227806375e-15,0.0,1.9455991044593432e-15,36,0.0,36,1.583144012329285e-06
1.4581034974980867e-06,0.0,2.0551395227806375e-15,0.0,1.9455991044593432e-15,37,0.0,37,1.4581034974980867e-06
1.5441792129422538e-06,0.0,2.0551395227806375e-15,0.0,1.9455991044593432e-15,38,0.0,38,1.5441792129422538e-06
1.6364180055461475e-06,0.0,2.0551395227806375e-15,0.0,1.9455991044593432e-15,39,0.0,39,1.6364180055461475e-06
1.5668613286834443e-06,0.0,2.0551395227806375e-15,0.0,1.9455991044593432e-15,40,0.0,40,1.5668613286834443e-06
1.540940274935565e-06,0.0,2.0551395227806375e-15,0.0,1.9455991044593432e-15,41,0.0,41,1.540940274935565e-06
1.6311134913848946e-06,0.0,2.0551395227806375e-15,0.0,1.9455991044593432e-15,42,0.0,42,1.6311134913848946e-06
1.6744681943237083e-06,0.0,2.0551395227806375e-15,0.0,1.9455991044593432e-15,43,0.0,43,1.6744681943237083e-06
1.5973296285665128e-06,0.0,2.0551395227806375e-15,0.0,1.9455991044593432e-15,44,0.0,44,1.5973296285665128e-06
1.5370579831142095e-06,0.0,2.0551395227806375e-15,0.0,1.9455991044593432e-15,45,0.0,45,1.5370579831142095e-06
1.5471701999558718e-06,0.0,2.0551395227806375e-15,0.0,1.9455991044593432e-15,46,0.0,46,1.5471701999558718e-06
1.625204049560125e-06,0.0,2.0551395227806375e-15,0.0,1.9455991044593432e-15,47,0.0,47,1.625204049560125e-06
1.6423155102529563e-06,0.0,2.0551395227806375e-15,0.0,1.9455991044593432e-15,48,0.0,48,1.6423155102529563e-06
1.7376723917550407e-06,0.0,2.0551395227806375e-15,0.0,1.9455991044593432e-15,49,0.0,49,1.7376723917550407e-06
1.8309176539332839e-06,0.0,2.0551395227806375e-15,0.0,1.9455991044593432e-15,50,0.0,50,1.8309176539332839e-06
1.8712560176936677e-06,0.0,2.0551395227806375e-15,0.0,1.9455991044593432e-15,51,0.0,51,1.8712560176936677e-06
2.0033073724334827e-06,0.0,2.0551395227806375e-15,0.0,1.9455991044593432e-15,52,0.0,52,2.0033073724334827e-06
2.0932322968292283e-06,0.0,2.0551395227806375e-15,0.0,1.9455991044593432e-15,53,0.0,53,2.0932322968292283e-06
2.0184272671031067e-06,0.0,2.0551395227806375e-15,0.0,1.9455991044593432e-15,54,0.0,54,2.0184272671031067e-06
1.7754390455593239e-06,0.0,2.0551395227806375e-15,0.0,1.9455991044593432e-15,55,0.0,55,1.7754390455593239e-06
1.6314121467075893e-06,0.0,2.0551395227806375e-15,0.0,1.9455991044593432e-15,56,0.0,56,1.6314121467075893e-06
1.4907159311405849e-06,0.0,2.0551395227806375e-15,0.0,1.9455991044593432e-15,57,0.0,57,1.4907159311405849e-06
1.3405054914983339e-06,0.0,2.0551395227806375e-15,0.0,1.9455991044593432e-15,58,0.0,58,1.3405054914983339e-06
1.2578997257151059e-06,0.0,2.0551395227806375e-15,0.0,1.9455991044593432e-15,59,0.0,59,1.2578997257151059e-06
1.2194253713460057e-06,0.0,2.0551395227806375e-15,0.0,1.9455991044593432e-15,60,0.0,60,1.2194253713460057e-06
1.1702076108122128e-06,0.0,2.0551395227806375e-15,0.0,1.9455991044593432e-15,61,0.0,61,1.1702076108122128e-06
1.2306261396588525e-06,0.0,2.0551395227806375e-15,0.0,1.9455991044593432e-15,62,0.0,62,1.2306261396588525e-06
1.2536595477286028e-06,0.0,2.0551395227806375e-15,0.0,1.9455991044593432e-15,63,0.0,63,1.2536595477286028e-06
1.2933371635881485e-06,0.0,2.0551395227806375e-15,0.0,1.9455991044593432e-15,64,0.0,64,1.2933371635881485e-06
1.2721312714347732e-06,0.0,2.0551395227806375e-15,0.0,1.9455991044593432e-15,65,0.0,65,1.2721312714347732e-06
1.19592368719168e-06,0.0,2.0551395227806375e-15,0.0,1.9455991044593432e-15,66,0.0,66,1.19592368719168e-06
1.1118308975710534e-06,0.0,2.0551395227806375e-15,0.0,1.9455991044593432e-15,67,0.0,67,1.1118308975710534e-06
9.818696753427503e-07,0.0,2.0551395227806375e-15,0.0,1.9455991044593432e-15,68,0.0,68,9.818696753427503e-07
8.424747193203075e-07,0.0,2.0551395227806375e-15,0.0,1.9455991044593432e-15,69,0.0,69,8.424747193203075e-07
7.435699558300257e-07,0.0,2.0551395227806375e-15,0.0,1.9455991044593432e-15,70,0.0,70,7.435699558300257e-07
6.560163114954776e-07,0.0,2.0551395227806375e-15,0.0,1.9455991044593432e-15,71,0.0,71,6.560163114954776e-07
6.145191377981973e-07,0.0,2.0551395227806375e-15,0.0,1.9455991044593432e-15,72,0.0,72,6.145191377981973e-07
6.043145504008862e-07,0.0,2.0551395227806375e-15,0.0,1.9455991044593432e-15,73,0.0,73,6.043145504008862e-07
6.128103109404037e-07,0.0,2.0551395227806375e-15,0.0,1.9455991044593432e-15,74,0.0,74,6.128103109404037e-07
6.261407747842895e-07,0.0,2.0551395227806375e-15,0.0,1.9455991044593432e-15,75,0.0,75,6.261407747842895e-07
6.245400072657503e-07,0.0,2.0551395227806375e-15,0.0,1.9455991044593432e-15,76,0.0,76,6.245400072657503e-07
6.100062819314189e-07,0.0,2.0551395227806375e-15,0.0,1.9455991044593432e-15,77,0.0,77,6.100062819314189e-07
5.910348477300431e-07,0.0,2.0551395227806375e-15,0.0,1.9455991044593432e-15,78,0.0,78,5.910348477300431e-07
5.443525310511177e-07,0.0,2.0551395227806375e-15,0.0,1.9455991044593432e-15,79,0.0,79,5.443525310511177e-07
5.017076887270377e-07,0.0,2.0551395227806375e-15,0.0,1.9455991044593432e-15,80,0.0,80,5.017076887270377e-07
4.6737338266211736e-07,0.0,2.0551395227806375e-15,0.0,1.9455991044593432e-15,81,0.0,81,4.6737338266211736e-07
4.335186361004162e-07,0.0,2.0551395227806375e-15,0.0,1.9455991044593432e-15,82,0.0,82,4.335186361004162e-07
4.258513115473761e-07,0.0,2.0551395227806375e-15,0.0,1.9455991044593432e-15,83,0.0,83,4.258513115473761e-07
4.17242461026035e-07,0.0,2.0551395227806375e-15,0.0,1.9455991044593432e-15,84,0.0,84,4.17242461026035e-07
4.1559380292710557e-07,0.0,2.0551395227806375e-15,0.0,1.9455991044593432e-15,85,0.0,85,4.1559380292710557e-07
4.157639637014654e-07,0.0,2.0551395227806375e-15,0.0,1.9455991044593432e-15,86,0.0,86,4.157639637014654e-07
4.0631383058098436e-07,0.0,2.0551395227806375e-15,0.0,1.9455991044593432e-15,87,0.0,87,4.0631383058098436e-07
3.9902229787003307e-07,0.0,2.0551395227806375e-15,0.0,1.9455991044593432e-15,88,0.0,88,3.9902229787003307e-07
3.780199619995983e-07,0.0,2.0551395227806375e-15,0.0,1.9455991044593432e-15,89,0.0,89,3.780199619995983e-07
3.5654946373142593e-07,0.0,2.0551395227806375e-15,0.0,1.9455991044593432e-15,90,0.0,90,3.5654946373142593e-07
3.3634486840128375e-07,0.0,2.0551395227806375e-15,0.0,1.9455991044593432e-15,91,0.0,91,3.3634486840128375e-07
3.1877209494268754e-07,0.0,2.0551395227806375e-15,0.0,1.9455991044593432e-15,92,0.0,92,3.1877209494268754e-07
3.0779014537074545e-07,0.0,2.0551395227806375e-15,0.0,1.9455991044593432e-15,93,0.0,93,3.0779014537074545e-07
2.9758314212813275e-07,0.0,2.0551395227806375e-15,0.0,1.9455991044593432e-15,94,0.0,94,2.9758314212813275e-07
2.8767396997864125e-07,0.0,2.0551395227806375e-15,0.0,1.9455991044593432e-15,95,0.0,95,2.8767396997864125e-07
2.8238147820047743e-07,0.0,2.0551395227806375e-15,0.0,1.9455991044593432e-15,96,0.0,96,2.8238147820047743e-07
2.744592961789749e-07,0.0,2.0551395227806375e-15,0.0,1.9455991044593432e-15,97,0.0,97,2.744592961789749e-07
2.6726536361820763e-07,0.0,2.0551395227806375e-15,0.0,1.9455991044593432e-15,98,0.0,98,2.6726536361820763e-07
2.5859705488073814e-07,0.0,2.0551395227806375e-15,0.0,1.9455991044593432e-15,99,0.0,99,2.5859705488073814e-07
2.4961838107628864e-07,0.0,2.0551395227806375e-15,0.0,1.9455991044593432e-15,100,0.0,100,2.4961838107628864e-07
2.4309161972269067e-07,0.0,2.0551395227806375e-15,0.0,1.9455991044593432e-15,101,0.0,101,2.4309161972269067e-07
2.3738830634556507e-07,0.0,2.0551395227806375e-15,0.0,1.9455991044593432e-15,102,0.0,102,2.3738830634556507e-07
2.3411604388456908e-07,0.0,2.0551395227806375e-15,0.0,1.9455991044593432e-15,103,0.0,103,2.3411604388456908e-07
2.306758943859677e-07,0.0,2.0551395227806375e-15,0.0,1.9455991044593432e-15,104,0.0,104,2.306758943859677e-07
2.2649679465303052e-07,0.0,2.0551395227806375e-15,0.0,1.9455991044593432e-15,105,0.0,105,2.2649679465303052e-07
2.2272077160323533e-07,0.0,2.0551395227806375e-15,0.0,1.9455991044593432e-15,106,0.0,106,2.2272077160323533e-07
2.1869570332455623e-07,0.0,2.0551395227806375e-15,0.0,1.9455991044593432e-15,107,0.0,107,2.1869570332455623e-07
2.1476509459716908e-07,0.0,2.0551395227806375e-15,0.0,1.9455991044593432e-15,108,0.0,108,2.1476509459716908e-07
2.0969459058051143e-07,0.0,2.0551395227806375e-15,0.0,1.9455991044593432e-15,109,0.0,109,2.0969459058051143e-07
2.0521802923667565e-07,0.0,2.0551395227806375e-15,0.0,1.9455991044593432e-15,110,0.0,110,2.0521802923667565e-07
2.0160793212653516e-07,0.0,2.0551395227806375e-15,0.0,1.9455991044593432e-15,111,0.0,111,2.0160793212653516e-07
1.9751790603095287e-07,0.0,2.0551395227806375e-15,0.0,1.9455991044593432e-15,112,0.0,112,1.9751790603095287e-07
1.9423964658926707e-07,0.0,2.0551395227806375e-15,0.0,1.9455991044593432e-15,113,0.0,113,1.9423964658926707e-07
1.9195900335944316e-07,0.0,2.0551395227806375e-15,0.0,1.9455991044593432e-15,114,0.0,114,1.9195900335944316e-07
1.8882766994465783e-07,0.0,2.0551395227806375e-15,0.0,1.9455991044593432e-15,115,0.0,115,1.8882766994465783e-07
1.858091707163112e-07,0.0,2.0551395227806375e-15,0.0,1.9455991044593432e-15,116,0.0,116,1.858091707163112e-07
1.8313856742224743e-07,0.0,2.0551395227806375e-15,0.0,1.9455991044593432e-15,117,0.0,117,1.8313856742224743e-07
1.7911409599946637e-07,0.0,2.0551395227806375e-15,0.0,1.9455991044593432e-15,118,0.0,118,1.7911409599946637e-07
1.7638953409004898e-07,0.0,2.0551395227806375e-15,0.0,1.9455991044593432e-15,119,0.0,119,1.7638953409004898e-07
1.730715553094342e-07,0.0,2.0551395227806375e-15,0.0,1.9455991044593432e-15,120,0.0,120,1.730715553094342e-07
1.700791756320541e-07,0.0,2.0551395227806375e-15,0.0,1.9455991044593432e-15,121,0.0,121,1.700791756320541e-07
1.6816093761917728e-07,0.0,2.0551395227806375e-15,0.0,1.9455991044593432e-15,122,0.0,122,1.6816093761917728e-07
1.6633889288186765e-07,0.0,2.0551395227806375e-15,0.0,1.9455991044593432e-15,123,0.0,123,1.6633889288186765e-07
1.6403164693201688e-07,0.0,2.0551395227806375e-15,0.0,1.9455991044593432e-15,124,0.0,124,1.6403164693201688e-07
1.6176646511212311e-07,0.0,2.0551395227806375e-15,0.0,1.9455991044593432e-15,125,0.0,125,1.6176646511212311e-07
1.6014436710065638e-07,0.0,2.0551395227806375e-15,0.0,1.9455991044593432e-15,126,0.0,126,1.6014436710065638e-07
1.575593842062517e-07,0.0,2.0551395227806375e-15,0.0,1.9455991044593432e-15,127,0.0,127,1.575593842062517e-07
1.5564174304927292e-07,0.0,2.0551395227806375e-15,0.0,1.9455991044593432e-15,128,0.0,128,1.5564174304927292e-07
1.5336084402406414e-07,0.0,2.0551395227806375e-15,0.0,1.9455991044593432e-15,129,0.0,129,1.5336084402406414e-07
1.517623928748435e-07,0.0,2.0551395227806375e-15,0.0,1.9455991044593432e-15,130,0.0,130,1.517623928748435e-07
1.5052270896376285e-07,0.0,2.0551395227806375e-15,0.0,1.9455991044593432e-15,131,0.0,131,1.5052270896376285e-07
1.4863317687741073e-07,0.0,2.0551395227806375e-15,0.0,1.9455991044593432e-15,132,0.0,132,1.4863317687741073e-07
1.4724163577284344e-07,0.0,2.0551395227806375e-15,0.0,1.9455991044593432e-15,133,0.0,133,1.4724163577284344e-07
1.4788089686135208e-07,0.0,2.0551395227806375e-15,0.0,1.9455991044593432e-15,134,0.0,134,1.4788089686135208e-07
1.4594654373922822e-07,0.0,2.0551395227806375e-15,0.0,1.9455991044593432e-15,135,0.0,135,1.4594654373922822e-07
1.4409320669983572e-07,0.0,2.0551395227806375e-15,0.0,1.9455991044593432e-15,136,0.0,136,1.4409320669983572e-07
1.4156339034343546e-07,0.0,2.0551395227806375e-15,0.0,1.9455991044593432e-15,137,0.0,137,1.4156339034343546e-07
1.3992750780289498e-07,0.0,2.0551395227806375e-15,0.0,1.9455991044593432e-15,138,0.0,138,1.3992750780289498e-07
1.386871275599333e-07,0.0,2.0551395227806375e-15,0.0,1.9455991044593432e-15,139,0.0,139,1.386871275599333e-07
1.375672411541018e-07,0.0,2.0551395227806375e-15,0.0,1.9455991044593432e-15,140,0.0,140,1.375672411541018e-07
1.3768575968242658e-07,0.0,2.0551395227806375e-15,0.0,1.9455991044593432e-15,141,0.0,141,1.3768575968242658e-07
1.3622822336856188e-07,0.0,2.0551395227806375e-15,0.0,1.9455991044593432e-15,142,0.0,142,1.3622822336856188e-07
1.3455638736559195e-07,0.0,2.0551395227806375e-15,0.0,1.9455991044593432e-15,143,0.0,143,1.3455638736559195e-07
1.3273107413169782e-07,0.0,2.0551395227806375e-15,0.0,1.9455991044593432e-15,144,0.0,144,1.3273107413169782e-07
1.311933885972394e-07,0.0,2.0551395227806375e-15,0.0,1.9455991044593432e-15,145,0.0,145,1.311933885972394e-07
1.2982087582713575e-07,0.0,2.0551395227806375e-15,0.0,1.9455991044593432e-15,146,0.0,146,1.2982087582713575e-07
1.3031878154379228e-07,0.0,2.0551395227806375e-15,0.0,1.9455991044593432e-15,147,0.0,147,1.3031878154379228e-07
1.2885075761914777e-07,0.0,2.0551395227806375e-15,0.0,1.9455991044593432e-15,148,0.0,148,1.2885075761914777e-07
1.2873839239091467e-07,0.0,2.0551395227806375e-15,0.0,1.9455991044593432e-15,149,0.0,149,1.2873839239091467e-07
1.2765617896093318e-07,0.0,2.0551395227806375e-15,0.0,1.9455991044593432e-15,150,0.0,150,1.2765617896093318e-07
1.2705604035545548e-07,0.0,2.0551395227806375e-15,0.0,1.9455991044593432e-15,151,0.0,151,1.2705604035545548e-07
1.2601252308286348e-07,0.0,2.0551395227806375e-15,0.0,1.9455991044593432e-15,152,0.0,152,1.2601252308286348e-07
1.2462135146051878e-07,0.0,2.0551395227806375e-15,0.0,1.9455991044593432e-15,153,0.0,153,1.2462135146051878e-07
1.226537023057972e-07,0.0,2.0551395227806375e-15,0.0,1.9455991044593432e-15,154,0.0,154,1.226537023057972e-07
1.212117837212645e-07,0.0,2.0551395227806375e-15,0.0,1.9455991044593432e-15,155,0.0,155,1.212117837212645e-07
1.1953197542879934e-07,0.0,2.0551395227806375e-15,0.0,1.9455991044593432e-15,156,0.0,156,1.1953197542879934e-07
1.1800948129803146e-07,0.0,2.0551395227806375e-15,0.0,1.9455991044593432e-15,157,0.0,157,1.1800949550888618e-07
1.1661114029948294e-07,0.0,2.0551395227806375e-15,0.0,1.9455991044593432e-15,158,0.0,158,1.1661115451033766e-07
1.1610433148234733e-07,0.0,2.0551395227806375e-15,0.0,1.9455991044593432e-15,159,0.0,159,1.1610433858777469e-07
1.1473306926745863e-07,0.0,2.0551395227806375e-15,0.0,1.9455991044593432e-15,160,0.0,160,1.1473308347831335e-07
1.1345340311663676e-07,0.0,2.0551395227806375e-15,0.0,1.9455991044593432e-15,161,0.0,161,1.1345340311663676e-07
1.1329552762617823e-07,0.0,2.0551395227806375e-15,0.0,1.9455991044593432e-15,162,0.0,162,1.1329553473160558e-07
1.1438743285907549e-07,0.0,2.0551395227806375e-15,0.0,1.9455991044593432e-15,163,0.0,163,1.143874470699302e-07
1.1351402662285182e-07,0.0,2.0551395227806375e-15,0.0,1.9455991044593432e-15,164,0.0,164,1.1351404083370653e-07
1.1270116573314226e-07,0.0,2.0551395227806375e-15,0.0,1.9455991044593432e-15,165,0.0,165,1.1270116573314226e-07
1.1151399093023429e-07,0.0,2.0551395227806375e-15,0.0,1.9455991044593432e-15,166,0.0,166,1.11514005141089e-07
1.1093115404037235e-07,0.0,2.0551395227806375e-15,0.0,1.9455991044593432e-15,167,0.0,167,1.109311611457997e-07
1.0999909960673904e-07,0.0,2.0551395227806375e-15,0.0,1.9455991044593432e-15,168,0.0,168,1.0999911381759375e-07
1.0782652282159688e-07,0.0,2.0551395227806375e-15,0.0,1.9455991044593432e-15,169,0.0,169,1.0782652992702424e-07
1.0658220617187908e-07,0.0,2.0551395227806375e-15,0.0,1.9455991044593432e-15,170,0.0,170,1.0658221327730644e-07
1.0548203022153757e-07,0.0,2.0551395227806375e-15,0.0,1.9455991044593432e-15,171,0.0,171,1.0548204443239229e-07
1.048244726575831e-07,0.0,2.0551395227806375e-15,0.0,1.9455991044593432e-15,172,0.0,172,1.048244726575831e-07
1.0346563783514284e-07,0.0,2.0551395227806375e-15,0.0,1.9455991044593432e-15,173,0.0,173,1.0346565204599756e-07
1.0263856609071809e-07,0.0,2.0551395227806375e-15,0.0,1.9455991044593432e-15,174,0.0,174,1.026385803015728e-07
1.0173629760856784e-07,0.0,2.0551395227806375e-15,0.0,1.9455991044593432e-15,175,0.0,175,1.0173629760856784e-07
1.0031928354692354e-07,0.0,2.0551395227806375e-15,0.0,1.9455991044593432e-15,176,0.0,176,1.003192906523509e-07
9.846831972026848e-08,0.0,2.0551395227806375e-15,0.0,1.9455991044593432e-15,177,0.0,177,9.846832682569584e-08
9.682267432253866e-08,0.0,2.0551395227806375e-15,0.0,1.9455991044593432e-15,178,0.0,178,9.682268142796602e-08
9.615541074481371e-08,0.0,2.0551395227806375e-15,0.0,1.9455991044593432e-15,179,0.0,179,9.615541074481371e-08
9.478103635274238e-08,0.0,2.0551395227806375e-15,0.0,1.9455991044593432e-15,180,0.0,180,9.478105056359709e-08
9.339645856698553e-08,0.0,2.0551395227806375e-15,0.0,1.9455991044593432e-15,181,0.0,181,9.339647277784024e-08
9.180266857811148e-08,0.0,2.0551395227806375e-15,0.0,1.9455991044593432e-15,182,0.0,182,9.180267568353884e-08
9.02925592072279e-08,0.0,2.0551395227806375e-15,0.0,1.9455991044593432e-15,183,0.0,183,9.029256631265525e-08
8.900804004952079e-08,0.0,2.0551395227806375e-15,0.0,1.9455991044593432e-15,184,0.0,184,8.900804715494814e-08
8.823511876698831e-08,0.0,2.0551395227806375e-15,0.0,1.9455991044593432e-15,185,0.0,185,8.823513297784302e-08
8.878602386630519e-08,0.0,2.0551395227806375e-15,0.0,1.9455991044593432e-15,186,0.0,186,8.87860380771599e-08
8.766966885787042e-08,0.0,2.0551395227806375e-15,0.0,1.9455991044593432e-15,187,0.0,187,8.766968306872513e-08
8.661860562142465e-08,0.0,2.0551395227806375e-15,0.0,1.9455991044593432e-15,188,0.0,188,8.661861983227936e-08
8.70511840389554e-08,0.0,2.0551395227806375e-15,0.0,1.9455991044593432e-15,189,0.0,189,8.70511840389554e-08
8.675135632074671e-08,0.0,2.0551395227806375e-15,0.0,1.9455991044593432e-15,190,0.0,190,8.675137053160142e-08
8.571916509936273e-08,0.0,2.0551395227806375e-15,0.0,1.9455991044593432e-15,191,0.0,191,8.571917220479008e-08
8.441950427595657e-08,0.0,2.0551395227806375e-15,0.0,1.9455991044593432e-15,192,0.0,192,8.441951138138393e-08
8.310988874882241e-08,0.0,2.0551395227806375e-15,0.0,1.9455991044593432e-15,193,0.0,193,8.310989585424977e-08
8.194896850000077e-08,0.0,2.0551395227806375e-15,0.0,1.9455991044593432e-15,194,0.0,194,8.194897560542813e-08
8.118545480328976e-08,0.0,2.0551395227806375e-15,0.0,1.9455991044593432e-15,195,0.0,195,8.118546190871712e-08
8.028646902857872e-08,0.0,2.0551395227806375e-15,0.0,1.9455991044593432e-15,196,0.0,196,8.028647613400608e-08
7.909197563549242e-08,0.0,2.0551395227806375e-15,0.0,1.9455991044593432e-15,197,0.0,197,7.909198274091978e-08
7.820164427130294e-08,0.0,2.0551395227806375e-15,0.0,1.9455991044593432e-15,198,0.0,198,7.82016513767303e-08
7.704818472120678e-08,0.0,2.0551395227806375e-15,0.0,1.9455991044593432e-15,199,0.0,199,7.704819182663414e-08
7.650484690202575e-08,0.0,2.0551395227806375e-15,0.0,1.9455991044593432e-15,200,0.0,200,7.65048540074531e-08
7.543660984765665e-08,0.0,2.0551395227806375e-15,0.0,1.9455991044593432e-15,201,0.0,201,7.543661695308401e-08
7.45603188079258e-08,0.0,2.0551395227806375e-15,0.0,1.9455991044593432e-15,202,0.0,202,7.456032591335315e-08
7.340479868389593e-08,0.0,2.0551395227806375e-15,0.0,1.9455991044593432e-15,203,0.0,203,7.340480578932329e-08
7.241451527306708e-08,0.0,2.0551395227806375e-15,0.0,1.9455991044593432e-15,204,0.0,204,7.241452237849444e-08
7.140626934187821e-08,0.0,2.0551395227806375e-15,0.0,1.9455991044593432e-15,205,0.0,205,7.140627644730557e-08
7.068197760418116e-08,0.0,2.0551395227806375e-15,0.0,1.9455991044593432e-15,206,0.0,206,7.068198470960851e-08
7.095223253372751e-08,0.0,2.0551395227806375e-15,0.0,1.9455991044593432e-15,207,0.0,207,7.095223963915487e-08
7.01729305774279e-08,0.0,2.0551395227806375e-15,0.0,1.9455991044593432e-15,208,0.0,208,7.017293768285526e-08
6.927511719823087e-08,0.0,2.0551395227806375e-15,0.0,1.9455991044593432e-15,209,0.0,209,6.927512430365823e-08
6.913322891932694e-08,0.0,2.0551395227806375e-15,0.0,1.9455991044593432e-15,210,0.0,210,6.91332360247543e-08
6.820431508458569e-08,0.0,2.0551395227806375e-15,0.0,1.9455991044593432e-15,211,0.0,211,6.820432219001304e-08
6.725571211063652e-08,0.0,2.0551395227806375e-15,0.0,1.9455991044593432e-15,212,0.0,212,6.725571921606388e-08
6.650021333598488e-08,0.0,2.0551395227806375e-15,0.0,1.9455991044593432e-15,213,0.0,213,6.650022044141224e-08
6.646762784612292e-08,0.0,2.0551395227806375e-15,0.0,1.9455991044593432e-15,214,0.0,214,6.646763495155028e-08
6.588311407540459e-08,0.0,2.0551395227806375e-15,0.0,1.9455991044593432e-15,215,0.0,215,6.588312118083195e-08
6.526749984914204e-08,0.0,2.0551395227806375e-15,0.0,1.9455991044593432e-15,216,0.0,216,6.52675069545694e-08
6.458521539798312e-08,0.0,2.0551395227806375e-15,0.0,1.9455991044593432e-15,217,0.0,217,6.458522250341048e-08
6.471265834306905e-08,0.0,2.0551395227806375e-15,0.0,1.9455991044593432e-15,218,0.0,218,6.471266544849641e-08
6.389235096548873e-08,0.0,2.0551395227806375e-15,0.0,1.9455991044593432e-15,219,0.0,219,6.389235807091609e-08
6.383105244367471e-08,0.0,2.0551395227806375e-15,0.0,1.9455991044593432e-15,220,0.0,220,6.383105954910206e-08
6.400154006769299e-08,0.0,2.0551395227806375e-15,0.0,1.9455991044593432e-15,221,0.0,221,6.400154717312034e-08
6.320645695723215e-08,0.0,2.0551395227806375e-15,0.0,1.9455991044593432e-15,222,0.0,222,6.32064640626595e-08
6.26938074788086e-08,0.0,2.0551395227806375e-15,0.0,1.9455991044593432e-15,223,0.0,223,6.269381458423595e-08
6.194474622134294e-08,0.0,2.0551395227806375e-15,0.0,1.9455991044593432e-15,224,0.0,224,6.19447533267703e-08
6.089382509344432e-08,0.0,2.0551395227806375e-15,0.0,1.9455991044593432e-15,225,0.0,225,6.089383219887168e-08
6.102743554947665e-08,0.0,2.0551395227806375e-15,0.0,1.9455991044593432e-15,226,0.0,226,6.102744265490401e-08
6.03019856271203e-08,0.0,2.0551395227806375e-15,0.0,1.9455991044593432e-15,227,0.0,227,6.030199273254766e-08
5.958100146585821e-08,0.0,2.0551395227806375e-15,0.0,1.9455991044593432e-15,228,0.0,228,5.958100146585821e-08
5.96378129102959e-08,0.0,2.0551395227806375e-15,0.0,1.9455991044593432e-15,229,0.0,229,5.963782001572326e-08
6.007932995544252e-08,0.0,2.0551395227806375e-15,0.0,1.9455991044593432e-15,230,0.0,230,6.007933706086988e-08
5.942155212323996e-08,0.0,2.0551395227806375e-15,0.0,1.9455991044593432e-15,231,0.0,231,5.942155567595364e-08
5.904261612954542e-08,0.0,2.0551395227806375e-15,0.0,1.9455991044593432e-15,232,0.0,232,5.90426196822591e-08
5.8357716881118904e-08,0.0,2.0551395227806375e-15,0.0,1.9455991044593432e-15,233,0.0,233,5.835772043383258e-08
5.788993462374492e-08,0.0,2.0551395227806375e-15,0.0,1.9455991044593432e-15,234,0.0,234,5.78899381764586e-08
5.725892293639845e-08,0.0,2.0551395227806375e-15,0.0,1.9455991044593432e-15,235,0.0,235,5.7258930041825806e-08
5.755963172759948e-08,0.0,2.0551395227806375e-15,0.0,1.9455991044593432e-15,236,0.0,236,5.755963528031316e-08
5.747204312456233e-08,0.0,2.0551395227806375e-15,0.0,1.9455991044593432e-15,237,0.0,237,5.747204667727601e-08
5.682021964048545e-08,0.0,2.0551395227806375e-15,0.0,1.9455991044593432e-15,238,0.0,238,5.6820223193199126e-08
5.712540129820809e-08,0.0,2.0551395227806375e-15,0.0,1.9455991044593432e-15,239,0.0,239,5.712540485092177e-08
5.657447843532282e-08,0.0,2.0551395227806375e-15,0.0,1.9455991044593432e-15,240,0.0,240,5.6574485540750175e-08
5.594175433998316e-08,0.0,2.0551395227806375e-15,0.0,1.9455991044593432e-15,241,0.0,241,5.594175789269684e-08
5.5638135876279193e-08,0.0,2.0551395227806375e-15,0.0,1.9455991044593432e-15,242,0.0,242,5.5638135876279193e-08
5.5371828011629987e-08,0.0,2.0551395227806375e-15,0.0,1.9455991044593432e-15,243,0.0,243,5.5371831564343665e-08
5.515470746786377e-08,0.0,2.0551395227806375e-15,0.0,1.9455991044593432e-15,244,0.0,244,5.515471102057745e-08
5.504088917973604e-08,0.0,2.0551395227806375e-15,0.0,1.9455991044593432e-15,245,0.0,245,5.504088917973604e-08
5.463808250283364e-08,0.0,2.0551395227806375e-15,0.0,1.9455991044593432e-15,246,0.0,246,5.463808250283364e-08
5.41053708502659e-08,0.0,2.0551395227806375e-15,0.0,1.9455991044593432e-15,247,0.0,247,5.410537440297958e-08
5.40534195181408e-08,0.0,2.0551395227806375e-15,0.0,1.9455991044593432e-15,248,0.0,248,5.405342307085448e-08
5.3786273213063396e-08,0.0,2.0551395227806375e-15,0.0,1.9455991044593432e-15,249,0.0,249,5.3786280318490753e-08
5.3542400735295814e-08,0.0,2.0551395227806375e-15,0.0,1.9455991044593432e-15,250,0.0,250,5.354240428800949e-08
5.305957984091947e-08,0.0,2.0551395227806375e-15,0.0,1.9455991044593432e-15,251,0.0,251,5.305957984091947e-08
5.2696258023843257e-08,0.0,2.0551395227806375e-15,0.0,1.9455991044593432e-15,252,0.0,252,5.2696265129270614e-08
5.2199805367081353e-08,0.0,2.0551395227806375e-15,0.0,1.9455991044593432e-15,253,0.0,253,5.219980891979503e-08
5.2140656237043004e-08,0.0,2.0551395227806375e-15,0.0,1.9455991044593432e-15,254,0.0,254,5.214066334247036e-08
5.159472138416277e-08,0.0,2.0551395227806375e-15,0.0,1.9455991044593432e-15,255,0.0,255,5.1594728489590125e-08
5.112026357778632e-08,0.0,2.0551395227806375e-15,0.0,1.9455991044593432e-15,256,0.0,256,5.112026357778632e-08
5.066473462989052e-08,0.0,2.0551395227806375e-15,0.0,1.9455991044593432e-15,257,0.0,257,5.0664738182604196e-08
5.0771458148801685e-08,0.0,2.0551395227806375e-15,0.0,1.9455991044593432e-15,258,0.0,258,5.0771461701515364e-08
5.0295788867060764e-08,0.0,2.0551395227806375e-15,0.0,1.9455991044593432e-15,259,0.0,259,5.029579597248812e-08
5.0218449842986956e-08,0.0,2.0551395227806375e-15,0.0,1.9455991044593432e-15,260,0.0,260,5.0218456948414314e-08
5.01979968703381e-08,0.0,2.0551395227806375e-15,0.0,1.9455991044593432e-15,261,0.0,261,5.019800042305178e-08
5.049637863407952e-08,0.0,2.0551395227806375e-15,0.0,1.9455991044593432e-15,262,0.0,262,5.04963821867932e-08
5.0079542290859536e-08,0.0,2.0551395227806375e-15,0.0,1.9455991044593432e-15,263,0.0,263,5.007954939628689e-08
4.9945761304570624e-08,0.0,2.0551395227806375e-15,0.0,1.9455991044593432e-15,264,0.0,264,4.994576840999798e-08
4.982203094527904e-08,0.0,2.0551395227806375e-15,0.0,1.9455991044593432e-15,265,0.0,265,4.9822038050706396e-08
4.954889476493918e-08,0.0,2.0551395227806375e-15,0.0,1.9455991044593432e-15,266,0.0,266,4.9548898317652856e-08
4.925158592072876e-08,0.0,2.0551395227806375e-15,0.0,1.9455991044593432e-15,267,0.0,267,4.925158592072876e-08
4.936179465175883e-08,0.0,2.0551395227806375e-15,0.0,1.9455991044593432e-15,268,0.0,268,4.936179820447251e-08
4.8886782622048486e-08,0.0,2.0551395227806375e-15,0.0,1.9455991044593432e-15,269,0.0,269,4.8886786174762165e-08
4.851980506259679e-08,0.0,2.0551395227806375e-15,0.0,1.9455991044593432e-15,270,0.0,270,4.8519812168024146e-08
4.892684302149064e-08,0.0,2.0551395227806375e-15,0.0,1.9455991044593432e-15,271,0.0,271,4.892684657420432e-08
4.8667669005908465e-08,0.0,2.0551395227806375e-15,0.0,1.9455991044593432e-15,272,0.0,272,4.8667669005908465e-08
4.834403455333813e-08,0.0,2.0551395227806375e-15,0.0,1.9455991044593432e-15,273,0.0,273,4.834403810605181e-08
4.898895866745079e-08,0.0,2.0551395227806375e-15,0.0,1.9455991044593432e-15,274,0.0,274,4.8988965772878146e-08
4.926241103930806e-08,0.0,2.0551395227806375e-15,0.0,1.9455991044593432e-15,275,0.0,275,4.926241103930806e-08
4.8985000944412604e-08,0.0,2.0551395227806375e-15,0.0,1.9455991044593432e-15,276,0.0,276,4.898500804983996e-08
4.885768589701911e-08,0.0,2.0551395227806375e-15,0.0,1.9455991044593432e-15,277,0.0,277,4.885769300244647e-08
4.853775692481577e-08,0.0,2.0551395227806375e-15,0.0,1.9455991044593432e-15,278,0.0,278,4.8537764030243125e-08
4.853725243947338e-08,0.0,2.0551395227806375e-15,0.0,1.9455991044593432e-15,279,0.0,279,4.8537259544900735e-08
4.820152454954041e-08,0.0,2.0551395227806375e-15,0.0,1.9455991044593432e-15,280,0.0,280,4.8201531654967766e-08
4.790350871530791e-08,0.0,2.0551395227806375e-15,0.0,1.9455991044593432e-15,281,0.0,281,4.7903512268021586e-08
4.807196418710191e-08,0.0,2.0551395227806375e-15,0.0,1.9455991044593432e-15,282,0.0,282,4.807197129252927e-08
4.7767979793889026e-08,0.0,2.0551395227806375e-15,0.0,1.9455991044593432e-15,283,0.0,283,4.7767979793889026e-08
4.7538680547631884e-08,0.0,2.0551395227806375e-15,0.0,1.9455991044593432e-15,284,0.0,284,4.7538680547631884e-08
4.7506901523775014e-08,0.0,2.0551395227806375e-15,0.0,1.9455991044593432e-15,285,0.0,285,4.7506901523775014e-08
4.726582503167265e-08,0.0,2.0551395227806375e-15,0.0,1.9455991044593432e-15,286,0.0,286,4.726582503167265e-08
4.6981909918031306e-08,0.0,2.0551395227806375e-15,0.0,1.9455991044593432e-15,287,0.0,287,4.6981917023458664e-08
4.6882124848934836e-08,0.0,2.0551395227806375e-15,0.0,1.9455991044593432e-15,288,0.0,288,4.6882128401648515e-08
4.6543320308956027e-08,0.0,2.0551395227806375e-15,0.0,1.9455991044593432e-15,289,0.0,289,4.6543327414383384e-08
4.625793437185166e-08,0.0,2.0551395227806375e-15,0.0,1.9455991044593432e-15,290,0.0,290,4.625793792456534e-08
4.6006761067474145e-08,0.0,2.0551395227806375e-15,0.0,1.9455991044593432e-15,291,0.0,291,4.60067681729015e-08
4.6173958878625854e-08,0.0,2.0551395227806375e-15,0.0,1.9455991044593432e-15,292,0.0,292,4.617396598405321e-08
4.5938222115182725e-08,0.0,2.0551395227806375e-15,0.0,1.9455991044593432e-15,293,0.0,293,4.5938222115182725e-08
4.650854279475425e-08,0.0,2.0551395227806375e-15,0.0,1.9455991044593432e-15,294,0.0,294,4.650854634746793e-08
4.625633920340988e-08,0.0,2.0551395227806375e-15,0.0,1.9455991044593432e-15,295,0.0,295,4.625633920340988e-08
4.6019611232850366e-08,0.0,2.0551395227806375e-15,0.0,1.9455991044593432e-15,296,0.0,296,4.6019618338277724e-08
4.6101778394813664e-08,0.0,2.0551395227806375e-15,0.0,1.9455991044593432e-15,297,0.0,297,4.610178194752734e-08
4.594748403974336e-08,0.0,2.0551395227806375e-15,0.0,1.9455991044593432e-15,298,0.0,298,4.594748759245704e-08
4.54941435634737e-08,0.0,2.0551395227806375e-15,0.0,1.9455991044593432e-15,299,0.0,299,4.549414711618738e-08
4.525490737705695e-08,0.0,2.0551395227806375e-15,0.0,1.9455991044593432e-15,300,0.0,300,4.525490737705695e-08
4.494791383535812e-08,0.0,2.0551395227806375e-15,0.0,1.9455991044593432e-15,301,0.0,301,4.494791383535812e-08
4.5132960480032125e-08,0.0,2.0551395227806375e-15,0.0,1.9455991044593432e-15,302,0.0,302,4.5132964032745804e-08
4.5214289201567226e-08,0.0,2.0551395227806375e-15,0.0,1.9455991044593432e-15,303,0.0,303,4.5214296306994584e-08
4.516550333732994e-08,0.0,2.0551395227806375e-15,0.0,1.9455991044593432e-15,304,0.0,304,4.5165506890043616e-08
4.4959275413702926e-08,0.0,2.0551395227806375e-15,0.0,1.9455991044593432e-15,305,0.0,305,4.4959282519130284e-08
4.478803106167106e-08,0.0,2.0551395227806375e-15,0.0,1.9455991044593432e-15,306,0.0,306,4.478803461438474e-08
4.460345692791634e-08,0.0,2.0551395227806375e-15,0.0,1.9455991044593432e-15,307,0.0,307,4.460345692791634e-08
4.384975227367249e-08,0.0,2.0551395227806375e-15,0.0,1.9455991044593432e-15,308,0.0,308,4.384975582638617e-08
4.35919886854208e-08,0.0,2.0551395227806375e-15,0.0,1.9455991044593432e-15,309,0.0,309,4.359199223813448e-08
4.3800962856721526e-08,0.0,2.0551395227806375e-15,0.0,1.9455991044593432e-15,310,0.0,310,4.3800962856721526e-08
4.402329167874086e-08,0.0,2.0551395227806375e-15,0.0,1.9455991044593432e-15,311,0.0,311,4.402329878416822e-08
4.367546679873158e-08,0.0,2.0551395227806375e-15,0.0,1.9455991044593432e-15,312,0.0,312,4.3675473904158935e-08
4.3410032901647355e-08,0.0,2.0551395227806375e-15,0.0,1.9455991044593432e-15,313,0.0,313,4.3410036454361034e-08
4.3253912451746146e-08,0.0,2.0551395227806375e-15,0.0,1.9455991044593432e-15,314,0.0,314,4.3253919557173504e-08
4.301603695466838e-08,0.0,2.0551395227806375e-15,0.0,1.9455991044593432e-15,315,0.0,315,4.301603695466838e-08
4.309510970301744e-08,0.0,2.0551395227806375e-15,0.0,1.9455991044593432e-15,316,0.0,316,4.309511325573112e-08
4.312020251973081e-08,0.0,2.0551395227806375e-15,0.0,1.9455991044593432e-15,317,0.0,317,4.312020251973081e-08
4.2900158092606944e-08,0.0,2.0551395227806375e-15,0.0,1.9455991044593432e-15,318,0.0,318,4.2900158092606944e-08
4.2787252851894664e-08,0.0,2.0551395227806375e-15,0.0,1.9455991044593432e-15,319,0.0,319,4.278725995732202e-08
4.255424812527053e-08,0.0,2.0551395227806375e-15,0.0,1.9455991044593432e-15,320,0.0,320,4.255425167798421e-08
4.232769867940078e-08,0.0,2.0551395227806375e-15,0.0,1.9455991044593432e-15,321,0.0,321,4.232770223211446e-08
4.2144023382206797e-08,0.0,2.0551395227806375e-15,0.0,1.9455991044593432e-15,322,0.0,322,4.2144030487634154e-08
4.1760355173892094e-08,0.0,2.0551395227806375e-15,0.0,1.9455991044593432e-15,323,0.0,323,4.176035872660577e-08
4.1558649854778196e-08,0.0,2.0551395227806375e-15,0.0,1.9455991044593432e-15,324,0.0,324,4.1558653407491875e-08
4.134067310701539e-08,0.0,2.0551395227806375e-15,0.0,1.9455991044593432e-15,325,0.0,325,4.134067665972907e-08
4.148500565293034e-08,0.0,2.0551395227806375e-15,0.0,1.9455991044593432e-15,326,0.0,326,4.14850127583577e-08
4.1039349696347927e-08,0.0,2.0551395227806375e-15,0.0,1.9455991044593432e-15,327,0.0,327,4.1039353249061605e-08
4.086573923700598e-08,0.0,2.0551395227806375e-15,0.0,1.9455991044593432e-15,328,0.0,328,4.086574634243334e-08
4.063774738938264e-08,0.0,2.0551395227806375e-15,0.0,1.9455991044593432e-15,329,0.0,329,4.063775094209632e-08
4.048561663694272e-08,0.0,2.0551395227806375e-15,0.0,1.9455991044593432e-15,330,0.0,330,4.04856201896564e-08
4.053368840573057e-08,0.0,2.0551395227806375e-15,0.0,1.9455991044593432e-15,331,0.0,331,4.053369195844425e-08
4.00765287622562e-08,0.0,2.0551395227806375e-15,0.0,1.9455991044593432e-15,332,0.0,332,4.007653231496988e-08
3.9884923808131134e-08,0.0,2.0551395227806375e-15,0.0,1.9455991044593432e-15,333,0.0,333,3.988492736084481e-08
3.9766334225532773e-08,0.0,2.0551395227806375e-15,0.0,1.9455991044593432e-15,334,0.0,334,3.976633777824645e-08
3.955570093694405e-08,0.0,2.0551395227806375e-15,0.0,1.9455991044593432e-15,335,0.0,335,3.955570448965773e-08
3.9386886641068486e-08,0.0,2.0551395227806375e-15,0.0,1.9455991044593432e-15,336,0.0,336,3.9386890193782165e-08
3.922024305325067e-08,0.0,2.0551395227806375e-15,0.0,1.9455991044593432e-15,337,0.0,337,3.922024660596435e-08
3.905858747543789e-08,0.0,2.0551395227806375e-15,0.0,1.9455991044593432e-15,338,0.0,338,3.905859102815157e-08
3.889571686954696e-08,0.0,2.0551395227806375e-15,0.0,1.9455991044593432e-15,339,0.0,339,3.889572042226064e-08
3.8928163803575444e-08,0.0,2.0551395227806375e-15,0.0,1.9455991044593432e-15,340,0.0,340,3.892816735628912e-08
3.875247855944508e-08,0.0,2.0551395227806375e-15,0.0,1.9455991044593432e-15,341,0.0,341,3.875248211215876e-08
3.866121645046405e-08,0.0,2.0551395227806375e-15,0.0,1.9455991044593432e-15,342,0.0,342,3.866122000317773e-08
3.849856966553489e-08,0.0,2.0551395227806375e-15,0.0,1.9455991044593432e-15,343,0.0,343,3.8498573218248566e-08
3.844762019866721e-08,0.0,2.0551395227806375e-15,0.0,1.9455991044593432e-15,344,0.0,344,3.844762375138089e-08
3.78828772795714e-08,0.0,2.0551395227806375e-15,0.0,1.9455991044593432e-15,345,0.0,345,3.788288083228508e-08
3.757995870046216e-08,0.0,2.0551395227806375e-15,0.0,1.9455991044593432e-15,346,0.0,346,3.7579962253175836e-08
3.649947188932856e-08,0.0,2.0551395227806375e-15,0.0,1.9455991044593432e-15,347,0.0,347,3.649947544204224e-08
3.615238597376447e-08,0.0,2.0551395227806375e-15,0.0,1.9455991044593432e-15,348,0.0,348,3.6152389526478146e-08
3.59788465686961e-08,0.0,2.0551395227806375e-15,0.0,1.9455991044593432e-15,349,0.0,349,3.597885012140978e-08
3.604756315667146e-08,0.0,2.0551395227806375e-15,0.0,1.9455991044593432e-15,350,0.0,350,3.604756670938514e-08
3.589149244476175e-08,0.0,2.0551395227806375e-15,0.0,1.9455991044593432e-15,351,0.0,351,3.589149599747543e-08
3.575108564746188e-08,0.0,2.0551395227806375e-15,0.0,1.9455991044593432e-15,352,0.0,352,3.5751089200175556e-08
3.562087869113384e-08,0.0,2.0551395227806375e-15,0.0,1.9455991044593432e-15,353,0.0,353,3.562088224384752e-08
3.546873017512553e-08,0.0,2.0551395227806375e-15,0.0,1.9455991044593432e-15,354,0.0,354,3.546873372783921e-08
3.5298022282859165e-08,0.0,2.0551395227806375e-15,0.0,1.9455991044593432e-15,355,0.0,355,3.5298025835572844e-08
3.530225001213694e-08,0.0,2.0551395227806375e-15,0.0,1.9455991044593432e-15,356,0.0,356,3.5302253564850616e-08
3.528299075128416e-08,0.0,2.0551395227806375e-15,0.0,1.9455991044593432e-15,357,0.0,357,3.528299430399784e-08
3.5137937004492414e-08,0.0,2.0551395227806375e-15,0.0,1.9455991044593432e-15,358,0.0,358,3.513794055720609e-08
3.484646882156994e-08,0.0,2.0551395227806375e-15,0.0,1.9455991044593432e-15,359,0.0,359,3.484647237428362e-08
3.464812792230987e-08,0.0,2.0551395227806375e-15,0.0,1.9455991044593432e-15,360,0.0,360,3.464813147502355e-08
3.4538579996024055e-08,0.0,2.0551395227806375e-15,0.0,1.9455991044593432e-15,361,0.0,361,3.4538583548737734e-08
3.441972751261346e-08,0.0,2.0551395227806375e-15,0.0,1.9455991044593432e-15,362,0.0,362,3.441973106532714e-08
3.370419321413465e-08,0.0,2.0551395227806375e-15,0.0,1.9455991044593432e-15,363,0.0,363,3.3704196766848327e-08
3.3583209102516776e-08,0.0,2.0551395227806375e-15,0.0,1.9455991044593432e-15,364,0.0,364,3.3583212655230454e-08
3.3473828153773866e-08,0.0,2.0551395227806375e-15,0.0,1.9455991044593432e-15,365,0.0,365,3.3473831706487545e-08
3.3240759478303517e-08,0.0,2.0551395227806375e-15,0.0,1.9455991044593432e-15,366,0.0,366,3.3240763031017195e-08
3.3126788423487596e-08,0.0,2.0551395227806375e-15,0.0,1.9455991044593432e-15,367,0.0,367,3.3126791976201275e-08
3.310987395366283e-08,0.0,2.0551395227806375e-15,0.0,1.9455991044593432e-15,368,0.0,368,3.3109877506376506e-08
3.307064844193519e-08,0.0,2.0551395227806375e-15,0.0,1.9455991044593432e-15,369,0.0,369,3.307065199464887e-08
3.2955746576135425e-08,0.0,2.0551395227806375e-15,0.0,1.9455991044593432e-15,370,0.0,370,3.2955750128849104e-08
3.2910577374423156e-08,0.0,2.0551395227806375e-15,0.0,1.9455991044593432e-15,371,0.0,371,3.2910580927136834e-08
3.2805850480599474e-08,0.0,2.0551395227806375e-15,0.0,1.9455991044593432e-15,372,0.0,372,3.280585403331315e-08
3.270599080451575e-08,0.0,2.0551395227806375e-15,0.0,1.9455991044593432e-15,373,0.0,373,3.270599435722943e-08
3.267556891728418e-08,0.0,2.0551395227806375e-15,0.0,1.9455991044593432e-15,374,0.0,374,3.267557246999786e-08
3.256512215443763e-08,0.0,2.0551395227806375e-15,0.0,1.9455991044593432e-15,375,0.0,375,3.256512570715131e-08
3.238364598701082e-08,0.0,2.0551395227806375e-15,0.0,1.9455991044593432e-15,376,0.0,376,3.23836495397245e-08
3.22878079828115e-08,0.0,2.0551395227806375e-15,0.0,1.9455991044593432e-15,377,0.0,377,3.228781153552518e-08
3.2177229769558835e-08,0.0,2.0551395227806375e-15,0.0,1.9455991044593432e-15,378,0.0,378,3.2177233322272514e-08
3.194289632801883e-08,0.0,2.0551395227806375e-15,0.0,1.9455991044593432e-15,379,0.0,379,3.194289988073251e-08
3.16794412924537e-08,0.0,2.0551395227806375e-15,0.0,1.9455991044593432e-15,380,0.0,380,3.167944484516738e-08
3.140141302537813e-08,0.0,2.0551395227806375e-15,0.0,1.9455991044593432e-15,381,0.0,381,3.140141657809181e-08
3.135163950673814e-08,0.0,2.0551395227806375e-15,0.0,1.9455991044593432e-15,382,0.0,382,3.135164305945182e-08
3.128982228872701e-08,0.0,2.0551395227806375e-15,0.0,1.9455991044593432e-15,383,0.0,383,3.128982584144069e-08
3.120183222904416e-08,0.0,2.0551395227806375e-15,0.0,1.9455991044593432e-15,384,0.0,384,3.1201835781757836e-08
3.1084255169844255e-08,0.0,2.0551395227806375e-15,0.0,1.9455991044593432e-15,385,0.0,385,3.1084258722557934e-08
3.0984651289145404e-08,0.0,2.0551395227806375e-15,0.0,1.9455991044593432e-15,386,0.0,386,3.098465484185908e-08
3.089563804792306e-08,0.0,2.0551395227806375e-15,0.0,1.9455991044593432e-15,387,0.0,387,3.0895641600636736e-08
3.078267596379192e-08,0.0,2.0551395227806375e-15,0.0,1.9455991044593432e-15,388,0.0,388,3.0782679516505596e-08
3.0691992947140534e-08,0.0,2.0551395227806375e-15,0.0,1.9455991044593432e-15,389,0.0,389,3.069199649985421e-08
3.037959217522257e-08,0.0,2.0551395227806375e-15,0.0,1.9455991044593432e-15,390,0.0,390,3.037959572793625e-08
3.0021137575886314e-08,0.0,2.0551395227806375e-15,0.0,1.9455991044593432e-15,391,0.0,391,3.002114112859999e-08
3.004864268518759e-08,0.0,2.0551395227806375e-15,0.0,1.9455991044593432e-15,392,0.0,392,3.0048646237901266e-08
2.99278291038263e-08,0.0,2.0551395227806375e-15,0.0,1.9455991044593432e-15,393,0.0,393,2.9927832656539977e-08
2.9613733687483546e-08,0.0,2.0551395227806375e-15,0.0,1.9455991044593432e-15,394,0.0,394,2.9613739016554064e-08
2.925729170044633e-08,0.0,2.0551395227806375e-15,0.0,1.9455991044593432e-15,395,0.0,395,2.925729525316001e-08
2.9183773619934072e-08,0.0,2.0551395227806375e-15,0.0,1.9455991044593432e-15,396,0.0,396,2.9183775396290912e-08
2.8997853007695085e-08,0.0,2.0551395227806375e-15,0.0,1.9455991044593432e-15,397,0.0,397,2.8997856560408763e-08
2.8947789942890267e-08,0.0,2.0551395227806375e-15,0.0,1.9455991044593432e-15,398,0.0,398,2.8947793495603946e-08
2.8865377643683132e-08,0.0,2.0551395227806375e-15,0.0,1.9455991044593432e-15,399,0.0,399,2.886538119639681e-08
2.8911928851016455e-08,0.0,2.0551395227806375e-15,0.0,1.9455991044593432e-15,400,0.0,400,2.8911932403730134e-08
2.883316163604377e-08,0.0,2.0551395227806375e-15,0.0,1.9455991044593432e-15,401,0.0,401,2.8833166965114287e-08
2.8739393087562348e-08,0.0,2.0551395227806375e-15,0.0,1.9455991044593432e-15,402,0.0,402,2.8739396640276027e-08
2.8770475779538174e-08,0.0,2.0551395227806375e-15,0.0,1.9455991044593432e-15,403,0.0,403,2.8770479332251853e-08
2.8679036034873207e-08,0.0,2.0551395227806375e-15,0.0,1.9455991044593432e-15,404,0.0,404,2.8679041363943725e-08
2.8590749323598175e-08,0.0,2.0551395227806375e-15,0.0,1.9455991044593432e-15,405,0.0,405,2.8590751099955014e-08
2.8521744965814833e-08,0.0,2.0551395227806375e-15,0.0,1.9455991044593432e-15,406,0.0,406,2.852174851852851e-08
2.8499526294467614e-08,0.0,2.0551395227806375e-15,0.0,1.9455991044593432e-15,407,0.0,407,2.8499529847181293e-08
2.8424940623494876e-08,0.0,2.0551395227806375e-15,0.0,1.9455991044593432e-15,408,0.0,408,2.8424944176208555e-08
2.846334723471955e-08,0.0,2.0551395227806375e-15,0.0,1.9455991044593432e-15,409,0.0,409,2.846334901107639e-08
2.829119871705643e-08,0.0,2.0551395227806375e-15,0.0,1.9455991044593432e-15,410,0.0,410,2.829120049341327e-08
2.8208759772496705e-08,0.0,2.0551395227806375e-15,0.0,1.9455991044593432e-15,411,0.0,411,2.8208761548853545e-08
2.815172805981092e-08,0.0,2.0551395227806375e-15,0.0,1.9455991044593432e-15,412,0.0,412,2.815173338888144e-08
2.790634034965933e-08,0.0,2.0551395227806375e-15,0.0,1.9455991044593432e-15,413,0.0,413,2.790634390237301e-08
2.7832312454734165e-08,0.0,2.0551395227806375e-15,0.0,1.9455991044593432e-15,414,0.0,414,2.7832317783804683e-08
2.760074124807943e-08,0.0,2.0551395227806375e-15,0.0,1.9455991044593432e-15,415,0.0,415,2.760074302443627e-08
2.7199423158208447e-08,0.0,2.0551395227806375e-15,0.0,1.9455991044593432e-15,416,0.0,416,2.7199426710922125e-08
2.664066833801826e-08,0.0,2.0551395227806375e-15,0.0,1.9455991044593432e-15,417,0.0,417,2.6640671890731937e-08
2.6648732998069136e-08,0.0,2.0551395227806375e-15,0.0,1.9455991044593432e-15,418,0.0,418,2.6648734774425975e-08
2.658302200586604e-08,0.0,2.0551395227806375e-15,0.0,1.9455991044593432e-15,419,0.0,419,2.658302555857972e-08
2.6501984606852602e-08,0.0,2.0551395227806375e-15,0.0,1.9455991044593432e-15,420,0.0,420,2.650198993592312e-08
2.6432410038523813e-08,0.0,2.0551395227806375e-15,0.0,1.9455991044593432e-15,421,0.0,421,2.643241359123749e-08
2.636180340687133e-08,0.0,2.0551395227806375e-15,0.0,1.9455991044593432e-15,422,0.0,422,2.636180518322817e-08
2.6316559598171807e-08,0.0,2.0551395227806375e-15,0.0,1.9455991044593432e-15,423,0.0,423,2.6316563150885486e-08
2.6144924447635276e-08,0.0,2.0551395227806375e-15,0.0,1.9455991044593432e-15,424,0.0,424,2.6144929776705794e-08
2.6085581694701432e-08,0.0,2.0551395227806375e-15,0.0,1.9455991044593432e-15,425,0.0,425,2.608558702377195e-08
2.6022490828836453e-08,0.0,2.0551395227806375e-15,0.0,1.9455991044593432e-15,426,0.0,426,2.602249615790697e-08
2.5965533723137924e-08,0.0,2.0551395227806375e-15,0.0,1.9455991044593432e-15,427,0.0,427,2.5965537275851602e-08
2.574148005862753e-08,0.0,2.0551395227806375e-15,0.0,1.9455991044593432e-15,428,0.0,428,2.574148361134121e-08
2.566089030153762e-08,0.0,2.0551395227806375e-15,0.0,1.9455991044593432e-15,429,0.0,429,2.5660895630608138e-08
2.5598712483088093e-08,0.0,2.0551395227806375e-15,0.0,1.9455991044593432e-15,430,0.0,430,2.5598716035801772e-08
2.553723277287645e-08,0.0,2.0551395227806375e-15,0.0,1.9455991044593432e-15,431,0.0,431,2.553723632559013e-08
2.5390392011104268e-08,0.0,2.0551395227806375e-15,0.0,1.9455991044593432e-15,432,0.0,432,2.5390395563817947e-08
2.5332401065725207e-08,0.0,2.0551395227806375e-15,0.0,1.9455991044593432e-15,433,0.0,433,2.5332406394795726e-08
2.5065835629334288e-08,0.0,2.0551395227806375e-15,0.0,1.9455991044593432e-15,434,0.0,434,2.5065839182047966e-08
2.501091955764423e-08,0.0,2.0551395227806375e-15,0.0,1.9455991044593432e-15,435,0.0,435,2.5010923110357908e-08
2.493720074880912e-08,0.0,2.0551395227806375e-15,0.0,1.9455991044593432e-15,436,0.0,436,2.4937204301522797e-08
2.4973472179112832e-08,0.0,2.0551395227806375e-15,0.0,1.9455991044593432e-15,437,0.0,437,2.497347750818335e-08
2.491077211175252e-08,0.0,2.0551395227806375e-15,0.0,1.9455991044593432e-15,438,0.0,438,2.491077388810936e-08
2.4854337254964776e-08,0.0,2.0551395227806375e-15,0.0,1.9455991044593432e-15,439,0.0,439,2.4854340807678454e-08
2.4088462780014197e-08,0.0,2.0551395227806375e-15,0.0,1.9455991044593432e-15,440,0.0,440,2.4088466332727876e-08
2.403368881687129e-08,0.0,2.0551395227806375e-15,0.0,1.9455991044593432e-15,441,0.0,441,2.403369414594181e-08
2.3729340270506327e-08,0.0,2.0551395227806375e-15,0.0,1.9455991044593432e-15,442,0.0,442,2.3729345599576845e-08
2.3683728755941047e-08,0.0,2.0551395227806375e-15,0.0,1.9455991044593432e-15,443,0.0,443,2.3683734085011565e-08
2.362081374940317e-08,0.0,2.0551395227806375e-15,0.0,1.9455991044593432e-15,444,0.0,444,2.3620819078473687e-08
2.3554726169550122e-08,0.0,2.0551395227806375e-15,0.0,1.9455991044593432e-15,445,0.0,445,2.35547297222638e-08
2.341576355036068e-08,0.0,2.0551395227806375e-15,0.0,1.9455991044593432e-15,446,0.0,446,2.3415768879431198e-08
2.304585677848081e-08,0.0,2.0551395227806375e-15,0.0,1.9455991044593432e-15,447,0.0,447,2.304585855483765e-08
2.27587690915243e-08,0.0,2.0551395227806375e-15,0.0,1.9455991044593432e-15,448,0.0,448,2.275877264423798e-08
2.273403687524933e-08,0.0,2.0551395227806375e-15,0.0,1.9455991044593432e-15,449,0.0,449,2.273404042796301e-08
2.268155085971557e-08,0.0,2.0551395227806375e-15,0.0,1.9455991044593432e-15,450,0.0,450,2.268155441242925e-08
2.2630235463338977e-08,0.0,2.0551395227806375e-15,0.0,1.9455991044593432e-15,451,0.0,451,2.2630239016052656e-08
2.2630239016052656e-08,0.0,2.0551395227806375e-15,0.0,1.9455991044593432e-15,452,0.0,452,2.2630244345123174e-08
2.258570930280257e-08,0.0,2.0551395227806375e-15,0.0,1.9455991044593432e-15,453,0.0,453,2.258571285551625e-08
2.2539104804764065e-08,0.0,2.0551395227806375e-15,0.0,1.9455991044593432e-15,454,0.0,454,2.2539106581120905e-08
2.202737192646964e-08,0.0,2.0551395227806375e-15,0.0,1.9455991044593432e-15,455,0.0,455,2.202737547918332e-08
2.1977845321430323e-08,0.0,2.0551395227806375e-15,0.0,1.9455991044593432e-15,456,0.0,456,2.1977848874144e-08
2.19152394009825e-08,0.0,2.0551395227806375e-15,0.0,1.9455991044593432e-15,457,0.0,457,2.191524295369618e-08
2.186480152488457e-08,0.0,2.0551395227806375e-15,0.0,1.9455991044593432e-15,458,0.0,458,2.186480330124141e-08
2.184279601635808e-08,0.0,2.0551395227806375e-15,0.0,1.9455991044593432e-15,459,0.0,459,2.1842801345428597e-08
2.1585449871963647e-08,0.0,2.0551395227806375e-15,0.0,1.9455991044593432e-15,460,0.0,460,2.1585451648320486e-08
2.153292655293626e-08,0.0,2.0551395227806375e-15,0.0,1.9455991044593432e-15,461,0.0,461,2.1532931882006778e-08
2.1478024692100917e-08,0.0,2.0551395227806375e-15,0.0,1.9455991044593432e-15,462,0.0,462,2.1478028244814595e-08
2.1380349934929654e-08,0.0,2.0551395227806375e-15,0.0,1.9455991044593432e-15,463,0.0,463,2.1380353487643333e-08
2.1439577224668938e-08,0.0,2.0551395227806375e-15,0.0,1.9455991044593432e-15,464,0.0,464,2.1439580777382616e-08
2.1385645254667907e-08,0.0,2.0551395227806375e-15,0.0,1.9455991044593432e-15,465,0.0,465,2.1385650583738425e-08
2.1195035060372902e-08,0.0,2.0551395227806375e-15,0.0,1.9455991044593432e-15,466,0.0,466,2.119503861308658e-08
2.1138511385743186e-08,0.0,2.0551395227806375e-15,0.0,1.9455991044593432e-15,467,0.0,467,2.1138516714813704e-08
2.1097157798521948e-08,0.0,2.0551395227806375e-15,0.0,1.9455991044593432e-15,468,0.0,468,2.1097161351235627e-08
2.1051704379715375e-08,0.0,2.0551395227806375e-15,0.0,1.9455991044593432e-15,469,0.0,469,2.1051707932429053e-08
2.089447015407586e-08,0.0,2.0551395227806375e-15,0.0,1.9455991044593432e-15,470,0.0,470,2.08944719304327e-08
2.084954431325059e-08,0.0,2.0551395227806375e-15,0.0,1.9455991044593432e-15,471,0.0,471,2.084954786596427e-08
2.079727146053756e-08,0.0,2.0551395227806375e-15,0.0,1.9455991044593432e-15,472,0.0,472,2.0797276789608077e-08
2.0743250672694558e-08,0.0,2.0551395227806375e-15,0.0,1.9455991044593432e-15,473,0.0,473,2.0743252449051397e-08
2.0697296321259273e-08,0.0,2.0551395227806375e-15,0.0,1.9455991044593432e-15,474,0.0,474,2.0697299873972952e-08
2.070020599376221e-08,0.0,2.0551395227806375e-15,0.0,1.9455991044593432e-15,475,0.0,475,2.070020777011905e-08
2.0541252254702158e-08,0.0,2.0551395227806375e-15,0.0,1.9455991044593432e-15,476,0.0,476,2.0541255807415837e-08
2.0492175067943208e-08,0.0,2.0551395227806375e-15,0.0,1.9455991044593432e-15,477,0.0,477,2.0492178620656887e-08
2.0440028336565774e-08,0.0,2.0551395227806375e-15,0.0,1.9455991044593432e-15,478,0.0,478,2.0440031889279453e-08
2.039175939216875e-08,0.0,2.0551395227806375e-15,0.0,1.9455991044593432e-15,479,0.0,479,2.039176294488243e-08
2.0123490429568847e-08,0.0,2.0551395227806375e-15,0.0,1.9455991044593432e-15,480,0.0,480,2.0123493982282525e-08
2.0070658024451404e-08,0.0,2.0551395227806375e-15,0.0,1.9455991044593432e-15,481,0.0,481,2.0070661577165083e-08
2.0024925717621045e-08,0.0,2.0551395227806375e-15,0.0,1.9455991044593432e-15,482,0.0,482,2.0024929270334724e-08
1.998957444016014e-08,0.0,2.0551395227806375e-15,0.0,1.9455991044593432e-15,483,0.0,483,1.998957799287382e-08
1.9943504625530295e-08,0.0,2.0551395227806375e-15,0.0,1.9455991044593432e-15,484,0.0,484,1.9943508178243974e-08
1.9891196245680476e-08,0.0,2.0551395227806375e-15,0.0,1.9455991044593432e-15,485,0.0,485,1.9891199798394155e-08
1.9851002619475366e-08,0.0,2.0551395227806375e-15,0.0,1.9455991044593432e-15,486,0.0,486,1.9851006172189045e-08
1.9803881201596596e-08,0.0,2.0551395227806375e-15,0.0,1.9455991044593432e-15,487,0.0,487,1.9803884754310275e-08
1.9819204055693262e-08,0.0,2.0551395227806375e-15,0.0,1.9455991044593432e-15,488,0.0,488,1.981920760840694e-08
1.9408158635769723e-08,0.0,2.0551395227806375e-15,0.0,1.9455991044593432e-15,489,0.0,489,1.9408162188483402e-08
1.935896953852989e-08,0.0,2.0551395227806375e-15,0.0,1.9455991044593432e-15,490,0.0,490,1.935897309124357e-08
1.93132674297658e-08,0.0,2.0551395227806375e-15,0.0,1.9455991044593432e-15,491,0.0,491,1.931327098247948e-08
1.928013126928363e-08,0.0,2.0551395227806375e-15,0.0,1.9455991044593432e-15,492,0.0,492,1.9280134821997308e-08
1.923078407628509e-08,0.0,2.0551395227806375e-15,0.0,1.9455991044593432e-15,493,0.0,493,1.923078762899877e-08
1.918185077443013e-08,0.0,2.0551395227806375e-15,0.0,1.9455991044593432e-15,494,0.0,494,1.918185432714381e-08
1.9129712924836895e-08,0.0,2.0551395227806375e-15,0.0,1.9455991044593432e-15,495,0.0,495,1.9129716477550573e-08
1.9084819058434732e-08,0.0,2.0551395227806375e-15,0.0,1.9455991044593432e-15,496,0.0,496,1.908482261114841e-08
1.907656432820204e-08,0.0,2.0551395227806375e-15,0.0,1.9455991044593432e-15,497,0.0,497,1.9076567880915718e-08
1.9143095997264936e-08,0.0,2.0551395227806375e-15,0.0,1.9455991044593432e-15,498,0.0,498,1.9143099549978615e-08
1.898912671549624e-08,0.0,2.0551395227806375e-15,0.0,1.9455991044593432e-15,499,0.0,499,1.898913026820992e-08
1.894836998417304e-08,0.0,2.0551395227806375e-15,0.0,1.9455991044593432e-15,500,0.0,500,1.894837353688672e-08
1.892547629722685e-08,0.0,2.0551395227806375e-15,0.0,1.9455991044593432e-15,501,0.0,501,1.892547984994053e-08
1.8820829339460943e-08,0.0,2.0551395227806375e-15,0.0,1.9455991044593432e-15,502,0.0,502,1.882083289217462e-08
1.877184807597132e-08,0.0,2.0551395227806375e-15,0.0,1.9455991044593432e-15,503,0.0,503,1.8771851628685e-08
1.8738075979740643e-08,0.0,2.0551395227806375e-15,0.0,1.9455991044593432e-15,504,0.0,504,1.873807953245432e-08
1.869101673435125e-08,0.0,2.0551395227806375e-15,0.0,1.9455991044593432e-15,505,0.0,505,1.869102028706493e-08
1.8651586941587084e-08,0.0,2.0551395227806375e-15,0.0,1.9455991044593432e-15,506,0.0,506,1.8651590494300763e-08
1.8611368446386223e-08,0.0,2.0551395227806375e-15,0.0,1.9455991044593432e-15,507,0.0,507,1.86113719990999e-08
1.7756782710875996e-08,0.0,2.0551395227806375e-15,0.0,1.9455991044593432e-15,508,0.0,508,1.7756786263589674e-08
1.7714334887841687e-08,0.0,2.0551395227806375e-15,0.0,1.9455991044593432e-15,509,0.0,509,1.7714338440555366e-08
1.7672013186142976e-08,0.0,2.0551395227806375e-15,0.0,1.9455991044593432e-15,510,0.0,510,1.7672016738856655e-08
1.7424522269493536e-08,0.0,2.0551395227806375e-15,0.0,1.9455991044593432e-15,511,0.0,511,1.7424525822207215e-08
1.737525678890961e-08,0.0,2.0551395227806375e-15,0.0,1.9455991044593432e-15,512,0.0,512,1.737526034162329e-08
1.7338273039513297e-08,0.0,2.0551395227806375e-15,0.0,1.9455991044593432e-15,513,0.0,513,1.7338276592226975e-08
1.7306229338487356e-08,0.0,2.0551395227806375e-15,0.0,1.9455991044593432e-15,514,0.0,514,1.7306232891201034e-08
1.7268144247850614e-08,0.0,2.0551395227806375e-15,0.0,1.9455991044593432e-15,515,0.0,515,1.7268147800564293e-08
1.7123596762758098e-08,0.0,2.0551395227806375e-15,0.0,1.9455991044593432e-15,516,0.0,516,1.7123600315471776e-08
1.708315622295231e-08,0.0,2.0551395227806375e-15,0.0,1.9455991044593432e-15,517,0.0,517,1.708315977566599e-08
1.7078578551377177e-08,0.0,2.0551395227806375e-15,0.0,1.9455991044593432e-15,518,0.0,518,1.7078582104090856e-08
1.7039694100162706e-08,0.0,2.0551395227806375e-15,0.0,1.9455991044593432e-15,519,0.0,519,1.7039697652876384e-08
1.7004547103738332e-08,0.0,2.0551395227806375e-15,0.0,1.9455991044593432e-15,520,0.0,520,1.700455065645201e-08
1.6969943672506815e-08,0.0,2.0551395227806375e-15,0.0,1.9455991044593432e-15,521,0.0,521,1.6969947225220494e-08
1.6930737700704412e-08,0.0,2.0551395227806375e-15,0.0,1.9455991044593432e-15,522,0.0,522,1.693074125341809e-08
1.6891846144062583e-08,0.0,2.0551395227806375e-15,0.0,1.9455991044593432e-15,523,0.0,523,1.6891849696776262e-08
1.6853331175070707e-08,0.0,2.0551395227806375e-15,0.0,1.9455991044593432e-15,524,0.0,524,1.6853334727784386e-08
1.6873514141479973e-08,0.0,2.0551395227806375e-15,0.0,1.9455991044593432e-15,525,0.0,525,1.687351769419365e-08
1.6838519911743788e-08,0.0,2.0551395227806375e-15,0.0,1.9455991044593432e-15,526,0.0,526,1.6838523464457467e-08
1.669495119926978e-08,0.0,2.0551395227806375e-15,0.0,1.9455991044593432e-15,527,0.0,527,1.669495475198346e-08
1.6673020297730545e-08,0.0,2.0551395227806375e-15,0.0,1.9455991044593432e-15,528,0.0,528,1.6673023850444224e-08
1.663503645943365e-08,0.0,2.0551395227806375e-15,0.0,1.9455991044593432e-15,529,0.0,529,1.663504001214733e-08
1.6615079090342988e-08,0.0,2.0551395227806375e-15,0.0,1.9455991044593432e-15,530,0.0,530,1.6615082643056667e-08
1.6582182738034135e-08,0.0,2.0551395227806375e-15,0.0,1.9455991044593432e-15,531,0.0,531,1.6582186290747813e-08
1.604738208982326e-08,0.0,2.0551395227806375e-15,0.0,1.9455991044593432e-15,532,0.0,532,1.6047385642536938e-08
1.604091970364152e-08,0.0,2.0551395227806375e-15,0.0,1.9455991044593432e-15,533,0.0,533,1.60409232563552e-08
1.6015343717867836e-08,0.0,2.0551395227806375e-15,0.0,1.9455991044593432e-15,534,0.0,534,1.6015347270581515e-08
1.5984662482537715e-08,0.0,2.0551395227806375e-15,0.0,1.9455991044593432e-15,535,0.0,535,1.5984666035251394e-08
1.5955485821450566e-08,0.0,2.0551395227806375e-15,0.0,1.9455991044593432e-15,536,0.0,536,1.5955489374164245e-08
1.5920035068006655e-08,0.0,2.0551395227806375e-15,0.0,1.9455991044593432e-15,537,0.0,537,1.5920038620720334e-08
1.5767023242574396e-08,0.0,2.0551395227806375e-15,0.0,1.9455991044593432e-15,538,0.0,538,1.5767026795288075e-08
1.5734805458578194e-08,0.0,2.0551395227806375e-15,0.0,1.9455991044593432e-15,539,0.0,539,1.5734809011291873e-08
1.5057457503075966e-08,0.0,2.0551395227806375e-15,0.0,1.9455991044593432e-15,540,0.0,540,1.5057461055789645e-08
1.504989555201064e-08,0.0,2.0551395227806375e-15,0.0,1.9455991044593432e-15,541,0.0,541,1.5049899104724318e-08
1.4997148412021488e-08,0.0,2.0551395227806375e-15,0.0,1.9455991044593432e-15,542,0.0,542,1.4997151964735167e-08
1.497321555632425e-08,0.0,2.0551395227806375e-15,0.0,1.9455991044593432e-15,543,0.0,543,1.4973219109037927e-08
1.493186374545985e-08,0.0,2.0551395227806375e-15,0.0,1.9455991044593432e-15,544,0.0,544,1.493186729817353e-08
1.490923828839641e-08,0.0,2.0551395227806375e-15,0.0,1.9455991044593432e-15,545,0.0,545,1.4909241841110088e-08
1.4904326661735467e-08,0.0,2.0551395227806375e-15,0.0,1.9455991044593432e-15,546,0.0,546,1.4904330214449146e-08
1.4688537497420384e-08,0.0,2.0551395227806375e-15,0.0,1.9455991044593432e-15,547,0.0,547,1.4688541938312483e-08
1.4663172009932168e-08,0.0,2.0551395227806375e-15,0.0,1.9455991044593432e-15,548,0.0,548,1.4663176450824267e-08
1.463452559136158e-08,0.0,2.0551395227806375e-15,0.0,1.9455991044593432e-15,549,0.0,549,1.4634530032253679e-08
1.4612770549149445e-08,0.0,2.0551395227806375e-15,0.0,1.9455991044593432e-15,550,0.0,550,1.4612774990041544e-08
1.4587117291853247e-08,0.0,2.0551395227806375e-15,0.0,1.9455991044593432e-15,551,0.0,551,1.4587120844566925e-08
1.4566003514460135e-08,0.0,2.0551395227806375e-15,0.0,1.9455991044593432e-15,552,0.0,552,1.4566008843530653e-08
1.4561431171955519e-08,0.0,2.0551395227806375e-15,0.0,1.9455991044593432e-15,553,0.0,553,1.4561435612847617e-08
1.455541376316205e-08,0.0,2.0551395227806375e-15,0.0,1.9455991044593432e-15,554,0.0,554,1.4555418204054149e-08
1.4566561290507707e-08,0.0,2.0551395227806375e-15,0.0,1.9455991044593432e-15,555,0.0,555,1.4566566619578225e-08
1.460336562786324e-08,0.0,2.0551395227806375e-15,0.0,1.9455991044593432e-15,556,0.0,556,1.460336918057692e-08
1.4653998903213505e-08,0.0,2.0551395227806375e-15,0.0,1.9455991044593432e-15,557,0.0,557,1.4654004232284024e-08
1.4746595944359342e-08,0.0,2.0551395227806375e-15,0.0,1.9455991044593432e-15,558,0.0,558,1.474660038525144e-08
1.4871130105120756e-08,0.0,2.0551395227806375e-15,0.0,1.9455991044593432e-15,559,0.0,559,1.4871133657834434e-08
1.5083614357536135e-08,0.0,2.0551395227806375e-15,0.0,1.9455991044593432e-15,560,0.0,560,1.5083617910249814e-08
1.5408236464509173e-08,0.0,2.0551395227806375e-15,0.0,1.9455991044593432e-15,561,0.0,561,1.5408240017222852e-08
1.589869214058126e-08,0.0,2.0551395227806375e-15,0.0,1.9455991044593432e-15,562,0.0,562,1.589869569329494e-08
1.650927927698831e-08,0.0,2.0551395227806375e-15,0.0,1.9455991044593432e-15,563,0.0,563,1.6509282829701988e-08
1.762490597911892e-08,0.0,2.0551395227806375e-15,0.0,1.9455991044593432e-15,564,0.0,564,1.76249095318326e-08
1.922802894682718e-08,0.0,2.0551395227806375e-15,0.0,1.9455991044593432e-15,565,0.0,565,1.922803249954086e-08
2.1481383782884222e-08,0.0,2.0551395227806375e-15,0.0,1.9455991044593432e-15,566,0.0,566,2.148138911195474e-08
2.439784374530518e-08,0.0,2.0551395227806375e-15,0.0,1.9455991044593432e-15,567,0.0,567,2.439784729801886e-08
2.7764020416043422e-08,0.0,2.0551395227806375e-15,0.0,1.9455991044593432e-15,568,0.0,568,2.776402574511394e-08
3.12223207288298e-08,0.0,2.0551395227806375e-15,0.0,1.9455991044593432e-15,569,0.0,569,3.122232428154348e-08
3.370797685420257e-08,0.0,2.0551395227806375e-15,0.0,1.9455991044593432e-15,570,0.0,570,3.370798040691625e-08
3.347956223365145e-08,0.0,2.0551395227806375e-15,0.0,1.9455991044593432e-15,571,0.0,571,3.347956578636513e-08
3.0420444829815096e-08,0.0,2.0551395227806375e-15,0.0,1.9455991044593432e-15,572,0.0,572,3.0420448382528775e-08
2.471843529860962e-08,0.0,2.0551395227806375e-15,0.0,1.9455991044593432e-15,573,0.0,573,2.47184388513233e-08
1.850114195178776e-08,0.0,2.0551395227806375e-15,0.0,1.9455991044593432e-15,574,0.0,574,1.8501145504501437e-08
1.4040132612080924e-08,0.0,2.0551395227806375e-15,0.0,1.9455991044593432e-15,575,0.0,575,1.4040136164794603e-08
1.2971346663448458e-08,0.0,2.0551395227806375e-15,0.0,1.9455991044593432e-15,576,0.0,576,1.2971351992518976e-08
1.5160775745926003e-08,0.0,2.0551395227806375e-15,0.0,1.9455991044593432e-15,577,0.0,577,1.5160779298639682e-08
1.8110851485175772e-08,0.0,2.0551395227806375e-15,0.0,1.9455991044593432e-15,578,0.0,578,1.811085503788945e-08
2.038785495983575e-08,0.0,2.0551395227806375e-15,0.0,1.9455991044593432e-15,579,0.0,579,2.038785673619259e-08
2.05500771954803e-08,0.0,2.0551395227806375e-15,0.0,1.9455991044593432e-15,580,0.0,580,2.0550080748193977e-08
1.8814017010981843e-08,0.0,2.0551395227806375e-15,0.0,1.9455991044593432e-15,581,0.0,581,1.881402056369552e-08
1.580832531544729e-08,0.0,2.0551395227806375e-15,0.0,1.9455991044593432e-15,582,0.0,582,1.580832886816097e-08
1.329133780814118e-08,0.0,2.0551395227806375e-15,0.0,1.9455991044593432e-15,583,0.0,583,1.3291341360854858e-08
1.2430018792031206e-08,0.0,2.0551395227806375e-15,0.0,1.9455991044593432e-15,584,0.0,584,1.2430024121101724e-08
1.292809503894432e-08,0.0,2.0551395227806375e-15,0.0,1.9455991044593432e-15,585,0.0,585,1.2928099479836419e-08
1.4395187264426568e-08,0.0,2.0551395227806375e-15,0.0,1.9455991044593432e-15,586,0.0,586,1.4395190817140247e-08
1.5334190806015613e-08,0.0,2.0551395227806375e-15,0.0,1.9455991044593432e-15,587,0.0,587,1.5334194358729292e-08
1.5602079628251886e-08,0.0,2.0551395227806375e-15,0.0,1.9455991044593432e-15,588,0.0,588,1.5602083180965565e-08
1.4613841692323604e-08,0.0,2.0551395227806375e-15,0.0,1.9455991044593432e-15,589,0.0,589,1.4613847021394122e-08
1.3452781999490071e-08,0.0,2.0551395227806375e-15,0.0,1.9455991044593432e-15,590,0.0,590,1.345278644038217e-08
1.2416747630084046e-08,0.0,2.0551395227806375e-15,0.0,1.9455991044593432e-15,591,0.0,591,1.2416751182797725e-08
1.2090702661282648e-08,0.0,2.0551395227806375e-15,0.0,1.9455991044593432e-15,592,0.0,592,1.2090707102174747e-08
1.2376859537255314e-08,0.0,2.0551395227806375e-15,0.0,1.9455991044593432e-15,593,0.0,593,1.2376863089968992e-08
1.3001407062063208e-08,0.0,2.0551395227806375e-15,0.0,1.9455991044593432e-15,594,0.0,594,1.3001411502955307e-08
1.3340478055567928e-08,0.0,2.0551395227806375e-15,0.0,1.9455991044593432e-15,595,0.0,595,1.3340482496460027e-08
1.3439859891661854e-08,0.0,2.0551395227806375e-15,0.0,1.9455991044593432e-15,596,0.0,596,1.3439864332553952e-08
1.3017853461860796e-08,0.0,2.0551395227806375e-15,0.0,1.9455991044593432e-15,597,0.0,597,1.3017858790931314e-08
1.2549709715869994e-08,0.0,2.0551395227806375e-15,0.0,1.9455991044593432e-15,598,0.0,598,1.2549713268583673e-08
1.1806222666166377e-08,0.0,2.0551395227806375e-15,0.0,1.9455991044593432e-15,599,0.0,599,1.1806227107058476e-08
1.1629270879609521e-08,0.0,2.0551395227806375e-15,0.0,1.9455991044593432e-15,600,0.0,600,1.162927620868004e-08
1.1679069267245268e-08,0.0,2.0551395227806375e-15,0.0,1.9455991044593432e-15,601,0.0,601,1.1679073708137366e-08
1.1879214945054173e-08,0.0,2.0551395227806375e-15,0.0,1.9455991044593432e-15,602,0.0,602,1.1879219385946271e-08
1.2534436599764831e-08,0.0,2.0551395227806375e-15,0.0,1.9455991044593432e-15,603,0.0,603,1.253444104065693e-08
1.2519287828638426e-08,0.0,2.0551395227806375e-15,0.0,1.9455991044593432e-15,604,0.0,604,1.2519293157708944e-08
1.2476019328744314e-08,0.0,2.0551395227806375e-15,0.0,1.9455991044593432e-15,605,0.0,605,1.2476023769636413e-08
1.2161443407876504e-08,0.0,2.0551395227806375e-15,0.0,1.9455991044593432e-15,606,0.0,606,1.2161446960590183e-08
1.1948274369899536e-08,0.0,2.0551395227806375e-15,0.0,1.9455991044593432e-15,607,0.0,607,1.1948279698970055e-08
1.1803070520954861e-08,0.0,2.0551395227806375e-15,0.0,1.9455991044593432e-15,608,0.0,608,1.180307585002538e-08
1.1735115990063605e-08,0.0,2.0551395227806375e-15,0.0,1.9455991044593432e-15,609,0.0,609,1.1735120430955703e-08
1.1737075311657463e-08,0.0,2.0551395227806375e-15,0.0,1.9455991044593432e-15,610,0.0,610,1.1737079752549562e-08
1.1790747933559942e-08,0.0,2.0551395227806375e-15,0.0,1.9455991044593432e-15,611,0.0,611,1.179075148627362e-08
1.184228892725514e-08,0.0,2.0551395227806375e-15,0.0,1.9455991044593432e-15,612,0.0,612,1.1842292479968819e-08
1.1807451905099242e-08,0.0,2.0551395227806375e-15,0.0,1.9455991044593432e-15,613,0.0,613,1.180745634599134e-08
1.1787253839656842e-08,0.0,2.0551395227806375e-15,0.0,1.9455991044593432e-15,614,0.0,614,1.178725828054894e-08
1.1721748016668698e-08,0.0,2.0551395227806375e-15,0.0,1.9455991044593432e-15,615,0.0,615,1.1721753345739216e-08
1.164367091632812e-08,0.0,2.0551395227806375e-15,0.0,1.9455991044593432e-15,616,0.0,616,1.1643675357220218e-08
1.1588780601812232e-08,0.0,2.0551395227806375e-15,0.0,1.9455991044593432e-15,617,0.0,617,1.158878504270433e-08
1.1514301512249858e-08,0.0,2.0551395227806375e-15,0.0,1.9455991044593432e-15,618,0.0,618,1.1514305953141957e-08
1.1456366522111239e-08,0.0,2.0551395227806375e-15,0.0,1.9455991044593432e-15,619,0.0,619,1.1456370963003337e-08
1.099259705483746e-08,0.0,2.0551395227806375e-15,0.0,1.9455991044593432e-15,620,0.0,620,1.099260149572956e-08
1.0966763497322063e-08,0.0,2.0551395227806375e-15,0.0,1.9455991044593432e-15,621,0.0,621,1.0966767938214161e-08
1.0960518714853151e-08,0.0,2.0551395227806375e-15,0.0,1.9455991044593432e-15,622,0.0,622,1.096052226756683e-08
1.096431390124053e-08,0.0,2.0551395227806375e-15,0.0,1.9455991044593432e-15,623,0.0,623,1.0964319230311048e-08
1.0971929143011039e-08,0.0,2.0551395227806375e-15,0.0,1.9455991044593432e-15,624,0.0,624,1.0971934472081557e-08
1.0972058817060315e-08,0.0,2.0551395227806375e-15,0.0,1.9455991044593432e-15,625,0.0,625,1.0972063257952414e-08
1.0962264873626282e-08,0.0,2.0551395227806375e-15,0.0,1.9455991044593432e-15,626,0.0,626,1.096226842633996e-08
1.0940664374459175e-08,0.0,2.0551395227806375e-15,0.0,1.9455991044593432e-15,627,0.0,627,1.0940667927172854e-08
1.1251544584922613e-08,0.0,2.0551395227806375e-15,0.0,1.9455991044593432e-15,628,0.0,628,1.1251549025814711e-08
1.1205897543220544e-08,0.0,2.0551395227806375e-15,0.0,1.9455991044593432e-15,629,0.0,629,1.1205901984112643e-08
1.1158192592120031e-08,0.0,2.0551395227806375e-15,0.0,1.9455991044593432e-15,630,0.0,630,1.1158197921190549e-08
1.1135852240329314e-08,0.0,2.0551395227806375e-15,0.0,1.9455991044593432e-15,631,0.0,631,1.1135856681221412e-08
1.2234896651364124e-08,0.0,2.0551395227806375e-15,0.0,1.9455991044593432e-15,632,0.0,632,1.2234900204077803e-08
1.2189515175009547e-08,0.0,2.0551395227806375e-15,0.0,1.9455991044593432e-15,633,0.0,633,1.2189519615901645e-08
1.2152254313946287e-08,0.0,2.0551395227806375e-15,0.0,1.9455991044593432e-15,634,0.0,634,1.2152259643016805e-08
1.2112297831379237e-08,0.0,2.0551395227806375e-15,0.0,1.9455991044593432e-15,635,0.0,635,1.2112302272271336e-08
1.207405109227011e-08,0.0,2.0551395227806375e-15,0.0,1.9455991044593432e-15,636,0.0,636,1.2074056421340629e-08
1.203691102347193e-08,0.0,2.0551395227806375e-15,0.0,1.9455991044593432e-15,637,0.0,637,1.2036916352542448e-08
1.101617463916682e-08,0.0,2.0551395227806375e-15,0.0,1.9455991044593432e-15,638,0.0,638,1.1016179080058919e-08
1.1004752664689477e-08,0.0,2.0551395227806375e-15,0.0,1.9455991044593432e-15,639,0.0,639,1.1004757105581575e-08
1.0886621382155681e-08,0.0,2.0551395227806375e-15,0.0,1.9455991044593432e-15,640,0.0,640,1.088662582304778e-08
1.1808956479342214e-08,0.0,2.0551395227806375e-15,0.0,1.9455991044593432e-15,641,0.0,641,1.1808960032055893e-08
1.1779246911203245e-08,0.0,2.0551395227806375e-15,0.0,1.9455991044593432e-15,642,0.0,642,1.1779251352095343e-08
1.1762057994246788e-08,0.0,2.0551395227806375e-15,0.0,1.9455991044593432e-15,643,0.0,643,1.1762063323317307e-08
1.173829922151981e-08,0.0,2.0551395227806375e-15,0.0,1.9455991044593432e-15,644,0.0,644,1.1738303662411909e-08
1.1701939861552546e-08,0.0,2.0551395227806375e-15,0.0,1.9455991044593432e-15,645,0.0,645,1.1701944302444645e-08
1.1158604706906772e-08,0.0,2.0551395227806375e-15,0.0,1.9455991044593432e-15,646,0.0,646,1.115861003597729e-08
1.1133114874439798e-08,0.0,2.0551395227806375e-15,0.0,1.9455991044593432e-15,647,0.0,647,1.1133120203510316e-08
1.0173232034560442e-08,0.0,2.0551395227806375e-15,0.0,1.9455991044593432e-15,648,0.0,648,1.017323647545254e-08
1.0177021003698883e-08,0.0,2.0551395227806375e-15,0.0,1.9455991044593432e-15,649,0.0,649,1.0177025444590981e-08
1.0240939651851022e-08,0.0,2.0551395227806375e-15,0.0,1.9455991044593432e-15,650,0.0,650,1.024094409274312e-08
1.0191974375572954e-08,0.0,2.0551395227806375e-15,0.0,1.9455991044593432e-15,651,0.0,651,1.0191977928286633e-08
1.1216734208119306e-08,0.0,2.0551395227806375e-15,0.0,1.9455991044593432e-15,652,0.0,652,1.1216737760832984e-08
1.1168431512942334e-08,0.0,2.0551395227806375e-15,0.0,1.9455991044593432e-15,653,0.0,653,1.1168435065656013e-08
1.1252028642161349e-08,0.0,2.0551395227806375e-15,0.0,1.9455991044593432e-15,654,0.0,654,1.1252033083053448e-08
1.1222430096324842e-08,0.0,2.0551395227806375e-15,0.0,1.9455991044593432e-15,655,0.0,655,1.1222434537216941e-08
1.041489561259823e-08,0.0,2.0551395227806375e-15,0.0,1.9455991044593432e-15,656,0.0,656,1.0414900053490328e-08
1.057190068820546e-08,0.0,2.0551395227806375e-15,0.0,1.9455991044593432e-15,657,0.0,657,1.0571904240919139e-08
1.0848427045573317e-08,0.0,2.0551395227806375e-15,0.0,1.9455991044593432e-15,658,0.0,658,1.0848432374643835e-08
1.1195817606335368e-08,0.0,2.0551395227806375e-15,0.0,1.9455991044593432e-15,659,0.0,659,1.1195821159049046e-08
1.1881382100398241e-08,0.0,2.0551395227806375e-15,0.0,1.9455991044593432e-15,660,0.0,660,1.188138565311192e-08
1.427804185993864e-08,0.0,2.0551395227806375e-15,0.0,1.9455991044593432e-15,661,0.0,661,1.4278045412652318e-08
1.530428939133799e-08,0.0,2.0551395227806375e-15,0.0,1.9455991044593432e-15,662,0.0,662,1.5304292944051667e-08
1.8066838691765952e-08,0.0,2.0551395227806375e-15,0.0,1.9455991044593432e-15,663,0.0,663,1.806684224447963e-08
2.022821554703569e-08,0.0,2.0551395227806375e-15,0.0,1.9455991044593432e-15,664,0.0,664,2.0228219099749367e-08
2.6168008204763282e-08,0.0,2.0551395227806375e-15,0.0,1.9455991044593432e-15,665,0.0,665,2.6168009981120122e-08
3.345583721170442e-08,0.0,2.0551395227806375e-15,0.0,1.9455991044593432e-15,666,0.0,666,3.34558407644181e-08
4.5338747867162965e-08,0.0,2.0551395227806375e-15,0.0,1.9455991044593432e-15,667,0.0,667,4.5338751419876644e-08
5.607566322396451e-08,0.0,2.0551395227806375e-15,0.0,1.9455991044593432e-15,668,0.0,668,5.607566322396451e-08
6.825572285151793e-08,0.0,2.0551395227806375e-15,0.0,1.9455991044593432e-15,669,0.0,669,6.825572995694529e-08
7.084024389314436e-08,0.0,2.0551395227806375e-15,0.0,1.9455991044593432e-15,670,0.0,670,7.084025099857172e-08
6.218276382696786e-08,0.0,2.0551395227806375e-15,0.0,1.9455991044593432e-15,671,0.0,671,6.218277093239521e-08
4.106566819928048e-08,0.0,2.0551395227806375e-15,0.0,1.9455991044593432e-15,672,0.0,672,4.106566819928048e-08
2.19792735123292e-08,0.0,2.0551395227806375e-15,0.0,1.9455991044593432e-15,673,0.0,673,2.197927884139972e-08
9.896699459943648e-09,0.0,2.0551395227806375e-15,0.0,1.9455991044593432e-15,674,0.0,674,9.896703900835746e-09
1.3330653914067625e-08,0.0,2.0551395227806375e-15,0.0,1.9455991044593432e-15,675,0.0,675,1.3330657466781304e-08
2.4432846856825563e-08,0.0,2.0551395227806375e-15,0.0,1.9455991044593432e-15,676,0.0,676,2.443285218589608e-08
3.2790442361374517e-08,0.0,2.0551395227806375e-15,0.0,1.9455991044593432e-15,677,0.0,677,3.2790445914088195e-08
3.39461934117935e-08,0.0,2.0551395227806375e-15,0.0,1.9455991044593432e-15,678,0.0,678,3.394619696450718e-08
2.4822654154377233e-08,0.0,2.0551395227806375e-15,0.0,1.9455991044593432e-15,679,0.0,679,2.482265770709091e-08
1.6198349328533368e-08,0.0,2.0551395227806375e-15,0.0,1.9455991044593432e-15,680,0.0,680,1.6198352881247047e-08
1.0331810074148962e-08,0.0,2.0551395227806375e-15,0.0,1.9455991044593432e-15,681,0.0,681,1.033181451504106e-08
1.2146243122401756e-08,0.0,2.0551395227806375e-15,0.0,1.9455991044593432e-15,682,0.0,682,1.2146247563293855e-08
1.829999618507827e-08,0.0,2.0551395227806375e-15,0.0,1.9455991044593432e-15,683,0.0,683,1.829999973779195e-08
2.169757529202343e-08,0.0,2.0551395227806375e-15,0.0,1.9455991044593432e-15,684,0.0,684,2.1697580621093948e-08
2.1218996337779572e-08,0.0,2.0551395227806375e-15,0.0,1.9455991044593432e-15,685,0.0,685,2.121899811413641e-08
1.594904652790774e-08,0.0,2.0551395227806375e-15,0.0,1.9455991044593432e-15,686,0.0,686,1.594905008062142e-08
1.131792526365416e-08,0.0,2.0551395227806375e-15,0.0,1.9455991044593432e-15,687,0.0,687,1.131792881636784e-08
9.942466405732375e-09,0.0,2.0551395227806375e-15,0.0,1.9455991044593432e-15,688,0.0,688,9.942470846624474e-09
1.1835394886361428e-08,0.0,2.0551395227806375e-15,0.0,1.9455991044593432e-15,689,0.0,689,1.1835400215431946e-08
1.4636412970503443e-08,0.0,2.0551395227806375e-15,0.0,1.9455991044593432e-15,690,0.0,690,1.4636418299573961e-08
1.607655342183989e-08,0.0,2.0551395227806375e-15,0.0,1.9455991044593432e-15,691,0.0,691,1.607655697455357e-08
1.4868343889418156e-08,0.0,2.0551395227806375e-15,0.0,1.9455991044593432e-15,692,0.0,692,1.4868347442131835e-08
1.2307728169957954e-08,0.0,2.0551395227806375e-15,0.0,1.9455991044593432e-15,693,0.0,693,1.2307733499028473e-08
1.0103113012860376e-08,0.0,2.0551395227806375e-15,0.0,1.9455991044593432e-15,694,0.0,694,1.0103117453752475e-08
9.679554047181682e-09,0.0,2.0551395227806375e-15,0.0,1.9455991044593432e-15,695,0.0,695,9.67955848807378e-09
1.0828408392171696e-08,0.0,2.0551395227806375e-15,0.0,1.9455991044593432e-15,696,0.0,696,1.0828412833063794e-08
1.215283962352487e-08,0.0,2.0551395227806375e-15,0.0,1.9455991044593432e-15,697,0.0,697,1.2152843176238548e-08
1.2730606790967158e-08,0.0,2.0551395227806375e-15,0.0,1.9455991044593432e-15,698,0.0,698,1.2730611231859257e-08
1.1952595357911378e-08,0.0,2.0551395227806375e-15,0.0,1.9455991044593432e-15,699,0.0,699,1.1952599798803476e-08
1.0691923790773217e-08,0.0,2.0551395227806375e-15,0.0,1.9455991044593432e-15,700,0.0,700,1.0691929119843735e-08
9.68696500791566e-09,0.0,2.0551395227806375e-15,0.0,1.9455991044593432e-15,701,0.0,701,9.686969448807758e-09
9.462024941342406e-09,0.0,2.0551395227806375e-15,0.0,1.9455991044593432e-15,702,0.0,702,9.462029382234505e-09
9.926088395673105e-09,0.0,2.0551395227806375e-15,0.0,1.9455991044593432e-15,703,0.0,703,9.926092836565203e-09
1.0650134107947906e-08,0.0,2.0551395227806375e-15,0.0,1.9455991044593432e-15,704,0.0,704,1.0650137660661585e-08
1.0996822119579974e-08,0.0,2.0551395227806375e-15,0.0,1.9455991044593432e-15,705,0.0,705,1.0996825672293653e-08
1.1685503231717576e-08,0.0,2.0551395227806375e-15,0.0,1.9455991044593432e-15,706,0.0,706,1.1685507672609674e-08
1.1163812985159893e-08,0.0,2.0551395227806375e-15,0.0,1.9455991044593432e-15,707,0.0,707,1.1163818314230411e-08
1.053591436317447e-08,0.0,2.0551395227806375e-15,0.0,1.9455991044593432e-15,708,0.0,708,1.0535918804066569e-08
1.0125562610596717e-08,0.0,2.0551395227806375e-15,0.0,1.9455991044593432e-15,709,0.0,709,1.0125567051488815e-08
9.31258803404944e-09,0.0,2.0551395227806375e-15,0.0,1.9455991044593432e-15,710,0.0,710,9.312592474941539e-09
9.59360857422098e-09,0.0,2.0551395227806375e-15,0.0,1.9455991044593432e-15,711,0.0,711,9.593613015113078e-09
9.944107759451981e-09,0.0,2.0551395227806375e-15,0.0,1.9455991044593432e-15,712,0.0,712,9.94411220034408e-09
1.0048390564065812e-08,0.0,2.0551395227806375e-15,0.0,1.9455991044593432e-15,713,0.0,713,1.004839500495791e-08
9.973599723878124e-09,0.0,2.0551395227806375e-15,0.0,1.9455991044593432e-15,714,0.0,714,9.973604164770222e-09
1.035382268810281e-08,0.0,2.0551395227806375e-15,0.0,1.9455991044593432e-15,715,0.0,715,1.0353826240816488e-08
1.0050540844019906e-08,0.0,2.0551395227806375e-15,0.0,1.9455991044593432e-15,716,0.0,716,1.0050545284912005e-08
9.81959669132948e-09,0.0,2.0551395227806375e-15,0.0,1.9455991044593432e-15,717,0.0,717,9.819601132221578e-09
9.566234915325822e-09,0.0,2.0551395227806375e-15,0.0,1.9455991044593432e-15,718,0.0,718,9.56623935621792e-09
9.615811258356644e-09,0.0,2.0551395227806375e-15,0.0,1.9455991044593432e-15,719,0.0,719,9.615815699248742e-09
8.977271370724793e-09,0.0,2.0551395227806375e-15,0.0,1.9455991044593432e-15,720,0.0,720,8.977275811616892e-09
9.031257519609426e-09,0.0,2.0551395227806375e-15,0.0,1.9455991044593432e-15,721,0.0,721,9.031261960501524e-09
9.016408952788879e-09,0.0,2.0551395227806375e-15,0.0,1.9455991044593432e-15,722,0.0,722,9.016413393680978e-09
8.75419559065449e-09,0.0,2.0551395227806375e-15,0.0,1.9455991044593432e-15,723,0.0,723,8.754200031546588e-09
8.650599347959087e-09,0.0,2.0551395227806375e-15,0.0,1.9455991044593432e-15,724,0.0,724,8.650603788851186e-09
8.547264229719076e-09,0.0,2.0551395227806375e-15,0.0,1.9455991044593432e-15,725,0.0,725,8.547268670611174e-09
9.202931749996424e-09,0.0,2.0551395227806375e-15,0.0,1.9455991044593432e-15,726,0.0,726,9.202936190888522e-09
9.140825873998892e-09,0.0,2.0551395227806375e-15,0.0,1.9455991044593432e-15,727,0.0,727,9.140830314890991e-09
9.102347320322224e-09,0.0,2.0551395227806375e-15,0.0,1.9455991044593432e-15,728,0.0,728,9.102351761214322e-09
8.373236326519873e-09,0.0,2.0551395227806375e-15,0.0,1.9455991044593432e-15,729,0.0,729,8.373240767411971e-09
8.357482705889652e-09,0.0,2.0551395227806375e-15,0.0,1.9455991044593432e-15,730,0.0,730,8.35748714678175e-09
8.347186053470068e-09,0.0,2.0551395227806375e-15,0.0,1.9455991044593432e-15,731,0.0,731,8.347190494362167e-09
8.333093326484686e-09,0.0,2.0551395227806375e-15,0.0,1.9455991044593432e-15,732,0.0,732,8.333097767376785e-09
8.3078779411494e-09,0.0,2.0551395227806375e-15,0.0,1.9455991044593432e-15,733,0.0,733,8.307882382041498e-09
8.285055308476785e-09,0.0,2.0551395227806375e-15,0.0,1.9455991044593432e-15,734,0.0,734,8.285059749368884e-09
8.257867278871345e-09,0.0,2.0551395227806375e-15,0.0,1.9455991044593432e-15,735,0.0,735,8.257871719763443e-09
8.856459565720343e-09,0.0,2.0551395227806375e-15,0.0,1.9455991044593432e-15,736,0.0,736,8.856464006612441e-09
8.834633469234632e-09,0.0,2.0551395227806375e-15,0.0,1.9455991044593432e-15,737,0.0,737,8.83463791012673e-09
8.808125784298682e-09,0.0,2.0551395227806375e-15,0.0,1.9455991044593432e-15,738,0.0,738,8.80813022519078e-09
8.7789251423942e-09,0.0,2.0551395227806375e-15,0.0,1.9455991044593432e-15,739,0.0,739,8.778929583286299e-09
8.758124891983243e-09,0.0,2.0551395227806375e-15,0.0,1.9455991044593432e-15,740,0.0,740,8.758129332875342e-09
7.721342676347831e-09,0.0,2.0551395227806375e-15,0.0,1.9455991044593432e-15,741,0.0,741,7.72134711723993e-09
7.72549402228151e-09,0.0,2.0551395227806375e-15,0.0,1.9455991044593432e-15,742,0.0,742,7.725498463173608e-09
7.727755324538066e-09,0.0,2.0551395227806375e-15,0.0,1.9455991044593432e-15,743,0.0,743,7.727759765430164e-09
8.32626945168613e-09,0.0,2.0551395227806375e-15,0.0,1.9455991044593432e-15,744,0.0,744,8.326273892578229e-09
8.340237833692754e-09,0.0,2.0551395227806375e-15,0.0,1.9455991044593432e-15,745,0.0,745,8.340242274584853e-09
8.803530349155153e-09,0.0,2.0551395227806375e-15,0.0,1.9455991044593432e-15,746,0.0,746,8.803534790047252e-09
8.381454641437358e-09,0.0,2.0551395227806375e-15,0.0,1.9455991044593432e-15,747,0.0,747,8.381459082329457e-09
8.397477380128748e-09,0.0,2.0551395227806375e-15,0.0,1.9455991044593432e-15,748,0.0,748,8.397481821020847e-09
8.396101591756633e-09,0.0,2.0551395227806375e-15,0.0,1.9455991044593432e-15,749,0.0,749,8.396106032648731e-09
8.385810268407567e-09,0.0,2.0551395227806375e-15,0.0,1.9455991044593432e-15,750,0.0,750,8.385814709299666e-09
8.364858139486842e-09,0.0,2.0551395227806375e-15,0.0,1.9455991044593432e-15,751,0.0,751,8.36486258037894e-09
8.349480218328154e-09,0.0,2.0551395227806375e-15,0.0,1.9455991044593432e-15,752,0.0,752,8.349484659220252e-09
8.317825539450041e-09,0.0,2.0551395227806375e-15,0.0,1.9455991044593432e-15,753,0.0,753,8.31782998034214e-09
8.2904030307418e-09,0.0,2.0551395227806375e-15,0.0,1.9455991044593432e-15,754,0.0,754,8.290407471633898e-09
8.267900142300277e-09,0.0,2.0551395227806375e-15,0.0,1.9455991044593432e-15,755,0.0,755,8.267904583192376e-09
8.246514582310738e-09,0.0,2.0551395227806375e-15,0.0,1.9455991044593432e-15,756,0.0,756,8.246519023202836e-09
8.233222992259925e-09,0.0,2.0551395227806375e-15,0.0,1.9455991044593432e-15,757,0.0,757,8.233227433152024e-09
8.222285963199738e-09,0.0,2.0551395227806375e-15,0.0,1.9455991044593432e-15,758,0.0,758,8.222290404091837e-09
8.213267399526103e-09,0.0,2.0551395227806375e-15,0.0,1.9455991044593432e-15,759,0.0,759,8.213271840418201e-09
8.217573288504809e-09,0.0,2.0551395227806375e-15,0.0,1.9455991044593432e-15,760,0.0,760,8.217577729396908e-09
7.716034922111703e-09,0.0,2.0551395227806375e-15,0.0,1.9455991044593432e-15,761,0.0,761,7.716039363003802e-09
7.753198971727215e-09,0.0,2.0551395227806375e-15,0.0,1.9455991044593432e-15,762,0.0,762,7.753203412619314e-09
7.798569789940757e-09,0.0,2.0551395227806375e-15,0.0,1.9455991044593432e-15,763,0.0,763,7.798574230832855e-09
7.871825857819204e-09,0.0,2.0551395227806375e-15,0.0,1.9455991044593432e-15,764,0.0,764,7.871830298711302e-09
7.989615191661414e-09,0.0,2.0551395227806375e-15,0.0,1.9455991044593432e-15,765,0.0,765,7.989619632553513e-09
8.14879630439691e-09,0.0,2.0551395227806375e-15,0.0,1.9455991044593432e-15,766,0.0,766,8.148800745289009e-09
8.388831851391387e-09,0.0,2.0551395227806375e-15,0.0,1.9455991044593432e-15,767,0.0,767,8.388836292283486e-09
8.6505593799302e-09,0.0,2.0551395227806375e-15,0.0,1.9455991044593432e-15,768,0.0,768,8.650563820822299e-09
8.951019481173716e-09,0.0,2.0551395227806375e-15,0.0,1.9455991044593432e-15,769,0.0,769,8.951023922065815e-09
9.658748467700207e-09,0.0,2.0551395227806375e-15,0.0,1.9455991044593432e-15,770,0.0,770,9.658752908592305e-09
1.0361792313062779e-08,0.0,2.0551395227806375e-15,0.0,1.9455991044593432e-15,771,0.0,771,1.0361795865776458e-08
1.1395607124597973e-08,0.0,2.0551395227806375e-15,0.0,1.9455991044593432e-15,772,0.0,772,1.1395612453668491e-08
1.3000264864615474e-08,0.0,2.0551395227806375e-15,0.0,1.9455991044593432e-15,773,0.0,773,1.3000268417329153e-08
1.56411328333661e-08,0.0,2.0551395227806375e-15,0.0,1.9455991044593432e-15,774,0.0,774,1.564113638607978e-08
1.8471537188702314e-08,0.0,2.0551395227806375e-15,0.0,1.9455991044593432e-15,775,0.0,775,1.8471540741415993e-08
2.2684140787987417e-08,0.0,2.0551395227806375e-15,0.0,1.9455991044593432e-15,776,0.0,776,2.2684144340701096e-08
2.844184265882177e-08,0.0,2.0551395227806375e-15,0.0,1.9455991044593432e-15,777,0.0,777,2.844184443517861e-08
3.5473654236284347e-08,0.0,2.0551395227806375e-15,0.0,1.9455991044593432e-15,778,0.0,778,3.5473657788998025e-08
4.422632216005695e-08,0.0,2.0551395227806375e-15,0.0,1.9455991044593432e-15,779,0.0,779,4.422632571277063e-08
5.431050453807984e-08,0.0,2.0551395227806375e-15,0.0,1.9455991044593432e-15,780,0.0,780,5.431050453807984e-08
6.355720216788541e-08,0.0,2.0551395227806375e-15,0.0,1.9455991044593432e-15,781,0.0,781,6.355720927331276e-08
7.06635532310429e-08,0.0,2.0551395227806375e-15,0.0,1.9455991044593432e-15,782,0.0,782,7.066356033647025e-08
7.104783605882403e-08,0.0,2.0551395227806375e-15,0.0,1.9455991044593432e-15,783,0.0,783,7.104784316425139e-08
6.446446576546805e-08,0.0,2.0551395227806375e-15,0.0,1.9455991044593432e-15,784,0.0,784,6.44644728708954e-08
4.943135323287606e-08,0.0,2.0551395227806375e-15,0.0,1.9455991044593432e-15,785,0.0,785,4.943135678558974e-08
3.184400299005574e-08,0.0,2.0551395227806375e-15,0.0,1.9455991044593432e-15,786,0.0,786,3.184400654276942e-08
1.5594913804761745e-08,0.0,2.0551395227806375e-15,0.0,1.9455991044593432e-15,787,0.0,787,1.5594917357475424e-08
7.62786989128017e-09,0.0,2.0551395227806375e-15,0.0,1.9455991044593432e-15,788,0.0,788,7.627874332172269e-09
7.766256082675227e-09,0.0,2.0551395227806375e-15,0.0,1.9455991044593432e-15,789,0.0,789,7.766260523567325e-09
1.3559030342946699e-08,0.0,2.0551395227806375e-15,0.0,1.9455991044593432e-15,790,0.0,790,1.3559035672017217e-08
2.183749181483563e-08,0.0,2.0551395227806375e-15,0.0,1.9455991044593432e-15,791,0.0,791,2.1837497143906148e-08
2.729726844563629e-08,0.0,2.0551395227806375e-15,0.0,1.9455991044593432e-15,792,0.0,792,2.729727022199313e-08
2.8608372559801865e-08,0.0,2.0551395227806375e-15,0.0,1.9455991044593432e-15,793,0.0,793,2.8608374336158704e-08
2.4751585669946508e-08,0.0,2.0551395227806375e-15,0.0,1.9455991044593432e-15,794,0.0,794,2.4751590999017026e-08
1.772324154103444e-08,0.0,2.0551395227806375e-15,0.0,1.9455991044593432e-15,795,0.0,795,1.772324509374812e-08
1.1065278471278361e-08,0.0,2.0551395227806375e-15,0.0,1.9455991044593432e-15,796,0.0,796,1.106528202399204e-08
7.117922695698553e-09,0.0,2.0551395227806375e-15,0.0,1.9455991044593432e-15,797,0.0,797,7.117926692501442e-09
6.599060853318406e-09,0.0,2.0551395227806375e-15,0.0,1.9455991044593432e-15,798,0.0,798,6.5990648501212945e-09
9.257037802967716e-09,0.0,2.0551395227806375e-15,0.0,1.9455991044593432e-15,799,0.0,799,9.257042243859814e-09
1.2837118923414437e-08,0.0,2.0551395227806375e-15,0.0,1.9455991044593432e-15,800,0.0,800,1.2837123364306535e-08
1.513945768749636e-08,0.0,2.0551395227806375e-15,0.0,1.9455991044593432e-15,801,0.0,801,1.513946124021004e-08
1.534488980325932e-08,0.0,2.0551395227806375e-15,0.0,1.9455991044593432e-15,802,0.0,802,1.5344893355973e-08
1.3510934593341517e-08,0.0,2.0551395227806375e-15,0.0,1.9455991044593432e-15,803,0.0,803,1.3510938146055196e-08
1.1161967350403756e-08,0.0,2.0551395227806375e-15,0.0,1.9455991044593432e-15,804,0.0,804,1.1161971791295855e-08
8.39782643424769e-09,0.0,2.0551395227806375e-15,0.0,1.9455991044593432e-15,805,0.0,805,8.397830875139789e-09
6.978797983947516e-09,0.0,2.0551395227806375e-15,0.0,1.9455991044593432e-15,806,0.0,806,6.978801536661194e-09
6.492617554698654e-09,0.0,2.0551395227806375e-15,0.0,1.9455991044593432e-15,807,0.0,807,6.492621551501543e-09
6.9930150559116555e-09,0.0,2.0551395227806375e-15,0.0,1.9455991044593432e-15,808,0.0,808,6.993019052714544e-09
8.02410493605521e-09,0.0,2.0551395227806375e-15,0.0,1.9455991044593432e-15,809,0.0,809,8.024109376947308e-09
9.05310315602037e-09,0.0,2.0551395227806375e-15,0.0,1.9455991044593432e-15,810,0.0,810,9.053107596912469e-09
9.546880619382137e-09,0.0,2.0551395227806375e-15,0.0,1.9455991044593432e-15,811,0.0,811,9.546885060274235e-09
9.471023965090808e-09,0.0,2.0551395227806375e-15,0.0,1.9455991044593432e-15,812,0.0,812,9.471028405982906e-09
8.81511841299698e-09,0.0,2.0551395227806375e-15,0.0,1.9455991044593432e-15,813,0.0,813,8.815122853889079e-09
7.944778168678113e-09,0.0,2.0551395227806375e-15,0.0,1.9455991044593432e-15,814,0.0,814,7.944782609570211e-09
7.0441630306561365e-09,0.0,2.0551395227806375e-15,0.0,1.9455991044593432e-15,815,0.0,815,7.044167027459025e-09
6.437169020045985e-09,0.0,2.0551395227806375e-15,0.0,1.9455991044593432e-15,816,0.0,816,6.437172572759664e-09
6.1913483229147914e-09,0.0,2.0551395227806375e-15,0.0,1.9455991044593432e-15,817,0.0,817,6.19135231971768e-09
6.2404010847672e-09,0.0,2.0551395227806375e-15,0.0,1.9455991044593432e-15,818,0.0,818,6.240404637480879e-09
6.528522611404242e-09,0.0,2.0551395227806375e-15,0.0,1.9455991044593432e-15,819,0.0,819,6.5285261641179204e-09
6.825814580224687e-09,0.0,2.0551395227806375e-15,0.0,1.9455991044593432e-15,820,0.0,820,6.825818577027576e-09
6.892436843486394e-09,0.0,2.0551395227806375e-15,0.0,1.9455991044593432e-15,821,0.0,821,6.892440840289282e-09
6.987658895951654e-09,0.0,2.0551395227806375e-15,0.0,1.9455991044593432e-15,822,0.0,822,6.9876628927545426e-09
6.959825160635091e-09,0.0,2.0551395227806375e-15,0.0,1.9455991044593432e-15,823,0.0,823,6.95982960152719e-09
6.809468544588526e-09,0.0,2.0551395227806375e-15,0.0,1.9455991044593432e-15,824,0.0,824,6.809472985480625e-09
6.580620937057802e-09,0.0,2.0551395227806375e-15,0.0,1.9455991044593432e-15,825,0.0,825,6.5806244897714805e-09
6.319388567987971e-09,0.0,2.0551395227806375e-15,0.0,1.9455991044593432e-15,826,0.0,826,6.31939212070165e-09
5.907500266744137e-09,0.0,2.0551395227806375e-15,0.0,1.9455991044593432e-15,827,0.0,827,5.9075038194578156e-09
5.719154927419368e-09,0.0,2.0551395227806375e-15,0.0,1.9455991044593432e-15,828,0.0,828,5.719159368311466e-09
5.568263183874933e-09,0.0,2.0551395227806375e-15,0.0,1.9455991044593432e-15,829,0.0,829,5.568267180677822e-09
5.471595176942401e-09,0.0,2.0551395227806375e-15,0.0,1.9455991044593432e-15,830,0.0,830,5.47159872965608e-09
5.421163074004198e-09,0.0,2.0551395227806375e-15,0.0,1.9455991044593432e-15,831,0.0,831,5.421167070807087e-09
5.412903014700987e-09,0.0,2.0551395227806375e-15,0.0,1.9455991044593432e-15,832,0.0,832,5.412907455593086e-09
5.3814148692765684e-09,0.0,2.0551395227806375e-15,0.0,1.9455991044593432e-15,833,0.0,833,5.381418421990247e-09
5.401439295837918e-09,0.0,2.0551395227806375e-15,0.0,1.9455991044593432e-15,834,0.0,834,5.401443736730016e-09
5.415830006683109e-09,0.0,2.0551395227806375e-15,0.0,1.9455991044593432e-15,835,0.0,835,5.4158340034859975e-09
5.43155387333627e-09,0.0,2.0551395227806375e-15,0.0,1.9455991044593432e-15,836,0.0,836,5.4315583142283685e-09
5.4404085680914704e-09,0.0,2.0551395227806375e-15,0.0,1.9455991044593432e-15,837,0.0,837,5.440412564894359e-09
5.440869532691295e-09,0.0,2.0551395227806375e-15,0.0,1.9455991044593432e-15,838,0.0,838,5.440873973583393e-09
5.434743322041413e-09,0.0,2.0551395227806375e-15,0.0,1.9455991044593432e-15,839,0.0,839,5.434747318844302e-09
5.424291238398382e-09,0.0,2.0551395227806375e-15,0.0,1.9455991044593432e-15,840,0.0,840,5.424295679290481e-09
5.381128431736215e-09,0.0,2.0551395227806375e-15,0.0,1.9455991044593432e-15,841,0.0,841,5.381132872628314e-09
5.373341327441494e-09,0.0,2.0551395227806375e-15,0.0,1.9455991044593432e-15,842,0.0,842,5.373344880155173e-09
5.373836042821267e-09,0.0,2.0551395227806375e-15,0.0,1.9455991044593432e-15,843,0.0,843,5.373839595534946e-09
5.379502177049744e-09,0.0,2.0551395227806375e-15,0.0,1.9455991044593432e-15,844,0.0,844,5.379505729763423e-09
5.39050182268852e-09,0.0,2.0551395227806375e-15,0.0,1.9455991044593432e-15,845,0.0,845,5.390505819491409e-09
5.414745984921865e-09,0.0,2.0551395227806375e-15,0.0,1.9455991044593432e-15,846,0.0,846,5.414749537635544e-09
5.453845819403114e-09,0.0,2.0551395227806375e-15,0.0,1.9455991044593432e-15,847,0.0,847,5.4538493721167924e-09
5.50521583875252e-09,0.0,2.0551395227806375e-15,0.0,1.9455991044593432e-15,848,0.0,848,5.5052193914661984e-09
5.589049667520385e-09,0.0,2.0551395227806375e-15,0.0,1.9455991044593432e-15,849,0.0,849,5.589054108412483e-09
5.711588979551152e-09,0.0,2.0551395227806375e-15,0.0,1.9455991044593432e-15,850,0.0,850,5.7115934204432506e-09
5.880605780106407e-09,0.0,2.0551395227806375e-15,0.0,1.9455991044593432e-15,851,0.0,851,5.880609776909296e-09
6.149745601646828e-09,0.0,2.0551395227806375e-15,0.0,1.9455991044593432e-15,852,0.0,852,6.149749598449716e-09
6.48697273675225e-09,0.0,2.0551395227806375e-15,0.0,1.9455991044593432e-15,853,0.0,853,6.4869771776443486e-09
6.979987254851494e-09,0.0,2.0551395227806375e-15,0.0,1.9455991044593432e-15,854,0.0,854,6.979991251654383e-09
7.684564984344888e-09,0.0,2.0551395227806375e-15,0.0,1.9455991044593432e-15,855,0.0,855,7.684569425236987e-09
8.796642525510379e-09,0.0,2.0551395227806375e-15,0.0,1.9455991044593432e-15,856,0.0,856,8.796646966402477e-09
1.0092906066461182e-08,0.0,2.0551395227806375e-15,0.0,1.9455991044593432e-15,857,0.0,857,1.0092910507353281e-08
1.2203316579473267e-08,0.0,2.0551395227806375e-15,0.0,1.9455991044593432e-15,858,0.0,858,1.2203320132186946e-08
1.5061107916380934e-08,0.0,2.0551395227806375e-15,0.0,1.9455991044593432e-15,859,0.0,859,1.5061111469094612e-08
1.928824744368285e-08,0.0,2.0551395227806375e-15,0.0,1.9455991044593432e-15,860,0.0,860,1.9288250996396528e-08
2.5434028216864135e-08,0.0,2.0551395227806375e-15,0.0,1.9455991044593432e-15,861,0.0,861,2.5434031769577814e-08
3.4181294239488125e-08,0.0,2.0551395227806375e-15,0.0,1.9455991044593432e-15,862,0.0,862,3.4181297792201804e-08
4.585609758578357e-08,0.0,2.0551395227806375e-15,0.0,1.9455991044593432e-15,863,0.0,863,4.585610113849725e-08
6.136446017990238e-08,0.0,2.0551395227806375e-15,0.0,1.9455991044593432e-15,864,0.0,864,6.136446728532974e-08
8.032969134319501e-08,0.0,2.0551395227806375e-15,0.0,1.9455991044593432e-15,865,0.0,865,8.032969844862237e-08
1.0085216217703419e-07,0.0,2.0551395227806375e-15,0.0,1.9455991044593432e-15,866,0.0,866,1.008521763878889e-07
1.2000721483218513e-07,0.0,2.0551395227806375e-15,0.0,1.9455991044593432e-15,867,0.0,867,1.2000721483218513e-07
1.2968457951956225e-07,0.0,2.0551395227806375e-15,0.0,1.9455991044593432e-15,868,0.0,868,1.2968457951956225e-07
1.25887652302481e-07,0.0,2.0551395227806375e-15,0.0,1.9455991044593432e-15,869,0.0,869,1.25887652302481e-07
1.0317565823925179e-07,0.0,2.0551395227806375e-15,0.0,1.9455991044593432e-15,870,0.0,870,1.031756724501065e-07
6.923585971208013e-08,0.0,2.0551395227806375e-15,0.0,1.9455991044593432e-15,871,0.0,871,6.923586681750749e-08
3.3241118302385075e-08,0.0,2.0551395227806375e-15,0.0,1.9455991044593432e-15,872,0.0,872,3.3241121855098754e-08
1.0094872493482399e-08,0.0,2.0551395227806375e-15,0.0,1.9455991044593432e-15,873,0.0,873,1.0094876934374497e-08
4.416528476269832e-09,0.0,2.0551395227806375e-15,0.0,1.9455991044593432e-15,874,0.0,874,4.416532473072721e-09
1.4139353687880885e-08,0.0,2.0551395227806375e-15,0.0,1.9455991044593432e-15,875,0.0,875,1.4139359016951403e-08
3.053621000503881e-08,0.0,2.0551395227806375e-15,0.0,1.9455991044593432e-15,876,0.0,876,3.053621355775249e-08
4.332773428927794e-08,0.0,2.0551395227806375e-15,0.0,1.9455991044593432e-15,877,0.0,877,4.332773428927794e-08
4.625020721960027e-08,0.0,2.0551395227806375e-15,0.0,1.9455991044593432e-15,878,0.0,878,4.625021077231395e-08
3.839608098132885e-08,0.0,2.0551395227806375e-15,0.0,1.9455991044593432e-15,879,0.0,879,3.839608453404253e-08
2.43568578639497e-08,0.0,2.0551395227806375e-15,0.0,1.9455991044593432e-15,880,0.0,880,2.4356863193020217e-08
1.1099662522440212e-08,0.0,2.0551395227806375e-15,0.0,1.9455991044593432e-15,881,0.0,881,1.1099666963332311e-08
4.212097781675084e-09,0.0,2.0551395227806375e-15,0.0,1.9455991044593432e-15,882,0.0,882,4.212101778477972e-09
5.114379586501627e-09,0.0,2.0551395227806375e-15,0.0,1.9455991044593432e-15,883,0.0,883,5.114384027393726e-09
1.1232760499524375e-08,0.0,2.0551395227806375e-15,0.0,1.9455991044593432e-15,884,0.0,884,1.1232764940416473e-08
1.8075898111646893e-08,0.0,2.0551395227806375e-15,0.0,1.9455991044593432e-15,885,0.0,885,1.8075901664360572e-08
2.1797486482455497e-08,0.0,2.0551395227806375e-15,0.0,1.9455991044593432e-15,886,0.0,886,2.1797490035169176e-08
2.064271953372554e-08,0.0,2.0551395227806375e-15,0.0,1.9455991044593432e-15,887,0.0,887,2.064272131008238e-08
1.5718988777280174e-08,0.0,2.0551395227806375e-15,0.0,1.9455991044593432e-15,888,0.0,888,1.5718992329993853e-08
9.529236066896374e-09,0.0,2.0551395227806375e-15,0.0,1.9455991044593432e-15,889,0.0,889,9.529240507788472e-09
4.996778546484393e-09,0.0,2.0551395227806375e-15,0.0,1.9455991044593432e-15,890,0.0,890,4.9967825432872814e-09
3.5149876342899233e-09,0.0,2.0551395227806375e-15,0.0,1.9455991044593432e-15,891,0.0,891,3.514991853137417e-09
5.028883975910503e-09,0.0,2.0551395227806375e-15,0.0,1.9455991044593432e-15,892,0.0,892,5.028887972713392e-09
7.99158250686105e-09,0.0,2.0551395227806375e-15,0.0,1.9455991044593432e-15,893,0.0,893,7.991586947753149e-09
1.0730041744011487e-08,0.0,2.0551395227806375e-15,0.0,1.9455991044593432e-15,894,0.0,894,1.0730046184903586e-08
1.1885522788190883e-08,0.0,2.0551395227806375e-15,0.0,1.9455991044593432e-15,895,0.0,895,1.1885528117261401e-08
1.1189571935688036e-08,0.0,2.0551395227806375e-15,0.0,1.9455991044593432e-15,896,0.0,896,1.1189575488401715e-08
9.019046842695388e-09,0.0,2.0551395227806375e-15,0.0,1.9455991044593432e-15,897,0.0,897,9.019051283587487e-09
6.150009390637479e-09,0.0,2.0551395227806375e-15,0.0,1.9455991044593432e-15,898,0.0,898,6.1500129433511574e-09
4.086276206294315e-09,0.0,2.0551395227806375e-15,0.0,1.9455991044593432e-15,899,0.0,899,4.086280203097203e-09
3.1447080495183855e-09,0.0,2.0551395227806375e-15,0.0,1.9455991044593432e-15,900,0.0,900,3.144711824276669e-09
3.3485918482512034e-09,0.0,2.0551395227806375e-15,0.0,1.9455991044593432e-15,901,0.0,901,3.348595845054092e-09
4.3062522436798645e-09,0.0,2.0551395227806375e-15,0.0,1.9455991044593432e-15,902,0.0,902,4.306256240482753e-09
5.441674222339543e-09,0.0,2.0551395227806375e-15,0.0,1.9455991044593432e-15,903,0.0,903,5.441678219142432e-09
6.256617002264875e-09,0.0,2.0551395227806375e-15,0.0,1.9455991044593432e-15,904,0.0,904,6.256621443156973e-09
6.461835511117897e-09,0.0,2.0551395227806375e-15,0.0,1.9455991044593432e-15,905,0.0,905,6.461839952009996e-09
6.077685466010507e-09,0.0,2.0551395227806375e-15,0.0,1.9455991044593432e-15,906,0.0,906,6.077689906902606e-09
5.273683267859042e-09,0.0,2.0551395227806375e-15,0.0,1.9455991044593432e-15,907,0.0,907,5.27368726466193e-09
4.344297366287719e-09,0.0,2.0551395227806375e-15,0.0,1.9455991044593432e-15,908,0.0,908,4.344301363090608e-09
3.5417850874353007e-09,0.0,2.0551395227806375e-15,0.0,1.9455991044593432e-15,909,0.0,909,3.5417895283273992e-09
3.0471833945000526e-09,0.0,2.0551395227806375e-15,0.0,1.9455991044593432e-15,910,0.0,910,3.0471873913029413e-09
2.8993079048689196e-09,0.0,2.0551395227806375e-15,0.0,1.9455991044593432e-15,911,0.0,911,2.8993116796272034e-09
3.0479061496890836e-09,0.0,2.0551395227806375e-15,0.0,1.9455991044593432e-15,912,0.0,912,3.0479101464919722e-09
3.39104544444524e-09,0.0,2.0551395227806375e-15,0.0,1.9455991044593432e-15,913,0.0,913,3.3910494412481285e-09
3.748056087715668e-09,0.0,2.0551395227806375e-15,0.0,1.9455991044593432e-15,914,0.0,914,3.748060084518556e-09
4.009442111652106e-09,0.0,2.0551395227806375e-15,0.0,1.9455991044593432e-15,915,0.0,915,4.009446108454995e-09
4.182209689673755e-09,0.0,2.0551395227806375e-15,0.0,1.9455991044593432e-15,916,0.0,916,4.1822136864766435e-09
4.1485082036274434e-09,0.0,2.0551395227806375e-15,0.0,1.9455991044593432e-15,917,0.0,917,4.148512200430332e-09
3.954773397651934e-09,0.0,2.0551395227806375e-15,0.0,1.9455991044593432e-15,918,0.0,918,3.9547773944548226e-09
3.696222883320388e-09,0.0,2.0551395227806375e-15,0.0,1.9455991044593432e-15,919,0.0,919,3.6962268801232767e-09
3.4054608022415778e-09,0.0,2.0551395227806375e-15,0.0,1.9455991044593432e-15,920,0.0,920,3.4054645769998615e-09
3.136051640595383e-09,0.0,2.0551395227806375e-15,0.0,1.9455991044593432e-15,921,0.0,921,3.1360556373982718e-09
2.9232689602309847e-09,0.0,2.0551395227806375e-15,0.0,1.9455991044593432e-15,922,0.0,922,2.9232729570338734e-09
2.771634699527681e-09,0.0,2.0551395227806375e-15,0.0,1.9455991044593432e-15,923,0.0,923,2.7716386963305695e-09
2.6895456972653164e-09,0.0,2.0551395227806375e-15,0.0,1.9455991044593432e-15,924,0.0,924,2.6895494720236e-09
2.6657143159525276e-09,0.0,2.0551395227806375e-15,0.0,1.9455991044593432e-15,925,0.0,925,2.665718756844626e-09
2.6530342367436788e-09,0.0,2.0551395227806375e-15,0.0,1.9455991044593432e-15,926,0.0,926,2.6530382335465674e-09
2.714000135739525e-09,0.0,2.0551395227806375e-15,0.0,1.9455991044593432e-15,927,0.0,927,2.7140041325424136e-09
2.7922344436603908e-09,0.0,2.0551395227806375e-15,0.0,1.9455991044593432e-15,928,0.0,928,2.7922384404632794e-09
2.870121029729944e-09,0.0,2.0551395227806375e-15,0.0,1.9455991044593432e-15,929,0.0,929,2.8701252485774376e-09
2.946790811364508e-09,0.0,2.0551395227806375e-15,0.0,1.9455991044593432e-15,930,0.0,930,2.9467945861227918e-09
3.024453354427692e-09,0.0,2.0551395227806375e-15,0.0,1.9455991044593432e-15,931,0.0,931,3.0244573512305806e-09
3.097355039116678e-09,0.0,2.0551395227806375e-15,0.0,1.9455991044593432e-15,932,0.0,932,3.0973594800087767e-09
3.1536553368738396e-09,0.0,2.0551395227806375e-15,0.0,1.9455991044593432e-15,933,0.0,933,3.1536593336767282e-09
3.215707478076979e-09,0.0,2.0551395227806375e-15,0.0,1.9455991044593432e-15,934,0.0,934,3.2157112528352627e-09
3.267871084844387e-09,0.0,2.0551395227806375e-15,0.0,1.9455991044593432e-15,935,0.0,935,3.2678750816472757e-09
3.329605036128669e-09,0.0,2.0551395227806375e-15,0.0,1.9455991044593432e-15,936,0.0,936,3.3296088108869526e-09
3.3927494147434345e-09,0.0,2.0551395227806375e-15,0.0,1.9455991044593432e-15,937,0.0,937,3.3927531895017182e-09
3.420192351555329e-09,0.0,2.0551395227806375e-15,0.0,1.9455991044593432e-15,938,0.0,938,3.4201963483582176e-09
3.4692291261961827e-09,0.0,2.0551395227806375e-15,0.0,1.9455991044593432e-15,939,0.0,939,3.4692329009544665e-09
3.5828462419118523e-09,0.0,2.0551395227806375e-15,0.0,1.9455991044593432e-15,940,0.0,940,3.582850016670136e-09
3.627188327470776e-09,0.0,2.0551395227806375e-15,0.0,1.9455991044593432e-15,941,0.0,941,3.62719210222906e-09
3.755445732167573e-09,0.0,2.0551395227806375e-15,0.0,1.9455991044593432e-15,942,0.0,942,3.755449728970461e-09
3.825122885103838e-09,0.0,2.0551395227806375e-15,0.0,1.9455991044593432e-15,943,0.0,943,3.825126881906726e-09
3.986365904040667e-09,0.0,2.0551395227806375e-15,0.0,1.9455991044593432e-15,944,0.0,944,3.986369900843556e-09
4.2399546096305585e-09,0.0,2.0551395227806375e-15,0.0,1.9455991044593432e-15,945,0.0,945,4.239958606433447e-09
4.621973470619878e-09,0.0,2.0551395227806375e-15,0.0,1.9455991044593432e-15,946,0.0,946,4.6219774674227665e-09
5.152796411778127e-09,0.0,2.0551395227806375e-15,0.0,1.9455991044593432e-15,947,0.0,947,5.152800408581015e-09
5.8895079924070615e-09,0.0,2.0551395227806375e-15,0.0,1.9455991044593432e-15,948,0.0,948,5.88951154512074e-09
7.0100516502691335e-09,0.0,2.0551395227806375e-15,0.0,1.9455991044593432e-15,949,0.0,949,7.010056091161232e-09
8.51745429741868e-09,0.0,2.0551395227806375e-15,0.0,1.9455991044593432e-15,950,0.0,950,8.517458738310779e-09
1.0584876086738859e-08,0.0,2.0551395227806375e-15,0.0,1.9455991044593432e-15,951,0.0,951,1.0584879639452538e-08
1.3475780491489786e-08,0.0,2.0551395227806375e-15,0.0,1.9455991044593432e-15,952,0.0,952,1.3475784932381885e-08
1.7575782607082147e-08,0.0,2.0551395227806375e-15,0.0,1.9455991044593432e-15,953,0.0,953,1.7575786159795825e-08
2.3331345744281862e-08,0.0,2.0551395227806375e-15,0.0,1.9455991044593432e-15,954,0.0,954,2.333134929699554e-08
3.15648804871671e-08,0.0,2.0551395227806375e-15,0.0,1.9455991044593432e-15,955,0.0,955,3.156488403988078e-08
4.308394707663865e-08,0.0,2.0551395227806375e-15,0.0,1.9455991044593432e-15,956,0.0,956,4.308395418206601e-08
5.916174927733664e-08,0.0,2.0551395227806375e-15,0.0,1.9455991044593432e-15,957,0.0,957,5.916174927733664e-08
8.075895863157712e-08,0.0,2.0551395227806375e-15,0.0,1.9455991044593432e-15,958,0.0,958,8.075896573700447e-08
1.0862698474056742e-07,0.0,2.0551395227806375e-15,0.0,1.9455991044593432e-15,959,0.0,959,1.0862699184599478e-07
1.4143921589493402e-07,0.0,2.0551395227806375e-15,0.0,1.9455991044593432e-15,960,0.0,960,1.4143921589493402e-07
1.758044589905694e-07,0.0,2.0551395227806375e-15,0.0,1.9455991044593432e-15,961,0.0,961,1.758044589905694e-07
2.0288749169594666e-07,0.0,2.0551395227806375e-15,0.0,1.9455991044593432e-15,962,0.0,962,2.0288749169594666e-07
2.1221762835921254e-07,0.0,2.0551395227806375e-15,0.0,1.9455991044593432e-15,963,0.0,963,2.1221762835921254e-07
1.9317926103212812e-07,0.0,2.0551395227806375e-15,0.0,1.9455991044593432e-15,964,0.0,964,1.9317926103212812e-07
1.4661767977486306e-07,0.0,2.0551395227806375e-15,0.0,1.9455991044593432e-15,965,0.0,965,1.4661767977486306e-07
8.525502437350951e-08,0.0,2.0551395227806375e-15,0.0,1.9455991044593432e-15,966,0.0,966,8.525503147893687e-08
3.17645749703388e-08,0.0,2.0551395227806375e-15,0.0,1.9455991044593432e-15,967,0.0,967,3.176457852305248e-08
4.365094063984998e-09,0.0,2.0551395227806375e-15,0.0,1.9455991044593432e-15,968,0.0,968,4.3650980607878864e-09
7.536492319104582e-09,0.0,2.0551395227806375e-15,0.0,1.9455991044593432e-15,969,0.0,969,7.53649675999668e-09
3.1502519703963117e-08,0.0,2.0551395227806375e-15,0.0,1.9455991044593432e-15,970,0.0,970,3.1502523256676795e-08
5.899953592347629e-08,0.0,2.0551395227806375e-15,0.0,1.9455991044593432e-15,971,0.0,971,5.8999543028903645e-08
7.433342830154288e-08,0.0,2.0551395227806375e-15,0.0,1.9455991044593432e-15,972,0.0,972,7.433343540697024e-08
6.982153166745775e-08,0.0,2.0551395227806375e-15,0.0,1.9455991044593432e-15,973,0.0,973,6.98215387728851e-08
4.9145498337566096e-08,0.0,2.0551395227806375e-15,0.0,1.9455991044593432e-15,974,0.0,974,4.9145505442993453e-08
2.374114593806098e-08,0.0,2.0551395227806375e-15,0.0,1.9455991044593432e-15,975,0.0,975,2.374114949077466e-08
6.1323839339877395e-09,0.0,2.0551395227806375e-15,0.0,1.9455991044593432e-15,976,0.0,976,6.132387930790628e-09
2.6643882655719153e-09,0.0,2.0551395227806375e-15,0.0,1.9455991044593432e-15,977,0.0,977,2.664392262374804e-09
1.1196960691961522e-08,0.0,2.0551395227806375e-15,0.0,1.9455991044593432e-15,978,0.0,978,1.119696513285362e-08
2.392676634599411e-08,0.0,2.0551395227806375e-15,0.0,1.9455991044593432e-15,979,0.0,979,2.392676989870779e-08
3.252511859841434e-08,0.0,2.0551395227806375e-15,0.0,1.9455991044593432e-15,980,0.0,980,3.2525122151128016e-08
3.2486678236409716e-08,0.0,2.0551395227806375e-15,0.0,1.9455991044593432e-15,981,0.0,981,3.2486681789123395e-08
2.4565078859950518e-08,0.0,2.0551395227806375e-15,0.0,1.9455991044593432e-15,982,0.0,982,2.4565082412664196e-08
1.35550584090538e-08,0.0,2.0551395227806375e-15,0.0,1.9455991044593432e-15,983,0.0,983,1.3555062849945898e-08
4.980294843193178e-09,0.0,2.0551395227806375e-15,0.0,1.9455991044593432e-15,984,0.0,984,4.980298839996067e-09
2.1364645608201727e-09,0.0,2.0551395227806375e-15,0.0,1.9455991044593432e-15,985,0.0,985,2.1364685576230613e-09
4.803101472106164e-09,0.0,2.0551395227806375e-15,0.0,1.9455991044593432e-15,986,0.0,986,4.8031054689090524e-09
1.0110134951446526e-08,0.0,2.0551395227806375e-15,0.0,1.9455991044593432e-15,987,0.0,987,1.0110139392338624e-08
1.4563961592273245e-08,0.0,2.0551395227806375e-15,0.0,1.9455991044593432e-15,988,0.0,988,1.4563966921343763e-08
1.5744673120821062e-08,0.0,2.0551395227806375e-15,0.0,1.9455991044593432e-15,989,0.0,989,1.574467667353474e-08
1.344081912435513e-08,0.0,2.0551395227806375e-15,0.0,1.9455991044593432e-15,990,0.0,990,1.3440823565247229e-08
9.049681892747685e-09,0.0,2.0551395227806375e-15,0.0,1.9455991044593432e-15,991,0.0,991,9.049686333639784e-09
4.8364379168219784e-09,0.0,2.0551395227806375e-15,0.0,1.9455991044593432e-15,992,0.0,992,4.836441913624867e-09
2.3838253593311265e-09,0.0,2.0551395227806375e-15,0.0,1.9455991044593432e-15,993,0.0,993,2.383829356134015e-09
2.311848268377048e-09,0.0,2.0551395227806375e-15,0.0,1.9455991044593432e-15,994,0.0,994,2.3118522651799367e-09
4.0016070457227215e-09,0.0,2.0551395227806375e-15,0.0,1.9455991044593432e-15,995,0.0,995,4.00161104252561e-09
6.130850493946127e-09,0.0,2.0551395227806375e-15,0.0,1.9455991044593432e-15,996,0.0,996,6.130854490749016e-09
7.665962087344269e-09,0.0,2.0551395227806375e-15,0.0,1.9455991044593432e-15,997,0.0,997,7.665966528236368e-09
7.8201809472489e-09,0.0,2.0551395227806375e-15,0.0,1.9455991044593432e-15,998,0.0,998,7.820185388140999e-09
6.7849699192379376e-09,0.0,2.0551395227806375e-15,0.0,1.9455991044593432e-15,999,0.0,999,6.784974360130036e-09
